  0
SECTION
  2
HEADER
  9
$ACADVER
  1
AC1024
  9
$ACADMAINTVER
 70
6
  9
$DWGCODEPAGE
  3
ANSI_1252
  9
$LASTSAVEDBY
  1
ezdxf
  9
$INSBASE
 10
0.0
 20
0.0
 30
0.0
  9
$EXTMIN
 10
1e+20
 20
1e+20
 30
1e+20
  9
$EXTMAX
 10
-1e+20
 20
-1e+20
 30
-1e+20
  9
$LIMMIN
 10
0.0
 20
0.0
  9
$LIMMAX
 10
420.0
 20
297.0
  9
$ORTHOMODE
 70
0
  9
$REGENMODE
 70
1
  9
$FILLMODE
 70
1
  9
$QTEXTMODE
 70
0
  9
$MIRRTEXT
 70
1
  9
$LTSCALE
 40
1.0
  9
$ATTMODE
 70
1
  9
$TEXTSIZE
 40
2.5
  9
$TRACEWID
 40
1.0
  9
$TEXTSTYLE
  7
OpenSans
  9
$CLAYER
  8
0
  9
$CELTYPE
  6
ByLayer
  9
$CECOLOR
 62
256
  9
$CELTSCALE
 40
1.0
  9
$DISPSILH
 70
0
  9
$DIMSCALE
 40
1.0
  9
$DIMASZ
 40
0.175
  9
$DIMEXO
 40
0.125
  9
$DIMDLI
 40
3.75
  9
$DIMRND
 40
0.0
  9
$DIMDLE
 40
0.0
  9
$DIMEXE
 40
0.375
  9
$DIMTP
 40
0.0
  9
$DIMTM
 40
0.0
  9
$DIMTXT
 40
0.25
  9
$DIMCEN
 40
2.5
  9
$DIMTSZ
 40
0.0
  9
$DIMTOL
 70
0
  9
$DIMLIM
 70
0
  9
$DIMTIH
 70
0
  9
$DIMTOH
 70
0
  9
$DIMSE1
 70
0
  9
$DIMSE2
 70
0
  9
$DIMTAD
 70
1
  9
$DIMZIN
 70
12
  9
$DIMBLK
  1
ARCHTICK
  9
$DIMASO
 70
1
  9
$DIMSHO
 70
1
  9
$DIMPOST
  1

  9
$DIMAPOST
  1

  9
$DIMALT
 70
0
  9
$DIMALTD
 70
3
  9
$DIMALTF
 40
0.03937007874
  9
$DIMLFAC
 40
100.0
  9
$DIMTOFL
 70
1
  9
$DIMTVP
 40
0.0
  9
$DIMTIX
 70
0
  9
$DIMSOXD
 70
0
  9
$DIMSAH
 70
0
  9
$DIMBLK1
  1

  9
$DIMBLK2
  1

  9
$DIMSTYLE
  2
EZDXF
  9
$DIMCLRD
 70
0
  9
$DIMCLRE
 70
0
  9
$DIMCLRT
 70
0
  9
$DIMTFAC
 40
0.5
  9
$DIMGAP
 40
0.1
  9
$DIMJUST
 70
0
  9
$DIMSD1
 70
0
  9
$DIMSD2
 70
0
  9
$DIMTOLJ
 70
0
  9
$DIMTZIN
 70
8
  9
$DIMALTZ
 70
0
  9
$DIMALTTZ
 70
0
  9
$DIMUPT
 70
1
  9
$DIMDEC
 70
2
  9
$DIMTDEC
 70
2
  9
$DIMALTU
 70
2
  9
$DIMALTTD
 70
3
  9
$DIMTXSTY
  7
OpenSansCondensed-Light
  9
$DIMAUNIT
 70
0
  9
$DIMADEC
 70
2
  9
$DIMALTRND
 40
0.0
  9
$DIMAZIN
 70
3
  9
$DIMDSEP
 70
46
  9
$DIMATFIT
 70
3
  9
$DIMFRAC
 70
0
  9
$DIMLDRBLK
  1

  9
$DIMLUNIT
 70
2
  9
$DIMLWD
 70
-2
  9
$DIMLWE
 70
-2
  9
$DIMTMOVE
 70
2
  9
$DIMFXL
 40
1.0
  9
$DIMFXLON
 70
0
  9
$DIMJOGANG
 40
0.785398163397
  9
$DIMTFILL
 70
0
  9
$DIMTFILLCLR
 70
0
  9
$DIMARCSYM
 70
0
  9
$DIMLTYPE
  6

  9
$DIMLTEX1
  6

  9
$DIMLTEX2
  6

  9
$DIMTXTDIRECTION
 70
0
  9
$LUNITS
 70
2
  9
$LUPREC
 70
4
  9
$SKETCHINC
 40
1.0
  9
$FILLETRAD
 40
10.0
  9
$AUNITS
 70
0
  9
$AUPREC
 70
2
  9
$MENU
  1
.
  9
$ELEVATION
 40
0.0
  9
$PELEVATION
 40
0.0
  9
$THICKNESS
 40
0.0
  9
$LIMCHECK
 70
0
  9
$CHAMFERA
 40
0.0
  9
$CHAMFERB
 40
0.0
  9
$CHAMFERC
 40
0.0
  9
$CHAMFERD
 40
0.0
  9
$SKPOLY
 70
0
  9
$TDCREATE
 40
2461305.6197685185
  9
$TDUCREATE
 40
2458532.153996898
  9
$TDUPDATE
 40
2461305.6197685185
  9
$TDUUPDATE
 40
2458532.1544311
  9
$TDINDWG
 40
0.0
  9
$TDUSRTIMER
 40
0.0
  9
$USRTIMER
 70
1
  9
$ANGBASE
 50
0.0
  9
$ANGDIR
 70
0
  9
$PDMODE
 70
0
  9
$PDSIZE
 40
0.0
  9
$PLINEWID
 40
0.0
  9
$SPLFRAME
 70
0
  9
$SPLINETYPE
 70
6
  9
$SPLINESEGS
 70
8
  9
$HANDSEED
  5
6CA
  9
$SURFTAB1
 70
6
  9
$SURFTAB2
 70
6
  9
$SURFTYPE
 70
6
  9
$SURFU
 70
6
  9
$SURFV
 70
6
  9
$UCSBASE
  2

  9
$UCSNAME
  2

  9
$UCSORG
 10
0.0
 20
0.0
 30
0.0
  9
$UCSXDIR
 10
1.0
 20
0.0
 30
0.0
  9
$UCSYDIR
 10
0.0
 20
1.0
 30
0.0
  9
$UCSORTHOREF
  2

  9
$UCSORTHOVIEW
 70
0
  9
$UCSORGTOP
 10
0.0
 20
0.0
 30
0.0
  9
$UCSORGBOTTOM
 10
0.0
 20
0.0
 30
0.0
  9
$UCSORGLEFT
 10
0.0
 20
0.0
 30
0.0
  9
$UCSORGRIGHT
 10
0.0
 20
0.0
 30
0.0
  9
$UCSORGFRONT
 10
0.0
 20
0.0
 30
0.0
  9
$UCSORGBACK
 10
0.0
 20
0.0
 30
0.0
  9
$PUCSBASE
  2

  9
$PUCSNAME
  2

  9
$PUCSORG
 10
0.0
 20
0.0
 30
0.0
  9
$PUCSXDIR
 10
1.0
 20
0.0
 30
0.0
  9
$PUCSYDIR
 10
0.0
 20
1.0
 30
0.0
  9
$PUCSORTHOREF
  2

  9
$PUCSORTHOVIEW
 70
0
  9
$PUCSORGTOP
 10
0.0
 20
0.0
 30
0.0
  9
$PUCSORGBOTTOM
 10
0.0
 20
0.0
 30
0.0
  9
$PUCSORGLEFT
 10
0.0
 20
0.0
 30
0.0
  9
$PUCSORGRIGHT
 10
0.0
 20
0.0
 30
0.0
  9
$PUCSORGFRONT
 10
0.0
 20
0.0
 30
0.0
  9
$PUCSORGBACK
 10
0.0
 20
0.0
 30
0.0
  9
$USERI1
 70
0
  9
$USERI2
 70
0
  9
$USERI3
 70
0
  9
$USERI4
 70
0
  9
$USERI5
 70
0
  9
$USERR1
 40
0.0
  9
$USERR2
 40
0.0
  9
$USERR3
 40
0.0
  9
$USERR4
 40
0.0
  9
$USERR5
 40
0.0
  9
$WORLDVIEW
 70
1
  9
$SHADEDGE
 70
3
  9
$SHADEDIF
 70
70
  9
$TILEMODE
 70
1
  9
$MAXACTVP
 70
64
  9
$PINSBASE
 10
0.0
 20
0.0
 30
0.0
  9
$PLIMCHECK
 70
0
  9
$PEXTMIN
 10
1e+20
 20
1e+20
 30
1e+20
  9
$PEXTMAX
 10
-1e+20
 20
-1e+20
 30
-1e+20
  9
$PLIMMIN
 10
0.0
 20
0.0
  9
$PLIMMAX
 10
420.0
 20
297.0
  9
$UNITMODE
 70
0
  9
$VISRETAIN
 70
1
  9
$PLINEGEN
 70
0
  9
$PSLTSCALE
 70
1
  9
$TREEDEPTH
 70
3020
  9
$CMLSTYLE
  2
Standard
  9
$CMLJUST
 70
0
  9
$CMLSCALE
 40
20.0
  9
$PROXYGRAPHICS
 70
1
  9
$MEASUREMENT
 70
1
  9
$CELWEIGHT
370
-1
  9
$ENDCAPS
280
0
  9
$JOINSTYLE
280
0
  9
$LWDISPLAY
290
0
  9
$INSUNITS
 70
6
  9
$HYPERLINKBASE
  1

  9
$STYLESHEET
  1

  9
$XEDIT
290
1
  9
$CEPSNTYPE
380
0
  9
$PSTYLEMODE
290
1
  9
$FINGERPRINTGUID
  2
{F5B2BDFF-B6F0-458D-B310-49D0C661D730}
  9
$VERSIONGUID
  2
{ED1622E3-A053-45C4-9AC1-B8D1390583B4}
  9
$EXTNAMES
290
1
  9
$PSVPSCALE
 40
0.0
  9
$OLESTARTUP
290
0
  9
$SORTENTS
280
127
  9
$INDEXCTL
280
0
  9
$HIDETEXT
280
1
  9
$XCLIPFRAME
280
1
  9
$HALOGAP
280
0
  9
$OBSCOLOR
 70
257
  9
$OBSLTYPE
280
0
  9
$INTERSECTIONDISPLAY
280
0
  9
$INTERSECTIONCOLOR
 70
257
  9
$DIMASSOC
280
2
  9
$PROJECTNAME
  1

  9
$CAMERADISPLAY
290
0
  9
$LENSLENGTH
 40
50.0
  9
$CAMERAHEIGHT
 40
0.0
  9
$STEPSPERSEC
 40
24.0
  9
$STEPSIZE
 40
100.0
  9
$3DDWFPREC
 40
2.0
  9
$PSOLWIDTH
 40
0.005
  9
$PSOLHEIGHT
 40
0.08
  9
$LOFTANG1
 40
1.570796326795
  9
$LOFTANG2
 40
1.570796326795
  9
$LOFTMAG1
 40
0.0
  9
$LOFTMAG2
 40
0.0
  9
$LOFTPARAM
 70
7
  9
$LOFTNORMALS
280
1
  9
$LATITUDE
 40
37.795
  9
$LONGITUDE
 40
-122.394
  9
$NORTHDIRECTION
 40
0.0
  9
$TIMEZONE
 70
-8000
  9
$LIGHTGLYPHDISPLAY
280
1
  9
$TILEMODELIGHTSYNCH
280
1
  9
$CMATERIAL
347
20
  9
$SOLIDHIST
280
0
  9
$SHOWHIST
280
1
  9
$DWFFRAME
280
2
  9
$DGNFRAME
280
2
  9
$REALWORLDSCALE
290
1
  9
$INTERFERECOLOR
 62
256
  9
$CSHADOW
280
0
  9
$SHADOWPLANELOCATION
 40
0.0
  0
ENDSEC
  0
SECTION
  2
CLASSES
  0
CLASS
  1
ACDBDICTIONARYWDFLT
  2
AcDbDictionaryWithDefault
  3
ObjectDBX Classes
 90
0
 91
0
280
0
281
0
  0
CLASS
  1
SUN
  2
AcDbSun
  3
SCENEOE
 90
1153
 91
0
280
0
281
0
  0
CLASS
  1
VISUALSTYLE
  2
AcDbVisualStyle
  3
ObjectDBX Classes
 90
4095
 91
0
280
0
281
0
  0
CLASS
  1
MATERIAL
  2
AcDbMaterial
  3
ObjectDBX Classes
 90
1153
 91
0
280
0
281
0
  0
CLASS
  1
SCALE
  2
AcDbScale
  3
ObjectDBX Classes
 90
1153
 91
0
280
0
281
0
  0
CLASS
  1
TABLESTYLE
  2
AcDbTableStyle
  3
ObjectDBX Classes
 90
4095
 91
0
280
0
281
0
  0
CLASS
  1
MLEADERSTYLE
  2
AcDbMLeaderStyle
  3
ACDB_MLEADERSTYLE_CLASS
 90
4095
 91
0
280
0
281
0
  0
CLASS
  1
DICTIONARYVAR
  2
AcDbDictionaryVar
  3
ObjectDBX Classes
 90
0
 91
0
280
0
281
0
  0
CLASS
  1
CELLSTYLEMAP
  2
AcDbCellStyleMap
  3
ObjectDBX Classes
 90
1152
 91
0
280
0
281
0
  0
CLASS
  1
MENTALRAYRENDERSETTINGS
  2
AcDbMentalRayRenderSettings
  3
SCENEOE
 90
1024
 91
0
280
0
281
0
  0
CLASS
  1
ACDBDETAILVIEWSTYLE
  2
AcDbDetailViewStyle
  3
ObjectDBX Classes
 90
1025
 91
0
280
0
281
0
  0
CLASS
  1
ACDBSECTIONVIEWSTYLE
  2
AcDbSectionViewStyle
  3
ObjectDBX Classes
 90
1025
 91
0
280
0
281
0
  0
CLASS
  1
RASTERVARIABLES
  2
AcDbRasterVariables
  3
ISM
 90
0
 91
0
280
0
281
0
  0
CLASS
  1
LAYOUT
  2
AcDbLayout
  3
ObjectDBX Classes
 90
0
 91
0
280
0
281
0
  0
CLASS
  1
ACDBPLACEHOLDER
  2
AcDbPlaceHolder
  3
ObjectDBX Classes
 90
0
 91
0
280
0
281
0
  0
ENDSEC
  0
SECTION
  2
TABLES
  0
TABLE
  2
VPORT
  5
8
330
0
100
AcDbSymbolTable
 70
1
  0
VPORT
  5
23
330
8
100
AcDbSymbolTableRecord
100
AcDbViewportTableRecord
  2
*Active
 70
0
 10
0.0
 20
0.0
 11
1.0
 21
1.0
 12
0.0
 22
0.0
 13
0.0
 23
0.0
 14
0.5
 24
0.5
 15
0.5
 25
0.5
 16
0.0
 26
0.0
 36
1.0
 17
0.0
 27
0.0
 37
0.0
 40
1000.0
 41
1.34
 42
50.0
 43
0.0
 44
0.0
 50
0.0
 51
0.0
 71
0
 72
1000
 73
1
 74
3
 75
0
 76
0
 77
0
 78
0
281
0
 65
0
146
0.0
  0
ENDTAB
  0
TABLE
  2
LTYPE
  5
2
330
0
100
AcDbSymbolTable
 70
22
  0
LTYPE
  5
24
330
2
100
AcDbSymbolTableRecord
100
AcDbLinetypeTableRecord
  2
ByBlock
 70
0
  3

 72
65
 73
0
 40
0.0
  0
LTYPE
  5
25
330
2
100
AcDbSymbolTableRecord
100
AcDbLinetypeTableRecord
  2
ByLayer
 70
0
  3

 72
65
 73
0
 40
0.0
  0
LTYPE
  5
26
330
2
100
AcDbSymbolTableRecord
100
AcDbLinetypeTableRecord
  2
Continuous
 70
0
  3

 72
65
 73
0
 40
0.0
  0
LTYPE
  5
2F
330
2
100
AcDbSymbolTableRecord
100
AcDbLinetypeTableRecord
  2
CENTER
 70
0
  3
Center ____ _ ____ _ ____ _ ____ _ ____ _ ____
 72
65
 73
4
 40
5.08
 49
3.175
 74
0
 49
-0.635
 74
0
 49
0.635
 74
0
 49
-0.635
 74
0
  0
LTYPE
  5
30
330
2
100
AcDbSymbolTableRecord
100
AcDbLinetypeTableRecord
  2
CENTERX2
 70
0
  3
Center (2x) ________  __  ________  __  ________
 72
65
 73
4
 40
8.89
 49
6.35
 74
0
 49
-0.635
 74
0
 49
1.27
 74
0
 49
-0.635
 74
0
  0
LTYPE
  5
31
330
2
100
AcDbSymbolTableRecord
100
AcDbLinetypeTableRecord
  2
CENTER2
 70
0
  3
Center (.5x) ____ _ ____ _ ____ _ ____ _ ____
 72
65
 73
4
 40
2.54
 49
1.587
 74
0
 49
-0.318
 74
0
 49
0.318
 74
0
 49
-0.318
 74
0
  0
LTYPE
  5
32
330
2
100
AcDbSymbolTableRecord
100
AcDbLinetypeTableRecord
  2
DASHED
 70
0
  3
Dashed __ __ __ __ __ __ __ __ __ __ __ __ __ _
 72
65
 73
2
 40
1.524
 49
1.27
 74
0
 49
-0.254
 74
0
  0
LTYPE
  5
33
330
2
100
AcDbSymbolTableRecord
100
AcDbLinetypeTableRecord
  2
DASHEDX2
 70
0
  3
Dashed (2x) ____  ____  ____  ____  ____  ____
 72
65
 73
2
 40
3.048
 49
2.54
 74
0
 49
-0.508
 74
0
  0
LTYPE
  5
34
330
2
100
AcDbSymbolTableRecord
100
AcDbLinetypeTableRecord
  2
DASHED2
 70
0
  3
Dashed (.5x) _ _ _ _ _ _ _ _ _ _ _ _ _ _
 72
65
 73
2
 40
0.762
 49
0.635
 74
0
 49
-0.127
 74
0
  0
LTYPE
  5
35
330
2
100
AcDbSymbolTableRecord
100
AcDbLinetypeTableRecord
  2
PHANTOM
 70
0
  3
Phantom ______  __  __  ______  __  __  ______
 72
65
 73
6
 40
6.35
 49
3.175
 74
0
 49
-0.635
 74
0
 49
0.635
 74
0
 49
-0.635
 74
0
 49
0.635
 74
0
 49
-0.635
 74
0
  0
LTYPE
  5
36
330
2
100
AcDbSymbolTableRecord
100
AcDbLinetypeTableRecord
  2
PHANTOMX2
 70
0
  3
Phantom (2x)____________    ____    ____    ____________
 72
65
 73
6
 40
10.795
 49
6.35
 74
0
 49
-0.635
 74
0
 49
1.27
 74
0
 49
-0.635
 74
0
 49
1.27
 74
0
 49
-0.635
 74
0
  0
LTYPE
  5
37
330
2
100
AcDbSymbolTableRecord
100
AcDbLinetypeTableRecord
  2
PHANTOM2
 70
0
  3
Phantom (.5x) ___ _ _ ___ _ _ ___ _ _ ___ _ _ ___
 72
65
 73
6
 40
3.175
 49
1.587
 74
0
 49
-0.318
 74
0
 49
0.318
 74
0
 49
-0.318
 74
0
 49
0.318
 74
0
 49
-0.318
 74
0
  0
LTYPE
  5
38
330
2
100
AcDbSymbolTableRecord
100
AcDbLinetypeTableRecord
  2
DASHDOT
 70
0
  3
Dash dot __ . __ . __ . __ . __ . __ . __ . __
 72
65
 73
4
 40
3.556
 49
2.54
 74
0
 49
-0.508
 74
0
 49
0.0
 74
0
 49
-0.508
 74
0
  0
LTYPE
  5
39
330
2
100
AcDbSymbolTableRecord
100
AcDbLinetypeTableRecord
  2
DASHDOTX2
 70
0
  3
Dash dot (2x) ____  .  ____  .  ____  .  ____
 72
65
 73
4
 40
6.096
 49
5.08
 74
0
 49
-0.508
 74
0
 49
0.0
 74
0
 49
-0.508
 74
0
  0
LTYPE
  5
3A
330
2
100
AcDbSymbolTableRecord
100
AcDbLinetypeTableRecord
  2
DASHDOT2
 70
0
  3
Dash dot (.5x) _ . _ . _ . _ . _ . _ . _ . _
 72
65
 73
4
 40
1.778
 49
1.27
 74
0
 49
-0.254
 74
0
 49
0.0
 74
0
 49
-0.254
 74
0
  0
LTYPE
  5
3B
330
2
100
AcDbSymbolTableRecord
100
AcDbLinetypeTableRecord
  2
DOT
 70
0
  3
Dot .  .  .  .  .  .  .  .  .  .  .  .  .  .  .  .
 72
65
 73
2
 40
0.508
 49
0.0
 74
0
 49
-0.508
 74
0
  0
LTYPE
  5
3C
330
2
100
AcDbSymbolTableRecord
100
AcDbLinetypeTableRecord
  2
DOTX2
 70
0
  3
Dot (2x) .    .    .    .    .    .    .    . 
 72
65
 73
2
 40
1.016
 49
0.0
 74
0
 49
-1.016
 74
0
  0
LTYPE
  5
3D
330
2
100
AcDbSymbolTableRecord
100
AcDbLinetypeTableRecord
  2
DOT2
 70
0
  3
Dot (.5) . . . . . . . . . . . . . . . . . . . 
 72
65
 73
2
 40
0.254
 49
0.0
 74
0
 49
-0.254
 74
0
  0
LTYPE
  5
3E
330
2
100
AcDbSymbolTableRecord
100
AcDbLinetypeTableRecord
  2
DIVIDE
 70
0
  3
Divide __ . . __ . . __ . . __ . . __ . . __
 72
65
 73
6
 40
4.064
 49
2.54
 74
0
 49
-0.508
 74
0
 49
0.0
 74
0
 49
-0.508
 74
0
 49
0.0
 74
0
 49
-0.508
 74
0
  0
LTYPE
  5
3F
330
2
100
AcDbSymbolTableRecord
100
AcDbLinetypeTableRecord
  2
DIVIDEX2
 70
0
  3
Divide (2x) ____  . .  ____  . .  ____  . .  ____
 72
65
 73
6
 40
6.604
 49
5.08
 74
0
 49
-0.508
 74
0
 49
0.0
 74
0
 49
-0.508
 74
0
 49
0.0
 74
0
 49
-0.508
 74
0
  0
LTYPE
  5
40
330
2
100
AcDbSymbolTableRecord
100
AcDbLinetypeTableRecord
  2
DIVIDE2
 70
0
  3
Divide(.5x) _ . _ . _ . _ . _ . _ . _ . _
 72
65
 73
6
 40
2.032
 49
1.27
 74
0
 49
-0.254
 74
0
 49
0.0
 74
0
 49
-0.254
 74
0
 49
0.0
 74
0
 49
-0.254
 74
0
  0
LTYPE
  5
90
330
2
100
AcDbSymbolTableRecord
100
AcDbLinetypeTableRecord
  2
KESIK
 70
0
  3

 72
65
 73
2
 40
3.0
 49
2.0
 74
0
 49
-1.0
 74
0
  0
ENDTAB
  0
TABLE
  2
LAYER
  5
1
330
0
100
AcDbSymbolTable
 70
8
  0
LAYER
  5
27
330
1
100
AcDbSymbolTableRecord
100
AcDbLayerTableRecord
  2
0
 70
0
 62
7
  6
Continuous
370
-3
390
13
347
21
  0
LAYER
  5
28
330
1
100
AcDbSymbolTableRecord
100
AcDbLayerTableRecord
  2
Defpoints
 70
0
 62
7
  6
Continuous
290
0
370
-3
390
13
347
21
  0
LAYER
  5
8A
330
1
100
AcDbSymbolTableRecord
100
AcDbLayerTableRecord
  2
GORUNEN
 70
0
 62
7
  6
Continuous
370
-3
390
13
347
21
  0
LAYER
  5
8B
330
1
100
AcDbSymbolTableRecord
100
AcDbLayerTableRecord
  2
GIZLI
 70
0
 62
8
  6
KESIK
370
-3
390
13
347
21
  0
LAYER
  5
8C
330
1
100
AcDbSymbolTableRecord
100
AcDbLayerTableRecord
  2
OLCU
 70
0
 62
4
  6
Continuous
370
-3
390
13
347
21
  0
LAYER
  5
8D
330
1
100
AcDbSymbolTableRecord
100
AcDbLayerTableRecord
  2
YAZI
 70
0
 62
3
  6
Continuous
370
-3
390
13
347
21
  0
LAYER
  5
8E
330
1
100
AcDbSymbolTableRecord
100
AcDbLayerTableRecord
  2
EKSEN
 70
0
 62
1
  6
Continuous
370
-3
390
13
347
21
  0
LAYER
  5
8F
330
1
100
AcDbSymbolTableRecord
100
AcDbLayerTableRecord
  2
CERCEVE
 70
0
 62
5
  6
Continuous
370
-3
390
13
347
21
  0
ENDTAB
  0
TABLE
  2
STYLE
  5
5
330
0
100
AcDbSymbolTable
 70
26
  0
STYLE
  5
29
330
5
100
AcDbSymbolTableRecord
100
AcDbTextStyleTableRecord
  2
Standard
 70
0
 40
0.0
 41
1.0
 50
0.0
 71
0
 42
2.5
  3
txt
  4

  0
STYLE
  5
41
330
5
100
AcDbSymbolTableRecord
100
AcDbTextStyleTableRecord
  2
OpenSans-Light
 70
0
 40
0.0
 41
1.0
 50
0.0
 71
0
 42
2.5
  3
OpenSans-Light.ttf
  4

  0
STYLE
  5
42
330
5
100
AcDbSymbolTableRecord
100
AcDbTextStyleTableRecord
  2
OpenSans-Light-Italic
 70
0
 40
0.0
 41
1.0
 50
0.0
 71
0
 42
2.5
  3
OpenSans-LightItalic.ttf
  4

  0
STYLE
  5
43
330
5
100
AcDbSymbolTableRecord
100
AcDbTextStyleTableRecord
  2
OpenSans
 70
0
 40
0.0
 41
1.0
 50
0.0
 71
0
 42
2.5
  3
OpenSans-Regular.ttf
  4

  0
STYLE
  5
44
330
5
100
AcDbSymbolTableRecord
100
AcDbTextStyleTableRecord
  2
OpenSans-Italic
 70
0
 40
0.0
 41
1.0
 50
0.0
 71
0
 42
2.5
  3
OpenSans-Italic.ttf
  4

  0
STYLE
  5
45
330
5
100
AcDbSymbolTableRecord
100
AcDbTextStyleTableRecord
  2
OpenSans-SemiBold
 70
0
 40
0.0
 41
1.0
 50
0.0
 71
0
 42
2.5
  3
OpenSans-SemiBold.ttf
  4

  0
STYLE
  5
46
330
5
100
AcDbSymbolTableRecord
100
AcDbTextStyleTableRecord
  2
OpenSans-SemiBoldItalic
 70
0
 40
0.0
 41
1.0
 50
0.0
 71
0
 42
2.5
  3
OpenSans-SemiBoldItalic.ttf
  4

  0
STYLE
  5
47
330
5
100
AcDbSymbolTableRecord
100
AcDbTextStyleTableRecord
  2
OpenSans-Bold
 70
0
 40
0.0
 41
1.0
 50
0.0
 71
0
 42
2.5
  3
OpenSans-Bold.ttf
  4

  0
STYLE
  5
48
330
5
100
AcDbSymbolTableRecord
100
AcDbTextStyleTableRecord
  2
OpenSans-BoldItalic
 70
0
 40
0.0
 41
1.0
 50
0.0
 71
0
 42
2.5
  3
OpenSans-BoldItalic.ttf
  4

  0
STYLE
  5
49
330
5
100
AcDbSymbolTableRecord
100
AcDbTextStyleTableRecord
  2
OpenSans-ExtraBold
 70
0
 40
0.0
 41
1.0
 50
0.0
 71
0
 42
2.5
  3
OpenSans-ExtraBold.ttf
  4

  0
STYLE
  5
4A
330
5
100
AcDbSymbolTableRecord
100
AcDbTextStyleTableRecord
  2
OpenSans-ExtraBoldItalic
 70
0
 40
0.0
 41
1.0
 50
0.0
 71
0
 42
2.5
  3
OpenSans-ExtraBoldItalic.ttf
  4

  0
STYLE
  5
4B
330
5
100
AcDbSymbolTableRecord
100
AcDbTextStyleTableRecord
  2
OpenSansCondensed-Bold
 70
0
 40
0.0
 41
1.0
 50
0.0
 71
0
 42
2.5
  3
OpenSansCondensed-Bold.ttf
  4

  0
STYLE
  5
4C
330
5
100
AcDbSymbolTableRecord
100
AcDbTextStyleTableRecord
  2
OpenSansCondensed-Light
 70
0
 40
0.0
 41
1.0
 50
0.0
 71
0
 42
2.5
  3
OpenSansCondensed-Light.ttf
  4

  0
STYLE
  5
4D
330
5
100
AcDbSymbolTableRecord
100
AcDbTextStyleTableRecord
  2
OpenSansCondensed-Italic
 70
0
 40
0.0
 41
1.0
 50
0.0
 71
0
 42
2.5
  3
OpenSansCondensed-LightItalic.ttf
  4

  0
STYLE
  5
4E
330
5
100
AcDbSymbolTableRecord
100
AcDbTextStyleTableRecord
  2
LiberationSans
 70
0
 40
0.0
 41
1.0
 50
0.0
 71
0
 42
2.5
  3
LiberationSans-Regular.ttf
  4

  0
STYLE
  5
4F
330
5
100
AcDbSymbolTableRecord
100
AcDbTextStyleTableRecord
  2
LiberationSans-Bold
 70
0
 40
0.0
 41
1.0
 50
0.0
 71
0
 42
2.5
  3
LiberationSans-Bold.ttf
  4

  0
STYLE
  5
50
330
5
100
AcDbSymbolTableRecord
100
AcDbTextStyleTableRecord
  2
LiberationSans-BoldItalic
 70
0
 40
0.0
 41
1.0
 50
0.0
 71
0
 42
2.5
  3
LiberationSans-BoldItalic.ttf
  4

  0
STYLE
  5
51
330
5
100
AcDbSymbolTableRecord
100
AcDbTextStyleTableRecord
  2
LiberationSans-Italic
 70
0
 40
0.0
 41
1.0
 50
0.0
 71
0
 42
2.5
  3
LiberationSans-Italic.ttf
  4

  0
STYLE
  5
52
330
5
100
AcDbSymbolTableRecord
100
AcDbTextStyleTableRecord
  2
LiberationSerif
 70
0
 40
0.0
 41
1.0
 50
0.0
 71
0
 42
2.5
  3
LiberationSerif-Regular.ttf
  4

  0
STYLE
  5
53
330
5
100
AcDbSymbolTableRecord
100
AcDbTextStyleTableRecord
  2
LiberationSerif-Bold
 70
0
 40
0.0
 41
1.0
 50
0.0
 71
0
 42
2.5
  3
LiberationSerif-Bold.ttf
  4

  0
STYLE
  5
54
330
5
100
AcDbSymbolTableRecord
100
AcDbTextStyleTableRecord
  2
LiberationSerif-BoldItalic
 70
0
 40
0.0
 41
1.0
 50
0.0
 71
0
 42
2.5
  3
LiberationSerif-BoldItalic.ttf
  4

  0
STYLE
  5
55
330
5
100
AcDbSymbolTableRecord
100
AcDbTextStyleTableRecord
  2
LiberationSerif-Italic
 70
0
 40
0.0
 41
1.0
 50
0.0
 71
0
 42
2.5
  3
LiberationSerif-Italic.ttf
  4

  0
STYLE
  5
56
330
5
100
AcDbSymbolTableRecord
100
AcDbTextStyleTableRecord
  2
LiberationMono
 70
0
 40
0.0
 41
1.0
 50
0.0
 71
0
 42
2.5
  3
LiberationMono-Regular.ttf
  4

  0
STYLE
  5
57
330
5
100
AcDbSymbolTableRecord
100
AcDbTextStyleTableRecord
  2
LiberationMono-Bold
 70
0
 40
0.0
 41
1.0
 50
0.0
 71
0
 42
2.5
  3
LiberationMono-Bold.ttf
  4

  0
STYLE
  5
58
330
5
100
AcDbSymbolTableRecord
100
AcDbTextStyleTableRecord
  2
LiberationMono-BoldItalic
 70
0
 40
0.0
 41
1.0
 50
0.0
 71
0
 42
2.5
  3
LiberationMono-BoldItalic.ttf
  4

  0
STYLE
  5
59
330
5
100
AcDbSymbolTableRecord
100
AcDbTextStyleTableRecord
  2
LiberationMono-Italic
 70
0
 40
0.0
 41
1.0
 50
0.0
 71
0
 42
2.5
  3
LiberationMono-Italic.ttf
  4

  0
ENDTAB
  0
TABLE
  2
VIEW
  5
7
330
0
100
AcDbSymbolTable
 70
0
  0
ENDTAB
  0
TABLE
  2
UCS
  5
6
330
0
100
AcDbSymbolTable
 70
0
  0
ENDTAB
  0
TABLE
  2
APPID
  5
3
330
0
100
AcDbSymbolTable
 70
3
  0
APPID
  5
2A
330
3
100
AcDbSymbolTableRecord
100
AcDbRegAppTableRecord
  2
ACAD
 70
0
  0
APPID
  5
6C7
330
3
100
AcDbSymbolTableRecord
100
AcDbRegAppTableRecord
  2
HATCHBACKGROUNDCOLOR
 70
0
  0
APPID
  5
6C8
330
3
100
AcDbSymbolTableRecord
100
AcDbRegAppTableRecord
  2
EZDXF
 70
0
  0
ENDTAB
  0
TABLE
  2
DIMSTYLE
  5
4
330
0
100
AcDbSymbolTable
 70
12
100
AcDbDimStyleTable
  0
DIMSTYLE
105
2B
330
4
100
AcDbSymbolTableRecord
100
AcDbDimStyleTableRecord
  2
Standard
 70
0
 40
1.0
 41
2.5
 42
0.625
 43
3.75
 44
1.25
 45
0.0
 46
0.0
 47
0.0
 48
0.0
 49
2.5
140
2.5
141
2.5
142
0.0
143
0.03937007874
144
1.0
145
0.0
146
1.0
147
0.625
148
0.0
 69
0
 70
0
 71
0
 72
0
 73
0
 74
0
 75
0
 76
0
 77
1
 78
8
 79
3
170
0
171
3
172
1
173
0
174
0
175
0
176
0
177
0
178
0
179
2
271
2
272
2
273
2
274
3
275
0
276
0
277
2
278
44
279
0
280
0
281
0
282
0
283
0
284
8
285
0
286
0
288
0
289
3
290
0
371
-2
372
-2
  0
DIMSTYLE
105
73
330
4
100
AcDbSymbolTableRecord
100
AcDbDimStyleTableRecord
  2
EZDXF
 70
0
 40
1.0
 41
0.175
 42
0.125
 43
3.75
 44
0.375
 45
0.0
 46
0.0
 47
0.0
 48
0.0
 49
2.5
140
0.25
141
2.5
142
0.0
143
0.03937007874
144
100.0
145
0.0
146
0.5
147
0.1
148
0.0
 69
0
 70
0
 71
0
 72
0
 73
0
 74
0
 75
0
 76
0
 77
1
 78
12
 79
3
170
0
171
3
172
1
173
0
174
0
175
0
176
0
177
0
178
0
179
2
271
2
272
2
273
2
274
3
275
0
276
0
277
2
278
46
279
2
280
0
281
0
282
0
283
0
284
8
285
0
286
0
288
1
289
3
290
0
340
4C
342
74
371
-2
372
-2
  0
DIMSTYLE
105
7C
330
4
100
AcDbSymbolTableRecord
100
AcDbDimStyleTableRecord
  2
EZ_M_100_H25_CM
 70
0
 40
1.0
 41
0.25
 42
0.125
 43
3.75
 44
0.375
 45
0.0
 46
0.0
 47
0.0
 48
0.0
 49
2.5
140
0.25
141
2.5
142
0.125
143
0.03937007874
144
100.0
145
0.0
146
0.5
147
0.1
148
0.0
 69
0
 70
0
 71
0
 72
0
 73
0
 74
0
 75
0
 76
0
 77
1
 78
12
 79
3
170
0
171
3
172
1
173
0
174
0
175
0
176
0
177
0
178
0
179
2
271
2
272
2
273
2
274
3
275
0
276
0
277
2
278
46
279
2
280
0
281
0
282
0
283
0
284
8
285
0
286
0
288
1
289
3
290
0
340
4C
371
-2
372
-2
  0
DIMSTYLE
105
7D
330
4
100
AcDbSymbolTableRecord
100
AcDbDimStyleTableRecord
  2
EZ_M_50_H25_CM
 70
0
 40
1.0
 41
0.125
 42
0.0625
 43
3.75
 44
0.1875
 45
0.0
 46
0.0
 47
0.0
 48
0.0
 49
2.5
140
0.125
141
2.5
142
0.0625
143
0.03937007874
144
100.0
145
0.0
146
0.5
147
0.05
148
0.0
 69
0
 70
0
 71
0
 72
0
 73
0
 74
0
 75
0
 76
0
 77
1
 78
12
 79
3
170
0
171
3
172
1
173
0
174
0
175
0
176
0
177
0
178
0
179
2
271
2
272
2
273
2
274
3
275
0
276
0
277
2
278
46
279
2
280
0
281
0
282
0
283
0
284
8
285
0
286
0
288
1
289
3
290
0
340
4C
371
-2
372
-2
  0
DIMSTYLE
105
7E
330
4
100
AcDbSymbolTableRecord
100
AcDbDimStyleTableRecord
  2
EZ_M_25_H25_CM
 70
0
 40
1.0
 41
0.0625
 42
0.03125
 43
3.75
 44
0.09375
 45
0.0
 46
0.0
 47
0.0
 48
0.0
 49
2.5
140
0.0625
141
2.5
142
0.03125
143
0.03937007874
144
100.0
145
0.0
146
0.5
147
0.025
148
0.0
 69
0
 70
0
 71
0
 72
0
 73
0
 74
0
 75
0
 76
0
 77
1
 78
12
 79
3
170
0
171
3
172
1
173
0
174
0
175
0
176
0
177
0
178
0
179
2
271
2
272
2
273
2
274
3
275
0
276
0
277
2
278
46
279
2
280
0
281
0
282
0
283
0
284
8
285
0
286
0
288
1
289
3
290
0
340
4C
371
-2
372
-2
  0
DIMSTYLE
105
7F
330
4
100
AcDbSymbolTableRecord
100
AcDbDimStyleTableRecord
  2
EZ_M_20_H25_CM
 70
0
 40
1.0
 41
0.05
 42
0.025
 43
3.75
 44
0.07500000000000001
 45
0.0
 46
0.0
 47
0.0
 48
0.0
 49
2.5
140
0.05
141
2.5
142
0.025
143
0.03937007874
144
100.0
145
0.0
146
0.5
147
0.020000000000000004
148
0.0
 69
0
 70
0
 71
0
 72
0
 73
0
 74
0
 75
0
 76
0
 77
1
 78
12
 79
3
170
0
171
3
172
1
173
0
174
0
175
0
176
0
177
0
178
0
179
2
271
2
272
2
273
2
274
3
275
0
276
0
277
2
278
46
279
2
280
0
281
0
282
0
283
0
284
8
285
0
286
0
288
1
289
3
290
0
340
4C
371
-2
372
-2
  0
DIMSTYLE
105
80
330
4
100
AcDbSymbolTableRecord
100
AcDbDimStyleTableRecord
  2
EZ_M_10_H25_CM
 70
0
 40
1.0
 41
0.025
 42
0.0125
 43
3.75
 44
0.037500000000000006
 45
0.0
 46
0.0
 47
0.0
 48
0.0
 49
2.5
140
0.025
141
2.5
142
0.0125
143
0.03937007874
144
100.0
145
0.0
146
0.5
147
0.010000000000000002
148
0.0
 69
0
 70
0
 71
0
 72
0
 73
0
 74
0
 75
0
 76
0
 77
1
 78
12
 79
3
170
0
171
3
172
1
173
0
174
0
175
0
176
0
177
0
178
0
179
2
271
2
272
2
273
2
274
3
275
0
276
0
277
2
278
46
279
2
280
0
281
0
282
0
283
0
284
8
285
0
286
0
288
1
289
3
290
0
340
4C
371
-2
372
-2
  0
DIMSTYLE
105
81
330
4
100
AcDbSymbolTableRecord
100
AcDbDimStyleTableRecord
  2
EZ_M_5_H25_CM
 70
0
 40
1.0
 41
0.0125
 42
0.00625
 43
3.75
 44
0.018750000000000003
 45
0.0
 46
0.0
 47
0.0
 48
0.0
 49
2.5
140
0.0125
141
2.5
142
0.00625
143
0.03937007874
144
100.0
145
0.0
146
0.5
147
0.005000000000000001
148
0.0
 69
0
 70
0
 71
0
 72
0
 73
0
 74
0
 75
0
 76
0
 77
1
 78
12
 79
3
170
0
171
3
172
1
173
0
174
0
175
0
176
0
177
0
178
0
179
2
271
2
272
2
273
2
274
3
275
0
276
0
277
2
278
46
279
2
280
0
281
0
282
0
283
0
284
8
285
0
286
0
288
1
289
3
290
0
340
4C
371
-2
372
-2
  0
DIMSTYLE
105
82
330
4
100
AcDbSymbolTableRecord
100
AcDbDimStyleTableRecord
  2
EZ_M_1_H25_CM
 70
0
 40
1.0
 41
0.0025
 42
0.00125
 43
3.75
 44
0.00375
 45
0.0
 46
0.0
 47
0.0
 48
0.0
 49
2.5
140
0.0025
141
2.5
142
0.00125
143
0.03937007874
144
100.0
145
0.0
146
0.5
147
0.001
148
0.0
 69
0
 70
0
 71
0
 72
0
 73
0
 74
0
 75
0
 76
0
 77
1
 78
12
 79
3
170
0
171
3
172
1
173
0
174
0
175
0
176
0
177
0
178
0
179
2
271
2
272
2
273
2
274
3
275
0
276
0
277
2
278
46
279
2
280
0
281
0
282
0
283
0
284
8
285
0
286
0
288
1
289
3
290
0
340
4C
371
-2
372
-2
  0
DIMSTYLE
105
83
330
4
100
AcDbSymbolTableRecord
100
AcDbDimStyleTableRecord
  2
EZ_RADIUS
 70
0
 40
1.0
 41
0.25
 42
0.125
 43
3.75
 44
0.375
 45
0.0
 46
0.0
 47
0.0
 48
0.0
 49
2.5
140
0.25
141
0.0
142
0.0
143
0.03937007874
144
100.0
145
0.0
146
0.5
147
0.1
148
0.0
 69
0
 70
0
 71
0
 72
0
 73
0
 74
0
 75
0
 76
0
 77
1
 78
12
 79
3
170
0
171
3
172
0
173
0
174
0
175
0
176
0
177
0
178
0
179
2
271
2
272
2
273
2
274
3
275
0
276
0
277
2
278
46
279
1
280
0
281
0
282
0
283
0
284
8
285
0
286
0
288
1
289
3
290
0
340
4C
342
84
371
-2
372
-2
  0
DIMSTYLE
105
88
330
4
100
AcDbSymbolTableRecord
100
AcDbDimStyleTableRecord
  2
EZ_RADIUS_INSIDE
 70
0
 40
1.0
 41
0.25
 42
0.125
 43
3.75
 44
0.375
 45
0.0
 46
0.0
 47
0.0
 48
0.0
 49
2.5
140
0.25
141
0.0
142
0.0
143
0.03937007874
144
100.0
145
0.0
146
0.5
147
0.1
148
0.0
 69
0
 70
0
 71
0
 72
0
 73
0
 74
0
 75
0
 76
0
 77
0
 78
12
 79
3
170
0
171
3
172
0
173
0
174
1
175
0
176
0
177
0
178
0
179
2
271
2
272
2
273
2
274
3
275
0
276
0
277
2
278
46
279
0
280
0
281
0
282
0
283
0
284
8
285
0
286
0
288
1
289
0
290
0
340
4C
342
84
371
-2
372
-2
  0
DIMSTYLE
105
89
330
4
100
AcDbSymbolTableRecord
100
AcDbDimStyleTableRecord
  2
EZ_CURVED
 70
0
 40
1.0
 41
0.25
 42
0.125
 43
3.75
 44
0.375
 45
0.0
 46
0.0
 47
0.0
 48
0.0
 49
2.5
140
0.25
141
2.5
142
0.0
143
0.03937007874
144
100.0
145
0.0
146
0.5
147
0.1
148
0.0
 69
0
 70
0
 71
0
 72
0
 73
0
 74
0
 75
0
 76
0
 77
1
 78
12
 79
2
 90
2
170
0
171
3
172
1
173
0
174
0
175
0
176
0
177
0
178
0
179
2
271
2
272
2
273
2
274
3
275
0
276
0
277
2
278
46
279
2
280
0
281
0
282
0
283
0
284
8
285
0
286
0
288
1
289
3
290
0
340
4C
371
-2
372
-2
  0
ENDTAB
  0
TABLE
  2
BLOCK_RECORD
  5
9
330
0
100
AcDbSymbolTable
 70
11
  0
BLOCK_RECORD
  5
17
330
9
100
AcDbSymbolTableRecord
100
AcDbBlockTableRecord
  2
*Model_Space
340
1A
 70
0
280
1
281
0
  0
BLOCK_RECORD
  5
1B
330
9
100
AcDbSymbolTableRecord
100
AcDbBlockTableRecord
  2
*Paper_Space
340
1E
 70
0
280
1
281
0
  0
BLOCK_RECORD
  5
74
330
9
100
AcDbSymbolTableRecord
100
AcDbBlockTableRecord
  2
_ARCHTICK
340
0
 70
0
280
1
281
0
  0
BLOCK_RECORD
  5
78
330
9
100
AcDbSymbolTableRecord
100
AcDbBlockTableRecord
  2
_CLOSEDFILLED
340
0
 70
0
280
1
281
0
  0
BLOCK_RECORD
  5
84
330
9
100
AcDbSymbolTableRecord
100
AcDbBlockTableRecord
  2
_CLOSEDBLANK
340
0
 70
0
280
1
281
0
  0
BLOCK_RECORD
  5
2AC
330
9
100
AcDbSymbolTableRecord
100
AcDbBlockTableRecord
  2
*D1
340
0
 70
0
280
1
281
0
  0
BLOCK_RECORD
  5
2BB
330
9
100
AcDbSymbolTableRecord
100
AcDbBlockTableRecord
  2
*D2
340
0
 70
0
280
1
281
0
  0
BLOCK_RECORD
  5
4DB
330
9
100
AcDbSymbolTableRecord
100
AcDbBlockTableRecord
  2
*D3
340
0
 70
0
280
1
281
0
  0
BLOCK_RECORD
  5
4EA
330
9
100
AcDbSymbolTableRecord
100
AcDbBlockTableRecord
  2
*D4
340
0
 70
0
280
1
281
0
  0
BLOCK_RECORD
  5
690
330
9
100
AcDbSymbolTableRecord
100
AcDbBlockTableRecord
  2
*D5
340
0
 70
0
280
1
281
0
  0
BLOCK_RECORD
  5
69F
330
9
100
AcDbSymbolTableRecord
100
AcDbBlockTableRecord
  2
*D6
340
0
 70
0
280
1
281
0
  0
ENDTAB
  0
ENDSEC
  0
SECTION
  2
BLOCKS
  0
BLOCK
  5
18
330
17
100
AcDbEntity
  8
0
100
AcDbBlockBegin
  2
*Model_Space
 70
0
 10
0.0
 20
0.0
 30
0.0
  3
*Model_Space
  1

  0
ENDBLK
  5
19
330
17
100
AcDbEntity
  8
0
100
AcDbBlockEnd
  0
BLOCK
  5
1C
330
1B
100
AcDbEntity
  8
0
100
AcDbBlockBegin
  2
*Paper_Space
 70
0
 10
0.0
 20
0.0
 30
0.0
  3
*Paper_Space
  1

  0
ENDBLK
  5
1D
330
1B
100
AcDbEntity
  8
0
100
AcDbBlockEnd
  0
BLOCK
  5
75
330
74
100
AcDbEntity
  8
0
100
AcDbBlockBegin
  2
_ARCHTICK
 70
0
 10
0.0
 20
0.0
 30
0.0
  3
_ARCHTICK
  1

  0
LWPOLYLINE
  5
77
330
74
100
AcDbEntity
  8
0
  6
BYBLOCK
 62
0
100
AcDbPolyline
 90
2
 70
0
 43
0.15
 10
-0.5
 20
-0.5
 10
0.5
 20
0.5
  0
ENDBLK
  5
76
330
74
100
AcDbEntity
  8
0
100
AcDbBlockEnd
  0
BLOCK
  5
79
330
78
100
AcDbEntity
  8
0
100
AcDbBlockBegin
  2
_CLOSEDFILLED
 70
0
 10
0.0
 20
0.0
 30
0.0
  3
_CLOSEDFILLED
  1

  0
SOLID
  5
7B
330
78
100
AcDbEntity
  8
0
  6
BYBLOCK
 62
0
100
AcDbTrace
 10
-1.0
 20
0.16439898372402537
 30
0.0
 11
0.0
 21
0.0
 31
0.0
 12
-1.0
 22
-0.16439898372402537
 32
0.0
 13
-1.0
 23
-0.16439898372402537
 33
0.0
  0
ENDBLK
  5
7A
330
78
100
AcDbEntity
  8
0
100
AcDbBlockEnd
  0
BLOCK
  5
85
330
84
100
AcDbEntity
  8
0
100
AcDbBlockBegin
  2
_CLOSEDBLANK
 70
0
 10
0.0
 20
0.0
 30
0.0
  3
_CLOSEDBLANK
  1

  0
LWPOLYLINE
  5
87
330
84
100
AcDbEntity
  8
0
  6
BYBLOCK
 62
0
100
AcDbPolyline
 90
3
 70
1
 10
-1.0
 20
0.16439898372402537
 10
0.0
 20
0.0
 10
-1.0
 20
-0.16439898372402537
  0
ENDBLK
  5
86
330
84
100
AcDbEntity
  8
0
100
AcDbBlockEnd
  0
BLOCK
  5
2AD
330
2AC
100
AcDbEntity
  8
0
100
AcDbBlockBegin
  2
*D1
 70
1
 10
0.0
 20
0.0
 30
0.0
  3
*D1
  1

  0
LINE
  5
2AF
330
2AC
100
AcDbEntity
  8
0
100
AcDbLine
 10
0.0
 20
-0.125
 30
0.0
 11
0.0
 21
-22.375
 31
0.0
  0
LINE
  5
2B0
330
2AC
100
AcDbEntity
  8
0
100
AcDbLine
 10
200.0
 20
-0.125
 30
0.0
 11
200.0
 21
-22.375
 31
0.0
  0
INSERT
  5
2B1
330
2AC
100
AcDbEntity
  8
OLCU
100
AcDbBlockReference
  2
_ARCHTICK
 10
0.0
 20
-22.0
 30
0.0
 41
0.175
 42
0.175
 50
180.0
  0
INSERT
  5
2B3
330
2AC
100
AcDbEntity
  8
OLCU
100
AcDbBlockReference
  2
_ARCHTICK
 10
200.0
 20
-22.0
 30
0.0
 41
0.175
 42
0.175
  0
LINE
  5
2B5
330
2AC
100
AcDbEntity
  8
0
100
AcDbLine
 10
0.0
 20
-22.0
 30
0.0
 11
200.0
 21
-22.0
 31
0.0
  0
MTEXT
  5
2B6
330
2AC
100
AcDbEntity
  8
OLCU
100
AcDbMText
 10
100.0
 20
-21.775
 30
0.0
 40
0.25
 71
5
  1
20000
  7
OpenSansCondensed-Light
  0
POINT
  5
2B7
330
2AC
100
AcDbEntity
  8
Defpoints
100
AcDbPoint
 10
0.0
 20
-22.0
 30
0.0
  0
POINT
  5
2B8
330
2AC
100
AcDbEntity
  8
Defpoints
100
AcDbPoint
 10
0.0
 20
0.0
 30
0.0
  0
POINT
  5
2B9
330
2AC
100
AcDbEntity
  8
Defpoints
100
AcDbPoint
 10
200.0
 20
0.0
 30
0.0
  0
ENDBLK
  5
2AE
330
2AC
100
AcDbEntity
  8
0
100
AcDbBlockEnd
  0
BLOCK
  5
2BC
330
2BB
100
AcDbEntity
  8
0
100
AcDbBlockBegin
  2
*D2
 70
1
 10
0.0
 20
0.0
 30
0.0
  3
*D2
  1

  0
LINE
  5
2BE
330
2BB
100
AcDbEntity
  8
0
100
AcDbLine
 10
-0.125
 20
0.0
 30
0.0
 11
-22.375
 21
0.0
 31
0.0
  0
LINE
  5
2BF
330
2BB
100
AcDbEntity
  8
0
100
AcDbLine
 10
-0.125
 20
125.47599700006013
 30
0.0
 11
-22.375
 21
125.47599700006013
 31
0.0
  0
INSERT
  5
2C0
330
2BB
100
AcDbEntity
  8
OLCU
100
AcDbBlockReference
  2
_ARCHTICK
 10
-22.0
 20
0.0
 30
0.0
 41
0.175
 42
0.175
 50
270.0
  0
INSERT
  5
2C2
330
2BB
100
AcDbEntity
  8
OLCU
100
AcDbBlockReference
  2
_ARCHTICK
 10
-22.0
 20
125.47599700006013
 30
0.0
 41
0.175
 42
0.175
 50
90.0
  0
LINE
  5
2C4
330
2BB
100
AcDbEntity
  8
0
100
AcDbLine
 10
-22.0
 20
0.0
 30
0.0
 11
-22.0
 21
125.47599700006013
 31
0.0
  0
MTEXT
  5
2C5
330
2BB
100
AcDbEntity
  8
OLCU
100
AcDbMText
 10
-22.225
 20
62.737998500030066
 30
0.0
 40
0.25
 71
5
  1
12547.6
  7
OpenSansCondensed-Light
 50
90.0
  0
POINT
  5
2C6
330
2BB
100
AcDbEntity
  8
Defpoints
100
AcDbPoint
 10
-22.0
 20
0.0
 30
0.0
  0
POINT
  5
2C7
330
2BB
100
AcDbEntity
  8
Defpoints
100
AcDbPoint
 10
0.0
 20
0.0
 30
0.0
  0
POINT
  5
2C8
330
2BB
100
AcDbEntity
  8
Defpoints
100
AcDbPoint
 10
0.0
 20
125.47599700006013
 30
0.0
  0
ENDBLK
  5
2BD
330
2BB
100
AcDbEntity
  8
0
100
AcDbBlockEnd
  0
BLOCK
  5
4DC
330
4DB
100
AcDbEntity
  8
0
100
AcDbBlockBegin
  2
*D3
 70
1
 10
0.0
 20
0.0
 30
0.0
  3
*D3
  1

  0
LINE
  5
4DE
330
4DB
100
AcDbEntity
  8
0
100
AcDbLine
 10
0.0
 20
-178.64702688018895
 30
0.0
 11
0.0
 21
-200.89702688018895
 31
0.0
  0
LINE
  5
4DF
330
4DB
100
AcDbEntity
  8
0
100
AcDbLine
 10
200.0
 20
-178.64702688018895
 30
0.0
 11
200.0
 21
-200.89702688018895
 31
0.0
  0
INSERT
  5
4E0
330
4DB
100
AcDbEntity
  8
OLCU
100
AcDbBlockReference
  2
_ARCHTICK
 10
0.0
 20
-200.52202688018895
 30
0.0
 41
0.175
 42
0.175
 50
180.0
  0
INSERT
  5
4E2
330
4DB
100
AcDbEntity
  8
OLCU
100
AcDbBlockReference
  2
_ARCHTICK
 10
200.0
 20
-200.52202688018895
 30
0.0
 41
0.175
 42
0.175
  0
LINE
  5
4E4
330
4DB
100
AcDbEntity
  8
0
100
AcDbLine
 10
0.0
 20
-200.52202688018895
 30
0.0
 11
200.0
 21
-200.52202688018895
 31
0.0
  0
MTEXT
  5
4E5
330
4DB
100
AcDbEntity
  8
OLCU
100
AcDbMText
 10
100.0
 20
-200.29702688018895
 30
0.0
 40
0.25
 71
5
  1
20000
  7
OpenSansCondensed-Light
  0
POINT
  5
4E6
330
4DB
100
AcDbEntity
  8
Defpoints
100
AcDbPoint
 10
0.0
 20
-200.52202688018895
 30
0.0
  0
POINT
  5
4E7
330
4DB
100
AcDbEntity
  8
Defpoints
100
AcDbPoint
 10
0.0
 20
-178.52202688018895
 30
0.0
  0
POINT
  5
4E8
330
4DB
100
AcDbEntity
  8
Defpoints
100
AcDbPoint
 10
200.0
 20
-178.52202688018895
 30
0.0
  0
ENDBLK
  5
4DD
330
4DB
100
AcDbEntity
  8
0
100
AcDbBlockEnd
  0
BLOCK
  5
4EB
330
4EA
100
AcDbEntity
  8
0
100
AcDbBlockBegin
  2
*D4
 70
1
 10
0.0
 20
0.0
 30
0.0
  3
*D4
  1

  0
LINE
  5
4ED
330
4EA
100
AcDbEntity
  8
0
100
AcDbLine
 10
-0.125
 20
-178.52202688018895
 30
0.0
 11
-22.375
 21
-178.52202688018895
 31
0.0
  0
LINE
  5
4EE
330
4EA
100
AcDbEntity
  8
0
100
AcDbLine
 10
-0.125
 20
-66.00001888018883
 30
0.0
 11
-22.375
 21
-66.00001888018883
 31
0.0
  0
INSERT
  5
4EF
330
4EA
100
AcDbEntity
  8
OLCU
100
AcDbBlockReference
  2
_ARCHTICK
 10
-22.0
 20
-178.52202688018895
 30
0.0
 41
0.175
 42
0.175
 50
270.0
  0
INSERT
  5
4F1
330
4EA
100
AcDbEntity
  8
OLCU
100
AcDbBlockReference
  2
_ARCHTICK
 10
-22.0
 20
-66.00001888018883
 30
0.0
 41
0.175
 42
0.175
 50
90.0
  0
LINE
  5
4F3
330
4EA
100
AcDbEntity
  8
0
100
AcDbLine
 10
-22.0
 20
-178.52202688018895
 30
0.0
 11
-22.0
 21
-66.00001888018883
 31
0.0
  0
MTEXT
  5
4F4
330
4EA
100
AcDbEntity
  8
OLCU
100
AcDbMText
 10
-22.225
 20
-122.26102288018889
 30
0.0
 40
0.25
 71
5
  1
11252.2
  7
OpenSansCondensed-Light
 50
90.0
  0
POINT
  5
4F5
330
4EA
100
AcDbEntity
  8
Defpoints
100
AcDbPoint
 10
-22.0
 20
-178.52202688018895
 30
0.0
  0
POINT
  5
4F6
330
4EA
100
AcDbEntity
  8
Defpoints
100
AcDbPoint
 10
0.0
 20
-178.52202688018895
 30
0.0
  0
POINT
  5
4F7
330
4EA
100
AcDbEntity
  8
Defpoints
100
AcDbPoint
 10
0.0
 20
-66.00001888018883
 30
0.0
  0
ENDBLK
  5
4EC
330
4EA
100
AcDbEntity
  8
0
100
AcDbBlockEnd
  0
BLOCK
  5
691
330
690
100
AcDbEntity
  8
0
100
AcDbBlockBegin
  2
*D5
 70
1
 10
0.0
 20
0.0
 30
0.0
  3
*D5
  1

  0
LINE
  5
693
330
690
100
AcDbEntity
  8
0
100
AcDbLine
 10
266.0000188801888
 20
-0.125
 30
0.0
 11
266.0000188801888
 21
-22.375
 31
0.0
  0
LINE
  5
694
330
690
100
AcDbEntity
  8
0
100
AcDbLine
 10
378.52202688018883
 20
-0.125
 30
0.0
 11
378.52202688018883
 21
-22.375
 31
0.0
  0
INSERT
  5
695
330
690
100
AcDbEntity
  8
OLCU
100
AcDbBlockReference
  2
_ARCHTICK
 10
266.0000188801888
 20
-22.0
 30
0.0
 41
0.175
 42
0.175
 50
180.0
  0
INSERT
  5
697
330
690
100
AcDbEntity
  8
OLCU
100
AcDbBlockReference
  2
_ARCHTICK
 10
378.52202688018883
 20
-22.0
 30
0.0
 41
0.175
 42
0.175
  0
LINE
  5
699
330
690
100
AcDbEntity
  8
0
100
AcDbLine
 10
266.0000188801888
 20
-22.0
 30
0.0
 11
378.52202688018883
 21
-22.0
 31
0.0
  0
MTEXT
  5
69A
330
690
100
AcDbEntity
  8
OLCU
100
AcDbMText
 10
322.2610228801888
 20
-21.775
 30
0.0
 40
0.25
 71
5
  1
11252.2
  7
OpenSansCondensed-Light
  0
POINT
  5
69B
330
690
100
AcDbEntity
  8
Defpoints
100
AcDbPoint
 10
266.0000188801888
 20
-22.0
 30
0.0
  0
POINT
  5
69C
330
690
100
AcDbEntity
  8
Defpoints
100
AcDbPoint
 10
266.0000188801888
 20
0.0
 30
0.0
  0
POINT
  5
69D
330
690
100
AcDbEntity
  8
Defpoints
100
AcDbPoint
 10
378.52202688018883
 20
0.0
 30
0.0
  0
ENDBLK
  5
692
330
690
100
AcDbEntity
  8
0
100
AcDbBlockEnd
  0
BLOCK
  5
6A0
330
69F
100
AcDbEntity
  8
0
100
AcDbBlockBegin
  2
*D6
 70
1
 10
0.0
 20
0.0
 30
0.0
  3
*D6
  1

  0
LINE
  5
6A2
330
69F
100
AcDbEntity
  8
0
100
AcDbLine
 10
265.8750188801888
 20
0.0
 30
0.0
 11
243.6250188801888
 21
0.0
 31
0.0
  0
LINE
  5
6A3
330
69F
100
AcDbEntity
  8
0
100
AcDbLine
 10
265.8750188801888
 20
125.4759970000599
 30
0.0
 11
243.6250188801888
 21
125.4759970000599
 31
0.0
  0
INSERT
  5
6A4
330
69F
100
AcDbEntity
  8
OLCU
100
AcDbBlockReference
  2
_ARCHTICK
 10
244.0000188801888
 20
0.0
 30
0.0
 41
0.175
 42
0.175
 50
270.0
  0
INSERT
  5
6A6
330
69F
100
AcDbEntity
  8
OLCU
100
AcDbBlockReference
  2
_ARCHTICK
 10
244.0000188801888
 20
125.4759970000599
 30
0.0
 41
0.175
 42
0.175
 50
90.0
  0
LINE
  5
6A8
330
69F
100
AcDbEntity
  8
0
100
AcDbLine
 10
244.0000188801888
 20
0.0
 30
0.0
 11
244.0000188801888
 21
125.4759970000599
 31
0.0
  0
MTEXT
  5
6A9
330
69F
100
AcDbEntity
  8
OLCU
100
AcDbMText
 10
243.7750188801888
 20
62.73799850002995
 30
0.0
 40
0.25
 71
5
  1
12547.6
  7
OpenSansCondensed-Light
 50
90.0
  0
POINT
  5
6AA
330
69F
100
AcDbEntity
  8
Defpoints
100
AcDbPoint
 10
244.0000188801888
 20
0.0
 30
0.0
  0
POINT
  5
6AB
330
69F
100
AcDbEntity
  8
Defpoints
100
AcDbPoint
 10
266.0000188801888
 20
0.0
 30
0.0
  0
POINT
  5
6AC
330
69F
100
AcDbEntity
  8
Defpoints
100
AcDbPoint
 10
266.0000188801888
 20
125.4759970000599
 30
0.0
  0
ENDBLK
  5
6A1
330
69F
100
AcDbEntity
  8
0
100
AcDbBlockEnd
  0
ENDSEC
  0
SECTION
  2
ENTITIES
  0
LWPOLYLINE
  5
91
330
17
100
AcDbEntity
  8
GORUNEN
100
AcDbPolyline
 90
2
 70
0
 10
200.0
 20
69.97699400004701
 10
200.0
 20
114.97733200004701
  0
LWPOLYLINE
  5
92
330
17
100
AcDbEntity
  8
GORUNEN
100
AcDbPolyline
 90
2
 70
0
 10
200.0
 20
114.97733200004703
 10
1.4210854715202004e-14
 20
114.97733200004703
  0
LWPOLYLINE
  5
93
330
17
100
AcDbEntity
  8
GORUNEN
100
AcDbPolyline
 90
2
 70
0
 10
1.4210854715202004e-14
 20
69.97699400004701
 10
1.4210854715202004e-14
 20
114.97733200004701
  0
LWPOLYLINE
  5
94
330
17
100
AcDbEntity
  8
GORUNEN
100
AcDbPolyline
 90
2
 70
0
 10
200.0
 20
114.97733200004703
 10
200.0
 20
124.96800200004702
  0
LWPOLYLINE
  5
95
330
17
100
AcDbEntity
  8
GORUNEN
100
AcDbPolyline
 90
2
 70
0
 10
1.4210854715202004e-14
 20
114.97733200004703
 10
1.4210854715202004e-14
 20
124.968002000047
  0
LWPOLYLINE
  5
96
330
17
100
AcDbEntity
  8
GORUNEN
100
AcDbPolyline
 90
2
 70
0
 10
200.0
 20
124.96800200004702
 10
200.0
 20
125.47599700006013
  0
LWPOLYLINE
  5
97
330
17
100
AcDbEntity
  8
GORUNEN
100
AcDbPolyline
 90
2
 70
0
 10
200.0
 20
125.47599700004702
 10
1.4210854715202004e-14
 20
125.47599700004702
  0
LWPOLYLINE
  5
98
330
17
100
AcDbEntity
  8
GORUNEN
100
AcDbPolyline
 90
2
 70
0
 10
0.0
 20
124.968002000047
 10
0.0
 20
125.4759970000601
  0
LWPOLYLINE
  5
99
330
17
100
AcDbEntity
  8
GORUNEN
100
AcDbPolyline
 90
2
 70
0
 10
200.0
 20
4.699929334606168e-11
 10
1.4210854715202004e-14
 20
4.699929334606168e-11
  0
LWPOLYLINE
  5
9A
330
17
100
AcDbEntity
  8
GORUNEN
100
AcDbPolyline
 90
2
 70
0
 10
200.0
 20
4.699929334606168e-11
 10
1.4210854715202004e-14
 20
4.699929334606168e-11
  0
LWPOLYLINE
  5
9B
330
17
100
AcDbEntity
  8
GORUNEN
100
AcDbPolyline
 90
2
 70
0
 10
200.0
 20
4.699929334606168e-11
 10
1.4210854715202004e-14
 20
4.699929334606168e-11
  0
LWPOLYLINE
  5
9C
330
17
100
AcDbEntity
  8
GORUNEN
100
AcDbPolyline
 90
2
 70
0
 10
200.0
 20
5.700151461951464e-11
 10
200.0
 20
1.9871280675462155
  0
LWPOLYLINE
  5
9D
330
17
100
AcDbEntity
  8
GORUNEN
100
AcDbPolyline
 90
2
 70
0
 10
0.0
 20
5.6994409192157036e-11
 10
0.0
 20
1.9871280675462084
  0
LWPOLYLINE
  5
9E
330
17
100
AcDbEntity
  8
GORUNEN
100
AcDbPolyline
 90
2
 70
0
 10
200.0
 20
1.9871281271160974
 10
200.0
 20
2.4753788074785095
  0
LWPOLYLINE
  5
9F
330
17
100
AcDbEntity
  8
GORUNEN
100
AcDbPolyline
 90
2
 70
0
 10
0.0
 20
1.9871281271160903
 10
0.0
 20
2.4753788074785024
  0
LWPOLYLINE
  5
A0
330
17
100
AcDbEntity
  8
GORUNEN
100
AcDbPolyline
 90
2
 70
0
 10
0.0
 20
3.344333000046994
 10
0.0
 20
2.475378807466603
  0
LWPOLYLINE
  5
A1
330
17
100
AcDbEntity
  8
GORUNEN
100
AcDbPolyline
 90
2
 70
0
 10
200.0
 20
3.3443330000470013
 10
200.0
 20
2.47537880746661
  0
LWPOLYLINE
  5
A2
330
17
100
AcDbEntity
  8
GORUNEN
100
AcDbPolyline
 90
2
 70
0
 10
200.0
 20
3.3443330000470017
 10
200.0
 20
7.2813300000470065
  0
LWPOLYLINE
  5
A3
330
17
100
AcDbEntity
  8
GORUNEN
100
AcDbPolyline
 90
2
 70
0
 10
0.0
 20
3.3443330000469946
 10
0.0
 20
7.281330000046999
  0
LWPOLYLINE
  5
A4
330
17
100
AcDbEntity
  8
GORUNEN
100
AcDbPolyline
 90
2
 70
0
 10
0.0
 20
8.079344509647003
 10
0.0
 20
7.281330000046999
  0
LWPOLYLINE
  5
A5
330
17
100
AcDbEntity
  8
GORUNEN
100
AcDbPolyline
 90
2
 70
0
 10
200.0
 20
8.079344509647003
 10
200.0
 20
7.2813300000470065
  0
LWPOLYLINE
  5
A6
330
17
100
AcDbEntity
  8
GORUNEN
100
AcDbPolyline
 90
2
 70
0
 10
200.0
 20
8.079344509647006
 10
200.0
 20
8.17033000006269
  0
LWPOLYLINE
  5
A7
330
17
100
AcDbEntity
  8
GORUNEN
100
AcDbPolyline
 90
2
 70
0
 10
0.0
 20
8.079344509647
 10
0.0
 20
8.170330000062682
  0
LWPOLYLINE
  5
A8
330
17
100
AcDbEntity
  8
GORUNEN
100
AcDbPolyline
 90
2
 70
0
 10
200.0
 20
8.170330000046926
 10
200.0
 20
8.46666600004709
  0
LWPOLYLINE
  5
A9
330
17
100
AcDbEntity
  8
GORUNEN
100
AcDbPolyline
 90
2
 70
0
 10
200.0
 20
8.466666000047002
 10
1.4210854715202004e-14
 20
8.466666000047002
  0
LWPOLYLINE
  5
AA
330
17
100
AcDbEntity
  8
GORUNEN
100
AcDbPolyline
 90
2
 70
0
 10
0.0
 20
8.170330000046919
 10
0.0
 20
8.466666000047082
  0
LWPOLYLINE
  5
AB
330
17
100
AcDbEntity
  8
GORUNEN
100
AcDbPolyline
 90
2
 70
0
 10
200.0
 20
8.466666000047004
 10
200.0
 20
8.889997000046998
  0
LWPOLYLINE
  5
AC
330
17
100
AcDbEntity
  8
GORUNEN
100
AcDbPolyline
 90
2
 70
0
 10
200.0
 20
8.889997000047
 10
1.4210854715202004e-14
 20
8.889997000047
  0
LWPOLYLINE
  5
AD
330
17
100
AcDbEntity
  8
GORUNEN
100
AcDbPolyline
 90
2
 70
0
 10
0.0
 20
8.466666000046997
 10
0.0
 20
8.889997000046991
  0
LWPOLYLINE
  5
AE
330
17
100
AcDbEntity
  8
GORUNEN
100
AcDbPolyline
 90
2
 70
0
 10
200.0
 20
8.889997000047035
 10
200.0
 20
9.440331000046973
  0
LWPOLYLINE
  5
AF
330
17
100
AcDbEntity
  8
GORUNEN
100
AcDbPolyline
 90
2
 70
0
 10
200.0
 20
9.440331000047
 10
1.4210854715202004e-14
 20
9.440331000047
  0
LWPOLYLINE
  5
B0
330
17
100
AcDbEntity
  8
GORUNEN
100
AcDbPolyline
 90
2
 70
0
 10
0.0
 20
8.889997000047028
 10
0.0
 20
9.440331000046966
  0
LWPOLYLINE
  5
B1
330
17
100
AcDbEntity
  8
GORUNEN
100
AcDbPolyline
 90
2
 70
0
 10
200.0
 20
9.440331000046816
 10
200.0
 20
9.990665000046999
  0
LWPOLYLINE
  5
B2
330
17
100
AcDbEntity
  8
GORUNEN
100
AcDbPolyline
 90
2
 70
0
 10
0.0
 20
9.44033100004681
 10
0.0
 20
9.990665000046999
  0
LWPOLYLINE
  5
B3
330
17
100
AcDbEntity
  8
GORUNEN
100
AcDbPolyline
 90
2
 70
0
 10
200.0
 20
9.990665000046999
 10
1.4210854715202004e-14
 20
9.990665000046999
  0
LWPOLYLINE
  5
B4
330
17
100
AcDbEntity
  8
GORUNEN
100
AcDbPolyline
 90
2
 70
0
 10
200.0
 20
9.990665000046999
 10
1.4210854715202004e-14
 20
9.990665000046999
  0
LWPOLYLINE
  5
B5
330
17
100
AcDbEntity
  8
GORUNEN
100
AcDbPolyline
 90
2
 70
0
 10
200.0
 20
9.990665000057012
 10
200.0
 20
17.991666000047008
  0
LWPOLYLINE
  5
B6
330
17
100
AcDbEntity
  8
GORUNEN
100
AcDbPolyline
 90
2
 70
0
 10
0.0
 20
9.990665000057005
 10
0.0
 20
17.991666000047
  0
LWPOLYLINE
  5
B7
330
17
100
AcDbEntity
  8
GORUNEN
100
AcDbPolyline
 90
2
 70
0
 10
200.0
 20
17.991666000047008
 10
200.0
 20
36.99933200004701
  0
LWPOLYLINE
  5
B8
330
17
100
AcDbEntity
  8
GORUNEN
100
AcDbPolyline
 90
2
 70
0
 10
0.0
 20
17.991666000047
 10
0.0
 20
36.999332000047
  0
LWPOLYLINE
  5
B9
330
17
100
AcDbEntity
  8
GORUNEN
100
AcDbPolyline
 90
2
 70
0
 10
200.0
 20
36.999332000047
 10
200.0
 20
38.989437355967
  0
LWPOLYLINE
  5
BA
330
17
100
AcDbEntity
  8
GORUNEN
100
AcDbPolyline
 90
2
 70
0
 10
200.0
 20
38.989437355967
 10
200.0
 20
38.988996000081436
  0
LWPOLYLINE
  5
BB
330
17
100
AcDbEntity
  8
GORUNEN
100
AcDbPolyline
 90
2
 70
0
 10
200.0
 20
38.988996000047
 10
1.4210854715202004e-14
 20
38.988996000047
  0
LWPOLYLINE
  5
BC
330
17
100
AcDbEntity
  8
GORUNEN
100
AcDbPolyline
 90
2
 70
0
 10
0.0
 20
36.99933200004701
 10
0.0
 20
38.98943735596701
  0
LWPOLYLINE
  5
BD
330
17
100
AcDbEntity
  8
GORUNEN
100
AcDbPolyline
 90
2
 70
0
 10
0.0
 20
38.98943735596701
 10
0.0
 20
38.98899600008145
  0
LWPOLYLINE
  5
BE
330
17
100
AcDbEntity
  8
GORUNEN
100
AcDbPolyline
 90
2
 70
0
 10
200.0
 20
38.989437355967
 10
200.0
 20
46.990001000046995
  0
LWPOLYLINE
  5
BF
330
17
100
AcDbEntity
  8
GORUNEN
100
AcDbPolyline
 90
2
 70
0
 10
0.0
 20
38.989437355967
 10
0.0
 20
46.990001000046995
  0
LWPOLYLINE
  5
C0
330
17
100
AcDbEntity
  8
GORUNEN
100
AcDbPolyline
 90
2
 70
0
 10
200.0
 20
46.990001000046995
 10
1.4210854715202004e-14
 20
46.990001000046995
  0
LWPOLYLINE
  5
C1
330
17
100
AcDbEntity
  8
GORUNEN
100
AcDbPolyline
 90
2
 70
0
 10
200.0
 20
46.990001000046995
 10
1.4210854715202004e-14
 20
46.990001000046995
  0
LWPOLYLINE
  5
C2
330
17
100
AcDbEntity
  8
GORUNEN
100
AcDbPolyline
 90
2
 70
0
 10
200.0
 20
46.990001000046995
 10
200.0
 20
49.022014702947
  0
LWPOLYLINE
  5
C3
330
17
100
AcDbEntity
  8
GORUNEN
100
AcDbPolyline
 90
2
 70
0
 10
1.4210854715202004e-14
 20
46.99000100004701
 10
1.4210854715202004e-14
 20
49.02201470294701
  0
LWPOLYLINE
  5
C4
330
17
100
AcDbEntity
  8
GORUNEN
100
AcDbPolyline
 90
2
 70
0
 10
200.0
 20
49.022014702947004
 10
200.0
 20
57.996661000047006
  0
LWPOLYLINE
  5
C5
330
17
100
AcDbEntity
  8
GORUNEN
100
AcDbPolyline
 90
2
 70
0
 10
200.0
 20
57.996661000047006
 10
1.4210854715202004e-14
 20
57.996661000047006
  0
LWPOLYLINE
  5
C6
330
17
100
AcDbEntity
  8
GORUNEN
100
AcDbPolyline
 90
2
 70
0
 10
1.4210854715202004e-14
 20
49.022014702947004
 10
1.4210854715202004e-14
 20
57.996661000047006
  0
LWPOLYLINE
  5
C7
330
17
100
AcDbEntity
  8
GORUNEN
100
AcDbPolyline
 90
2
 70
0
 10
200.0
 20
57.99666100004693
 10
200.0
 20
59.98633300004655
  0
LWPOLYLINE
  5
C8
330
17
100
AcDbEntity
  8
GORUNEN
100
AcDbPolyline
 90
2
 70
0
 10
200.0
 20
59.98633300004655
 10
1.4210854715202004e-14
 20
59.98633300004655
  0
LWPOLYLINE
  5
C9
330
17
100
AcDbEntity
  8
GORUNEN
100
AcDbPolyline
 90
2
 70
0
 10
1.4210854715202004e-14
 20
57.99666100004693
 10
1.4210854715202004e-14
 20
59.986333000047004
  0
LWPOLYLINE
  5
CA
330
17
100
AcDbEntity
  8
GORUNEN
100
AcDbPolyline
 90
2
 70
0
 10
200.0
 20
59.986333000047004
 10
1.4210854715202004e-14
 20
59.986333000047004
  0
LWPOLYLINE
  5
CB
330
17
100
AcDbEntity
  8
GORUNEN
100
AcDbPolyline
 90
2
 70
0
 10
1.4210854715202004e-14
 20
69.97699400004701
 10
1.4210854715202004e-14
 20
59.986333000048425
  0
LWPOLYLINE
  5
CC
330
17
100
AcDbEntity
  8
GORUNEN
100
AcDbPolyline
 90
2
 70
0
 10
200.0
 20
69.97699400004701
 10
200.0
 20
59.986333000048425
  0
LWPOLYLINE
  5
CD
330
17
100
AcDbEntity
  8
GORUNEN
100
AcDbPolyline
 90
2
 70
0
 10
200.0
 20
3.552713678800501e-15
 10
1.4210854715202004e-14
 20
3.552713678800501e-15
  0
LWPOLYLINE
  5
CE
330
17
100
AcDbEntity
  8
GORUNEN
100
AcDbPolyline
 90
2
 70
0
 10
200.0
 20
1.5997758673336193e-11
 10
1.4210854715202004e-14
 20
1.5997758673336193e-11
  0
LWPOLYLINE
  5
CF
330
17
100
AcDbEntity
  8
GORUNEN
100
AcDbPolyline
 90
2
 70
0
 10
200.0
 20
8.079344509647003
 10
1.4210854715202004e-14
 20
8.079344509647003
  0
LWPOLYLINE
  5
D0
330
17
100
AcDbEntity
  8
GORUNEN
100
AcDbPolyline
 90
2
 70
0
 10
200.0
 20
9.990665000057005
 10
1.4210854715202004e-14
 20
9.990665000057005
  0
LWPOLYLINE
  5
D1
330
17
100
AcDbEntity
  8
GORUNEN
100
AcDbPolyline
 90
2
 70
0
 10
200.0
 20
38.989437355967
 10
1.4210854715202004e-14
 20
38.989437355967
  0
LWPOLYLINE
  5
D2
330
17
100
AcDbEntity
  8
GORUNEN
100
AcDbPolyline
 90
2
 70
0
 10
200.0
 20
59.986333000047004
 10
1.4210854715202004e-14
 20
59.986333000047004
  0
LWPOLYLINE
  5
D3
330
17
100
AcDbEntity
  8
GIZLI
100
AcDbPolyline
 90
2
 70
0
 10
200.0
 20
114.97733200004703
 10
1.4210854715202004e-14
 20
114.97733200004703
  0
LWPOLYLINE
  5
D4
330
17
100
AcDbEntity
  8
GIZLI
100
AcDbPolyline
 90
2
 70
0
 10
200.0
 20
114.97733200004701
 10
200.0
 20
111.97167000004701
  0
LWPOLYLINE
  5
D5
330
17
100
AcDbEntity
  8
GIZLI
100
AcDbPolyline
 90
2
 70
0
 10
200.0
 20
111.971670000047
 10
1.4210854715202004e-14
 20
111.971670000047
  0
LWPOLYLINE
  5
D6
330
17
100
AcDbEntity
  8
GIZLI
100
AcDbPolyline
 90
2
 70
0
 10
1.4210854715202004e-14
 20
114.97733200004701
 10
1.4210854715202004e-14
 20
111.97167000004701
  0
LWPOLYLINE
  5
D7
330
17
100
AcDbEntity
  8
GIZLI
100
AcDbPolyline
 90
2
 70
0
 10
200.0
 20
111.971670000047
 10
1.4210854715202004e-14
 20
111.971670000047
  0
LWPOLYLINE
  5
D8
330
17
100
AcDbEntity
  8
GIZLI
100
AcDbPolyline
 90
2
 70
0
 10
200.0
 20
111.97167000004703
 10
200.0
 20
114.97733200004703
  0
LWPOLYLINE
  5
D9
330
17
100
AcDbEntity
  8
GIZLI
100
AcDbPolyline
 90
2
 70
0
 10
1.4210854715202004e-14
 20
111.971670000047
 10
1.4210854715202004e-14
 20
114.97733200004703
  0
LWPOLYLINE
  5
DA
330
17
100
AcDbEntity
  8
GIZLI
100
AcDbPolyline
 90
2
 70
0
 10
200.0
 20
125.47599700004702
 10
1.4210854715202004e-14
 20
125.47599700004702
  0
LWPOLYLINE
  5
DB
330
17
100
AcDbEntity
  8
GIZLI
100
AcDbPolyline
 90
2
 70
0
 10
200.0
 20
125.4759970000039
 10
200.0
 20
124.96800200004702
  0
LWPOLYLINE
  5
DC
330
17
100
AcDbEntity
  8
GIZLI
100
AcDbPolyline
 90
2
 70
0
 10
0.0
 20
125.47599700000399
 10
0.0
 20
124.968002000047
  0
LWPOLYLINE
  5
DD
330
17
100
AcDbEntity
  8
GIZLI
100
AcDbPolyline
 90
2
 70
0
 10
200.0
 20
124.96800200004702
 10
200.0
 20
119.29533400004702
  0
LWPOLYLINE
  5
DE
330
17
100
AcDbEntity
  8
GIZLI
100
AcDbPolyline
 90
2
 70
0
 10
200.0
 20
119.295334000047
 10
1.4210854715202004e-14
 20
119.295334000047
  0
LWPOLYLINE
  5
DF
330
17
100
AcDbEntity
  8
GIZLI
100
AcDbPolyline
 90
2
 70
0
 10
1.4210854715202004e-14
 20
124.968002000047
 10
1.4210854715202004e-14
 20
119.29533400004699
  0
LWPOLYLINE
  5
E0
330
17
100
AcDbEntity
  8
GIZLI
100
AcDbPolyline
 90
2
 70
0
 10
200.0
 20
119.29533400004703
 10
200.0
 20
118.78733900004704
  0
LWPOLYLINE
  5
E1
330
17
100
AcDbEntity
  8
GIZLI
100
AcDbPolyline
 90
2
 70
0
 10
200.0
 20
118.78733900004701
 10
1.4210854715202004e-14
 20
118.78733900004701
  0
LWPOLYLINE
  5
E2
330
17
100
AcDbEntity
  8
GIZLI
100
AcDbPolyline
 90
2
 70
0
 10
1.4210854715202004e-14
 20
119.29533400004698
 10
1.4210854715202004e-14
 20
118.78733900004698
  0
LWPOLYLINE
  5
E3
330
17
100
AcDbEntity
  8
GIZLI
100
AcDbPolyline
 90
2
 70
0
 10
200.0
 20
118.78733900004698
 10
200.0
 20
118.27932700004705
  0
LWPOLYLINE
  5
E4
330
17
100
AcDbEntity
  8
GIZLI
100
AcDbPolyline
 90
2
 70
0
 10
200.0
 20
118.279327000047
 10
1.4210854715202004e-14
 20
118.279327000047
  0
LWPOLYLINE
  5
E5
330
17
100
AcDbEntity
  8
GIZLI
100
AcDbPolyline
 90
2
 70
0
 10
1.4210854715202004e-14
 20
118.78733900004698
 10
1.4210854715202004e-14
 20
118.27932700004705
  0
LWPOLYLINE
  5
E6
330
17
100
AcDbEntity
  8
GIZLI
100
AcDbPolyline
 90
2
 70
0
 10
200.0
 20
118.27932700004702
 10
200.0
 20
95.969659000047
  0
LWPOLYLINE
  5
E7
330
17
100
AcDbEntity
  8
GIZLI
100
AcDbPolyline
 90
2
 70
0
 10
200.0
 20
95.96965900004702
 10
1.4210854715202004e-14
 20
95.96965900004702
  0
LWPOLYLINE
  5
E8
330
17
100
AcDbEntity
  8
GIZLI
100
AcDbPolyline
 90
2
 70
0
 10
1.4210854715202004e-14
 20
118.27932700004702
 10
1.4210854715202004e-14
 20
95.969659000047
  0
LWPOLYLINE
  5
E9
330
17
100
AcDbEntity
  8
GIZLI
100
AcDbPolyline
 90
2
 70
0
 10
200.0
 20
95.757995000047
 10
200.0
 20
95.96965900004702
  0
LWPOLYLINE
  5
EA
330
17
100
AcDbEntity
  8
GIZLI
100
AcDbPolyline
 90
2
 70
0
 10
200.0
 20
95.757995000047
 10
1.4210854715202004e-14
 20
95.757995000047
  0
LWPOLYLINE
  5
EB
330
17
100
AcDbEntity
  8
GIZLI
100
AcDbPolyline
 90
2
 70
0
 10
1.4210854715202004e-14
 20
95.757995000047
 10
1.4210854715202004e-14
 20
95.96965900004702
  0
LWPOLYLINE
  5
EC
330
17
100
AcDbEntity
  8
GIZLI
100
AcDbPolyline
 90
2
 70
0
 10
200.0
 20
95.54633200004702
 10
200.0
 20
95.757995000047
  0
LWPOLYLINE
  5
ED
330
17
100
AcDbEntity
  8
GIZLI
100
AcDbPolyline
 90
2
 70
0
 10
200.0
 20
95.54633200004702
 10
1.4210854715202004e-14
 20
95.54633200004702
  0
LWPOLYLINE
  5
EE
330
17
100
AcDbEntity
  8
GIZLI
100
AcDbPolyline
 90
2
 70
0
 10
1.4210854715202004e-14
 20
95.54633200004702
 10
1.4210854715202004e-14
 20
95.757995000047
  0
LWPOLYLINE
  5
EF
330
17
100
AcDbEntity
  8
GIZLI
100
AcDbPolyline
 90
2
 70
0
 10
200.0
 20
95.50400500004697
 10
200.0
 20
95.54633200004703
  0
LWPOLYLINE
  5
F0
330
17
100
AcDbEntity
  8
GIZLI
100
AcDbPolyline
 90
2
 70
0
 10
200.0
 20
95.50400500004702
 10
1.4210854715202004e-14
 20
95.50400500004702
  0
LWPOLYLINE
  5
F1
330
17
100
AcDbEntity
  8
GIZLI
100
AcDbPolyline
 90
2
 70
0
 10
1.4210854715202004e-14
 20
95.50400500004697
 10
1.4210854715202004e-14
 20
95.54633200004703
  0
LWPOLYLINE
  5
F2
330
17
100
AcDbEntity
  8
GIZLI
100
AcDbPolyline
 90
2
 70
0
 10
200.0
 20
95.50400500004702
 10
1.4210854715202004e-14
 20
95.50400500004702
  0
LWPOLYLINE
  5
F3
330
17
100
AcDbEntity
  8
GIZLI
100
AcDbPolyline
 90
2
 70
0
 10
200.0
 20
95.50400500002459
 10
200.0
 20
94.48799800004701
  0
LWPOLYLINE
  5
F4
330
17
100
AcDbEntity
  8
GIZLI
100
AcDbPolyline
 90
2
 70
0
 10
1.4210854715202004e-14
 20
95.50400500002459
 10
1.4210854715202004e-14
 20
94.48799800004701
  0
LWPOLYLINE
  5
F5
330
17
100
AcDbEntity
  8
GIZLI
100
AcDbPolyline
 90
2
 70
0
 10
200.0
 20
94.48799800004701
 10
200.0
 20
71.20466500004702
  0
LWPOLYLINE
  5
F6
330
17
100
AcDbEntity
  8
GIZLI
100
AcDbPolyline
 90
2
 70
0
 10
200.0
 20
71.20466500004702
 10
1.4210854715202004e-14
 20
71.20466500004702
  0
LWPOLYLINE
  5
F7
330
17
100
AcDbEntity
  8
GIZLI
100
AcDbPolyline
 90
2
 70
0
 10
1.4210854715202004e-14
 20
94.48799800004701
 10
1.4210854715202004e-14
 20
71.20466500004702
  0
LWPOLYLINE
  5
F8
330
17
100
AcDbEntity
  8
GIZLI
100
AcDbPolyline
 90
2
 70
0
 10
200.0
 20
71.20466500004702
 10
1.4210854715202004e-14
 20
71.20466500004702
  0
LWPOLYLINE
  5
F9
330
17
100
AcDbEntity
  8
GIZLI
100
AcDbPolyline
 90
2
 70
0
 10
200.0
 20
71.20466500004702
 10
200.0
 20
62.695664000047
  0
LWPOLYLINE
  5
FA
330
17
100
AcDbEntity
  8
GIZLI
100
AcDbPolyline
 90
2
 70
0
 10
200.0
 20
62.69566400004701
 10
1.4210854715202004e-14
 20
62.69566400004701
  0
LWPOLYLINE
  5
FB
330
17
100
AcDbEntity
  8
GIZLI
100
AcDbPolyline
 90
2
 70
0
 10
1.4210854715202004e-14
 20
71.20466500004702
 10
1.4210854715202004e-14
 20
62.695664000047
  0
LWPOLYLINE
  5
FC
330
17
100
AcDbEntity
  8
GIZLI
100
AcDbPolyline
 90
2
 70
0
 10
200.0
 20
62.69566400004701
 10
1.4210854715202004e-14
 20
62.69566400004701
  0
LWPOLYLINE
  5
FD
330
17
100
AcDbEntity
  8
GIZLI
100
AcDbPolyline
 90
2
 70
0
 10
200.0
 20
62.695664000046996
 10
200.0
 20
61.171661000047
  0
LWPOLYLINE
  5
FE
330
17
100
AcDbEntity
  8
GIZLI
100
AcDbPolyline
 90
2
 70
0
 10
200.0
 20
61.171661000047
 10
1.4210854715202004e-14
 20
61.171661000047
  0
LWPOLYLINE
  5
FF
330
17
100
AcDbEntity
  8
GIZLI
100
AcDbPolyline
 90
2
 70
0
 10
1.4210854715202004e-14
 20
62.69566400004701
 10
1.4210854715202004e-14
 20
61.17166100004702
  0
LWPOLYLINE
  5
100
330
17
100
AcDbEntity
  8
GIZLI
100
AcDbPolyline
 90
2
 70
0
 10
200.0
 20
61.17166100006031
 10
200.0
 20
60.19799700004728
  0
LWPOLYLINE
  5
101
330
17
100
AcDbEntity
  8
GIZLI
100
AcDbPolyline
 90
2
 70
0
 10
200.0
 20
60.197997000047
 10
1.4210854715202004e-14
 20
60.197997000047
  0
LWPOLYLINE
  5
102
330
17
100
AcDbEntity
  8
GIZLI
100
AcDbPolyline
 90
2
 70
0
 10
1.4210854715202004e-14
 20
61.17166100006031
 10
1.4210854715202004e-14
 20
60.197997000047
  0
LWPOLYLINE
  5
103
330
17
100
AcDbEntity
  8
GIZLI
100
AcDbPolyline
 90
2
 70
0
 10
200.0
 20
60.197997000047
 10
1.4210854715202004e-14
 20
60.197997000047
  0
LWPOLYLINE
  5
104
330
17
100
AcDbEntity
  8
GIZLI
100
AcDbPolyline
 90
2
 70
0
 10
200.0
 20
60.197997000046996
 10
200.0
 20
33.189334000047
  0
LWPOLYLINE
  5
105
330
17
100
AcDbEntity
  8
GIZLI
100
AcDbPolyline
 90
2
 70
0
 10
200.0
 20
33.189334000047005
 10
1.4210854715202004e-14
 20
33.189334000047005
  0
LWPOLYLINE
  5
106
330
17
100
AcDbEntity
  8
GIZLI
100
AcDbPolyline
 90
2
 70
0
 10
0.0
 20
60.19799700004701
 10
0.0
 20
33.18933400004701
  0
LWPOLYLINE
  5
107
330
17
100
AcDbEntity
  8
GIZLI
100
AcDbPolyline
 90
2
 70
0
 10
200.0
 20
33.189334000047005
 10
1.4210854715202004e-14
 20
33.189334000047005
  0
LWPOLYLINE
  5
108
330
17
100
AcDbEntity
  8
GIZLI
100
AcDbPolyline
 90
2
 70
0
 10
200.0
 20
33.18933399999661
 10
200.0
 20
32.17333400004701
  0
LWPOLYLINE
  5
109
330
17
100
AcDbEntity
  8
GIZLI
100
AcDbPolyline
 90
2
 70
0
 10
0.0
 20
33.189333999997004
 10
0.0
 20
32.17333400004701
  0
LWPOLYLINE
  5
10A
330
17
100
AcDbEntity
  8
GIZLI
100
AcDbPolyline
 90
2
 70
0
 10
200.0
 20
32.17333400004701
 10
200.0
 20
30.18366300004701
  0
LWPOLYLINE
  5
10B
330
17
100
AcDbEntity
  8
GIZLI
100
AcDbPolyline
 90
2
 70
0
 10
200.0
 20
30.183663000047
 10
1.4210854715202004e-14
 20
30.183663000047
  0
LWPOLYLINE
  5
10C
330
17
100
AcDbEntity
  8
GIZLI
100
AcDbPolyline
 90
2
 70
0
 10
0.0
 20
32.173334000047
 10
0.0
 20
30.183663000047
  0
LWPOLYLINE
  5
10D
330
17
100
AcDbEntity
  8
GIZLI
100
AcDbPolyline
 90
2
 70
0
 10
200.0
 20
30.183663000049354
 10
200.0
 20
29.20999800008727
  0
LWPOLYLINE
  5
10E
330
17
100
AcDbEntity
  8
GIZLI
100
AcDbPolyline
 90
2
 70
0
 10
200.0
 20
29.209998000046998
 10
1.4210854715202004e-14
 20
29.209998000046998
  0
LWPOLYLINE
  5
10F
330
17
100
AcDbEntity
  8
GIZLI
100
AcDbPolyline
 90
2
 70
0
 10
0.0
 20
30.183663000049354
 10
0.0
 20
29.209998000087005
  0
LWPOLYLINE
  5
110
330
17
100
AcDbEntity
  8
GIZLI
100
AcDbPolyline
 90
2
 70
0
 10
200.0
 20
29.209998000046998
 10
1.4210854715202004e-14
 20
29.209998000046998
  0
LWPOLYLINE
  5
111
330
17
100
AcDbEntity
  8
GIZLI
100
AcDbPolyline
 90
2
 70
0
 10
0.0
 20
28.193999000047004
 10
0.0
 20
29.20999800000353
  0
LWPOLYLINE
  5
112
330
17
100
AcDbEntity
  8
GIZLI
100
AcDbPolyline
 90
2
 70
0
 10
200.0
 20
28.193999000047004
 10
200.0
 20
29.20999800000353
  0
LWPOLYLINE
  5
113
330
17
100
AcDbEntity
  8
GIZLI
100
AcDbPolyline
 90
2
 70
0
 10
200.0
 20
28.193999000047008
 10
200.0
 20
16.001998000047006
  0
LWPOLYLINE
  5
114
330
17
100
AcDbEntity
  8
GIZLI
100
AcDbPolyline
 90
2
 70
0
 10
200.0
 20
16.001998000047
 10
1.4210854715202004e-14
 20
16.001998000047
  0
LWPOLYLINE
  5
115
330
17
100
AcDbEntity
  8
GIZLI
100
AcDbPolyline
 90
2
 70
0
 10
0.0
 20
28.193999000047
 10
0.0
 20
16.001998000047
  0
LWPOLYLINE
  5
116
330
17
100
AcDbEntity
  8
GIZLI
100
AcDbPolyline
 90
2
 70
0
 10
200.0
 20
16.001998000053064
 10
200.0
 20
14.986000000086232
  0
LWPOLYLINE
  5
117
330
17
100
AcDbEntity
  8
GIZLI
100
AcDbPolyline
 90
2
 70
0
 10
200.0
 20
14.986000000047003
 10
1.4210854715202004e-14
 20
14.986000000047003
  0
LWPOLYLINE
  5
118
330
17
100
AcDbEntity
  8
GIZLI
100
AcDbPolyline
 90
2
 70
0
 10
0.0
 20
16.001998000053057
 10
0.0
 20
14.986000000085998
  0
LWPOLYLINE
  5
119
330
17
100
AcDbEntity
  8
GIZLI
100
AcDbPolyline
 90
2
 70
0
 10
200.0
 20
14.986000000047003
 10
1.4210854715202004e-14
 20
14.986000000047003
  0
LWPOLYLINE
  5
11A
330
17
100
AcDbEntity
  8
GIZLI
100
AcDbPolyline
 90
2
 70
0
 10
200.0
 20
14.986000000061171
 10
200.0
 20
16.001998000047003
  0
LWPOLYLINE
  5
11B
330
17
100
AcDbEntity
  8
GIZLI
100
AcDbPolyline
 90
2
 70
0
 10
0.0
 20
14.986000000061164
 10
0.0
 20
16.001998000046996
  0
LWPOLYLINE
  5
11C
330
17
100
AcDbEntity
  8
GIZLI
100
AcDbPolyline
 90
2
 70
0
 10
200.0
 20
16.001998000047006
 10
200.0
 20
29.294667000047006
  0
LWPOLYLINE
  5
11D
330
17
100
AcDbEntity
  8
GIZLI
100
AcDbPolyline
 90
2
 70
0
 10
200.0
 20
29.294667000047003
 10
1.4210854715202004e-14
 20
29.294667000047003
  0
LWPOLYLINE
  5
11E
330
17
100
AcDbEntity
  8
GIZLI
100
AcDbPolyline
 90
2
 70
0
 10
0.0
 20
16.001998000047
 10
0.0
 20
29.294667000047
  0
LWPOLYLINE
  5
11F
330
17
100
AcDbEntity
  8
GIZLI
100
AcDbPolyline
 90
2
 70
0
 10
200.0
 20
29.294667000047003
 10
1.4210854715202004e-14
 20
29.294667000047003
  0
LWPOLYLINE
  5
120
330
17
100
AcDbEntity
  8
GIZLI
100
AcDbPolyline
 90
2
 70
0
 10
200.0
 20
29.294667000011163
 10
200.0
 20
29.54195233133871
  0
LWPOLYLINE
  5
121
330
17
100
AcDbEntity
  8
GIZLI
100
AcDbPolyline
 90
2
 70
0
 10
0.0
 20
29.294667000008005
 10
0.0
 20
29.54195233133871
  0
LWPOLYLINE
  5
122
330
17
100
AcDbEntity
  8
GIZLI
100
AcDbPolyline
 90
2
 70
0
 10
0.0
 20
29.802662000045448
 10
0.0
 20
29.541950184189457
  0
LWPOLYLINE
  5
123
330
17
100
AcDbEntity
  8
GIZLI
100
AcDbPolyline
 90
2
 70
0
 10
200.0
 20
29.802662000046997
 10
1.4210854715202004e-14
 20
29.802662000046997
  0
LWPOLYLINE
  5
124
330
17
100
AcDbEntity
  8
GIZLI
100
AcDbPolyline
 90
2
 70
0
 10
200.0
 20
29.802662000045448
 10
200.0
 20
29.541950184189457
  0
LWPOLYLINE
  5
125
330
17
100
AcDbEntity
  8
GIZLI
100
AcDbPolyline
 90
2
 70
0
 10
200.0
 20
29.802662000046997
 10
1.4210854715202004e-14
 20
29.802662000046997
  0
LWPOLYLINE
  5
126
330
17
100
AcDbEntity
  8
GIZLI
100
AcDbPolyline
 90
2
 70
0
 10
0.0
 20
29.14677328494855
 10
0.0
 20
29.80266200003425
  0
LWPOLYLINE
  5
127
330
17
100
AcDbEntity
  8
GIZLI
100
AcDbPolyline
 90
2
 70
0
 10
200.0
 20
29.14677328494855
 10
200.0
 20
29.80266200003425
  0
LWPOLYLINE
  5
128
330
17
100
AcDbEntity
  8
GIZLI
100
AcDbPolyline
 90
2
 70
0
 10
200.0
 20
29.146773284964365
 10
200.0
 20
28.490331000047227
  0
LWPOLYLINE
  5
129
330
17
100
AcDbEntity
  8
GIZLI
100
AcDbPolyline
 90
2
 70
0
 10
200.0
 20
28.490331000046996
 10
1.4210854715202004e-14
 20
28.490331000046996
  0
LWPOLYLINE
  5
12A
330
17
100
AcDbEntity
  8
GIZLI
100
AcDbPolyline
 90
2
 70
0
 10
0.0
 20
29.146773284964365
 10
0.0
 20
28.490331000047227
  0
LWPOLYLINE
  5
12B
330
17
100
AcDbEntity
  8
GIZLI
100
AcDbPolyline
 90
2
 70
0
 10
200.0
 20
28.490331000046996
 10
1.4210854715202004e-14
 20
28.490331000046996
  0
LWPOLYLINE
  5
12C
330
17
100
AcDbEntity
  8
GIZLI
100
AcDbPolyline
 90
2
 70
0
 10
200.0
 20
28.490331000047007
 10
200.0
 20
14.350997000047006
  0
LWPOLYLINE
  5
12D
330
17
100
AcDbEntity
  8
GIZLI
100
AcDbPolyline
 90
2
 70
0
 10
0.0
 20
28.490331000047
 10
0.0
 20
14.350997000046998
  0
LWPOLYLINE
  5
12E
330
17
100
AcDbEntity
  8
GIZLI
100
AcDbPolyline
 90
2
 70
0
 10
200.0
 20
14.350997000047004
 10
200.0
 20
9.52500000006235
  0
LWPOLYLINE
  5
12F
330
17
100
AcDbEntity
  8
GIZLI
100
AcDbPolyline
 90
2
 70
0
 10
200.0
 20
9.525000000046997
 10
1.4210854715202004e-14
 20
9.525000000046997
  0
LWPOLYLINE
  5
130
330
17
100
AcDbEntity
  8
GIZLI
100
AcDbPolyline
 90
2
 70
0
 10
0.0
 20
14.350997000046997
 10
0.0
 20
9.525000000062343
  0
LWPOLYLINE
  5
131
330
17
100
AcDbEntity
  8
GIZLI
100
AcDbPolyline
 90
2
 70
0
 10
200.0
 20
9.525000000047816
 10
200.0
 20
8.212665000046199
  0
LWPOLYLINE
  5
132
330
17
100
AcDbEntity
  8
GIZLI
100
AcDbPolyline
 90
2
 70
0
 10
0.0
 20
9.52500000004781
 10
0.0
 20
8.212665000046192
  0
LWPOLYLINE
  5
133
330
17
100
AcDbEntity
  8
GIZLI
100
AcDbPolyline
 90
2
 70
0
 10
0.0
 20
7.238996000046413
 10
0.0
 20
8.212665000015848
  0
LWPOLYLINE
  5
134
330
17
100
AcDbEntity
  8
GIZLI
100
AcDbPolyline
 90
2
 70
0
 10
200.0
 20
7.238996000046999
 10
1.4210854715202004e-14
 20
7.238996000046999
  0
LWPOLYLINE
  5
135
330
17
100
AcDbEntity
  8
GIZLI
100
AcDbPolyline
 90
2
 70
0
 10
200.0
 20
7.23899600004642
 10
200.0
 20
8.212665000015855
  0
LWPOLYLINE
  5
136
330
17
100
AcDbEntity
  8
GIZLI
100
AcDbPolyline
 90
2
 70
0
 10
200.0
 20
7.238996000047003
 10
200.0
 20
0.507999000047008
  0
LWPOLYLINE
  5
137
330
17
100
AcDbEntity
  8
GIZLI
100
AcDbPolyline
 90
2
 70
0
 10
0.0
 20
7.2389960000469955
 10
0.0
 20
0.5079990000470009
  0
LWPOLYLINE
  5
138
330
17
100
AcDbEntity
  8
GIZLI
100
AcDbPolyline
 90
2
 70
0
 10
200.0
 20
0.5079990000470083
 10
200.0
 20
2.304822999121825e-13
  0
LWPOLYLINE
  5
139
330
17
100
AcDbEntity
  8
GIZLI
100
AcDbPolyline
 90
2
 70
0
 10
200.0
 20
4.699929334606168e-11
 10
1.4210854715202004e-14
 20
4.699929334606168e-11
  0
LWPOLYLINE
  5
13A
330
17
100
AcDbEntity
  8
GIZLI
100
AcDbPolyline
 90
2
 70
0
 10
0.0
 20
0.5079990000470012
 10
0.0
 20
0.0
  0
LWPOLYLINE
  5
13B
330
17
100
AcDbEntity
  8
GIZLI
100
AcDbPolyline
 90
2
 70
0
 10
200.0
 20
1.62311275531124e-11
 10
200.0
 20
0.5079990000481919
  0
LWPOLYLINE
  5
13C
330
17
100
AcDbEntity
  8
GIZLI
100
AcDbPolyline
 90
2
 70
0
 10
200.0
 20
0.5079990000470045
 10
1.4210854715202004e-14
 20
0.5079990000470045
  0
LWPOLYLINE
  5
13D
330
17
100
AcDbEntity
  8
GIZLI
100
AcDbPolyline
 90
2
 70
0
 10
0.0
 20
1.5994205959657393e-11
 10
0.0
 20
0.5079990000481848
  0
LWPOLYLINE
  5
13E
330
17
100
AcDbEntity
  8
GIZLI
100
AcDbPolyline
 90
2
 70
0
 10
200.0
 20
0.507999000047008
 10
200.0
 20
1.0583330000470075
  0
LWPOLYLINE
  5
13F
330
17
100
AcDbEntity
  8
GIZLI
100
AcDbPolyline
 90
2
 70
0
 10
200.0
 20
1.058333000047004
 10
1.4210854715202004e-14
 20
1.058333000047004
  0
LWPOLYLINE
  5
140
330
17
100
AcDbEntity
  8
GIZLI
100
AcDbPolyline
 90
2
 70
0
 10
0.0
 20
0.5079990000470009
 10
0.0
 20
1.0583330000470004
  0
LWPOLYLINE
  5
141
330
17
100
AcDbEntity
  8
GIZLI
100
AcDbPolyline
 90
2
 70
0
 10
0.0
 20
6.561662999988604
 10
0.0
 20
1.0583330001046902
  0
LWPOLYLINE
  5
142
330
17
100
AcDbEntity
  8
GIZLI
100
AcDbPolyline
 90
2
 70
0
 10
200.0
 20
6.561662999988611
 10
200.0
 20
1.0583330001046973
  0
LWPOLYLINE
  5
143
330
17
100
AcDbEntity
  8
GIZLI
100
AcDbPolyline
 90
2
 70
0
 10
200.0
 20
6.561663000022831
 10
200.0
 20
7.662331000046967
  0
LWPOLYLINE
  5
144
330
17
100
AcDbEntity
  8
GIZLI
100
AcDbPolyline
 90
2
 70
0
 10
0.0
 20
6.561663000022824
 10
0.0
 20
7.66233100004696
  0
LWPOLYLINE
  5
145
330
17
100
AcDbEntity
  8
GIZLI
100
AcDbPolyline
 90
2
 70
0
 10
0.0
 20
5.926665000046995
 10
0.0
 20
7.930640691806998
  0
LWPOLYLINE
  5
146
330
17
100
AcDbEntity
  8
GIZLI
100
AcDbPolyline
 90
2
 70
0
 10
0.0
 20
7.930640691806998
 10
0.0
 20
7.6623310000555644
  0
LWPOLYLINE
  5
147
330
17
100
AcDbEntity
  8
GIZLI
100
AcDbPolyline
 90
2
 70
0
 10
200.0
 20
5.926665000047002
 10
200.0
 20
7.930640691807005
  0
LWPOLYLINE
  5
148
330
17
100
AcDbEntity
  8
GIZLI
100
AcDbPolyline
 90
2
 70
0
 10
200.0
 20
7.930640691807005
 10
200.0
 20
7.6623310000555716
  0
LWPOLYLINE
  5
149
330
17
100
AcDbEntity
  8
GIZLI
100
AcDbPolyline
 90
2
 70
0
 10
200.0
 20
5.926665000047002
 10
200.0
 20
3.682999000047005
  0
LWPOLYLINE
  5
14A
330
17
100
AcDbEntity
  8
GIZLI
100
AcDbPolyline
 90
2
 70
0
 10
0.0
 20
5.926665000046995
 10
0.0
 20
3.682999000046998
  0
LWPOLYLINE
  5
14B
330
17
100
AcDbEntity
  8
GIZLI
100
AcDbPolyline
 90
2
 70
0
 10
0.0
 20
1.058333000061853
 10
0.0
 20
3.6829990000469977
  0
LWPOLYLINE
  5
14C
330
17
100
AcDbEntity
  8
GIZLI
100
AcDbPolyline
 90
2
 70
0
 10
200.0
 20
1.058333000047004
 10
1.4210854715202004e-14
 20
1.058333000047004
  0
LWPOLYLINE
  5
14D
330
17
100
AcDbEntity
  8
GIZLI
100
AcDbPolyline
 90
2
 70
0
 10
200.0
 20
1.05833300006186
 10
200.0
 20
3.6829990000470048
  0
LWPOLYLINE
  5
14E
330
17
100
AcDbEntity
  8
GIZLI
100
AcDbPolyline
 90
2
 70
0
 10
200.0
 20
1.0583330000470075
 10
200.0
 20
0.507999000047008
  0
LWPOLYLINE
  5
14F
330
17
100
AcDbEntity
  8
GIZLI
100
AcDbPolyline
 90
2
 70
0
 10
0.0
 20
1.0583330000470004
 10
0.0
 20
0.5079990000470009
  0
LWPOLYLINE
  5
150
330
17
100
AcDbEntity
  8
GIZLI
100
AcDbPolyline
 90
2
 70
0
 10
200.0
 20
0.5079990000470076
 10
200.0
 20
7.424971748548614e-11
  0
LWPOLYLINE
  5
151
330
17
100
AcDbEntity
  8
GIZLI
100
AcDbPolyline
 90
2
 70
0
 10
0.0
 20
0.5079990000470005
 10
0.0
 20
7.399791890350116e-11
  0
LWPOLYLINE
  5
152
330
17
100
AcDbEntity
  8
GIZLI
100
AcDbPolyline
 90
2
 70
0
 10
0.0
 20
8.254999000034323
 10
0.0
 20
8.079344509647003
  0
LWPOLYLINE
  5
153
330
17
100
AcDbEntity
  8
GIZLI
100
AcDbPolyline
 90
2
 70
0
 10
200.0
 20
8.254999000047004
 10
1.4210854715202004e-14
 20
8.254999000047004
  0
LWPOLYLINE
  5
154
330
17
100
AcDbEntity
  8
GIZLI
100
AcDbPolyline
 90
2
 70
0
 10
200.0
 20
8.25499900003433
 10
200.0
 20
8.079344509647003
  0
LWPOLYLINE
  5
155
330
17
100
AcDbEntity
  8
GIZLI
100
AcDbPolyline
 90
2
 70
0
 10
200.0
 20
8.254999000046997
 10
200.0
 20
8.424332000047013
  0
LWPOLYLINE
  5
156
330
17
100
AcDbEntity
  8
GIZLI
100
AcDbPolyline
 90
2
 70
0
 10
200.0
 20
8.424332000046999
 10
1.4210854715202004e-14
 20
8.424332000046999
  0
LWPOLYLINE
  5
157
330
17
100
AcDbEntity
  8
GIZLI
100
AcDbPolyline
 90
2
 70
0
 10
0.0
 20
8.25499900004699
 10
0.0
 20
8.424332000047006
  0
LWPOLYLINE
  5
158
330
17
100
AcDbEntity
  8
GIZLI
100
AcDbPolyline
 90
2
 70
0
 10
200.0
 20
8.424332000046986
 10
200.0
 20
8.678330000047021
  0
LWPOLYLINE
  5
159
330
17
100
AcDbEntity
  8
GIZLI
100
AcDbPolyline
 90
2
 70
0
 10
200.0
 20
8.678330000047001
 10
1.4210854715202004e-14
 20
8.678330000047001
  0
LWPOLYLINE
  5
15A
330
17
100
AcDbEntity
  8
GIZLI
100
AcDbPolyline
 90
2
 70
0
 10
0.0
 20
8.424332000046979
 10
0.0
 20
8.678330000047014
  0
LWPOLYLINE
  5
15B
330
17
100
AcDbEntity
  8
GIZLI
100
AcDbPolyline
 90
2
 70
0
 10
200.0
 20
8.678330000047
 10
200.0
 20
9.059330000047012
  0
LWPOLYLINE
  5
15C
330
17
100
AcDbEntity
  8
GIZLI
100
AcDbPolyline
 90
2
 70
0
 10
200.0
 20
9.059330000047002
 10
1.4210854715202004e-14
 20
9.059330000047002
  0
LWPOLYLINE
  5
15D
330
17
100
AcDbEntity
  8
GIZLI
100
AcDbPolyline
 90
2
 70
0
 10
0.0
 20
8.678330000046993
 10
0.0
 20
9.059330000047005
  0
LWPOLYLINE
  5
15E
330
17
100
AcDbEntity
  8
GIZLI
100
AcDbPolyline
 90
2
 70
0
 10
200.0
 20
9.059330000047016
 10
200.0
 20
9.35566200004699
  0
LWPOLYLINE
  5
15F
330
17
100
AcDbEntity
  8
GIZLI
100
AcDbPolyline
 90
2
 70
0
 10
200.0
 20
9.355662000047001
 10
1.4210854715202004e-14
 20
9.355662000047001
  0
LWPOLYLINE
  5
160
330
17
100
AcDbEntity
  8
GIZLI
100
AcDbPolyline
 90
2
 70
0
 10
0.0
 20
9.059330000047009
 10
0.0
 20
9.355662000046983
  0
LWPOLYLINE
  5
161
330
17
100
AcDbEntity
  8
GIZLI
100
AcDbPolyline
 90
2
 70
0
 10
200.0
 20
9.355662000047005
 10
200.0
 20
9.567330000047011
  0
LWPOLYLINE
  5
162
330
17
100
AcDbEntity
  8
GIZLI
100
AcDbPolyline
 90
2
 70
0
 10
200.0
 20
9.567330000047004
 10
1.4210854715202004e-14
 20
9.567330000047004
  0
LWPOLYLINE
  5
163
330
17
100
AcDbEntity
  8
GIZLI
100
AcDbPolyline
 90
2
 70
0
 10
0.0
 20
9.355662000046998
 10
0.0
 20
9.567330000047004
  0
LWPOLYLINE
  5
164
330
17
100
AcDbEntity
  8
GIZLI
100
AcDbPolyline
 90
2
 70
0
 10
200.0
 20
9.567330000047033
 10
200.0
 20
9.651998000046977
  0
LWPOLYLINE
  5
165
330
17
100
AcDbEntity
  8
GIZLI
100
AcDbPolyline
 90
2
 70
0
 10
200.0
 20
9.651998000046998
 10
1.4210854715202004e-14
 20
9.651998000046998
  0
LWPOLYLINE
  5
166
330
17
100
AcDbEntity
  8
GIZLI
100
AcDbPolyline
 90
2
 70
0
 10
0.0
 20
9.567330000047026
 10
0.0
 20
9.65199800004697
  0
LWPOLYLINE
  5
167
330
17
100
AcDbEntity
  8
GIZLI
100
AcDbPolyline
 90
2
 70
0
 10
0.0
 20
12.700000000046998
 10
0.0
 20
9.651998000034625
  0
LWPOLYLINE
  5
168
330
17
100
AcDbEntity
  8
GIZLI
100
AcDbPolyline
 90
2
 70
0
 10
200.0
 20
12.700000000047005
 10
200.0
 20
9.651998000034633
  0
LWPOLYLINE
  5
169
330
17
100
AcDbEntity
  8
GIZLI
100
AcDbPolyline
 90
2
 70
0
 10
200.0
 20
12.700000000047009
 10
200.0
 20
21.674666000047008
  0
LWPOLYLINE
  5
16A
330
17
100
AcDbEntity
  8
GIZLI
100
AcDbPolyline
 90
2
 70
0
 10
200.0
 20
21.674666000047
 10
1.4210854715202004e-14
 20
21.674666000047
  0
LWPOLYLINE
  5
16B
330
17
100
AcDbEntity
  8
GIZLI
100
AcDbPolyline
 90
2
 70
0
 10
0.0
 20
12.700000000047002
 10
0.0
 20
21.674666000047
  0
LWPOLYLINE
  5
16C
330
17
100
AcDbEntity
  8
GIZLI
100
AcDbPolyline
 90
2
 70
0
 10
0.0
 20
24.680333000095587
 10
0.0
 20
21.6746660423895
  0
LWPOLYLINE
  5
16D
330
17
100
AcDbEntity
  8
GIZLI
100
AcDbPolyline
 90
2
 70
0
 10
200.0
 20
24.680333000047003
 10
1.4210854715202004e-14
 20
24.680333000047003
  0
LWPOLYLINE
  5
16E
330
17
100
AcDbEntity
  8
GIZLI
100
AcDbPolyline
 90
2
 70
0
 10
200.0
 20
24.680333000095594
 10
200.0
 20
21.674666042389507
  0
LWPOLYLINE
  5
16F
330
17
100
AcDbEntity
  8
GIZLI
100
AcDbPolyline
 90
2
 70
0
 10
200.0
 20
24.680333000047003
 10
1.4210854715202004e-14
 20
24.680333000047003
  0
LWPOLYLINE
  5
170
330
17
100
AcDbEntity
  8
GIZLI
100
AcDbPolyline
 90
2
 70
0
 10
200.0
 20
24.68033300004736
 10
200.0
 20
19.60032900004666
  0
LWPOLYLINE
  5
171
330
17
100
AcDbEntity
  8
GIZLI
100
AcDbPolyline
 90
2
 70
0
 10
0.0
 20
24.68033300004735
 10
0.0
 20
19.600329000046653
  0
LWPOLYLINE
  5
172
330
17
100
AcDbEntity
  8
GIZLI
100
AcDbPolyline
 90
2
 70
0
 10
0.0
 20
18.753664000046744
 10
0.0
 20
19.600329000051133
  0
LWPOLYLINE
  5
173
330
17
100
AcDbEntity
  8
GIZLI
100
AcDbPolyline
 90
2
 70
0
 10
200.0
 20
18.753664000047
 10
1.4210854715202004e-14
 20
18.753664000047
  0
LWPOLYLINE
  5
174
330
17
100
AcDbEntity
  8
GIZLI
100
AcDbPolyline
 90
2
 70
0
 10
200.0
 20
18.75366400004675
 10
200.0
 20
19.60032900005114
  0
LWPOLYLINE
  5
175
330
17
100
AcDbEntity
  8
GIZLI
100
AcDbPolyline
 90
2
 70
0
 10
200.0
 20
18.753664000047007
 10
200.0
 20
18.203330000047007
  0
LWPOLYLINE
  5
176
330
17
100
AcDbEntity
  8
GIZLI
100
AcDbPolyline
 90
2
 70
0
 10
0.0
 20
18.753664000047
 10
0.0
 20
18.203330000047
  0
LWPOLYLINE
  5
177
330
17
100
AcDbEntity
  8
GIZLI
100
AcDbPolyline
 90
2
 70
0
 10
200.0
 20
18.203330000047007
 10
200.0
 20
17.229665000127262
  0
LWPOLYLINE
  5
178
330
17
100
AcDbEntity
  8
GIZLI
100
AcDbPolyline
 90
2
 70
0
 10
200.0
 20
17.229665000047003
 10
1.4210854715202004e-14
 20
17.229665000047003
  0
LWPOLYLINE
  5
179
330
17
100
AcDbEntity
  8
GIZLI
100
AcDbPolyline
 90
2
 70
0
 10
0.0
 20
18.203330000047
 10
0.0
 20
17.229665000127255
  0
LWPOLYLINE
  5
17A
330
17
100
AcDbEntity
  8
GIZLI
100
AcDbPolyline
 90
2
 70
0
 10
0.0
 20
10.96433000004227
 10
0.0
 20
17.22966500005172
  0
LWPOLYLINE
  5
17B
330
17
100
AcDbEntity
  8
GIZLI
100
AcDbPolyline
 90
2
 70
0
 10
200.0
 20
10.964330000047003
 10
1.4210854715202004e-14
 20
10.964330000047003
  0
LWPOLYLINE
  5
17C
330
17
100
AcDbEntity
  8
GIZLI
100
AcDbPolyline
 90
2
 70
0
 10
200.0
 20
10.964330000042278
 10
200.0
 20
17.229665000051728
  0
LWPOLYLINE
  5
17D
330
17
100
AcDbEntity
  8
GIZLI
100
AcDbPolyline
 90
2
 70
0
 10
200.0
 20
10.96433000004705
 10
200.0
 20
10.87966500004696
  0
LWPOLYLINE
  5
17E
330
17
100
AcDbEntity
  8
GIZLI
100
AcDbPolyline
 90
2
 70
0
 10
200.0
 20
10.879665000047002
 10
1.4210854715202004e-14
 20
10.879665000047002
  0
LWPOLYLINE
  5
17F
330
17
100
AcDbEntity
  8
GIZLI
100
AcDbPolyline
 90
2
 70
0
 10
0.0
 20
10.964330000047044
 10
0.0
 20
10.879665000046954
  0
LWPOLYLINE
  5
180
330
17
100
AcDbEntity
  8
GIZLI
100
AcDbPolyline
 90
2
 70
0
 10
200.0
 20
10.879665000046979
 10
200.0
 20
10.66799700004703
  0
LWPOLYLINE
  5
181
330
17
100
AcDbEntity
  8
GIZLI
100
AcDbPolyline
 90
2
 70
0
 10
200.0
 20
10.667997000046999
 10
1.4210854715202004e-14
 20
10.667997000046999
  0
LWPOLYLINE
  5
182
330
17
100
AcDbEntity
  8
GIZLI
100
AcDbPolyline
 90
2
 70
0
 10
0.0
 20
10.879665000046971
 10
0.0
 20
10.667997000047023
  0
LWPOLYLINE
  5
183
330
17
100
AcDbEntity
  8
GIZLI
100
AcDbPolyline
 90
2
 70
0
 10
200.0
 20
10.667997000047018
 10
200.0
 20
10.37166500004699
  0
LWPOLYLINE
  5
184
330
17
100
AcDbEntity
  8
GIZLI
100
AcDbPolyline
 90
2
 70
0
 10
200.0
 20
10.371665000046999
 10
1.4210854715202004e-14
 20
10.371665000046999
  0
LWPOLYLINE
  5
185
330
17
100
AcDbEntity
  8
GIZLI
100
AcDbPolyline
 90
2
 70
0
 10
0.0
 20
10.667997000047011
 10
0.0
 20
10.371665000046983
  0
LWPOLYLINE
  5
186
330
17
100
AcDbEntity
  8
GIZLI
100
AcDbPolyline
 90
2
 70
0
 10
200.0
 20
10.371665000046985
 10
200.0
 20
9.99066500004702
  0
LWPOLYLINE
  5
187
330
17
100
AcDbEntity
  8
GIZLI
100
AcDbPolyline
 90
2
 70
0
 10
200.0
 20
9.990665000046999
 10
1.4210854715202004e-14
 20
9.990665000046999
  0
LWPOLYLINE
  5
188
330
17
100
AcDbEntity
  8
GIZLI
100
AcDbPolyline
 90
2
 70
0
 10
0.0
 20
10.371665000046978
 10
0.0
 20
9.990665000047013
  0
LWPOLYLINE
  5
189
330
17
100
AcDbEntity
  8
GIZLI
100
AcDbPolyline
 90
2
 70
0
 10
200.0
 20
9.99066500004965
 10
200.0
 20
8.079344509647006
  0
LWPOLYLINE
  5
18A
330
17
100
AcDbEntity
  8
GIZLI
100
AcDbPolyline
 90
2
 70
0
 10
0.0
 20
9.990665000049644
 10
0.0
 20
8.079344509647
  0
LWPOLYLINE
  5
18B
330
17
100
AcDbEntity
  8
GIZLI
100
AcDbPolyline
 90
2
 70
0
 10
200.0
 20
9.990665000046999
 10
200.0
 20
10.07532900004719
  0
LWPOLYLINE
  5
18C
330
17
100
AcDbEntity
  8
GIZLI
100
AcDbPolyline
 90
2
 70
0
 10
200.0
 20
10.075329000047002
 10
1.4210854715202004e-14
 20
10.075329000047002
  0
LWPOLYLINE
  5
18D
330
17
100
AcDbEntity
  8
GIZLI
100
AcDbPolyline
 90
2
 70
0
 10
0.0
 20
9.990665000046999
 10
0.0
 20
10.075329000047184
  0
LWPOLYLINE
  5
18E
330
17
100
AcDbEntity
  8
GIZLI
100
AcDbPolyline
 90
2
 70
0
 10
200.0
 20
10.075329000047075
 10
200.0
 20
10.837331000046932
  0
LWPOLYLINE
  5
18F
330
17
100
AcDbEntity
  8
GIZLI
100
AcDbPolyline
 90
2
 70
0
 10
200.0
 20
10.837331000046998
 10
1.4210854715202004e-14
 20
10.837331000046998
  0
LWPOLYLINE
  5
190
330
17
100
AcDbEntity
  8
GIZLI
100
AcDbPolyline
 90
2
 70
0
 10
0.0
 20
10.075329000047068
 10
0.0
 20
10.837331000046925
  0
LWPOLYLINE
  5
191
330
17
100
AcDbEntity
  8
GIZLI
100
AcDbPolyline
 90
2
 70
0
 10
0.0
 20
11.302996000055398
 10
0.0
 20
10.837331000070197
  0
LWPOLYLINE
  5
192
330
17
100
AcDbEntity
  8
GIZLI
100
AcDbPolyline
 90
2
 70
0
 10
200.0
 20
11.302996000047
 10
1.4210854715202004e-14
 20
11.302996000047
  0
LWPOLYLINE
  5
193
330
17
100
AcDbEntity
  8
GIZLI
100
AcDbPolyline
 90
2
 70
0
 10
200.0
 20
11.302996000055405
 10
200.0
 20
10.837331000070204
  0
LWPOLYLINE
  5
194
330
17
100
AcDbEntity
  8
GIZLI
100
AcDbPolyline
 90
2
 70
0
 10
200.0
 20
11.302996000047
 10
1.4210854715202004e-14
 20
11.302996000047
  0
LWPOLYLINE
  5
195
330
17
100
AcDbEntity
  8
GIZLI
100
AcDbPolyline
 90
2
 70
0
 10
0.0
 20
10.639619813124241
 10
0.0
 20
11.302996000046724
  0
LWPOLYLINE
  5
196
330
17
100
AcDbEntity
  8
GIZLI
100
AcDbPolyline
 90
2
 70
0
 10
200.0
 20
10.639619813124249
 10
200.0
 20
11.30299600004673
  0
LWPOLYLINE
  5
197
330
17
100
AcDbEntity
  8
GIZLI
100
AcDbPolyline
 90
2
 70
0
 10
200.0
 20
10.639620054937767
 10
200.0
 20
9.99066500005
  0
LWPOLYLINE
  5
198
330
17
100
AcDbEntity
  8
GIZLI
100
AcDbPolyline
 90
2
 70
0
 10
0.0
 20
10.63962005493776
 10
0.0
 20
9.990665000049994
  0
LWPOLYLINE
  5
199
330
17
100
AcDbEntity
  8
GIZLI
100
AcDbPolyline
 90
2
 70
0
 10
200.0
 20
38.988996000047
 10
1.4210854715202004e-14
 20
38.988996000047
  0
LWPOLYLINE
  5
19A
330
17
100
AcDbEntity
  8
GIZLI
100
AcDbPolyline
 90
2
 70
0
 10
200.0
 20
38.98899600002014
 10
200.0
 20
37.972997000047
  0
LWPOLYLINE
  5
19B
330
17
100
AcDbEntity
  8
GIZLI
100
AcDbPolyline
 90
2
 70
0
 10
0.0
 20
38.98899600002015
 10
0.0
 20
37.972997000047016
  0
LWPOLYLINE
  5
19C
330
17
100
AcDbEntity
  8
GIZLI
100
AcDbPolyline
 90
2
 70
0
 10
200.0
 20
37.972997000046995
 10
200.0
 20
31.241996000046996
  0
LWPOLYLINE
  5
19D
330
17
100
AcDbEntity
  8
GIZLI
100
AcDbPolyline
 90
2
 70
0
 10
0.0
 20
37.97299700004701
 10
0.0
 20
31.24199600004701
  0
LWPOLYLINE
  5
19E
330
17
100
AcDbEntity
  8
GIZLI
100
AcDbPolyline
 90
2
 70
0
 10
0.0
 20
30.734001000035157
 10
0.0
 20
31.241996000047006
  0
LWPOLYLINE
  5
19F
330
17
100
AcDbEntity
  8
GIZLI
100
AcDbPolyline
 90
2
 70
0
 10
200.0
 20
30.734001000047005
 10
1.4210854715202004e-14
 20
30.734001000047005
  0
LWPOLYLINE
  5
1A0
330
17
100
AcDbEntity
  8
GIZLI
100
AcDbPolyline
 90
2
 70
0
 10
200.0
 20
30.73400100003515
 10
200.0
 20
31.241996000047
  0
LWPOLYLINE
  5
1A1
330
17
100
AcDbEntity
  8
GIZLI
100
AcDbPolyline
 90
2
 70
0
 10
200.0
 20
30.734001000047005
 10
1.4210854715202004e-14
 20
30.734001000047005
  0
LWPOLYLINE
  5
1A2
330
17
100
AcDbEntity
  8
GIZLI
100
AcDbPolyline
 90
2
 70
0
 10
200.0
 20
30.73400100008352
 10
200.0
 20
30.225997000047006
  0
LWPOLYLINE
  5
1A3
330
17
100
AcDbEntity
  8
GIZLI
100
AcDbPolyline
 90
2
 70
0
 10
0.0
 20
30.73400100008352
 10
0.0
 20
30.225997000047006
  0
LWPOLYLINE
  5
1A4
330
17
100
AcDbEntity
  8
GIZLI
100
AcDbPolyline
 90
2
 70
0
 10
200.0
 20
30.225997000047006
 10
200.0
 20
29.125329000047003
  0
LWPOLYLINE
  5
1A5
330
17
100
AcDbEntity
  8
GIZLI
100
AcDbPolyline
 90
2
 70
0
 10
0.0
 20
30.225997000047006
 10
0.0
 20
29.125329000047003
  0
LWPOLYLINE
  5
1A6
330
17
100
AcDbEntity
  8
GIZLI
100
AcDbPolyline
 90
2
 70
0
 10
200.0
 20
29.125329000047
 10
200.0
 20
28.6596680000629
  0
LWPOLYLINE
  5
1A7
330
17
100
AcDbEntity
  8
GIZLI
100
AcDbPolyline
 90
2
 70
0
 10
200.0
 20
28.659668000047002
 10
1.4210854715202004e-14
 20
28.659668000047002
  0
LWPOLYLINE
  5
1A8
330
17
100
AcDbEntity
  8
GIZLI
100
AcDbPolyline
 90
2
 70
0
 10
0.0
 20
29.125329000047007
 10
0.0
 20
28.659668000062908
  0
LWPOLYLINE
  5
1A9
330
17
100
AcDbEntity
  8
GIZLI
100
AcDbPolyline
 90
2
 70
0
 10
200.0
 20
28.65966800004762
 10
200.0
 20
27.050997000046397
  0
LWPOLYLINE
  5
1AA
330
17
100
AcDbEntity
  8
GIZLI
100
AcDbPolyline
 90
2
 70
0
 10
200.0
 20
27.050997000047
 10
1.4210854715202004e-14
 20
27.050997000047
  0
LWPOLYLINE
  5
1AB
330
17
100
AcDbEntity
  8
GIZLI
100
AcDbPolyline
 90
2
 70
0
 10
0.0
 20
28.659668000047613
 10
0.0
 20
27.05099700004639
  0
LWPOLYLINE
  5
1AC
330
17
100
AcDbEntity
  8
GIZLI
100
AcDbPolyline
 90
2
 70
0
 10
0.0
 20
26.119667000047
 10
0.0
 20
27.050997000006173
  0
LWPOLYLINE
  5
1AD
330
17
100
AcDbEntity
  8
GIZLI
100
AcDbPolyline
 90
2
 70
0
 10
200.0
 20
26.119667000047006
 10
200.0
 20
27.05099700000618
  0
LWPOLYLINE
  5
1AE
330
17
100
AcDbEntity
  8
GIZLI
100
AcDbPolyline
 90
2
 70
0
 10
200.0
 20
26.119667000047006
 10
200.0
 20
18.24566400004701
  0
LWPOLYLINE
  5
1AF
330
17
100
AcDbEntity
  8
GIZLI
100
AcDbPolyline
 90
2
 70
0
 10
200.0
 20
18.245664000047004
 10
1.4210854715202004e-14
 20
18.245664000047004
  0
LWPOLYLINE
  5
1B0
330
17
100
AcDbEntity
  8
GIZLI
100
AcDbPolyline
 90
2
 70
0
 10
0.0
 20
26.119667000047
 10
0.0
 20
18.245664000047004
  0
LWPOLYLINE
  5
1B1
330
17
100
AcDbEntity
  8
GIZLI
100
AcDbPolyline
 90
2
 70
0
 10
0.0
 20
17.398998000061955
 10
0.0
 20
18.245664000047114
  0
LWPOLYLINE
  5
1B2
330
17
100
AcDbEntity
  8
GIZLI
100
AcDbPolyline
 90
2
 70
0
 10
200.0
 20
17.39899800006196
 10
200.0
 20
18.24566400004712
  0
LWPOLYLINE
  5
1B3
330
17
100
AcDbEntity
  8
GIZLI
100
AcDbPolyline
 90
2
 70
0
 10
200.0
 20
17.39899800004737
 10
200.0
 20
14.943665000046643
  0
LWPOLYLINE
  5
1B4
330
17
100
AcDbEntity
  8
GIZLI
100
AcDbPolyline
 90
2
 70
0
 10
200.0
 20
14.943665000047002
 10
1.4210854715202004e-14
 20
14.943665000047002
  0
LWPOLYLINE
  5
1B5
330
17
100
AcDbEntity
  8
GIZLI
100
AcDbPolyline
 90
2
 70
0
 10
0.0
 20
17.398998000047364
 10
0.0
 20
14.943665000046636
  0
LWPOLYLINE
  5
1B6
330
17
100
AcDbEntity
  8
GIZLI
100
AcDbPolyline
 90
2
 70
0
 10
200.0
 20
14.943665000047018
 10
200.0
 20
14.774332000046986
  0
LWPOLYLINE
  5
1B7
330
17
100
AcDbEntity
  8
GIZLI
100
AcDbPolyline
 90
2
 70
0
 10
200.0
 20
14.774332000047
 10
1.4210854715202004e-14
 20
14.774332000047
  0
LWPOLYLINE
  5
1B8
330
17
100
AcDbEntity
  8
GIZLI
100
AcDbPolyline
 90
2
 70
0
 10
0.0
 20
14.94366500004701
 10
0.0
 20
14.774332000046979
  0
LWPOLYLINE
  5
1B9
330
17
100
AcDbEntity
  8
GIZLI
100
AcDbPolyline
 90
2
 70
0
 10
200.0
 20
14.774332000047
 10
1.4210854715202004e-14
 20
14.774332000047
  0
LWPOLYLINE
  5
1BA
330
17
100
AcDbEntity
  8
GIZLI
100
AcDbPolyline
 90
2
 70
0
 10
0.0
 20
16.21366600005922
 10
0.0
 20
14.77433200006138
  0
LWPOLYLINE
  5
1BB
330
17
100
AcDbEntity
  8
GIZLI
100
AcDbPolyline
 90
2
 70
0
 10
200.0
 20
16.213666000059227
 10
200.0
 20
14.774332000061387
  0
LWPOLYLINE
  5
1BC
330
17
100
AcDbEntity
  8
GIZLI
100
AcDbPolyline
 90
2
 70
0
 10
200.0
 20
16.21366600004689
 10
200.0
 20
17.22966500004713
  0
LWPOLYLINE
  5
1BD
330
17
100
AcDbEntity
  8
GIZLI
100
AcDbPolyline
 90
2
 70
0
 10
200.0
 20
17.229665000047003
 10
1.4210854715202004e-14
 20
17.229665000047003
  0
LWPOLYLINE
  5
1BE
330
17
100
AcDbEntity
  8
GIZLI
100
AcDbPolyline
 90
2
 70
0
 10
0.0
 20
16.21366600004688
 10
0.0
 20
17.229665000047124
  0
LWPOLYLINE
  5
1BF
330
17
100
AcDbEntity
  8
GIZLI
100
AcDbPolyline
 90
2
 70
0
 10
200.0
 20
17.22966500004698
 10
200.0
 20
18.161000000047036
  0
LWPOLYLINE
  5
1C0
330
17
100
AcDbEntity
  8
GIZLI
100
AcDbPolyline
 90
2
 70
0
 10
200.0
 20
18.161000000047
 10
1.4210854715202004e-14
 20
18.161000000047
  0
LWPOLYLINE
  5
1C1
330
17
100
AcDbEntity
  8
GIZLI
100
AcDbPolyline
 90
2
 70
0
 10
0.0
 20
17.229665000046975
 10
0.0
 20
18.16100000004703
  0
LWPOLYLINE
  5
1C2
330
17
100
AcDbEntity
  8
GIZLI
100
AcDbPolyline
 90
2
 70
0
 10
200.0
 20
18.16100000004704
 10
200.0
 20
19.007665000046977
  0
LWPOLYLINE
  5
1C3
330
17
100
AcDbEntity
  8
GIZLI
100
AcDbPolyline
 90
2
 70
0
 10
200.0
 20
19.007665000047
 10
1.4210854715202004e-14
 20
19.007665000047
  0
LWPOLYLINE
  5
1C4
330
17
100
AcDbEntity
  8
GIZLI
100
AcDbPolyline
 90
2
 70
0
 10
0.0
 20
18.161000000047032
 10
0.0
 20
19.00766500004697
  0
LWPOLYLINE
  5
1C5
330
17
100
AcDbEntity
  8
GIZLI
100
AcDbPolyline
 90
2
 70
0
 10
200.0
 20
19.007665000047144
 10
200.0
 20
19.76966200004687
  0
LWPOLYLINE
  5
1C6
330
17
100
AcDbEntity
  8
GIZLI
100
AcDbPolyline
 90
2
 70
0
 10
200.0
 20
19.769662000047003
 10
1.4210854715202004e-14
 20
19.769662000047003
  0
LWPOLYLINE
  5
1C7
330
17
100
AcDbEntity
  8
GIZLI
100
AcDbPolyline
 90
2
 70
0
 10
0.0
 20
19.007665000047137
 10
0.0
 20
19.769662000046864
  0
LWPOLYLINE
  5
1C8
330
17
100
AcDbEntity
  8
GIZLI
100
AcDbPolyline
 90
2
 70
0
 10
200.0
 20
19.769662000036377
 10
200.0
 20
26.990707724535156
  0
LWPOLYLINE
  5
1C9
330
17
100
AcDbEntity
  8
GIZLI
100
AcDbPolyline
 90
2
 70
0
 10
0.0
 20
19.76966200003637
 10
0.0
 20
26.99070772453515
  0
LWPOLYLINE
  5
1CA
330
17
100
AcDbEntity
  8
GIZLI
100
AcDbPolyline
 90
2
 70
0
 10
0.0
 20
29.506330000047004
 10
0.0
 20
26.99070772455179
  0
LWPOLYLINE
  5
1CB
330
17
100
AcDbEntity
  8
GIZLI
100
AcDbPolyline
 90
2
 70
0
 10
200.0
 20
29.506330000047004
 10
200.0
 20
26.99070772455179
  0
LWPOLYLINE
  5
1CC
330
17
100
AcDbEntity
  8
GIZLI
100
AcDbPolyline
 90
2
 70
0
 10
200.0
 20
29.506330000046997
 10
200.0
 20
38.989437355967
  0
LWPOLYLINE
  5
1CD
330
17
100
AcDbEntity
  8
GIZLI
100
AcDbPolyline
 90
2
 70
0
 10
200.0
 20
46.990001000046995
 10
200.0
 20
53.466990583817
  0
LWPOLYLINE
  5
1CE
330
17
100
AcDbEntity
  8
GIZLI
100
AcDbPolyline
 90
2
 70
0
 10
0.0
 20
29.50633000004701
 10
0.0
 20
38.989437355967
  0
LWPOLYLINE
  5
1CF
330
17
100
AcDbEntity
  8
GIZLI
100
AcDbPolyline
 90
2
 70
0
 10
0.0
 20
46.990001000046995
 10
0.0
 20
53.466990583817015
  0
LWPOLYLINE
  5
1D0
330
17
100
AcDbEntity
  8
GIZLI
100
AcDbPolyline
 90
2
 70
0
 10
1.4210854715202004e-14
 20
56.472667000045895
 10
1.4210854715202004e-14
 20
53.466990583797006
  0
LWPOLYLINE
  5
1D1
330
17
100
AcDbEntity
  8
GIZLI
100
AcDbPolyline
 90
2
 70
0
 10
200.0
 20
56.472667000047004
 10
1.4210854715202004e-14
 20
56.472667000047004
  0
LWPOLYLINE
  5
1D2
330
17
100
AcDbEntity
  8
GIZLI
100
AcDbPolyline
 90
2
 70
0
 10
200.0
 20
56.472667000045895
 10
200.0
 20
53.466990583797006
  0
LWPOLYLINE
  5
1D3
330
17
100
AcDbEntity
  8
GIZLI
100
AcDbPolyline
 90
2
 70
0
 10
200.0
 20
56.472667000047004
 10
1.4210854715202004e-14
 20
56.472667000047004
  0
LWPOLYLINE
  5
1D4
330
17
100
AcDbEntity
  8
GIZLI
100
AcDbPolyline
 90
2
 70
0
 10
200.0
 20
56.472667000043124
 10
200.0
 20
55.29020969462394
  0
LWPOLYLINE
  5
1D5
330
17
100
AcDbEntity
  8
GIZLI
100
AcDbPolyline
 90
2
 70
0
 10
1.4210854715202004e-14
 20
56.472667000043124
 10
1.4210854715202004e-14
 20
55.29020969462394
  0
LWPOLYLINE
  5
1D6
330
17
100
AcDbEntity
  8
GIZLI
100
AcDbPolyline
 90
2
 70
0
 10
1.4210854715202004e-14
 20
54.74706250440701
 10
1.4210854715202004e-14
 20
55.290209694567025
  0
LWPOLYLINE
  5
1D7
330
17
100
AcDbEntity
  8
GIZLI
100
AcDbPolyline
 90
2
 70
0
 10
200.0
 20
54.74706250440701
 10
200.0
 20
55.290209694567025
  0
LWPOLYLINE
  5
1D8
330
17
100
AcDbEntity
  8
GIZLI
100
AcDbPolyline
 90
2
 70
0
 10
200.0
 20
54.747062504407005
 10
200.0
 20
48.006000000047
  0
LWPOLYLINE
  5
1D9
330
17
100
AcDbEntity
  8
GIZLI
100
AcDbPolyline
 90
2
 70
0
 10
1.4210854715202004e-14
 20
54.747062504407005
 10
1.4210854715202004e-14
 20
48.006000000047
  0
LWPOLYLINE
  5
1DA
330
17
100
AcDbEntity
  8
GIZLI
100
AcDbPolyline
 90
2
 70
0
 10
200.0
 20
48.006000000047
 10
200.0
 20
46.990001000037005
  0
LWPOLYLINE
  5
1DB
330
17
100
AcDbEntity
  8
GIZLI
100
AcDbPolyline
 90
2
 70
0
 10
1.4210854715202004e-14
 20
48.006000000047
 10
1.4210854715202004e-14
 20
46.990001000037005
  0
LWPOLYLINE
  5
1DC
330
17
100
AcDbEntity
  8
GIZLI
100
AcDbPolyline
 90
2
 70
0
 10
1.4210854715202004e-14
 20
64.38899600006722
 10
1.4210854715202004e-14
 20
63.50000000004681
  0
LWPOLYLINE
  5
1DD
330
17
100
AcDbEntity
  8
GIZLI
100
AcDbPolyline
 90
2
 70
0
 10
200.0
 20
64.38899600006721
 10
200.0
 20
63.500000000046796
  0
LWPOLYLINE
  5
1DE
330
17
100
AcDbEntity
  8
GIZLI
100
AcDbPolyline
 90
2
 70
0
 10
200.0
 20
63.20366800004155
 10
200.0
 20
63.50000000006283
  0
LWPOLYLINE
  5
1DF
330
17
100
AcDbEntity
  8
GIZLI
100
AcDbPolyline
 90
2
 70
0
 10
1.4210854715202004e-14
 20
63.20366800004155
 10
1.4210854715202004e-14
 20
63.50000000006283
  0
LWPOLYLINE
  5
1E0
330
17
100
AcDbEntity
  8
GIZLI
100
AcDbPolyline
 90
2
 70
0
 10
200.0
 20
63.20366800004701
 10
1.4210854715202004e-14
 20
63.20366800004701
  0
LWPOLYLINE
  5
1E1
330
17
100
AcDbEntity
  8
GIZLI
100
AcDbPolyline
 90
2
 70
0
 10
200.0
 20
63.20366800004701
 10
1.4210854715202004e-14
 20
63.20366800004701
  0
LWPOLYLINE
  5
1E2
330
17
100
AcDbEntity
  8
GIZLI
100
AcDbPolyline
 90
2
 70
0
 10
1.4210854715202004e-14
 20
63.28832800004695
 10
1.4210854715202004e-14
 20
63.203668000047045
  0
LWPOLYLINE
  5
1E3
330
17
100
AcDbEntity
  8
GIZLI
100
AcDbPolyline
 90
2
 70
0
 10
200.0
 20
63.28832800004695
 10
200.0
 20
63.203668000047045
  0
LWPOLYLINE
  5
1E4
330
17
100
AcDbEntity
  8
GIZLI
100
AcDbPolyline
 90
2
 70
0
 10
200.0
 20
63.28832800004701
 10
1.4210854715202004e-14
 20
63.28832800004701
  0
LWPOLYLINE
  5
1E5
330
17
100
AcDbEntity
  8
GIZLI
100
AcDbPolyline
 90
2
 70
0
 10
1.4210854715202004e-14
 20
63.457665000046944
 10
1.4210854715202004e-14
 20
63.28832800004706
  0
LWPOLYLINE
  5
1E6
330
17
100
AcDbEntity
  8
GIZLI
100
AcDbPolyline
 90
2
 70
0
 10
200.0
 20
63.457665000046944
 10
200.0
 20
63.28832800004706
  0
LWPOLYLINE
  5
1E7
330
17
100
AcDbEntity
  8
GIZLI
100
AcDbPolyline
 90
2
 70
0
 10
200.0
 20
63.45766500004701
 10
1.4210854715202004e-14
 20
63.45766500004701
  0
LWPOLYLINE
  5
1E8
330
17
100
AcDbEntity
  8
GIZLI
100
AcDbPolyline
 90
2
 70
0
 10
1.4210854715202004e-14
 20
63.796332000047045
 10
1.4210854715202004e-14
 20
63.45766500004696
  0
LWPOLYLINE
  5
1E9
330
17
100
AcDbEntity
  8
GIZLI
100
AcDbPolyline
 90
2
 70
0
 10
200.0
 20
63.796332000047045
 10
200.0
 20
63.45766500004696
  0
LWPOLYLINE
  5
1EA
330
17
100
AcDbEntity
  8
GIZLI
100
AcDbPolyline
 90
2
 70
0
 10
200.0
 20
63.79633200004701
 10
1.4210854715202004e-14
 20
63.79633200004701
  0
LWPOLYLINE
  5
1EB
330
17
100
AcDbEntity
  8
GIZLI
100
AcDbPolyline
 90
2
 70
0
 10
1.4210854715202004e-14
 20
64.21966700004701
 10
1.4210854715202004e-14
 20
63.79633200004702
  0
LWPOLYLINE
  5
1EC
330
17
100
AcDbEntity
  8
GIZLI
100
AcDbPolyline
 90
2
 70
0
 10
200.0
 20
64.219667000047
 10
200.0
 20
63.79633200004701
  0
LWPOLYLINE
  5
1ED
330
17
100
AcDbEntity
  8
GIZLI
100
AcDbPolyline
 90
2
 70
0
 10
200.0
 20
64.21966700004701
 10
1.4210854715202004e-14
 20
64.21966700004701
  0
LWPOLYLINE
  5
1EE
330
17
100
AcDbEntity
  8
GIZLI
100
AcDbPolyline
 90
2
 70
0
 10
1.4210854715202004e-14
 20
64.68532800004704
 10
1.4210854715202004e-14
 20
64.219667000047
  0
LWPOLYLINE
  5
1EF
330
17
100
AcDbEntity
  8
GIZLI
100
AcDbPolyline
 90
2
 70
0
 10
200.0
 20
64.68532800004702
 10
200.0
 20
64.21966700004698
  0
LWPOLYLINE
  5
1F0
330
17
100
AcDbEntity
  8
GIZLI
100
AcDbPolyline
 90
2
 70
0
 10
200.0
 20
64.68532800004701
 10
1.4210854715202004e-14
 20
64.68532800004701
  0
LWPOLYLINE
  5
1F1
330
17
100
AcDbEntity
  8
GIZLI
100
AcDbPolyline
 90
2
 70
0
 10
1.4210854715202004e-14
 20
65.19333100004702
 10
1.4210854715202004e-14
 20
64.685328000047
  0
LWPOLYLINE
  5
1F2
330
17
100
AcDbEntity
  8
GIZLI
100
AcDbPolyline
 90
2
 70
0
 10
200.0
 20
65.19333100004702
 10
200.0
 20
64.685328000047
  0
LWPOLYLINE
  5
1F3
330
17
100
AcDbEntity
  8
GIZLI
100
AcDbPolyline
 90
2
 70
0
 10
200.0
 20
65.19333100004701
 10
1.4210854715202004e-14
 20
65.19333100004701
  0
LWPOLYLINE
  5
1F4
330
17
100
AcDbEntity
  8
GIZLI
100
AcDbPolyline
 90
2
 70
0
 10
1.4210854715202004e-14
 20
65.19333100004701
 10
1.4210854715202004e-14
 20
90.84732900004701
  0
LWPOLYLINE
  5
1F5
330
17
100
AcDbEntity
  8
GIZLI
100
AcDbPolyline
 90
2
 70
0
 10
200.0
 20
65.19333100004701
 10
200.0
 20
90.84732900004701
  0
LWPOLYLINE
  5
1F6
330
17
100
AcDbEntity
  8
GIZLI
100
AcDbPolyline
 90
2
 70
0
 10
200.0
 20
90.84732900004701
 10
1.4210854715202004e-14
 20
90.84732900004701
  0
LWPOLYLINE
  5
1F7
330
17
100
AcDbEntity
  8
GIZLI
100
AcDbPolyline
 90
2
 70
0
 10
200.0
 20
91.73632500013268
 10
200.0
 20
90.84732900005504
  0
LWPOLYLINE
  5
1F8
330
17
100
AcDbEntity
  8
GIZLI
100
AcDbPolyline
 90
2
 70
0
 10
1.4210854715202004e-14
 20
91.7363250001327
 10
1.4210854715202004e-14
 20
90.84732900005505
  0
LWPOLYLINE
  5
1F9
330
17
100
AcDbEntity
  8
GIZLI
100
AcDbPolyline
 90
2
 70
0
 10
1.4210854715202004e-14
 20
91.73632500004706
 10
1.4210854715202004e-14
 20
92.07499200004696
  0
LWPOLYLINE
  5
1FA
330
17
100
AcDbEntity
  8
GIZLI
100
AcDbPolyline
 90
2
 70
0
 10
200.0
 20
91.73632500004706
 10
200.0
 20
92.07499200004696
  0
LWPOLYLINE
  5
1FB
330
17
100
AcDbEntity
  8
GIZLI
100
AcDbPolyline
 90
2
 70
0
 10
200.0
 20
92.07499200004702
 10
1.4210854715202004e-14
 20
92.07499200004702
  0
LWPOLYLINE
  5
1FC
330
17
100
AcDbEntity
  8
GIZLI
100
AcDbPolyline
 90
2
 70
0
 10
1.4210854715202004e-14
 20
92.07499200004689
 10
1.4210854715202004e-14
 20
92.54065900004711
  0
LWPOLYLINE
  5
1FD
330
17
100
AcDbEntity
  8
GIZLI
100
AcDbPolyline
 90
2
 70
0
 10
200.0
 20
92.07499200004689
 10
200.0
 20
92.54065900004711
  0
LWPOLYLINE
  5
1FE
330
17
100
AcDbEntity
  8
GIZLI
100
AcDbPolyline
 90
2
 70
0
 10
200.0
 20
92.54065900004701
 10
1.4210854715202004e-14
 20
92.54065900004701
  0
LWPOLYLINE
  5
1FF
330
17
100
AcDbEntity
  8
GIZLI
100
AcDbPolyline
 90
2
 70
0
 10
1.4210854715202004e-14
 20
92.54065900004687
 10
1.4210854715202004e-14
 20
93.09099200004715
  0
LWPOLYLINE
  5
200
330
17
100
AcDbEntity
  8
GIZLI
100
AcDbPolyline
 90
2
 70
0
 10
200.0
 20
92.54065900004687
 10
200.0
 20
93.09099200004715
  0
LWPOLYLINE
  5
201
330
17
100
AcDbEntity
  8
GIZLI
100
AcDbPolyline
 90
2
 70
0
 10
200.0
 20
93.09099200004701
 10
1.4210854715202004e-14
 20
93.09099200004701
  0
LWPOLYLINE
  5
202
330
17
100
AcDbEntity
  8
GIZLI
100
AcDbPolyline
 90
2
 70
0
 10
1.4210854715202004e-14
 20
93.09099200004695
 10
1.4210854715202004e-14
 20
93.68365900004709
  0
LWPOLYLINE
  5
203
330
17
100
AcDbEntity
  8
GIZLI
100
AcDbPolyline
 90
2
 70
0
 10
200.0
 20
93.09099200004695
 10
200.0
 20
93.68365900004709
  0
LWPOLYLINE
  5
204
330
17
100
AcDbEntity
  8
GIZLI
100
AcDbPolyline
 90
2
 70
0
 10
200.0
 20
93.68365900004702
 10
1.4210854715202004e-14
 20
93.68365900004702
  0
LWPOLYLINE
  5
205
330
17
100
AcDbEntity
  8
GIZLI
100
AcDbPolyline
 90
2
 70
0
 10
1.4210854715202004e-14
 20
93.68365900004696
 10
1.4210854715202004e-14
 20
94.31865900004706
  0
LWPOLYLINE
  5
206
330
17
100
AcDbEntity
  8
GIZLI
100
AcDbPolyline
 90
2
 70
0
 10
200.0
 20
93.68365900004696
 10
200.0
 20
94.31865900004706
  0
LWPOLYLINE
  5
207
330
17
100
AcDbEntity
  8
GIZLI
100
AcDbPolyline
 90
2
 70
0
 10
200.0
 20
94.318659000047
 10
1.4210854715202004e-14
 20
94.318659000047
  0
LWPOLYLINE
  5
208
330
17
100
AcDbEntity
  8
GIZLI
100
AcDbPolyline
 90
2
 70
0
 10
1.4210854715202004e-14
 20
94.31865900004705
 10
1.4210854715202004e-14
 20
94.99599200004697
  0
LWPOLYLINE
  5
209
330
17
100
AcDbEntity
  8
GIZLI
100
AcDbPolyline
 90
2
 70
0
 10
200.0
 20
94.31865900004705
 10
200.0
 20
94.99599200004697
  0
LWPOLYLINE
  5
20A
330
17
100
AcDbEntity
  8
GIZLI
100
AcDbPolyline
 90
2
 70
0
 10
200.0
 20
94.99599200004701
 10
1.4210854715202004e-14
 20
94.99599200004701
  0
LWPOLYLINE
  5
20B
330
17
100
AcDbEntity
  8
GIZLI
100
AcDbPolyline
 90
2
 70
0
 10
1.4210854715202004e-14
 20
94.995992000047
 10
1.4210854715202004e-14
 20
95.71566943452646
  0
LWPOLYLINE
  5
20C
330
17
100
AcDbEntity
  8
GIZLI
100
AcDbPolyline
 90
2
 70
0
 10
200.0
 20
94.995992000047
 10
200.0
 20
95.71566943452646
  0
LWPOLYLINE
  5
20D
330
17
100
AcDbEntity
  8
GIZLI
100
AcDbPolyline
 90
2
 70
0
 10
200.0
 20
95.71565900004701
 10
1.4210854715202004e-14
 20
95.71565900004701
  0
LWPOLYLINE
  5
20E
330
17
100
AcDbEntity
  8
GIZLI
100
AcDbPolyline
 90
2
 70
0
 10
1.4210854715202004e-14
 20
95.71566900004701
 10
1.4210854715202004e-14
 20
106.002670000047
  0
LWPOLYLINE
  5
20F
330
17
100
AcDbEntity
  8
GIZLI
100
AcDbPolyline
 90
2
 70
0
 10
200.0
 20
95.71566900004701
 10
200.0
 20
106.002670000047
  0
LWPOLYLINE
  5
210
330
17
100
AcDbEntity
  8
GIZLI
100
AcDbPolyline
 90
2
 70
0
 10
200.0
 20
106.97633500004702
 10
1.4210854715202004e-14
 20
106.97633500004702
  0
LWPOLYLINE
  5
211
330
17
100
AcDbEntity
  8
GIZLI
100
AcDbPolyline
 90
2
 70
0
 10
200.0
 20
106.97633500002458
 10
200.0
 20
106.00267000004702
  0
LWPOLYLINE
  5
212
330
17
100
AcDbEntity
  8
GIZLI
100
AcDbPolyline
 90
2
 70
0
 10
1.4210854715202004e-14
 20
106.976335000025
 10
1.4210854715202004e-14
 20
106.00267000004702
  0
LWPOLYLINE
  5
213
330
17
100
AcDbEntity
  8
GIZLI
100
AcDbPolyline
 90
2
 70
0
 10
200.0
 20
106.97633500004702
 10
1.4210854715202004e-14
 20
106.97633500004702
  0
LWPOLYLINE
  5
214
330
17
100
AcDbEntity
  8
GIZLI
100
AcDbPolyline
 90
2
 70
0
 10
1.4210854715202004e-14
 20
106.89166600004704
 10
1.4210854715202004e-14
 20
106.976335000047
  0
LWPOLYLINE
  5
215
330
17
100
AcDbEntity
  8
GIZLI
100
AcDbPolyline
 90
2
 70
0
 10
200.0
 20
106.89166600004704
 10
200.0
 20
106.976335000047
  0
LWPOLYLINE
  5
216
330
17
100
AcDbEntity
  8
GIZLI
100
AcDbPolyline
 90
2
 70
0
 10
200.0
 20
106.89166600004701
 10
1.4210854715202004e-14
 20
106.89166600004701
  0
LWPOLYLINE
  5
217
330
17
100
AcDbEntity
  8
GIZLI
100
AcDbPolyline
 90
2
 70
0
 10
1.4210854715202004e-14
 20
106.72232900004711
 10
1.4210854715202004e-14
 20
106.89166600004694
  0
LWPOLYLINE
  5
218
330
17
100
AcDbEntity
  8
GIZLI
100
AcDbPolyline
 90
2
 70
0
 10
200.0
 20
106.72232900004711
 10
200.0
 20
106.89166600004694
  0
LWPOLYLINE
  5
219
330
17
100
AcDbEntity
  8
GIZLI
100
AcDbPolyline
 90
2
 70
0
 10
200.0
 20
106.72232900004701
 10
1.4210854715202004e-14
 20
106.72232900004701
  0
LWPOLYLINE
  5
21A
330
17
100
AcDbEntity
  8
GIZLI
100
AcDbPolyline
 90
2
 70
0
 10
1.4210854715202004e-14
 20
106.38367100004699
 10
1.4210854715202004e-14
 20
106.72232900004705
  0
LWPOLYLINE
  5
21B
330
17
100
AcDbEntity
  8
GIZLI
100
AcDbPolyline
 90
2
 70
0
 10
200.0
 20
106.38367100004699
 10
200.0
 20
106.72232900004705
  0
LWPOLYLINE
  5
21C
330
17
100
AcDbEntity
  8
GIZLI
100
AcDbPolyline
 90
2
 70
0
 10
200.0
 20
106.383671000047
 10
1.4210854715202004e-14
 20
106.383671000047
  0
LWPOLYLINE
  5
21D
330
17
100
AcDbEntity
  8
GIZLI
100
AcDbPolyline
 90
2
 70
0
 10
1.4210854715202004e-14
 20
106.00267000004705
 10
1.4210854715202004e-14
 20
106.38367100004696
  0
LWPOLYLINE
  5
21E
330
17
100
AcDbEntity
  8
GIZLI
100
AcDbPolyline
 90
2
 70
0
 10
200.0
 20
106.00267000004705
 10
200.0
 20
106.38367100004696
  0
LWPOLYLINE
  5
21F
330
17
100
AcDbEntity
  8
GIZLI
100
AcDbPolyline
 90
2
 70
0
 10
200.0
 20
106.002670000047
 10
1.4210854715202004e-14
 20
106.002670000047
  0
LWPOLYLINE
  5
220
330
17
100
AcDbEntity
  8
GIZLI
100
AcDbPolyline
 90
2
 70
0
 10
1.4210854715202004e-14
 20
105.49465900004702
 10
1.4210854715202004e-14
 20
106.00267000004699
  0
LWPOLYLINE
  5
221
330
17
100
AcDbEntity
  8
GIZLI
100
AcDbPolyline
 90
2
 70
0
 10
200.0
 20
105.49465900004702
 10
200.0
 20
106.00267000004699
  0
LWPOLYLINE
  5
222
330
17
100
AcDbEntity
  8
GIZLI
100
AcDbPolyline
 90
2
 70
0
 10
200.0
 20
105.49465900004701
 10
1.4210854715202004e-14
 20
105.49465900004701
  0
LWPOLYLINE
  5
223
330
17
100
AcDbEntity
  8
GIZLI
100
AcDbPolyline
 90
2
 70
0
 10
1.4210854715202004e-14
 20
104.986663000047
 10
1.4210854715202004e-14
 20
105.49465900004701
  0
LWPOLYLINE
  5
224
330
17
100
AcDbEntity
  8
GIZLI
100
AcDbPolyline
 90
2
 70
0
 10
200.0
 20
104.986663000047
 10
200.0
 20
105.49465900004701
  0
LWPOLYLINE
  5
225
330
17
100
AcDbEntity
  8
GIZLI
100
AcDbPolyline
 90
2
 70
0
 10
200.0
 20
104.986663000047
 10
1.4210854715202004e-14
 20
104.986663000047
  0
LWPOLYLINE
  5
226
330
17
100
AcDbEntity
  8
GIZLI
100
AcDbPolyline
 90
2
 70
0
 10
1.4210854715202004e-14
 20
104.98666300004702
 10
1.4210854715202004e-14
 20
69.97699400004701
  0
LWPOLYLINE
  5
227
330
17
100
AcDbEntity
  8
GIZLI
100
AcDbPolyline
 90
2
 70
0
 10
200.0
 20
104.986663000047
 10
200.0
 20
69.976994000047
  0
LWPOLYLINE
  5
228
330
17
100
AcDbEntity
  8
GIZLI
100
AcDbPolyline
 90
2
 70
0
 10
200.0
 20
69.97699400004701
 10
1.4210854715202004e-14
 20
69.97699400004701
  0
LWPOLYLINE
  5
229
330
17
100
AcDbEntity
  8
GIZLI
100
AcDbPolyline
 90
2
 70
0
 10
1.4210854715202004e-14
 20
69.97699400004701
 10
1.4210854715202004e-14
 20
68.41066600004702
  0
LWPOLYLINE
  5
22A
330
17
100
AcDbEntity
  8
GIZLI
100
AcDbPolyline
 90
2
 70
0
 10
200.0
 20
69.97699400004701
 10
200.0
 20
68.41066600004702
  0
LWPOLYLINE
  5
22B
330
17
100
AcDbEntity
  8
GIZLI
100
AcDbPolyline
 90
2
 70
0
 10
200.0
 20
68.41066600004702
 10
1.4210854715202004e-14
 20
68.41066600004702
  0
LWPOLYLINE
  5
22C
330
17
100
AcDbEntity
  8
GIZLI
100
AcDbPolyline
 90
2
 70
0
 10
1.4210854715202004e-14
 20
68.41066600004694
 10
1.4210854715202004e-14
 20
66.92899700004708
  0
LWPOLYLINE
  5
22D
330
17
100
AcDbEntity
  8
GIZLI
100
AcDbPolyline
 90
2
 70
0
 10
200.0
 20
68.41066600004694
 10
200.0
 20
66.92899700004708
  0
LWPOLYLINE
  5
22E
330
17
100
AcDbEntity
  8
GIZLI
100
AcDbPolyline
 90
2
 70
0
 10
200.0
 20
66.928997000047
 10
1.4210854715202004e-14
 20
66.928997000047
  0
LWPOLYLINE
  5
22F
330
17
100
AcDbEntity
  8
GIZLI
100
AcDbPolyline
 90
2
 70
0
 10
1.4210854715202004e-14
 20
66.92899700004696
 10
1.4210854715202004e-14
 20
65.44732900005498
  0
LWPOLYLINE
  5
230
330
17
100
AcDbEntity
  8
GIZLI
100
AcDbPolyline
 90
2
 70
0
 10
200.0
 20
66.92899700004696
 10
200.0
 20
65.44732900005498
  0
LWPOLYLINE
  5
231
330
17
100
AcDbEntity
  8
GIZLI
100
AcDbPolyline
 90
2
 70
0
 10
200.0
 20
65.447329000047
 10
1.4210854715202004e-14
 20
65.447329000047
  0
LWPOLYLINE
  5
232
330
17
100
AcDbEntity
  8
GIZLI
100
AcDbPolyline
 90
2
 70
0
 10
200.0
 20
64.38899600010548
 10
200.0
 20
65.44732900004405
  0
LWPOLYLINE
  5
233
330
17
100
AcDbEntity
  8
GIZLI
100
AcDbPolyline
 90
2
 70
0
 10
1.4210854715202004e-14
 20
64.38899600010548
 10
1.4210854715202004e-14
 20
65.44732900004405
  0
LWPOLYLINE
  5
234
330
17
100
AcDbEntity
  8
GIZLI
100
AcDbPolyline
 90
2
 70
0
 10
0.0
 20
27.474332000047003
 10
0.0
 20
11.556998000046999
  0
LWPOLYLINE
  5
235
330
17
100
AcDbEntity
  8
GIZLI
100
AcDbPolyline
 90
2
 70
0
 10
200.0
 20
27.47433200004701
 10
200.0
 20
11.556998000047006
  0
LWPOLYLINE
  5
236
330
17
100
AcDbEntity
  8
GIZLI
100
AcDbPolyline
 90
2
 70
0
 10
200.0
 20
11.556998000046999
 10
1.4210854715202004e-14
 20
11.556998000046999
  0
LWPOLYLINE
  5
237
330
17
100
AcDbEntity
  8
GIZLI
100
AcDbPolyline
 90
2
 70
0
 10
200.0
 20
10.667997000062934
 10
200.0
 20
11.556998000046505
  0
LWPOLYLINE
  5
238
330
17
100
AcDbEntity
  8
GIZLI
100
AcDbPolyline
 90
2
 70
0
 10
0.0
 20
10.667997000062927
 10
0.0
 20
11.556998000046498
  0
LWPOLYLINE
  5
239
330
17
100
AcDbEntity
  8
GIZLI
100
AcDbPolyline
 90
2
 70
0
 10
0.0
 20
10.667997000046572
 10
0.0
 20
9.44033100004742
  0
LWPOLYLINE
  5
23A
330
17
100
AcDbEntity
  8
GIZLI
100
AcDbPolyline
 90
2
 70
0
 10
200.0
 20
10.66799700004658
 10
200.0
 20
9.440331000047427
  0
LWPOLYLINE
  5
23B
330
17
100
AcDbEntity
  8
GIZLI
100
AcDbPolyline
 90
2
 70
0
 10
200.0
 20
9.914613689712448
 10
200.0
 20
9.305701182547006
  0
LWPOLYLINE
  5
23C
330
17
100
AcDbEntity
  8
GIZLI
100
AcDbPolyline
 90
2
 70
0
 10
200.0
 20
9.305701182547006
 10
200.0
 20
9.440331000053826
  0
LWPOLYLINE
  5
23D
330
17
100
AcDbEntity
  8
GIZLI
100
AcDbPolyline
 90
2
 70
0
 10
0.0
 20
9.914613689712441
 10
0.0
 20
9.305701182546999
  0
LWPOLYLINE
  5
23E
330
17
100
AcDbEntity
  8
GIZLI
100
AcDbPolyline
 90
2
 70
0
 10
0.0
 20
9.305701182546999
 10
0.0
 20
9.440331000053819
  0
LWPOLYLINE
  5
23F
330
17
100
AcDbEntity
  8
GIZLI
100
AcDbPolyline
 90
2
 70
0
 10
0.0
 20
9.914613689658283
 10
0.0
 20
10.456330000043438
  0
LWPOLYLINE
  5
240
330
17
100
AcDbEntity
  8
GIZLI
100
AcDbPolyline
 90
2
 70
0
 10
200.0
 20
9.91461368965829
 10
200.0
 20
10.456330000043446
  0
LWPOLYLINE
  5
241
330
17
100
AcDbEntity
  8
GIZLI
100
AcDbPolyline
 90
2
 70
0
 10
0.0
 20
10.456330000045373
 10
0.0
 20
12.40366400004862
  0
LWPOLYLINE
  5
242
330
17
100
AcDbEntity
  8
GIZLI
100
AcDbPolyline
 90
2
 70
0
 10
200.0
 20
10.45633000004538
 10
200.0
 20
12.403664000048627
  0
LWPOLYLINE
  5
243
330
17
100
AcDbEntity
  8
GIZLI
100
AcDbPolyline
 90
2
 70
0
 10
200.0
 20
12.403664000046998
 10
1.4210854715202004e-14
 20
12.403664000046998
  0
LWPOLYLINE
  5
244
330
17
100
AcDbEntity
  8
GIZLI
100
AcDbPolyline
 90
2
 70
0
 10
200.0
 20
14.350997000047002
 10
200.0
 20
12.40366400009438
  0
LWPOLYLINE
  5
245
330
17
100
AcDbEntity
  8
GIZLI
100
AcDbPolyline
 90
2
 70
0
 10
0.0
 20
14.350997000046995
 10
0.0
 20
12.403664000094373
  0
LWPOLYLINE
  5
246
330
17
100
AcDbEntity
  8
GIZLI
100
AcDbPolyline
 90
2
 70
0
 10
0.0
 20
14.350997000046998
 10
0.0
 20
27.474332000047003
  0
LWPOLYLINE
  5
247
330
17
100
AcDbEntity
  8
GIZLI
100
AcDbPolyline
 90
2
 70
0
 10
200.0
 20
14.350997000047006
 10
200.0
 20
27.47433200004701
  0
LWPOLYLINE
  5
248
330
17
100
AcDbEntity
  8
GIZLI
100
AcDbPolyline
 90
2
 70
0
 10
200.0
 20
27.474332000047003
 10
1.4210854715202004e-14
 20
27.474332000047003
  0
LWPOLYLINE
  5
249
330
17
100
AcDbEntity
  8
GIZLI
100
AcDbPolyline
 90
2
 70
0
 10
200.0
 20
28.490331000046996
 10
1.4210854715202004e-14
 20
28.490331000046996
  0
LWPOLYLINE
  5
24A
330
17
100
AcDbEntity
  8
GIZLI
100
AcDbPolyline
 90
2
 70
0
 10
200.0
 20
28.490331000006822
 10
200.0
 20
27.474332000048335
  0
LWPOLYLINE
  5
24B
330
17
100
AcDbEntity
  8
GIZLI
100
AcDbPolyline
 90
2
 70
0
 10
0.0
 20
28.490331000007
 10
0.0
 20
27.474332000048328
  0
LWPOLYLINE
  5
24C
330
17
100
AcDbEntity
  8
GIZLI
100
AcDbPolyline
 90
2
 70
0
 10
200.0
 20
28.490331000046996
 10
1.4210854715202004e-14
 20
28.490331000046996
  0
LWPOLYLINE
  5
24D
330
17
100
AcDbEntity
  8
GIZLI
100
AcDbPolyline
 90
2
 70
0
 10
200.0
 20
27.47433200004701
 10
200.0
 20
28.490331000022795
  0
LWPOLYLINE
  5
24E
330
17
100
AcDbEntity
  8
GIZLI
100
AcDbPolyline
 90
2
 70
0
 10
0.0
 20
27.474332000047003
 10
0.0
 20
28.49033100002279
  0
LWPOLYLINE
  5
24F
330
17
100
AcDbEntity
  8
GIZLI
100
AcDbPolyline
 90
2
 70
0
 10
0.0
 20
54.99099900004701
 10
0.0
 20
29.67566700004701
  0
LWPOLYLINE
  5
250
330
17
100
AcDbEntity
  8
GIZLI
100
AcDbPolyline
 90
2
 70
0
 10
200.0
 20
54.990999000047
 10
200.0
 20
29.675667000046996
  0
LWPOLYLINE
  5
251
330
17
100
AcDbEntity
  8
GIZLI
100
AcDbPolyline
 90
2
 70
0
 10
200.0
 20
27.685995000046997
 10
1.4210854715202004e-14
 20
27.685995000046997
  0
LWPOLYLINE
  5
252
330
17
100
AcDbEntity
  8
GIZLI
100
AcDbPolyline
 90
2
 70
0
 10
200.0
 20
27.685995000050607
 10
200.0
 20
27.685554155827003
  0
LWPOLYLINE
  5
253
330
17
100
AcDbEntity
  8
GIZLI
100
AcDbPolyline
 90
2
 70
0
 10
200.0
 20
27.685554155827003
 10
200.0
 20
29.675667000047003
  0
LWPOLYLINE
  5
254
330
17
100
AcDbEntity
  8
GIZLI
100
AcDbPolyline
 90
2
 70
0
 10
0.0
 20
27.685995000050607
 10
0.0
 20
27.685554155827003
  0
LWPOLYLINE
  5
255
330
17
100
AcDbEntity
  8
GIZLI
100
AcDbPolyline
 90
2
 70
0
 10
0.0
 20
27.685554155827003
 10
0.0
 20
29.675667000047003
  0
LWPOLYLINE
  5
256
330
17
100
AcDbEntity
  8
GIZLI
100
AcDbPolyline
 90
2
 70
0
 10
200.0
 20
27.685995000046997
 10
1.4210854715202004e-14
 20
27.685995000046997
  0
LWPOLYLINE
  5
257
330
17
100
AcDbEntity
  8
GIZLI
100
AcDbPolyline
 90
2
 70
0
 10
200.0
 20
29.590999000047002
 10
1.4210854715202004e-14
 20
29.590999000047002
  0
LWPOLYLINE
  5
258
330
17
100
AcDbEntity
  8
GIZLI
100
AcDbPolyline
 90
2
 70
0
 10
200.0
 20
29.59099900005012
 10
200.0
 20
27.685995000057694
  0
LWPOLYLINE
  5
259
330
17
100
AcDbEntity
  8
GIZLI
100
AcDbPolyline
 90
2
 70
0
 10
0.0
 20
29.59099900005013
 10
0.0
 20
27.68599500005701
  0
LWPOLYLINE
  5
25A
330
17
100
AcDbEntity
  8
GIZLI
100
AcDbPolyline
 90
2
 70
0
 10
0.0
 20
29.59099900004701
 10
0.0
 20
30.098994000047007
  0
LWPOLYLINE
  5
25B
330
17
100
AcDbEntity
  8
GIZLI
100
AcDbPolyline
 90
2
 70
0
 10
200.0
 20
29.590999000047002
 10
200.0
 20
30.098994000047
  0
LWPOLYLINE
  5
25C
330
17
100
AcDbEntity
  8
GIZLI
100
AcDbPolyline
 90
2
 70
0
 10
200.0
 20
30.098994000047004
 10
1.4210854715202004e-14
 20
30.098994000047004
  0
LWPOLYLINE
  5
25D
330
17
100
AcDbEntity
  8
GIZLI
100
AcDbPolyline
 90
2
 70
0
 10
0.0
 20
30.098994000047046
 10
0.0
 20
30.564663000046956
  0
LWPOLYLINE
  5
25E
330
17
100
AcDbEntity
  8
GIZLI
100
AcDbPolyline
 90
2
 70
0
 10
200.0
 20
30.098994000047053
 10
200.0
 20
30.564663000046963
  0
LWPOLYLINE
  5
25F
330
17
100
AcDbEntity
  8
GIZLI
100
AcDbPolyline
 90
2
 70
0
 10
200.0
 20
30.564663000047002
 10
1.4210854715202004e-14
 20
30.564663000047002
  0
LWPOLYLINE
  5
260
330
17
100
AcDbEntity
  8
GIZLI
100
AcDbPolyline
 90
2
 70
0
 10
0.0
 20
30.564663000046938
 10
0.0
 20
30.94566400004708
  0
LWPOLYLINE
  5
261
330
17
100
AcDbEntity
  8
GIZLI
100
AcDbPolyline
 90
2
 70
0
 10
200.0
 20
30.56466300004693
 10
200.0
 20
30.945664000047074
  0
LWPOLYLINE
  5
262
330
17
100
AcDbEntity
  8
GIZLI
100
AcDbPolyline
 90
2
 70
0
 10
200.0
 20
30.945664000047
 10
1.4210854715202004e-14
 20
30.945664000047
  0
LWPOLYLINE
  5
263
330
17
100
AcDbEntity
  8
GIZLI
100
AcDbPolyline
 90
2
 70
0
 10
0.0
 20
30.945664000046932
 10
0.0
 20
31.241996000047074
  0
LWPOLYLINE
  5
264
330
17
100
AcDbEntity
  8
GIZLI
100
AcDbPolyline
 90
2
 70
0
 10
200.0
 20
30.945664000046932
 10
200.0
 20
31.241996000047074
  0
LWPOLYLINE
  5
265
330
17
100
AcDbEntity
  8
GIZLI
100
AcDbPolyline
 90
2
 70
0
 10
200.0
 20
31.241996000047
 10
1.4210854715202004e-14
 20
31.241996000047
  0
LWPOLYLINE
  5
266
330
17
100
AcDbEntity
  8
GIZLI
100
AcDbPolyline
 90
2
 70
0
 10
0.0
 20
31.24199600004709
 10
0.0
 20
31.411333000046916
  0
LWPOLYLINE
  5
267
330
17
100
AcDbEntity
  8
GIZLI
100
AcDbPolyline
 90
2
 70
0
 10
200.0
 20
31.24199600004709
 10
200.0
 20
31.411333000046916
  0
LWPOLYLINE
  5
268
330
17
100
AcDbEntity
  8
GIZLI
100
AcDbPolyline
 90
2
 70
0
 10
200.0
 20
31.411333000046998
 10
1.4210854715202004e-14
 20
31.411333000046998
  0
LWPOLYLINE
  5
269
330
17
100
AcDbEntity
  8
GIZLI
100
AcDbPolyline
 90
2
 70
0
 10
0.0
 20
31.411333000047115
 10
0.0
 20
31.495994000046892
  0
LWPOLYLINE
  5
26A
330
17
100
AcDbEntity
  8
GIZLI
100
AcDbPolyline
 90
2
 70
0
 10
200.0
 20
31.411333000047115
 10
200.0
 20
31.495994000046892
  0
LWPOLYLINE
  5
26B
330
17
100
AcDbEntity
  8
GIZLI
100
AcDbPolyline
 90
2
 70
0
 10
200.0
 20
31.495994000047002
 10
1.4210854715202004e-14
 20
31.495994000047002
  0
LWPOLYLINE
  5
26C
330
17
100
AcDbEntity
  8
GIZLI
100
AcDbPolyline
 90
2
 70
0
 10
200.0
 20
31.495994000047002
 10
1.4210854715202004e-14
 20
31.495994000047002
  0
LWPOLYLINE
  5
26D
330
17
100
AcDbEntity
  8
GIZLI
100
AcDbPolyline
 90
2
 70
0
 10
200.0
 20
32.152193558163646
 10
200.0
 20
31.495994000066123
  0
LWPOLYLINE
  5
26E
330
17
100
AcDbEntity
  8
GIZLI
100
AcDbPolyline
 90
2
 70
0
 10
0.0
 20
32.15219355816366
 10
0.0
 20
31.495994000066137
  0
LWPOLYLINE
  5
26F
330
17
100
AcDbEntity
  8
GIZLI
100
AcDbPolyline
 90
2
 70
0
 10
0.0
 20
32.15219355814878
 10
0.0
 20
32.80833300004517
  0
LWPOLYLINE
  5
270
330
17
100
AcDbEntity
  8
GIZLI
100
AcDbPolyline
 90
2
 70
0
 10
200.0
 20
32.15219355814879
 10
200.0
 20
32.808333000045174
  0
LWPOLYLINE
  5
271
330
17
100
AcDbEntity
  8
GIZLI
100
AcDbPolyline
 90
2
 70
0
 10
200.0
 20
32.80833300004701
 10
1.4210854715202004e-14
 20
32.80833300004701
  0
LWPOLYLINE
  5
272
330
17
100
AcDbEntity
  8
GIZLI
100
AcDbPolyline
 90
2
 70
0
 10
200.0
 20
32.80833300004701
 10
1.4210854715202004e-14
 20
32.80833300004701
  0
LWPOLYLINE
  5
273
330
17
100
AcDbEntity
  8
GIZLI
100
AcDbPolyline
 90
2
 70
0
 10
200.0
 20
34.797997000047
 10
1.4210854715202004e-14
 20
34.797997000047
  0
LWPOLYLINE
  5
274
330
17
100
AcDbEntity
  8
GIZLI
100
AcDbPolyline
 90
2
 70
0
 10
200.0
 20
34.79799700004679
 10
200.0
 20
32.808333000037514
  0
LWPOLYLINE
  5
275
330
17
100
AcDbEntity
  8
GIZLI
100
AcDbPolyline
 90
2
 70
0
 10
0.0
 20
34.79799700004679
 10
0.0
 20
32.808333000037
  0
LWPOLYLINE
  5
276
330
17
100
AcDbEntity
  8
GIZLI
100
AcDbPolyline
 90
2
 70
0
 10
1.4210854715202004e-14
 20
34.79799700004701
 10
1.4210854715202004e-14
 20
60.19799700004702
  0
LWPOLYLINE
  5
277
330
17
100
AcDbEntity
  8
GIZLI
100
AcDbPolyline
 90
2
 70
0
 10
200.0
 20
34.797997000047
 10
200.0
 20
60.197997000047
  0
LWPOLYLINE
  5
278
330
17
100
AcDbEntity
  8
GIZLI
100
AcDbPolyline
 90
2
 70
0
 10
200.0
 20
60.197997000047
 10
1.4210854715202004e-14
 20
60.197997000047
  0
LWPOLYLINE
  5
279
330
17
100
AcDbEntity
  8
GIZLI
100
AcDbPolyline
 90
2
 70
0
 10
200.0
 20
60.8753290000358
 10
200.0
 20
61.159719191129994
  0
LWPOLYLINE
  5
27A
330
17
100
AcDbEntity
  8
GIZLI
100
AcDbPolyline
 90
2
 70
0
 10
200.0
 20
61.159719191129994
 10
200.0
 20
60.19799700004908
  0
LWPOLYLINE
  5
27B
330
17
100
AcDbEntity
  8
GIZLI
100
AcDbPolyline
 90
2
 70
0
 10
1.4210854715202004e-14
 20
60.87532900003581
 10
1.4210854715202004e-14
 20
61.15971919113001
  0
LWPOLYLINE
  5
27C
330
17
100
AcDbEntity
  8
GIZLI
100
AcDbPolyline
 90
2
 70
0
 10
1.4210854715202004e-14
 20
61.15971919113001
 10
1.4210854715202004e-14
 20
60.19799700004909
  0
LWPOLYLINE
  5
27D
330
17
100
AcDbEntity
  8
GIZLI
100
AcDbPolyline
 90
2
 70
0
 10
1.4210854715202004e-14
 20
60.875329000047174
 10
1.4210854715202004e-14
 20
59.986329000046844
  0
LWPOLYLINE
  5
27E
330
17
100
AcDbEntity
  8
GIZLI
100
AcDbPolyline
 90
2
 70
0
 10
200.0
 20
60.875329000047174
 10
200.0
 20
59.986329000046844
  0
LWPOLYLINE
  5
27F
330
17
100
AcDbEntity
  8
GIZLI
100
AcDbPolyline
 90
2
 70
0
 10
200.0
 20
59.986329000047014
 10
1.4210854715202004e-14
 20
59.986329000047014
  0
LWPOLYLINE
  5
280
330
17
100
AcDbEntity
  8
GIZLI
100
AcDbPolyline
 90
2
 70
0
 10
1.4210854715202004e-14
 20
59.98632900004702
 10
1.4210854715202004e-14
 20
59.224329000047014
  0
LWPOLYLINE
  5
281
330
17
100
AcDbEntity
  8
GIZLI
100
AcDbPolyline
 90
2
 70
0
 10
200.0
 20
59.98632900004701
 10
200.0
 20
59.224329000047
  0
LWPOLYLINE
  5
282
330
17
100
AcDbEntity
  8
GIZLI
100
AcDbPolyline
 90
2
 70
0
 10
200.0
 20
59.224329000047
 10
1.4210854715202004e-14
 20
59.224329000047
  0
LWPOLYLINE
  5
283
330
17
100
AcDbEntity
  8
GIZLI
100
AcDbPolyline
 90
2
 70
0
 10
1.4210854715202004e-14
 20
59.22432900004705
 10
1.4210854715202004e-14
 20
58.546996000046974
  0
LWPOLYLINE
  5
284
330
17
100
AcDbEntity
  8
GIZLI
100
AcDbPolyline
 90
2
 70
0
 10
200.0
 20
59.224329000047035
 10
200.0
 20
58.54699600004696
  0
LWPOLYLINE
  5
285
330
17
100
AcDbEntity
  8
GIZLI
100
AcDbPolyline
 90
2
 70
0
 10
200.0
 20
58.54699600004701
 10
1.4210854715202004e-14
 20
58.54699600004701
  0
LWPOLYLINE
  5
286
330
17
100
AcDbEntity
  8
GIZLI
100
AcDbPolyline
 90
2
 70
0
 10
1.4210854715202004e-14
 20
58.54699600004722
 10
1.4210854715202004e-14
 20
57.9966630000468
  0
LWPOLYLINE
  5
287
330
17
100
AcDbEntity
  8
GIZLI
100
AcDbPolyline
 90
2
 70
0
 10
200.0
 20
58.54699600004721
 10
200.0
 20
57.99666300004679
  0
LWPOLYLINE
  5
288
330
17
100
AcDbEntity
  8
GIZLI
100
AcDbPolyline
 90
2
 70
0
 10
200.0
 20
57.996663000047
 10
1.4210854715202004e-14
 20
57.996663000047
  0
LWPOLYLINE
  5
289
330
17
100
AcDbEntity
  8
GIZLI
100
AcDbPolyline
 90
2
 70
0
 10
1.4210854715202004e-14
 20
57.99666300004704
 10
1.4210854715202004e-14
 20
57.573329000046975
  0
LWPOLYLINE
  5
28A
330
17
100
AcDbEntity
  8
GIZLI
100
AcDbPolyline
 90
2
 70
0
 10
200.0
 20
57.99666300004703
 10
200.0
 20
57.57332900004696
  0
LWPOLYLINE
  5
28B
330
17
100
AcDbEntity
  8
GIZLI
100
AcDbPolyline
 90
2
 70
0
 10
200.0
 20
57.573329000047
 10
1.4210854715202004e-14
 20
57.573329000047
  0
LWPOLYLINE
  5
28C
330
17
100
AcDbEntity
  8
GIZLI
100
AcDbPolyline
 90
2
 70
0
 10
1.4210854715202004e-14
 20
57.57332900004711
 10
1.4210854715202004e-14
 20
57.23466300004691
  0
LWPOLYLINE
  5
28D
330
17
100
AcDbEntity
  8
GIZLI
100
AcDbPolyline
 90
2
 70
0
 10
200.0
 20
57.573329000047096
 10
200.0
 20
57.23466300004689
  0
LWPOLYLINE
  5
28E
330
17
100
AcDbEntity
  8
GIZLI
100
AcDbPolyline
 90
2
 70
0
 10
200.0
 20
57.234663000047
 10
1.4210854715202004e-14
 20
57.234663000047
  0
LWPOLYLINE
  5
28F
330
17
100
AcDbEntity
  8
GIZLI
100
AcDbPolyline
 90
2
 70
0
 10
1.4210854715202004e-14
 20
57.23466300004708
 10
1.4210854715202004e-14
 20
57.06532900004693
  0
LWPOLYLINE
  5
290
330
17
100
AcDbEntity
  8
GIZLI
100
AcDbPolyline
 90
2
 70
0
 10
200.0
 20
57.23466300004708
 10
200.0
 20
57.06532900004693
  0
LWPOLYLINE
  5
291
330
17
100
AcDbEntity
  8
GIZLI
100
AcDbPolyline
 90
2
 70
0
 10
200.0
 20
57.06532900004701
 10
1.4210854715202004e-14
 20
57.06532900004701
  0
LWPOLYLINE
  5
292
330
17
100
AcDbEntity
  8
GIZLI
100
AcDbPolyline
 90
2
 70
0
 10
1.4210854715202004e-14
 20
57.06532900004702
 10
1.4210854715202004e-14
 20
56.98066339384926
  0
LWPOLYLINE
  5
293
330
17
100
AcDbEntity
  8
GIZLI
100
AcDbPolyline
 90
2
 70
0
 10
200.0
 20
57.06532900004701
 10
200.0
 20
56.98066339384925
  0
LWPOLYLINE
  5
294
330
17
100
AcDbEntity
  8
GIZLI
100
AcDbPolyline
 90
2
 70
0
 10
200.0
 20
56.98066300004701
 10
1.4210854715202004e-14
 20
56.98066300004701
  0
LWPOLYLINE
  5
295
330
17
100
AcDbEntity
  8
GIZLI
100
AcDbPolyline
 90
2
 70
0
 10
200.0
 20
56.980662000047
 10
1.4210854715202004e-14
 20
56.980662000047
  0
LWPOLYLINE
  5
296
330
17
100
AcDbEntity
  8
GIZLI
100
AcDbPolyline
 90
2
 70
0
 10
200.0
 20
54.990999000047005
 10
200.0
 20
56.981103042747
  0
LWPOLYLINE
  5
297
330
17
100
AcDbEntity
  8
GIZLI
100
AcDbPolyline
 90
2
 70
0
 10
200.0
 20
56.981103042747
 10
200.0
 20
56.98066200004693
  0
LWPOLYLINE
  5
298
330
17
100
AcDbEntity
  8
GIZLI
100
AcDbPolyline
 90
2
 70
0
 10
1.4210854715202004e-14
 20
54.990999000047005
 10
1.4210854715202004e-14
 20
56.981103042747
  0
LWPOLYLINE
  5
299
330
17
100
AcDbEntity
  8
GIZLI
100
AcDbPolyline
 90
2
 70
0
 10
1.4210854715202004e-14
 20
56.981103042747
 10
1.4210854715202004e-14
 20
56.98066200004693
  0
LWPOLYLINE
  5
29A
330
17
100
AcDbEntity
  8
GIZLI
100
AcDbPolyline
 90
2
 70
0
 10
200.0
 20
125.47599700000399
 10
1.4210854715202004e-14
 20
125.47599700000399
  0
LWPOLYLINE
  5
29B
330
17
100
AcDbEntity
  8
GIZLI
100
AcDbPolyline
 90
2
 70
0
 10
200.0
 20
60.197997000047
 10
1.4210854715202004e-14
 20
60.197997000047
  0
LWPOLYLINE
  5
29C
330
17
100
AcDbEntity
  8
GIZLI
100
AcDbPolyline
 90
2
 70
0
 10
200.0
 20
33.189333999997004
 10
1.4210854715202004e-14
 20
33.189333999997004
  0
LWPOLYLINE
  5
29D
330
17
100
AcDbEntity
  8
GIZLI
100
AcDbPolyline
 90
2
 70
0
 10
200.0
 20
29.209998000086998
 10
1.4210854715202004e-14
 20
29.209998000086998
  0
LWPOLYLINE
  5
29E
330
17
100
AcDbEntity
  8
GIZLI
100
AcDbPolyline
 90
2
 70
0
 10
200.0
 20
14.986000000085998
 10
1.4210854715202004e-14
 20
14.986000000085998
  0
LWPOLYLINE
  5
29F
330
17
100
AcDbEntity
  8
GIZLI
100
AcDbPolyline
 90
2
 70
0
 10
200.0
 20
29.294667000008005
 10
1.4210854715202004e-14
 20
29.294667000008005
  0
LWPOLYLINE
  5
2A0
330
17
100
AcDbEntity
  8
GIZLI
100
AcDbPolyline
 90
2
 70
0
 10
200.0
 20
7.930640691807001
 10
1.4210854715202004e-14
 20
7.930640691807001
  0
LWPOLYLINE
  5
2A1
330
17
100
AcDbEntity
  8
GIZLI
100
AcDbPolyline
 90
2
 70
0
 10
200.0
 20
7.400147161717996e-11
 10
1.4210854715202004e-14
 20
7.400147161717996e-11
  0
LWPOLYLINE
  5
2A2
330
17
100
AcDbEntity
  8
GIZLI
100
AcDbPolyline
 90
2
 70
0
 10
200.0
 20
106.976335000025
 10
1.4210854715202004e-14
 20
106.976335000025
  0
LWPOLYLINE
  5
2A3
330
17
100
AcDbEntity
  8
GIZLI
100
AcDbPolyline
 90
2
 70
0
 10
200.0
 20
9.305701182547002
 10
1.4210854715202004e-14
 20
9.305701182547002
  0
LWPOLYLINE
  5
2A4
330
17
100
AcDbEntity
  8
GIZLI
100
AcDbPolyline
 90
2
 70
0
 10
200.0
 20
28.490331000007
 10
1.4210854715202004e-14
 20
28.490331000007
  0
LWPOLYLINE
  5
2A5
330
17
100
AcDbEntity
  8
GIZLI
100
AcDbPolyline
 90
2
 70
0
 10
200.0
 20
27.685554155827003
 10
1.4210854715202004e-14
 20
27.685554155827003
  0
LWPOLYLINE
  5
2A6
330
17
100
AcDbEntity
  8
GIZLI
100
AcDbPolyline
 90
2
 70
0
 10
200.0
 20
27.685995000057
 10
1.4210854715202004e-14
 20
27.685995000057
  0
LWPOLYLINE
  5
2A7
330
17
100
AcDbEntity
  8
GIZLI
100
AcDbPolyline
 90
2
 70
0
 10
200.0
 20
32.808333000037
 10
1.4210854715202004e-14
 20
32.808333000037
  0
LWPOLYLINE
  5
2A8
330
17
100
AcDbEntity
  8
GIZLI
100
AcDbPolyline
 90
2
 70
0
 10
200.0
 20
61.15971919113001
 10
1.4210854715202004e-14
 20
61.15971919113001
  0
LWPOLYLINE
  5
2A9
330
17
100
AcDbEntity
  8
GIZLI
100
AcDbPolyline
 90
2
 70
0
 10
200.0
 20
56.981103042747
 10
1.4210854715202004e-14
 20
56.981103042747
  0
TEXT
  5
2AA
330
17
100
AcDbEntity
  8
YAZI
100
AcDbText
 10
0.0
 20
-10.0
 30
0.0
 40
5.0
  1
ON
 11
0.0
 21
-10.0
 31
0.0
100
AcDbText
  0
DIMENSION
  5
2AB
330
17
100
AcDbEntity
  8
OLCU
100
AcDbDimension
280
0
  2
*D1
  3
EZDXF
 10
0.0
 20
-22.0
 30
0.0
 11
100.0
 21
-21.775
 31
0.0
 70
32
 71
5
  1
<>
100
AcDbAlignedDimension
 13
0.0
 23
0.0
 33
0.0
 14
200.0
 24
0.0
 34
0.0
 50
0.0
100
AcDbRotatedDimension
  0
DIMENSION
  5
2BA
330
17
100
AcDbEntity
  8
OLCU
100
AcDbDimension
280
0
  2
*D2
  3
EZDXF
 10
-22.0
 20
0.0
 30
0.0
 11
-22.225
 21
62.737998500030066
 31
0.0
 70
32
 71
5
  1
<>
100
AcDbAlignedDimension
 13
0.0
 23
0.0
 33
0.0
 14
0.0
 24
125.47599700006013
 34
0.0
 50
90.0
100
AcDbRotatedDimension
  0
LWPOLYLINE
  5
2C9
330
17
100
AcDbEntity
  8
GORUNEN
100
AcDbPolyline
 90
2
 70
0
 10
200.0
 20
-86.02368388018854
 10
1.4210854715202004e-14
 20
-86.02368388018854
  0
LWPOLYLINE
  5
2CA
330
17
100
AcDbEntity
  8
GORUNEN
100
AcDbPolyline
 90
2
 70
0
 10
200.0
 20
-86.02368388018884
 10
200.0
 20
-84.03402088018885
  0
LWPOLYLINE
  5
2CB
330
17
100
AcDbEntity
  8
GORUNEN
100
AcDbPolyline
 90
2
 70
0
 10
200.0
 20
-84.0340208801887
 10
1.4210854715202004e-14
 20
-84.0340208801887
  0
LWPOLYLINE
  5
2CC
330
17
100
AcDbEntity
  8
GORUNEN
100
AcDbPolyline
 90
2
 70
0
 10
1.4210854715202004e-14
 20
-86.02368388018884
 10
1.4210854715202004e-14
 20
-84.03402088018885
  0
LWPOLYLINE
  5
2CD
330
17
100
AcDbEntity
  8
GORUNEN
100
AcDbPolyline
 90
2
 70
0
 10
200.0
 20
-84.03402088018876
 10
200.0
 20
-74.00101688018876
  0
LWPOLYLINE
  5
2CE
330
17
100
AcDbEntity
  8
GORUNEN
100
AcDbPolyline
 90
2
 70
0
 10
200.0
 20
-74.00101688018881
 10
1.4210854715202004e-14
 20
-74.00101688018881
  0
LWPOLYLINE
  5
2CF
330
17
100
AcDbEntity
  8
GORUNEN
100
AcDbPolyline
 90
2
 70
0
 10
1.4210854715202004e-14
 20
-84.03402088018876
 10
1.4210854715202004e-14
 20
-74.00101688018876
  0
LWPOLYLINE
  5
2D0
330
17
100
AcDbEntity
  8
GORUNEN
100
AcDbPolyline
 90
2
 70
0
 10
200.0
 20
-74.00101688018881
 10
1.4210854715202004e-14
 20
-74.00101688018881
  0
LWPOLYLINE
  5
2D1
330
17
100
AcDbEntity
  8
GORUNEN
100
AcDbPolyline
 90
2
 70
0
 10
200.0
 20
-74.00101687989235
 10
200.0
 20
-73.49302088018861
  0
LWPOLYLINE
  5
2D2
330
17
100
AcDbEntity
  8
GORUNEN
100
AcDbPolyline
 90
2
 70
0
 10
0.0
 20
-74.00101687989235
 10
0.0
 20
-73.49302088018861
  0
LWPOLYLINE
  5
2D3
330
17
100
AcDbEntity
  8
GORUNEN
100
AcDbPolyline
 90
2
 70
0
 10
200.0
 20
-73.49302088018888
 10
200.0
 20
-69.00568188018887
  0
LWPOLYLINE
  5
2D4
330
17
100
AcDbEntity
  8
GORUNEN
100
AcDbPolyline
 90
2
 70
0
 10
0.0
 20
-73.49302088018888
 10
0.0
 20
-69.00568188018887
  0
LWPOLYLINE
  5
2D5
330
17
100
AcDbEntity
  8
GORUNEN
100
AcDbPolyline
 90
2
 70
0
 10
200.0
 20
-69.00568188018872
 10
200.0
 20
-68.49768688043184
  0
LWPOLYLINE
  5
2D6
330
17
100
AcDbEntity
  8
GORUNEN
100
AcDbPolyline
 90
2
 70
0
 10
200.0
 20
-68.49768688018881
 10
1.4210854715202004e-14
 20
-68.49768688018881
  0
LWPOLYLINE
  5
2D7
330
17
100
AcDbEntity
  8
GORUNEN
100
AcDbPolyline
 90
2
 70
0
 10
0.0
 20
-69.00568188018872
 10
0.0
 20
-68.49768688043173
  0
LWPOLYLINE
  5
2D8
330
17
100
AcDbEntity
  8
GORUNEN
100
AcDbPolyline
 90
2
 70
0
 10
200.0
 20
-68.49768688018881
 10
1.4210854715202004e-14
 20
-68.49768688018881
  0
LWPOLYLINE
  5
2D9
330
17
100
AcDbEntity
  8
GORUNEN
100
AcDbPolyline
 90
2
 70
0
 10
200.0
 20
-68.45535288018894
 10
200.0
 20
-68.49768688018892
  0
LWPOLYLINE
  5
2DA
330
17
100
AcDbEntity
  8
GORUNEN
100
AcDbPolyline
 90
2
 70
0
 10
200.0
 20
-68.4553528801886
 10
1.4210854715202004e-14
 20
-68.4553528801886
  0
LWPOLYLINE
  5
2DB
330
17
100
AcDbEntity
  8
GORUNEN
100
AcDbPolyline
 90
2
 70
0
 10
1.4210854715202004e-14
 20
-68.45535288018894
 10
1.4210854715202004e-14
 20
-68.49768688018892
  0
LWPOLYLINE
  5
2DC
330
17
100
AcDbEntity
  8
GORUNEN
100
AcDbPolyline
 90
2
 70
0
 10
200.0
 20
-68.24368888018886
 10
200.0
 20
-68.45535288018887
  0
LWPOLYLINE
  5
2DD
330
17
100
AcDbEntity
  8
GORUNEN
100
AcDbPolyline
 90
2
 70
0
 10
200.0
 20
-68.24368888018867
 10
1.4210854715202004e-14
 20
-68.24368888018867
  0
LWPOLYLINE
  5
2DE
330
17
100
AcDbEntity
  8
GORUNEN
100
AcDbPolyline
 90
2
 70
0
 10
1.4210854715202004e-14
 20
-68.24368888018886
 10
1.4210854715202004e-14
 20
-68.45535288018887
  0
LWPOLYLINE
  5
2DF
330
17
100
AcDbEntity
  8
GORUNEN
100
AcDbPolyline
 90
2
 70
0
 10
200.0
 20
-68.03201788018866
 10
200.0
 20
-68.24368888018866
  0
LWPOLYLINE
  5
2E0
330
17
100
AcDbEntity
  8
GORUNEN
100
AcDbPolyline
 90
2
 70
0
 10
200.0
 20
-68.03201788018865
 10
1.4210854715202004e-14
 20
-68.03201788018865
  0
LWPOLYLINE
  5
2E1
330
17
100
AcDbEntity
  8
GORUNEN
100
AcDbPolyline
 90
2
 70
0
 10
1.4210854715202004e-14
 20
-68.03201788018866
 10
1.4210854715202004e-14
 20
-68.24368888018866
  0
LWPOLYLINE
  5
2E2
330
17
100
AcDbEntity
  8
GORUNEN
100
AcDbPolyline
 90
2
 70
0
 10
200.0
 20
-68.03201788018883
 10
200.0
 20
-67.01601788018883
  0
LWPOLYLINE
  5
2E3
330
17
100
AcDbEntity
  8
GORUNEN
100
AcDbPolyline
 90
2
 70
0
 10
1.4210854715202004e-14
 20
-68.03201788018883
 10
1.4210854715202004e-14
 20
-67.01601788018883
  0
LWPOLYLINE
  5
2E4
330
17
100
AcDbEntity
  8
GORUNEN
100
AcDbPolyline
 90
2
 70
0
 10
200.0
 20
-67.01601788018867
 10
200.0
 20
-66.00001888067868
  0
LWPOLYLINE
  5
2E5
330
17
100
AcDbEntity
  8
GORUNEN
100
AcDbPolyline
 90
2
 70
0
 10
200.0
 20
-66.00001888018883
 10
1.4210854715202004e-14
 20
-66.00001888018883
  0
LWPOLYLINE
  5
2E6
330
17
100
AcDbEntity
  8
GORUNEN
100
AcDbPolyline
 90
2
 70
0
 10
1.4210854715202004e-14
 20
-67.01601788018867
 10
1.4210854715202004e-14
 20
-66.00001888067868
  0
LWPOLYLINE
  5
2E7
330
17
100
AcDbEntity
  8
GORUNEN
100
AcDbPolyline
 90
2
 70
0
 10
200.0
 20
-66.00001888018883
 10
1.4210854715202004e-14
 20
-66.00001888018883
  0
LWPOLYLINE
  5
2E8
330
17
100
AcDbEntity
  8
GORUNEN
100
AcDbPolyline
 90
2
 70
0
 10
200.0
 20
-178.52202688018875
 10
1.4210854715202004e-14
 20
-178.52202688018875
  0
LWPOLYLINE
  5
2E9
330
17
100
AcDbEntity
  8
GORUNEN
100
AcDbPolyline
 90
2
 70
0
 10
200.0
 20
-178.52202688018875
 10
1.4210854715202004e-14
 20
-178.52202688018875
  0
LWPOLYLINE
  5
2EA
330
17
100
AcDbEntity
  8
GORUNEN
100
AcDbPolyline
 90
2
 70
0
 10
200.0
 20
-178.52202688018875
 10
1.4210854715202004e-14
 20
-178.52202688018875
  0
LWPOLYLINE
  5
2EB
330
17
100
AcDbEntity
  8
GORUNEN
100
AcDbPolyline
 90
2
 70
0
 10
200.0
 20
-178.52202688018517
 10
200.0
 20
-176.49001288018883
  0
LWPOLYLINE
  5
2EC
330
17
100
AcDbEntity
  8
GORUNEN
100
AcDbPolyline
 90
2
 70
0
 10
1.4210854715202004e-14
 20
-178.52202688018517
 10
1.4210854715202004e-14
 20
-176.49001288018883
  0
LWPOLYLINE
  5
2ED
330
17
100
AcDbEntity
  8
GORUNEN
100
AcDbPolyline
 90
2
 70
0
 10
200.0
 20
-176.49001288018883
 10
200.0
 20
-96.01435288018882
  0
LWPOLYLINE
  5
2EE
330
17
100
AcDbEntity
  8
GORUNEN
100
AcDbPolyline
 90
2
 70
0
 10
1.4210854715202004e-14
 20
-176.49001288018883
 10
1.4210854715202004e-14
 20
-96.01435288018882
  0
LWPOLYLINE
  5
2EF
330
17
100
AcDbEntity
  8
GORUNEN
100
AcDbPolyline
 90
2
 70
0
 10
1.4210854715202004e-14
 20
-86.02368388015914
 10
1.4210854715202004e-14
 20
-96.0143528801888
  0
LWPOLYLINE
  5
2F0
330
17
100
AcDbEntity
  8
GORUNEN
100
AcDbPolyline
 90
2
 70
0
 10
200.0
 20
-86.02368388015914
 10
200.0
 20
-96.0143528801888
  0
LWPOLYLINE
  5
2F1
330
17
100
AcDbEntity
  8
GORUNEN
100
AcDbPolyline
 90
2
 70
0
 10
200.0
 20
-68.49768688043173
 10
1.4210854715202004e-14
 20
-68.49768688043173
  0
LWPOLYLINE
  5
2F2
330
17
100
AcDbEntity
  8
GORUNEN
100
AcDbPolyline
 90
2
 70
0
 10
200.0
 20
-178.52202688018866
 10
1.4210854715202004e-14
 20
-178.52202688018866
  0
LWPOLYLINE
  5
2F3
330
17
100
AcDbEntity
  8
GIZLI
100
AcDbPolyline
 90
2
 70
0
 10
200.0
 20
-86.02368388018854
 10
1.4210854715202004e-14
 20
-86.02368388018854
  0
LWPOLYLINE
  5
2F4
330
17
100
AcDbEntity
  8
GIZLI
100
AcDbPolyline
 90
2
 70
0
 10
200.0
 20
-84.0340208801887
 10
1.4210854715202004e-14
 20
-84.0340208801887
  0
LWPOLYLINE
  5
2F5
330
17
100
AcDbEntity
  8
GIZLI
100
AcDbPolyline
 90
2
 70
0
 10
200.0
 20
-68.49768688018881
 10
1.4210854715202004e-14
 20
-68.49768688018881
  0
LWPOLYLINE
  5
2F6
330
17
100
AcDbEntity
  8
GIZLI
100
AcDbPolyline
 90
2
 70
0
 10
200.0
 20
-68.49768688018878
 10
200.0
 20
-69.00568188018877
  0
LWPOLYLINE
  5
2F7
330
17
100
AcDbEntity
  8
GIZLI
100
AcDbPolyline
 90
2
 70
0
 10
200.0
 20
-69.00568188018875
 10
1.4210854715202004e-14
 20
-69.00568188018875
  0
LWPOLYLINE
  5
2F8
330
17
100
AcDbEntity
  8
GIZLI
100
AcDbPolyline
 90
2
 70
0
 10
1.4210854715202004e-14
 20
-68.49768688018878
 10
1.4210854715202004e-14
 20
-69.00568188018877
  0
LWPOLYLINE
  5
2F9
330
17
100
AcDbEntity
  8
GIZLI
100
AcDbPolyline
 90
2
 70
0
 10
200.0
 20
-69.0056818801888
 10
200.0
 20
-68.49768688018875
  0
LWPOLYLINE
  5
2FA
330
17
100
AcDbEntity
  8
GIZLI
100
AcDbPolyline
 90
2
 70
0
 10
1.4210854715202004e-14
 20
-69.0056818801888
 10
1.4210854715202004e-14
 20
-68.49768688018875
  0
LWPOLYLINE
  5
2FB
330
17
100
AcDbEntity
  8
GIZLI
100
AcDbPolyline
 90
2
 70
0
 10
200.0
 20
-68.49768688018881
 10
1.4210854715202004e-14
 20
-68.49768688018881
  0
LWPOLYLINE
  5
2FC
330
17
100
AcDbEntity
  8
GIZLI
100
AcDbPolyline
 90
2
 70
0
 10
200.0
 20
-66.00001888018883
 10
1.4210854715202004e-14
 20
-66.00001888018883
  0
LWPOLYLINE
  5
2FD
330
17
100
AcDbEntity
  8
GIZLI
100
AcDbPolyline
 90
2
 70
0
 10
200.0
 20
-66.00001888018893
 10
200.0
 20
-67.01601788018893
  0
LWPOLYLINE
  5
2FE
330
17
100
AcDbEntity
  8
GIZLI
100
AcDbPolyline
 90
2
 70
0
 10
200.0
 20
-67.01601788018857
 10
1.4210854715202004e-14
 20
-67.01601788018857
  0
LWPOLYLINE
  5
2FF
330
17
100
AcDbEntity
  8
GIZLI
100
AcDbPolyline
 90
2
 70
0
 10
1.4210854715202004e-14
 20
-66.00001888018893
 10
1.4210854715202004e-14
 20
-67.01601788018893
  0
LWPOLYLINE
  5
300
330
17
100
AcDbEntity
  8
GIZLI
100
AcDbPolyline
 90
2
 70
0
 10
200.0
 20
-67.01601788018857
 10
1.4210854715202004e-14
 20
-67.01601788018857
  0
LWPOLYLINE
  5
301
330
17
100
AcDbEntity
  8
GIZLI
100
AcDbPolyline
 90
2
 70
0
 10
200.0
 20
-67.01601788018893
 10
200.0
 20
-66.00001888018893
  0
LWPOLYLINE
  5
302
330
17
100
AcDbEntity
  8
GIZLI
100
AcDbPolyline
 90
2
 70
0
 10
1.4210854715202004e-14
 20
-67.01601788018893
 10
1.4210854715202004e-14
 20
-66.00001888018893
  0
LWPOLYLINE
  5
303
330
17
100
AcDbEntity
  8
GIZLI
100
AcDbPolyline
 90
2
 70
0
 10
200.0
 20
-66.00001888018883
 10
1.4210854715202004e-14
 20
-66.00001888018883
  0
LWPOLYLINE
  5
304
330
17
100
AcDbEntity
  8
GIZLI
100
AcDbPolyline
 90
2
 70
0
 10
200.0
 20
-66.00001888050147
 10
200.0
 20
-67.01601788018884
  0
LWPOLYLINE
  5
305
330
17
100
AcDbEntity
  8
GIZLI
100
AcDbPolyline
 90
2
 70
0
 10
1.4210854715202004e-14
 20
-66.00001888050147
 10
1.4210854715202004e-14
 20
-67.01601788018884
  0
LWPOLYLINE
  5
306
330
17
100
AcDbEntity
  8
GIZLI
100
AcDbPolyline
 90
2
 70
0
 10
200.0
 20
-67.01601788018868
 10
200.0
 20
-81.02834988018869
  0
LWPOLYLINE
  5
307
330
17
100
AcDbEntity
  8
GIZLI
100
AcDbPolyline
 90
2
 70
0
 10
200.0
 20
-81.02834988018881
 10
1.4210854715202004e-14
 20
-81.02834988018881
  0
LWPOLYLINE
  5
308
330
17
100
AcDbEntity
  8
GIZLI
100
AcDbPolyline
 90
2
 70
0
 10
1.4210854715202004e-14
 20
-67.01601788018868
 10
1.4210854715202004e-14
 20
-81.02834988018869
  0
LWPOLYLINE
  5
309
330
17
100
AcDbEntity
  8
GIZLI
100
AcDbPolyline
 90
2
 70
0
 10
200.0
 20
-81.02834988018881
 10
1.4210854715202004e-14
 20
-81.02834988018881
  0
LWPOLYLINE
  5
30A
330
17
100
AcDbEntity
  8
GIZLI
100
AcDbPolyline
 90
2
 70
0
 10
200.0
 20
-81.02834988018869
 10
200.0
 20
-67.01601788018868
  0
LWPOLYLINE
  5
30B
330
17
100
AcDbEntity
  8
GIZLI
100
AcDbPolyline
 90
2
 70
0
 10
0.0
 20
-81.02834988018869
 10
0.0
 20
-67.01601788018868
  0
LWPOLYLINE
  5
30C
330
17
100
AcDbEntity
  8
GIZLI
100
AcDbPolyline
 90
2
 70
0
 10
200.0
 20
-67.01601788018887
 10
200.0
 20
-66.00001888024063
  0
LWPOLYLINE
  5
30D
330
17
100
AcDbEntity
  8
GIZLI
100
AcDbPolyline
 90
2
 70
0
 10
200.0
 20
-66.00001888018883
 10
1.4210854715202004e-14
 20
-66.00001888018883
  0
LWPOLYLINE
  5
30E
330
17
100
AcDbEntity
  8
GIZLI
100
AcDbPolyline
 90
2
 70
0
 10
0.0
 20
-67.01601788018887
 10
0.0
 20
-66.00001888023888
  0
LWPOLYLINE
  5
30F
330
17
100
AcDbEntity
  8
GIZLI
100
AcDbPolyline
 90
2
 70
0
 10
200.0
 20
-66.00001888018883
 10
1.4210854715202004e-14
 20
-66.00001888018883
  0
LWPOLYLINE
  5
310
330
17
100
AcDbEntity
  8
GIZLI
100
AcDbPolyline
 90
2
 70
0
 10
200.0
 20
-66.00001888024377
 10
200.0
 20
-67.01601788018861
  0
LWPOLYLINE
  5
311
330
17
100
AcDbEntity
  8
GIZLI
100
AcDbPolyline
 90
2
 70
0
 10
0.0
 20
-66.00001888024377
 10
0.0
 20
-67.01601788018861
  0
LWPOLYLINE
  5
312
330
17
100
AcDbEntity
  8
GIZLI
100
AcDbPolyline
 90
2
 70
0
 10
200.0
 20
-67.01601788018887
 10
200.0
 20
-71.50334988018888
  0
LWPOLYLINE
  5
313
330
17
100
AcDbEntity
  8
GIZLI
100
AcDbPolyline
 90
2
 70
0
 10
0.0
 20
-67.01601788018887
 10
0.0
 20
-71.50334988018888
  0
LWPOLYLINE
  5
314
330
17
100
AcDbEntity
  8
GIZLI
100
AcDbPolyline
 90
2
 70
0
 10
0.0
 20
-72.51935688024872
 10
0.0
 20
-71.50334988018862
  0
LWPOLYLINE
  5
315
330
17
100
AcDbEntity
  8
GIZLI
100
AcDbPolyline
 90
2
 70
0
 10
200.0
 20
-72.5193568801889
 10
1.4210854715202004e-14
 20
-72.5193568801889
  0
LWPOLYLINE
  5
316
330
17
100
AcDbEntity
  8
GIZLI
100
AcDbPolyline
 90
2
 70
0
 10
200.0
 20
-72.51935688024872
 10
200.0
 20
-71.50334988018862
  0
LWPOLYLINE
  5
317
330
17
100
AcDbEntity
  8
GIZLI
100
AcDbPolyline
 90
2
 70
0
 10
200.0
 20
-72.5193568801889
 10
1.4210854715202004e-14
 20
-72.5193568801889
  0
LWPOLYLINE
  5
318
330
17
100
AcDbEntity
  8
GIZLI
100
AcDbPolyline
 90
2
 70
0
 10
200.0
 20
-72.51935688004644
 10
200.0
 20
-72.51847487842774
  0
LWPOLYLINE
  5
319
330
17
100
AcDbEntity
  8
GIZLI
100
AcDbPolyline
 90
2
 70
0
 10
200.0
 20
-72.51847487842774
 10
200.0
 20
-73.49302088018874
  0
LWPOLYLINE
  5
31A
330
17
100
AcDbEntity
  8
GIZLI
100
AcDbPolyline
 90
2
 70
0
 10
0.0
 20
-72.51935688004644
 10
0.0
 20
-72.51847487842774
  0
LWPOLYLINE
  5
31B
330
17
100
AcDbEntity
  8
GIZLI
100
AcDbPolyline
 90
2
 70
0
 10
0.0
 20
-72.51847487842774
 10
0.0
 20
-73.49302088018874
  0
LWPOLYLINE
  5
31C
330
17
100
AcDbEntity
  8
GIZLI
100
AcDbPolyline
 90
2
 70
0
 10
200.0
 20
-73.49302088018895
 10
200.0
 20
-76.49868388018895
  0
LWPOLYLINE
  5
31D
330
17
100
AcDbEntity
  8
GIZLI
100
AcDbPolyline
 90
2
 70
0
 10
0.0
 20
-73.49302088018895
 10
0.0
 20
-76.49868388018895
  0
LWPOLYLINE
  5
31E
330
17
100
AcDbEntity
  8
GIZLI
100
AcDbPolyline
 90
2
 70
0
 10
200.0
 20
-76.4986838801886
 10
200.0
 20
-77.5146828805646
  0
LWPOLYLINE
  5
31F
330
17
100
AcDbEntity
  8
GIZLI
100
AcDbPolyline
 90
2
 70
0
 10
200.0
 20
-77.51468288018864
 10
1.4210854715202004e-14
 20
-77.51468288018864
  0
LWPOLYLINE
  5
320
330
17
100
AcDbEntity
  8
GIZLI
100
AcDbPolyline
 90
2
 70
0
 10
0.0
 20
-76.4986838801886
 10
0.0
 20
-77.5146828805646
  0
LWPOLYLINE
  5
321
330
17
100
AcDbEntity
  8
GIZLI
100
AcDbPolyline
 90
2
 70
0
 10
200.0
 20
-77.51468288018864
 10
1.4210854715202004e-14
 20
-77.51468288018864
  0
LWPOLYLINE
  5
322
330
17
100
AcDbEntity
  8
GIZLI
100
AcDbPolyline
 90
2
 70
0
 10
200.0
 20
-77.51468288018891
 10
200.0
 20
-83.06035588018892
  0
LWPOLYLINE
  5
323
330
17
100
AcDbEntity
  8
GIZLI
100
AcDbPolyline
 90
2
 70
0
 10
0.0
 20
-77.51468288018891
 10
0.0
 20
-83.06035588018892
  0
LWPOLYLINE
  5
324
330
17
100
AcDbEntity
  8
GIZLI
100
AcDbPolyline
 90
2
 70
0
 10
200.0
 20
-83.06035588018898
 10
200.0
 20
-83.69929769089653
  0
LWPOLYLINE
  5
325
330
17
100
AcDbEntity
  8
GIZLI
100
AcDbPolyline
 90
2
 70
0
 10
0.0
 20
-83.06035588018898
 10
0.0
 20
-83.69929769089653
  0
LWPOLYLINE
  5
326
330
17
100
AcDbEntity
  8
GIZLI
100
AcDbPolyline
 90
2
 70
0
 10
0.0
 20
-84.37268705648887
 10
0.0
 20
-83.69929964665211
  0
LWPOLYLINE
  5
327
330
17
100
AcDbEntity
  8
GIZLI
100
AcDbPolyline
 90
2
 70
0
 10
200.0
 20
-84.37268705648887
 10
200.0
 20
-83.69929964665211
  0
LWPOLYLINE
  5
328
330
17
100
AcDbEntity
  8
GIZLI
100
AcDbPolyline
 90
2
 70
0
 10
200.0
 20
-84.37268705648859
 10
200.0
 20
-97.1150208801886
  0
LWPOLYLINE
  5
329
330
17
100
AcDbEntity
  8
GIZLI
100
AcDbPolyline
 90
2
 70
0
 10
0.0
 20
-84.37268705648859
 10
0.0
 20
-97.1150208801886
  0
LWPOLYLINE
  5
32A
330
17
100
AcDbEntity
  8
GIZLI
100
AcDbPolyline
 90
2
 70
0
 10
0.0
 20
-98.04596194719299
 10
0.0
 20
-97.11502088018868
  0
LWPOLYLINE
  5
32B
330
17
100
AcDbEntity
  8
GIZLI
100
AcDbPolyline
 90
2
 70
0
 10
200.0
 20
-98.04596194719299
 10
200.0
 20
-97.11502088018868
  0
LWPOLYLINE
  5
32C
330
17
100
AcDbEntity
  8
GIZLI
100
AcDbPolyline
 90
2
 70
0
 10
200.0
 20
-98.04596194723746
 10
200.0
 20
-98.9776899411889
  0
LWPOLYLINE
  5
32D
330
17
100
AcDbEntity
  8
GIZLI
100
AcDbPolyline
 90
2
 70
0
 10
0.0
 20
-98.04596194723746
 10
0.0
 20
-98.9776899411889
  0
LWPOLYLINE
  5
32E
330
17
100
AcDbEntity
  8
GIZLI
100
AcDbPolyline
 90
2
 70
0
 10
200.0
 20
-98.97768994118859
 10
200.0
 20
-104.5233538801886
  0
LWPOLYLINE
  5
32F
330
17
100
AcDbEntity
  8
GIZLI
100
AcDbPolyline
 90
2
 70
0
 10
200.0
 20
-104.5233538801887
 10
1.4210854715202004e-14
 20
-104.5233538801887
  0
LWPOLYLINE
  5
330
330
17
100
AcDbEntity
  8
GIZLI
100
AcDbPolyline
 90
2
 70
0
 10
0.0
 20
-98.97768994118859
 10
0.0
 20
-104.5233538801886
  0
LWPOLYLINE
  5
331
330
17
100
AcDbEntity
  8
GIZLI
100
AcDbPolyline
 90
2
 70
0
 10
200.0
 20
-104.5233538801887
 10
1.4210854715202004e-14
 20
-104.5233538801887
  0
LWPOLYLINE
  5
332
330
17
100
AcDbEntity
  8
GIZLI
100
AcDbPolyline
 90
2
 70
0
 10
200.0
 20
-104.52335388019019
 10
200.0
 20
-108.1216888801933
  0
LWPOLYLINE
  5
333
330
17
100
AcDbEntity
  8
GIZLI
100
AcDbPolyline
 90
2
 70
0
 10
200.0
 20
-108.12168888018883
 10
1.4210854715202004e-14
 20
-108.12168888018883
  0
LWPOLYLINE
  5
334
330
17
100
AcDbEntity
  8
GIZLI
100
AcDbPolyline
 90
2
 70
0
 10
0.0
 20
-104.52335388018874
 10
0.0
 20
-108.1216888801933
  0
LWPOLYLINE
  5
335
330
17
100
AcDbEntity
  8
GIZLI
100
AcDbPolyline
 90
2
 70
0
 10
200.0
 20
-108.12168888018904
 10
200.0
 20
-112.77834988018859
  0
LWPOLYLINE
  5
336
330
17
100
AcDbEntity
  8
GIZLI
100
AcDbPolyline
 90
2
 70
0
 10
0.0
 20
-108.12168888018904
 10
0.0
 20
-112.77834988018859
  0
LWPOLYLINE
  5
337
330
17
100
AcDbEntity
  8
GIZLI
100
AcDbPolyline
 90
2
 70
0
 10
0.0
 20
-113.49802488021389
 10
0.0
 20
-113.49828793097062
  0
LWPOLYLINE
  5
338
330
17
100
AcDbEntity
  8
GIZLI
100
AcDbPolyline
 90
2
 70
0
 10
0.0
 20
-113.49828793097062
 10
0.0
 20
-112.77834988017983
  0
LWPOLYLINE
  5
339
330
17
100
AcDbEntity
  8
GIZLI
100
AcDbPolyline
 90
2
 70
0
 10
200.0
 20
-113.49802488018864
 10
1.4210854715202004e-14
 20
-113.49802488018864
  0
LWPOLYLINE
  5
33A
330
17
100
AcDbEntity
  8
GIZLI
100
AcDbPolyline
 90
2
 70
0
 10
200.0
 20
-113.49802488021389
 10
200.0
 20
-113.49828793097062
  0
LWPOLYLINE
  5
33B
330
17
100
AcDbEntity
  8
GIZLI
100
AcDbPolyline
 90
2
 70
0
 10
200.0
 20
-113.49828793097062
 10
200.0
 20
-112.77834988017983
  0
LWPOLYLINE
  5
33C
330
17
100
AcDbEntity
  8
GIZLI
100
AcDbPolyline
 90
2
 70
0
 10
200.0
 20
-113.49802488018864
 10
1.4210854715202004e-14
 20
-113.49802488018864
  0
LWPOLYLINE
  5
33D
330
17
100
AcDbEntity
  8
GIZLI
100
AcDbPolyline
 90
2
 70
0
 10
200.0
 20
-113.49802488016161
 10
200.0
 20
-114.00601988018889
  0
LWPOLYLINE
  5
33E
330
17
100
AcDbEntity
  8
GIZLI
100
AcDbPolyline
 90
2
 70
0
 10
0.0
 20
-113.49802488014188
 10
0.0
 20
-114.00601988018889
  0
LWPOLYLINE
  5
33F
330
17
100
AcDbEntity
  8
GIZLI
100
AcDbPolyline
 90
2
 70
0
 10
200.0
 20
-114.00601988018862
 10
200.0
 20
-118.02768988018862
  0
LWPOLYLINE
  5
340
330
17
100
AcDbEntity
  8
GIZLI
100
AcDbPolyline
 90
2
 70
0
 10
0.0
 20
-114.00601988018862
 10
0.0
 20
-118.02768988018862
  0
LWPOLYLINE
  5
341
330
17
100
AcDbEntity
  8
GIZLI
100
AcDbPolyline
 90
2
 70
0
 10
200.0
 20
-118.02768988018853
 10
200.0
 20
-118.49512253341953
  0
LWPOLYLINE
  5
342
330
17
100
AcDbEntity
  8
GIZLI
100
AcDbPolyline
 90
2
 70
0
 10
200.0
 20
-118.49512253341953
 10
200.0
 20
-118.49335888020212
  0
LWPOLYLINE
  5
343
330
17
100
AcDbEntity
  8
GIZLI
100
AcDbPolyline
 90
2
 70
0
 10
200.0
 20
-118.49335888018882
 10
1.4210854715202004e-14
 20
-118.49335888018882
  0
LWPOLYLINE
  5
344
330
17
100
AcDbEntity
  8
GIZLI
100
AcDbPolyline
 90
2
 70
0
 10
0.0
 20
-118.02768988018853
 10
0.0
 20
-118.49512253341953
  0
LWPOLYLINE
  5
345
330
17
100
AcDbEntity
  8
GIZLI
100
AcDbPolyline
 90
2
 70
0
 10
0.0
 20
-118.49512253341953
 10
0.0
 20
-118.49335888020212
  0
LWPOLYLINE
  5
346
330
17
100
AcDbEntity
  8
GIZLI
100
AcDbPolyline
 90
2
 70
0
 10
200.0
 20
-118.49335888018882
 10
1.4210854715202004e-14
 20
-118.49335888018882
  0
LWPOLYLINE
  5
347
330
17
100
AcDbEntity
  8
GIZLI
100
AcDbPolyline
 90
2
 70
0
 10
0.0
 20
-118.87435988016519
 10
0.0
 20
-117.19548388195871
  0
LWPOLYLINE
  5
348
330
17
100
AcDbEntity
  8
GIZLI
100
AcDbPolyline
 90
2
 70
0
 10
0.0
 20
-117.19548388195871
 10
0.0
 20
-118.4933588802328
  0
LWPOLYLINE
  5
349
330
17
100
AcDbEntity
  8
GIZLI
100
AcDbPolyline
 90
2
 70
0
 10
200.0
 20
-118.87435988016519
 10
200.0
 20
-117.19548388195871
  0
LWPOLYLINE
  5
34A
330
17
100
AcDbEntity
  8
GIZLI
100
AcDbPolyline
 90
2
 70
0
 10
200.0
 20
-117.19548388195871
 10
200.0
 20
-118.4933588802328
  0
LWPOLYLINE
  5
34B
330
17
100
AcDbEntity
  8
GIZLI
100
AcDbPolyline
 90
2
 70
0
 10
200.0
 20
-118.87435988014597
 10
200.0
 20
-120.82168888018884
  0
LWPOLYLINE
  5
34C
330
17
100
AcDbEntity
  8
GIZLI
100
AcDbPolyline
 90
2
 70
0
 10
0.0
 20
-118.87435988014597
 10
0.0
 20
-120.82168888018884
  0
LWPOLYLINE
  5
34D
330
17
100
AcDbEntity
  8
GIZLI
100
AcDbPolyline
 90
2
 70
0
 10
0.0
 20
-123.82735188014807
 10
0.0
 20
-120.82168888018396
  0
LWPOLYLINE
  5
34E
330
17
100
AcDbEntity
  8
GIZLI
100
AcDbPolyline
 90
2
 70
0
 10
200.0
 20
-123.82735188018856
 10
1.4210854715202004e-14
 20
-123.82735188018856
  0
LWPOLYLINE
  5
34F
330
17
100
AcDbEntity
  8
GIZLI
100
AcDbPolyline
 90
2
 70
0
 10
200.0
 20
-123.82735188014807
 10
200.0
 20
-120.82168888018396
  0
LWPOLYLINE
  5
350
330
17
100
AcDbEntity
  8
GIZLI
100
AcDbPolyline
 90
2
 70
0
 10
200.0
 20
-123.82735188018856
 10
1.4210854715202004e-14
 20
-123.82735188018856
  0
LWPOLYLINE
  5
351
330
17
100
AcDbEntity
  8
GIZLI
100
AcDbPolyline
 90
2
 70
0
 10
0.0
 20
-122.5150128801775
 10
0.0
 20
-123.82735188013342
  0
LWPOLYLINE
  5
352
330
17
100
AcDbEntity
  8
GIZLI
100
AcDbPolyline
 90
2
 70
0
 10
200.0
 20
-122.51501288018895
 10
1.4210854715202004e-14
 20
-122.51501288018895
  0
LWPOLYLINE
  5
353
330
17
100
AcDbEntity
  8
GIZLI
100
AcDbPolyline
 90
2
 70
0
 10
200.0
 20
-122.5150128801775
 10
200.0
 20
-123.82735188013342
  0
LWPOLYLINE
  5
354
330
17
100
AcDbEntity
  8
GIZLI
100
AcDbPolyline
 90
2
 70
0
 10
200.0
 20
-122.51501288018895
 10
1.4210854715202004e-14
 20
-122.51501288018895
  0
LWPOLYLINE
  5
355
330
17
100
AcDbEntity
  8
GIZLI
100
AcDbPolyline
 90
2
 70
0
 10
200.0
 20
-122.51501288016955
 10
200.0
 20
-123.02302488018873
  0
LWPOLYLINE
  5
356
330
17
100
AcDbEntity
  8
GIZLI
100
AcDbPolyline
 90
2
 70
0
 10
0.0
 20
-122.51501288016955
 10
0.0
 20
-123.02302488018873
  0
LWPOLYLINE
  5
357
330
17
100
AcDbEntity
  8
GIZLI
100
AcDbPolyline
 90
2
 70
0
 10
200.0
 20
-123.02302488018856
 10
200.0
 20
-125.52069188018855
  0
LWPOLYLINE
  5
358
330
17
100
AcDbEntity
  8
GIZLI
100
AcDbPolyline
 90
2
 70
0
 10
0.0
 20
-123.02302488018856
 10
0.0
 20
-125.52069188018855
  0
LWPOLYLINE
  5
359
330
17
100
AcDbEntity
  8
GIZLI
100
AcDbPolyline
 90
2
 70
0
 10
200.0
 20
-125.52069188018882
 10
200.0
 20
-127.44232181717882
  0
LWPOLYLINE
  5
35A
330
17
100
AcDbEntity
  8
GIZLI
100
AcDbPolyline
 90
2
 70
0
 10
200.0
 20
-127.44232181717882
 10
200.0
 20
-127.44120525156568
  0
LWPOLYLINE
  5
35B
330
17
100
AcDbEntity
  8
GIZLI
100
AcDbPolyline
 90
2
 70
0
 10
0.0
 20
-125.52069188018882
 10
0.0
 20
-127.44232181717882
  0
LWPOLYLINE
  5
35C
330
17
100
AcDbEntity
  8
GIZLI
100
AcDbPolyline
 90
2
 70
0
 10
0.0
 20
-127.44232181717882
 10
0.0
 20
-127.44120525156568
  0
LWPOLYLINE
  5
35D
330
17
100
AcDbEntity
  8
GIZLI
100
AcDbPolyline
 90
2
 70
0
 10
200.0
 20
-127.44120699825297
 10
200.0
 20
-127.09263139120081
  0
LWPOLYLINE
  5
35E
330
17
100
AcDbEntity
  8
GIZLI
100
AcDbPolyline
 90
2
 70
0
 10
0.0
 20
-127.44120699825297
 10
0.0
 20
-127.09263139120081
  0
LWPOLYLINE
  5
35F
330
17
100
AcDbEntity
  8
GIZLI
100
AcDbPolyline
 90
2
 70
0
 10
0.0
 20
-126.49435688023135
 10
0.0
 20
-127.09263139119625
  0
LWPOLYLINE
  5
360
330
17
100
AcDbEntity
  8
GIZLI
100
AcDbPolyline
 90
2
 70
0
 10
200.0
 20
-126.49435688028885
 10
1.4210854715202004e-14
 20
-126.49435688028885
  0
LWPOLYLINE
  5
361
330
17
100
AcDbEntity
  8
GIZLI
100
AcDbPolyline
 90
2
 70
0
 10
200.0
 20
-126.49435688023135
 10
200.0
 20
-127.09263139119625
  0
LWPOLYLINE
  5
362
330
17
100
AcDbEntity
  8
GIZLI
100
AcDbPolyline
 90
2
 70
0
 10
200.0
 20
-126.4943568801888
 10
1.4210854715202004e-14
 20
-126.4943568801888
  0
LWPOLYLINE
  5
363
330
17
100
AcDbEntity
  8
GIZLI
100
AcDbPolyline
 90
2
 70
0
 10
0.0
 20
-127.17168888019364
 10
0.0
 20
-126.49435688022677
  0
LWPOLYLINE
  5
364
330
17
100
AcDbEntity
  8
GIZLI
100
AcDbPolyline
 90
2
 70
0
 10
200.0
 20
-127.17168888018855
 10
1.4210854715202004e-14
 20
-127.17168888018855
  0
LWPOLYLINE
  5
365
330
17
100
AcDbEntity
  8
GIZLI
100
AcDbPolyline
 90
2
 70
0
 10
200.0
 20
-127.17168888019364
 10
200.0
 20
-126.49435688022677
  0
LWPOLYLINE
  5
366
330
17
100
AcDbEntity
  8
GIZLI
100
AcDbPolyline
 90
2
 70
0
 10
200.0
 20
-127.17168888018875
 10
200.0
 20
-127.38335288018874
  0
LWPOLYLINE
  5
367
330
17
100
AcDbEntity
  8
GIZLI
100
AcDbPolyline
 90
2
 70
0
 10
200.0
 20
-127.38335288018894
 10
1.4210854715202004e-14
 20
-127.38335288018894
  0
LWPOLYLINE
  5
368
330
17
100
AcDbEntity
  8
GIZLI
100
AcDbPolyline
 90
2
 70
0
 10
0.0
 20
-127.17168888018875
 10
0.0
 20
-127.38335288018874
  0
LWPOLYLINE
  5
369
330
17
100
AcDbEntity
  8
GIZLI
100
AcDbPolyline
 90
2
 70
0
 10
200.0
 20
-127.38335288018874
 10
200.0
 20
-127.46802088018865
  0
LWPOLYLINE
  5
36A
330
17
100
AcDbEntity
  8
GIZLI
100
AcDbPolyline
 90
2
 70
0
 10
200.0
 20
-127.4680208801889
 10
1.4210854715202004e-14
 20
-127.4680208801889
  0
LWPOLYLINE
  5
36B
330
17
100
AcDbEntity
  8
GIZLI
100
AcDbPolyline
 90
2
 70
0
 10
0.0
 20
-127.38335288018874
 10
0.0
 20
-127.46802088018865
  0
LWPOLYLINE
  5
36C
330
17
100
AcDbEntity
  8
GIZLI
100
AcDbPolyline
 90
2
 70
0
 10
200.0
 20
-127.46802088018866
 10
200.0
 20
-127.38335288018871
  0
LWPOLYLINE
  5
36D
330
17
100
AcDbEntity
  8
GIZLI
100
AcDbPolyline
 90
2
 70
0
 10
200.0
 20
-127.38335288018894
 10
1.4210854715202004e-14
 20
-127.38335288018894
  0
LWPOLYLINE
  5
36E
330
17
100
AcDbEntity
  8
GIZLI
100
AcDbPolyline
 90
2
 70
0
 10
0.0
 20
-127.46802088018866
 10
0.0
 20
-127.38335288018871
  0
LWPOLYLINE
  5
36F
330
17
100
AcDbEntity
  8
GIZLI
100
AcDbPolyline
 90
2
 70
0
 10
200.0
 20
-127.38335288018877
 10
200.0
 20
-127.17168888018873
  0
LWPOLYLINE
  5
370
330
17
100
AcDbEntity
  8
GIZLI
100
AcDbPolyline
 90
2
 70
0
 10
200.0
 20
-127.17168888018855
 10
1.4210854715202004e-14
 20
-127.17168888018855
  0
LWPOLYLINE
  5
371
330
17
100
AcDbEntity
  8
GIZLI
100
AcDbPolyline
 90
2
 70
0
 10
0.0
 20
-127.38335288018877
 10
0.0
 20
-127.17168888018873
  0
LWPOLYLINE
  5
372
330
17
100
AcDbEntity
  8
GIZLI
100
AcDbPolyline
 90
2
 70
0
 10
200.0
 20
-127.17168888018861
 10
200.0
 20
-126.8753568801886
  0
LWPOLYLINE
  5
373
330
17
100
AcDbEntity
  8
GIZLI
100
AcDbPolyline
 90
2
 70
0
 10
200.0
 20
-126.87535688018866
 10
1.4210854715202004e-14
 20
-126.87535688018866
  0
LWPOLYLINE
  5
374
330
17
100
AcDbEntity
  8
GIZLI
100
AcDbPolyline
 90
2
 70
0
 10
0.0
 20
-127.17168888018861
 10
0.0
 20
-126.8753568801886
  0
LWPOLYLINE
  5
375
330
17
100
AcDbEntity
  8
GIZLI
100
AcDbPolyline
 90
2
 70
0
 10
200.0
 20
-126.87535688018897
 10
200.0
 20
-126.49435688018895
  0
LWPOLYLINE
  5
376
330
17
100
AcDbEntity
  8
GIZLI
100
AcDbPolyline
 90
2
 70
0
 10
200.0
 20
-126.4943568801888
 10
1.4210854715202004e-14
 20
-126.4943568801888
  0
LWPOLYLINE
  5
377
330
17
100
AcDbEntity
  8
GIZLI
100
AcDbPolyline
 90
2
 70
0
 10
0.0
 20
-126.87535688018897
 10
0.0
 20
-126.49435688018895
  0
LWPOLYLINE
  5
378
330
17
100
AcDbEntity
  8
GIZLI
100
AcDbPolyline
 90
2
 70
0
 10
0.0
 20
-123.53101988016952
 10
0.0
 20
-126.49435688018845
  0
LWPOLYLINE
  5
379
330
17
100
AcDbEntity
  8
GIZLI
100
AcDbPolyline
 90
2
 70
0
 10
200.0
 20
-123.53101988018867
 10
1.4210854715202004e-14
 20
-123.53101988018867
  0
LWPOLYLINE
  5
37A
330
17
100
AcDbEntity
  8
GIZLI
100
AcDbPolyline
 90
2
 70
0
 10
200.0
 20
-123.53101988016952
 10
200.0
 20
-126.49435688018845
  0
LWPOLYLINE
  5
37B
330
17
100
AcDbEntity
  8
GIZLI
100
AcDbPolyline
 90
2
 70
0
 10
200.0
 20
-123.53101988018867
 10
1.4210854715202004e-14
 20
-123.53101988018867
  0
LWPOLYLINE
  5
37C
330
17
100
AcDbEntity
  8
GIZLI
100
AcDbPolyline
 90
2
 70
0
 10
0.0
 20
-126.49435688018866
 10
0.0
 20
-123.53072478963867
  0
LWPOLYLINE
  5
37D
330
17
100
AcDbEntity
  8
GIZLI
100
AcDbPolyline
 90
2
 70
0
 10
0.0
 20
-123.53072478963867
 10
0.0
 20
-123.53102286541822
  0
LWPOLYLINE
  5
37E
330
17
100
AcDbEntity
  8
GIZLI
100
AcDbPolyline
 90
2
 70
0
 10
200.0
 20
-126.49435688018866
 10
200.0
 20
-123.53072478963867
  0
LWPOLYLINE
  5
37F
330
17
100
AcDbEntity
  8
GIZLI
100
AcDbPolyline
 90
2
 70
0
 10
200.0
 20
-123.53072478963867
 10
200.0
 20
-123.53102286541822
  0
LWPOLYLINE
  5
380
330
17
100
AcDbEntity
  8
GIZLI
100
AcDbPolyline
 90
2
 70
0
 10
200.0
 20
-126.49435688018866
 10
200.0
 20
-144.02035388018868
  0
LWPOLYLINE
  5
381
330
17
100
AcDbEntity
  8
GIZLI
100
AcDbPolyline
 90
2
 70
0
 10
200.0
 20
-144.02035388018854
 10
1.4210854715202004e-14
 20
-144.02035388018854
  0
LWPOLYLINE
  5
382
330
17
100
AcDbEntity
  8
GIZLI
100
AcDbPolyline
 90
2
 70
0
 10
0.0
 20
-126.49435688018866
 10
0.0
 20
-144.02035388018868
  0
LWPOLYLINE
  5
383
330
17
100
AcDbEntity
  8
GIZLI
100
AcDbPolyline
 90
2
 70
0
 10
200.0
 20
-144.0203538801892
 10
200.0
 20
-151.55568188018873
  0
LWPOLYLINE
  5
384
330
17
100
AcDbEntity
  8
GIZLI
100
AcDbPolyline
 90
2
 70
0
 10
0.0
 20
-144.0203538801892
 10
0.0
 20
-151.55568188018873
  0
LWPOLYLINE
  5
385
330
17
100
AcDbEntity
  8
GIZLI
100
AcDbPolyline
 90
2
 70
0
 10
0.0
 20
-152.02135088017982
 10
0.0
 20
-151.55568188019174
  0
LWPOLYLINE
  5
386
330
17
100
AcDbEntity
  8
GIZLI
100
AcDbPolyline
 90
2
 70
0
 10
200.0
 20
-152.02135088018863
 10
1.4210854715202004e-14
 20
-152.02135088018863
  0
LWPOLYLINE
  5
387
330
17
100
AcDbEntity
  8
GIZLI
100
AcDbPolyline
 90
2
 70
0
 10
200.0
 20
-152.02135088017982
 10
200.0
 20
-151.55568188019174
  0
LWPOLYLINE
  5
388
330
17
100
AcDbEntity
  8
GIZLI
100
AcDbPolyline
 90
2
 70
0
 10
200.0
 20
-152.02135088018863
 10
1.4210854715202004e-14
 20
-152.02135088018863
  0
LWPOLYLINE
  5
389
330
17
100
AcDbEntity
  8
GIZLI
100
AcDbPolyline
 90
2
 70
0
 10
200.0
 20
-152.02135088023638
 10
200.0
 20
-152.95268988019248
  0
LWPOLYLINE
  5
38A
330
17
100
AcDbEntity
  8
GIZLI
100
AcDbPolyline
 90
2
 70
0
 10
200.0
 20
-152.95268988018884
 10
1.4210854715202004e-14
 20
-152.95268988018884
  0
LWPOLYLINE
  5
38B
330
17
100
AcDbEntity
  8
GIZLI
100
AcDbPolyline
 90
2
 70
0
 10
0.0
 20
-152.02135088023638
 10
0.0
 20
-152.95268988019248
  0
LWPOLYLINE
  5
38C
330
17
100
AcDbEntity
  8
GIZLI
100
AcDbPolyline
 90
2
 70
0
 10
0.0
 20
-152.95268988018876
 10
0.0
 20
-155.9948963346986
  0
LWPOLYLINE
  5
38D
330
17
100
AcDbEntity
  8
GIZLI
100
AcDbPolyline
 90
2
 70
0
 10
0.0
 20
-155.9948963346986
 10
0.0
 20
-152.95268988018876
  0
LWPOLYLINE
  5
38E
330
17
100
AcDbEntity
  8
GIZLI
100
AcDbPolyline
 90
2
 70
0
 10
200.0
 20
-152.95268988018884
 10
1.4210854715202004e-14
 20
-152.95268988018884
  0
LWPOLYLINE
  5
38F
330
17
100
AcDbEntity
  8
GIZLI
100
AcDbPolyline
 90
2
 70
0
 10
200.0
 20
-152.95268988018876
 10
200.0
 20
-155.9948963346986
  0
LWPOLYLINE
  5
390
330
17
100
AcDbEntity
  8
GIZLI
100
AcDbPolyline
 90
2
 70
0
 10
200.0
 20
-155.9948963346986
 10
200.0
 20
-152.95268988018876
  0
LWPOLYLINE
  5
391
330
17
100
AcDbEntity
  8
GIZLI
100
AcDbPolyline
 90
2
 70
0
 10
200.0
 20
-152.95268988018856
 10
200.0
 20
-152.6140158801886
  0
LWPOLYLINE
  5
392
330
17
100
AcDbEntity
  8
GIZLI
100
AcDbPolyline
 90
2
 70
0
 10
200.0
 20
-152.61401588018876
 10
1.4210854715202004e-14
 20
-152.61401588018876
  0
LWPOLYLINE
  5
393
330
17
100
AcDbEntity
  8
GIZLI
100
AcDbPolyline
 90
2
 70
0
 10
0.0
 20
-152.95268988018856
 10
0.0
 20
-152.6140158801886
  0
LWPOLYLINE
  5
394
330
17
100
AcDbEntity
  8
GIZLI
100
AcDbPolyline
 90
2
 70
0
 10
200.0
 20
-152.61401588018867
 10
200.0
 20
-152.3176828801886
  0
LWPOLYLINE
  5
395
330
17
100
AcDbEntity
  8
GIZLI
100
AcDbPolyline
 90
2
 70
0
 10
200.0
 20
-152.31768288018853
 10
1.4210854715202004e-14
 20
-152.31768288018853
  0
LWPOLYLINE
  5
396
330
17
100
AcDbEntity
  8
GIZLI
100
AcDbPolyline
 90
2
 70
0
 10
0.0
 20
-152.61401588018867
 10
0.0
 20
-152.3176828801886
  0
LWPOLYLINE
  5
397
330
17
100
AcDbEntity
  8
GIZLI
100
AcDbPolyline
 90
2
 70
0
 10
200.0
 20
-152.31768288018895
 10
200.0
 20
-152.10601988018897
  0
LWPOLYLINE
  5
398
330
17
100
AcDbEntity
  8
GIZLI
100
AcDbPolyline
 90
2
 70
0
 10
200.0
 20
-152.10601988018894
 10
1.4210854715202004e-14
 20
-152.10601988018894
  0
LWPOLYLINE
  5
399
330
17
100
AcDbEntity
  8
GIZLI
100
AcDbPolyline
 90
2
 70
0
 10
0.0
 20
-152.31768288018895
 10
0.0
 20
-152.10601988018897
  0
LWPOLYLINE
  5
39A
330
17
100
AcDbEntity
  8
GIZLI
100
AcDbPolyline
 90
2
 70
0
 10
200.0
 20
-152.10601988018863
 10
200.0
 20
-152.0213508801885
  0
LWPOLYLINE
  5
39B
330
17
100
AcDbEntity
  8
GIZLI
100
AcDbPolyline
 90
2
 70
0
 10
200.0
 20
-152.02135088018863
 10
1.4210854715202004e-14
 20
-152.02135088018863
  0
LWPOLYLINE
  5
39C
330
17
100
AcDbEntity
  8
GIZLI
100
AcDbPolyline
 90
2
 70
0
 10
0.0
 20
-152.10601988018863
 10
0.0
 20
-152.0213508801885
  0
LWPOLYLINE
  5
39D
330
17
100
AcDbEntity
  8
GIZLI
100
AcDbPolyline
 90
2
 70
0
 10
200.0
 20
-152.02135088015507
 10
200.0
 20
-152.01595103548894
  0
LWPOLYLINE
  5
39E
330
17
100
AcDbEntity
  8
GIZLI
100
AcDbPolyline
 90
2
 70
0
 10
200.0
 20
-152.01595103548894
 10
200.0
 20
-154.3496818801837
  0
LWPOLYLINE
  5
39F
330
17
100
AcDbEntity
  8
GIZLI
100
AcDbPolyline
 90
2
 70
0
 10
0.0
 20
-152.02135088015507
 10
0.0
 20
-152.01595103548894
  0
LWPOLYLINE
  5
3A0
330
17
100
AcDbEntity
  8
GIZLI
100
AcDbPolyline
 90
2
 70
0
 10
0.0
 20
-152.01595103548894
 10
0.0
 20
-154.3496818801837
  0
LWPOLYLINE
  5
3A1
330
17
100
AcDbEntity
  8
GIZLI
100
AcDbPolyline
 90
2
 70
0
 10
200.0
 20
-154.34968188018865
 10
200.0
 20
-155.23869388018858
  0
LWPOLYLINE
  5
3A2
330
17
100
AcDbEntity
  8
GIZLI
100
AcDbPolyline
 90
2
 70
0
 10
200.0
 20
-155.2386938801889
 10
1.4210854715202004e-14
 20
-155.2386938801889
  0
LWPOLYLINE
  5
3A3
330
17
100
AcDbEntity
  8
GIZLI
100
AcDbPolyline
 90
2
 70
0
 10
0.0
 20
-154.34968188018865
 10
0.0
 20
-155.23869388018858
  0
LWPOLYLINE
  5
3A4
330
17
100
AcDbEntity
  8
GIZLI
100
AcDbPolyline
 90
2
 70
0
 10
200.0
 20
-155.23869388018886
 10
200.0
 20
-156.08534788018886
  0
LWPOLYLINE
  5
3A5
330
17
100
AcDbEntity
  8
GIZLI
100
AcDbPolyline
 90
2
 70
0
 10
200.0
 20
-156.08534788018883
 10
1.4210854715202004e-14
 20
-156.08534788018883
  0
LWPOLYLINE
  5
3A6
330
17
100
AcDbEntity
  8
GIZLI
100
AcDbPolyline
 90
2
 70
0
 10
0.0
 20
-155.23869388018886
 10
0.0
 20
-156.08534788018886
  0
LWPOLYLINE
  5
3A7
330
17
100
AcDbEntity
  8
GIZLI
100
AcDbPolyline
 90
2
 70
0
 10
200.0
 20
-156.08534788018883
 10
200.0
 20
-156.8473488801889
  0
LWPOLYLINE
  5
3A8
330
17
100
AcDbEntity
  8
GIZLI
100
AcDbPolyline
 90
2
 70
0
 10
200.0
 20
-156.8473488801889
 10
1.4210854715202004e-14
 20
-156.8473488801889
  0
LWPOLYLINE
  5
3A9
330
17
100
AcDbEntity
  8
GIZLI
100
AcDbPolyline
 90
2
 70
0
 10
0.0
 20
-156.08534788018883
 10
0.0
 20
-156.8473488801889
  0
LWPOLYLINE
  5
3AA
330
17
100
AcDbEntity
  8
GIZLI
100
AcDbPolyline
 90
2
 70
0
 10
200.0
 20
-156.84734888018883
 10
200.0
 20
-157.48235488018847
  0
LWPOLYLINE
  5
3AB
330
17
100
AcDbEntity
  8
GIZLI
100
AcDbPolyline
 90
2
 70
0
 10
200.0
 20
-157.48235488018886
 10
1.4210854715202004e-14
 20
-157.48235488018886
  0
LWPOLYLINE
  5
3AC
330
17
100
AcDbEntity
  8
GIZLI
100
AcDbPolyline
 90
2
 70
0
 10
0.0
 20
-156.84734888018883
 10
0.0
 20
-157.48235488018847
  0
LWPOLYLINE
  5
3AD
330
17
100
AcDbEntity
  8
GIZLI
100
AcDbPolyline
 90
2
 70
0
 10
200.0
 20
-157.48235488018867
 10
200.0
 20
-158.07501888018885
  0
LWPOLYLINE
  5
3AE
330
17
100
AcDbEntity
  8
GIZLI
100
AcDbPolyline
 90
2
 70
0
 10
200.0
 20
-158.07501888018865
 10
1.4210854715202004e-14
 20
-158.07501888018865
  0
LWPOLYLINE
  5
3AF
330
17
100
AcDbEntity
  8
GIZLI
100
AcDbPolyline
 90
2
 70
0
 10
0.0
 20
-157.48235488018867
 10
0.0
 20
-158.07501888018885
  0
LWPOLYLINE
  5
3B0
330
17
100
AcDbEntity
  8
GIZLI
100
AcDbPolyline
 90
2
 70
0
 10
0.0
 20
-158.92168888018855
 10
0.0
 20
-158.07501888015196
  0
LWPOLYLINE
  5
3B1
330
17
100
AcDbEntity
  8
GIZLI
100
AcDbPolyline
 90
2
 70
0
 10
200.0
 20
-158.92168888018855
 10
200.0
 20
-158.07501888015196
  0
LWPOLYLINE
  5
3B2
330
17
100
AcDbEntity
  8
GIZLI
100
AcDbPolyline
 90
2
 70
0
 10
200.0
 20
-158.92168888018867
 10
200.0
 20
-167.51535088018866
  0
LWPOLYLINE
  5
3B3
330
17
100
AcDbEntity
  8
GIZLI
100
AcDbPolyline
 90
2
 70
0
 10
0.0
 20
-158.92168888018867
 10
0.0
 20
-167.51535088018866
  0
LWPOLYLINE
  5
3B4
330
17
100
AcDbEntity
  8
GIZLI
100
AcDbPolyline
 90
2
 70
0
 10
0.0
 20
-168.4569908318251
 10
0.0
 20
-167.51535088018875
  0
LWPOLYLINE
  5
3B5
330
17
100
AcDbEntity
  8
GIZLI
100
AcDbPolyline
 90
2
 70
0
 10
200.0
 20
-168.4569908318251
 10
200.0
 20
-167.51535088018875
  0
LWPOLYLINE
  5
3B6
330
17
100
AcDbEntity
  8
GIZLI
100
AcDbPolyline
 90
2
 70
0
 10
200.0
 20
-168.45699150857538
 10
200.0
 20
-169.3780118801889
  0
LWPOLYLINE
  5
3B7
330
17
100
AcDbEntity
  8
GIZLI
100
AcDbPolyline
 90
2
 70
0
 10
0.0
 20
-168.45699150857538
 10
0.0
 20
-169.3780118801889
  0
LWPOLYLINE
  5
3B8
330
17
100
AcDbEntity
  8
GIZLI
100
AcDbPolyline
 90
2
 70
0
 10
200.0
 20
-169.37801188018878
 10
200.0
 20
-170.5210138801888
  0
LWPOLYLINE
  5
3B9
330
17
100
AcDbEntity
  8
GIZLI
100
AcDbPolyline
 90
2
 70
0
 10
0.0
 20
-169.37801188018878
 10
0.0
 20
-170.5210138801888
  0
LWPOLYLINE
  5
3BA
330
17
100
AcDbEntity
  8
GIZLI
100
AcDbPolyline
 90
2
 70
0
 10
200.0
 20
-170.52101388018895
 10
200.0
 20
-178.5220268801875
  0
LWPOLYLINE
  5
3BB
330
17
100
AcDbEntity
  8
GIZLI
100
AcDbPolyline
 90
2
 70
0
 10
200.0
 20
-178.52202688018738
 10
1.4210854715202004e-14
 20
-178.52202688018738
  0
LWPOLYLINE
  5
3BC
330
17
100
AcDbEntity
  8
GIZLI
100
AcDbPolyline
 90
2
 70
0
 10
0.0
 20
-170.52101388018895
 10
0.0
 20
-178.52202688018895
  0
LWPOLYLINE
  5
3BD
330
17
100
AcDbEntity
  8
GIZLI
100
AcDbPolyline
 90
2
 70
0
 10
200.0
 20
-178.52202688018775
 10
200.0
 20
-176.49001288018792
  0
LWPOLYLINE
  5
3BE
330
17
100
AcDbEntity
  8
GIZLI
100
AcDbPolyline
 90
2
 70
0
 10
200.0
 20
-176.49001288018886
 10
1.4210854715202004e-14
 20
-176.49001288018886
  0
LWPOLYLINE
  5
3BF
330
17
100
AcDbEntity
  8
GIZLI
100
AcDbPolyline
 90
2
 70
0
 10
0.0
 20
-178.52202688018866
 10
0.0
 20
-176.49001288018792
  0
LWPOLYLINE
  5
3C0
330
17
100
AcDbEntity
  8
GIZLI
100
AcDbPolyline
 90
2
 70
0
 10
200.0
 20
-176.49001288018854
 10
200.0
 20
-174.50035688018852
  0
LWPOLYLINE
  5
3C1
330
17
100
AcDbEntity
  8
GIZLI
100
AcDbPolyline
 90
2
 70
0
 10
200.0
 20
-174.50035688018866
 10
1.4210854715202004e-14
 20
-174.50035688018866
  0
LWPOLYLINE
  5
3C2
330
17
100
AcDbEntity
  8
GIZLI
100
AcDbPolyline
 90
2
 70
0
 10
0.0
 20
-176.49001288018854
 10
0.0
 20
-174.50035688018852
  0
LWPOLYLINE
  5
3C3
330
17
100
AcDbEntity
  8
GIZLI
100
AcDbPolyline
 90
2
 70
0
 10
200.0
 20
-174.50035688018977
 10
200.0
 20
-173.5266918801891
  0
LWPOLYLINE
  5
3C4
330
17
100
AcDbEntity
  8
GIZLI
100
AcDbPolyline
 90
2
 70
0
 10
200.0
 20
-173.52669188018868
 10
1.4210854715202004e-14
 20
-173.52669188018868
  0
LWPOLYLINE
  5
3C5
330
17
100
AcDbEntity
  8
GIZLI
100
AcDbPolyline
 90
2
 70
0
 10
0.0
 20
-174.50035688018977
 10
0.0
 20
-173.52669188018862
  0
LWPOLYLINE
  5
3C6
330
17
100
AcDbEntity
  8
GIZLI
100
AcDbPolyline
 90
2
 70
0
 10
200.0
 20
-173.52669188018868
 10
1.4210854715202004e-14
 20
-173.52669188018868
  0
LWPOLYLINE
  5
3C7
330
17
100
AcDbEntity
  8
GIZLI
100
AcDbPolyline
 90
2
 70
0
 10
0.0
 20
-173.01868088018853
 10
0.0
 20
-173.52669188016606
  0
LWPOLYLINE
  5
3C8
330
17
100
AcDbEntity
  8
GIZLI
100
AcDbPolyline
 90
2
 70
0
 10
200.0
 20
-173.01868088018853
 10
200.0
 20
-173.52669188016606
  0
LWPOLYLINE
  5
3C9
330
17
100
AcDbEntity
  8
GIZLI
100
AcDbPolyline
 90
2
 70
0
 10
200.0
 20
-173.01868088018878
 10
200.0
 20
-168.48901588018876
  0
LWPOLYLINE
  5
3CA
330
17
100
AcDbEntity
  8
GIZLI
100
AcDbPolyline
 90
2
 70
0
 10
200.0
 20
-168.48901588018876
 10
1.4210854715202004e-14
 20
-168.48901588018876
  0
LWPOLYLINE
  5
3CB
330
17
100
AcDbEntity
  8
GIZLI
100
AcDbPolyline
 90
2
 70
0
 10
0.0
 20
-173.01868088018878
 10
0.0
 20
-168.48901588018876
  0
LWPOLYLINE
  5
3CC
330
17
100
AcDbEntity
  8
GIZLI
100
AcDbPolyline
 90
2
 70
0
 10
200.0
 20
-168.48901588018563
 10
200.0
 20
-168.0233458801891
  0
LWPOLYLINE
  5
3CD
330
17
100
AcDbEntity
  8
GIZLI
100
AcDbPolyline
 90
2
 70
0
 10
200.0
 20
-168.0233458801887
 10
1.4210854715202004e-14
 20
-168.0233458801887
  0
LWPOLYLINE
  5
3CE
330
17
100
AcDbEntity
  8
GIZLI
100
AcDbPolyline
 90
2
 70
0
 10
0.0
 20
-168.48901588018563
 10
0.0
 20
-168.02334588018883
  0
LWPOLYLINE
  5
3CF
330
17
100
AcDbEntity
  8
GIZLI
100
AcDbPolyline
 90
2
 70
0
 10
200.0
 20
-168.0233458801887
 10
1.4210854715202004e-14
 20
-168.0233458801887
  0
LWPOLYLINE
  5
3D0
330
17
100
AcDbEntity
  8
GIZLI
100
AcDbPolyline
 90
2
 70
0
 10
200.0
 20
-168.02334588018704
 10
200.0
 20
-168.36202088019405
  0
LWPOLYLINE
  5
3D1
330
17
100
AcDbEntity
  8
GIZLI
100
AcDbPolyline
 90
2
 70
0
 10
200.0
 20
-168.36202088018868
 10
1.4210854715202004e-14
 20
-168.36202088018868
  0
LWPOLYLINE
  5
3D2
330
17
100
AcDbEntity
  8
GIZLI
100
AcDbPolyline
 90
2
 70
0
 10
0.0
 20
-168.0233458801869
 10
0.0
 20
-168.36202088019405
  0
LWPOLYLINE
  5
3D3
330
17
100
AcDbEntity
  8
GIZLI
100
AcDbPolyline
 90
2
 70
0
 10
200.0
 20
-168.36202088018882
 10
200.0
 20
-174.28869388018848
  0
LWPOLYLINE
  5
3D4
330
17
100
AcDbEntity
  8
GIZLI
100
AcDbPolyline
 90
2
 70
0
 10
200.0
 20
-174.28869388018862
 10
1.4210854715202004e-14
 20
-174.28869388018862
  0
LWPOLYLINE
  5
3D5
330
17
100
AcDbEntity
  8
GIZLI
100
AcDbPolyline
 90
2
 70
0
 10
0.0
 20
-168.36202088018882
 10
0.0
 20
-174.28869388018848
  0
LWPOLYLINE
  5
3D6
330
17
100
AcDbEntity
  8
GIZLI
100
AcDbPolyline
 90
2
 70
0
 10
0.0
 20
-175.00835288018703
 10
0.0
 20
-174.28869388017802
  0
LWPOLYLINE
  5
3D7
330
17
100
AcDbEntity
  8
GIZLI
100
AcDbPolyline
 90
2
 70
0
 10
200.0
 20
-175.00835288018894
 10
1.4210854715202004e-14
 20
-175.00835288018894
  0
LWPOLYLINE
  5
3D8
330
17
100
AcDbEntity
  8
GIZLI
100
AcDbPolyline
 90
2
 70
0
 10
200.0
 20
-175.00835288018703
 10
200.0
 20
-174.28869388017802
  0
LWPOLYLINE
  5
3D9
330
17
100
AcDbEntity
  8
GIZLI
100
AcDbPolyline
 90
2
 70
0
 10
200.0
 20
-175.00835288018894
 10
1.4210854715202004e-14
 20
-175.00835288018894
  0
LWPOLYLINE
  5
3DA
330
17
100
AcDbEntity
  8
GIZLI
100
AcDbPolyline
 90
2
 70
0
 10
0.0
 20
-174.50035688018033
 10
0.0
 20
-175.0083528801854
  0
LWPOLYLINE
  5
3DB
330
17
100
AcDbEntity
  8
GIZLI
100
AcDbPolyline
 90
2
 70
0
 10
200.0
 20
-174.50035688018033
 10
200.0
 20
-175.0083528801854
  0
LWPOLYLINE
  5
3DC
330
17
100
AcDbEntity
  8
GIZLI
100
AcDbPolyline
 90
2
 70
0
 10
200.0
 20
-174.50035688018852
 10
200.0
 20
-170.22468188018894
  0
LWPOLYLINE
  5
3DD
330
17
100
AcDbEntity
  8
GIZLI
100
AcDbPolyline
 90
2
 70
0
 10
200.0
 20
-170.2246818801888
 10
1.4210854715202004e-14
 20
-170.2246818801888
  0
LWPOLYLINE
  5
3DE
330
17
100
AcDbEntity
  8
GIZLI
100
AcDbPolyline
 90
2
 70
0
 10
0.0
 20
-174.50035688018852
 10
0.0
 20
-170.22468188018894
  0
LWPOLYLINE
  5
3DF
330
17
100
AcDbEntity
  8
GIZLI
100
AcDbPolyline
 90
2
 70
0
 10
200.0
 20
-170.22468188018854
 10
200.0
 20
-169.75901188018855
  0
LWPOLYLINE
  5
3E0
330
17
100
AcDbEntity
  8
GIZLI
100
AcDbPolyline
 90
2
 70
0
 10
200.0
 20
-169.75901188018875
 10
1.4210854715202004e-14
 20
-169.75901188018875
  0
LWPOLYLINE
  5
3E1
330
17
100
AcDbEntity
  8
GIZLI
100
AcDbPolyline
 90
2
 70
0
 10
0.0
 20
-170.22468188018854
 10
0.0
 20
-169.75901188018855
  0
LWPOLYLINE
  5
3E2
330
17
100
AcDbEntity
  8
GIZLI
100
AcDbPolyline
 90
2
 70
0
 10
200.0
 20
-169.75901188018892
 10
200.0
 20
-161.8426828801889
  0
LWPOLYLINE
  5
3E3
330
17
100
AcDbEntity
  8
GIZLI
100
AcDbPolyline
 90
2
 70
0
 10
200.0
 20
-161.84268288018862
 10
1.4210854715202004e-14
 20
-161.84268288018862
  0
LWPOLYLINE
  5
3E4
330
17
100
AcDbEntity
  8
GIZLI
100
AcDbPolyline
 90
2
 70
0
 10
0.0
 20
-169.75901188018892
 10
0.0
 20
-161.8426828801889
  0
LWPOLYLINE
  5
3E5
330
17
100
AcDbEntity
  8
GIZLI
100
AcDbPolyline
 90
2
 70
0
 10
0.0
 20
-159.93767988021827
 10
0.0
 20
-161.84268288019067
  0
LWPOLYLINE
  5
3E6
330
17
100
AcDbEntity
  8
GIZLI
100
AcDbPolyline
 90
2
 70
0
 10
200.0
 20
-159.93767988021827
 10
200.0
 20
-161.84268288019067
  0
LWPOLYLINE
  5
3E7
330
17
100
AcDbEntity
  8
GIZLI
100
AcDbPolyline
 90
2
 70
0
 10
200.0
 20
-159.93767988018826
 10
200.0
 20
-159.51435288018885
  0
LWPOLYLINE
  5
3E8
330
17
100
AcDbEntity
  8
GIZLI
100
AcDbPolyline
 90
2
 70
0
 10
200.0
 20
-159.5143528801888
 10
1.4210854715202004e-14
 20
-159.5143528801888
  0
LWPOLYLINE
  5
3E9
330
17
100
AcDbEntity
  8
GIZLI
100
AcDbPolyline
 90
2
 70
0
 10
0.0
 20
-159.93767988018826
 10
0.0
 20
-159.51435288018885
  0
LWPOLYLINE
  5
3EA
330
17
100
AcDbEntity
  8
GIZLI
100
AcDbPolyline
 90
2
 70
0
 10
200.0
 20
-159.51435288018877
 10
200.0
 20
-159.0063578801889
  0
LWPOLYLINE
  5
3EB
330
17
100
AcDbEntity
  8
GIZLI
100
AcDbPolyline
 90
2
 70
0
 10
200.0
 20
-159.00635788018886
 10
1.4210854715202004e-14
 20
-159.00635788018886
  0
LWPOLYLINE
  5
3EC
330
17
100
AcDbEntity
  8
GIZLI
100
AcDbPolyline
 90
2
 70
0
 10
0.0
 20
-159.51435288018877
 10
0.0
 20
-159.0063578801889
  0
LWPOLYLINE
  5
3ED
330
17
100
AcDbEntity
  8
GIZLI
100
AcDbPolyline
 90
2
 70
0
 10
200.0
 20
-159.00635788018863
 10
200.0
 20
-158.32902488018854
  0
LWPOLYLINE
  5
3EE
330
17
100
AcDbEntity
  8
GIZLI
100
AcDbPolyline
 90
2
 70
0
 10
200.0
 20
-158.32902488018877
 10
1.4210854715202004e-14
 20
-158.32902488018877
  0
LWPOLYLINE
  5
3EF
330
17
100
AcDbEntity
  8
GIZLI
100
AcDbPolyline
 90
2
 70
0
 10
0.0
 20
-159.00635788018863
 10
0.0
 20
-158.32902488018854
  0
LWPOLYLINE
  5
3F0
330
17
100
AcDbEntity
  8
GIZLI
100
AcDbPolyline
 90
2
 70
0
 10
200.0
 20
-158.32902488018888
 10
200.0
 20
-157.5670238801886
  0
LWPOLYLINE
  5
3F1
330
17
100
AcDbEntity
  8
GIZLI
100
AcDbPolyline
 90
2
 70
0
 10
200.0
 20
-157.5670238801887
 10
1.4210854715202004e-14
 20
-157.5670238801887
  0
LWPOLYLINE
  5
3F2
330
17
100
AcDbEntity
  8
GIZLI
100
AcDbPolyline
 90
2
 70
0
 10
0.0
 20
-158.32902488018888
 10
0.0
 20
-157.5670238801886
  0
LWPOLYLINE
  5
3F3
330
17
100
AcDbEntity
  8
GIZLI
100
AcDbPolyline
 90
2
 70
0
 10
200.0
 20
-157.56702388018172
 10
200.0
 20
-146.8410232964809
  0
LWPOLYLINE
  5
3F4
330
17
100
AcDbEntity
  8
GIZLI
100
AcDbPolyline
 90
2
 70
0
 10
0.0
 20
-157.56702388018172
 10
0.0
 20
-146.8410232964809
  0
LWPOLYLINE
  5
3F5
330
17
100
AcDbEntity
  8
GIZLI
100
AcDbPolyline
 90
2
 70
0
 10
0.0
 20
-145.50201388017862
 10
0.0
 20
-146.84102329649184
  0
LWPOLYLINE
  5
3F6
330
17
100
AcDbEntity
  8
GIZLI
100
AcDbPolyline
 90
2
 70
0
 10
200.0
 20
-145.5020138801889
 10
1.4210854715202004e-14
 20
-145.5020138801889
  0
LWPOLYLINE
  5
3F7
330
17
100
AcDbEntity
  8
GIZLI
100
AcDbPolyline
 90
2
 70
0
 10
200.0
 20
-145.50201388017862
 10
200.0
 20
-146.84102329649184
  0
LWPOLYLINE
  5
3F8
330
17
100
AcDbEntity
  8
GIZLI
100
AcDbPolyline
 90
2
 70
0
 10
200.0
 20
-145.5020138801889
 10
1.4210854715202004e-14
 20
-145.5020138801889
  0
LWPOLYLINE
  5
3F9
330
17
100
AcDbEntity
  8
GIZLI
100
AcDbPolyline
 90
2
 70
0
 10
1.4210854715202004e-14
 20
-148.50769288018896
 10
1.4210854715202004e-14
 20
-145.50201388023896
  0
LWPOLYLINE
  5
3FA
330
17
100
AcDbEntity
  8
GIZLI
100
AcDbPolyline
 90
2
 70
0
 10
200.0
 20
-148.50769288018896
 10
200.0
 20
-145.50201388023896
  0
LWPOLYLINE
  5
3FB
330
17
100
AcDbEntity
  8
GIZLI
100
AcDbPolyline
 90
2
 70
0
 10
200.0
 20
-148.50769288018878
 10
200.0
 20
-159.5143528801888
  0
LWPOLYLINE
  5
3FC
330
17
100
AcDbEntity
  8
GIZLI
100
AcDbPolyline
 90
2
 70
0
 10
200.0
 20
-159.5143528801888
 10
1.4210854715202004e-14
 20
-159.5143528801888
  0
LWPOLYLINE
  5
3FD
330
17
100
AcDbEntity
  8
GIZLI
100
AcDbPolyline
 90
2
 70
0
 10
1.4210854715202004e-14
 20
-148.50769288018878
 10
1.4210854715202004e-14
 20
-159.5143528801888
  0
LWPOLYLINE
  5
3FE
330
17
100
AcDbEntity
  8
GIZLI
100
AcDbPolyline
 90
2
 70
0
 10
200.0
 20
-159.51435288018845
 10
200.0
 20
-173.0281235794685
  0
LWPOLYLINE
  5
3FF
330
17
100
AcDbEntity
  8
GIZLI
100
AcDbPolyline
 90
2
 70
0
 10
1.4210854715202004e-14
 20
-159.51435288018845
 10
1.4210854715202004e-14
 20
-173.0281235794685
  0
LWPOLYLINE
  5
400
330
17
100
AcDbEntity
  8
GIZLI
100
AcDbPolyline
 90
2
 70
0
 10
1.4210854715202004e-14
 20
-173.5266910387506
 10
1.4210854715202004e-14
 20
-173.02812357946345
  0
LWPOLYLINE
  5
401
330
17
100
AcDbEntity
  8
GIZLI
100
AcDbPolyline
 90
2
 70
0
 10
200.0
 20
-173.5266910387506
 10
200.0
 20
-173.02812357946345
  0
LWPOLYLINE
  5
402
330
17
100
AcDbEntity
  8
GIZLI
100
AcDbPolyline
 90
2
 70
0
 10
200.0
 20
-173.52669103874874
 10
1.4210854715202004e-14
 20
-173.52669103874874
  0
LWPOLYLINE
  5
403
330
17
100
AcDbEntity
  8
GIZLI
100
AcDbPolyline
 90
2
 70
0
 10
200.0
 20
-173.52669188018868
 10
1.4210854715202004e-14
 20
-173.52669188018868
  0
LWPOLYLINE
  5
404
330
17
100
AcDbEntity
  8
GIZLI
100
AcDbPolyline
 90
2
 70
0
 10
200.0
 20
-173.52669188018888
 10
200.0
 20
-174.54269088018887
  0
LWPOLYLINE
  5
405
330
17
100
AcDbEntity
  8
GIZLI
100
AcDbPolyline
 90
2
 70
0
 10
1.4210854715202004e-14
 20
-173.52669188018888
 10
1.4210854715202004e-14
 20
-174.54269088018887
  0
LWPOLYLINE
  5
406
330
17
100
AcDbEntity
  8
GIZLI
100
AcDbPolyline
 90
2
 70
0
 10
200.0
 20
-174.54269088018887
 10
200.0
 20
-176.49001288018886
  0
LWPOLYLINE
  5
407
330
17
100
AcDbEntity
  8
GIZLI
100
AcDbPolyline
 90
2
 70
0
 10
0.0
 20
-174.54269088018887
 10
0.0
 20
-176.49001288018886
  0
LWPOLYLINE
  5
408
330
17
100
AcDbEntity
  8
GIZLI
100
AcDbPolyline
 90
2
 70
0
 10
200.0
 20
-176.49001288018886
 10
200.0
 20
-178.52202688018883
  0
LWPOLYLINE
  5
409
330
17
100
AcDbEntity
  8
GIZLI
100
AcDbPolyline
 90
2
 70
0
 10
1.4210854715202004e-14
 20
-176.49001288018886
 10
1.4210854715202004e-14
 20
-178.52202688018883
  0
LWPOLYLINE
  5
40A
330
17
100
AcDbEntity
  8
GIZLI
100
AcDbPolyline
 90
2
 70
0
 10
1.4210854715202004e-14
 20
-83.10268988020844
 10
1.4210854715202004e-14
 20
-82.21368588018885
  0
LWPOLYLINE
  5
40B
330
17
100
AcDbEntity
  8
GIZLI
100
AcDbPolyline
 90
2
 70
0
 10
200.0
 20
-83.10268988020844
 10
200.0
 20
-82.21368588018885
  0
LWPOLYLINE
  5
40C
330
17
100
AcDbEntity
  8
GIZLI
100
AcDbPolyline
 90
2
 70
0
 10
200.0
 20
-81.49401888018859
 10
200.0
 20
-82.21368588017293
  0
LWPOLYLINE
  5
40D
330
17
100
AcDbEntity
  8
GIZLI
100
AcDbPolyline
 90
2
 70
0
 10
1.4210854715202004e-14
 20
-81.49401888018859
 10
1.4210854715202004e-14
 20
-82.21368588017293
  0
LWPOLYLINE
  5
40E
330
17
100
AcDbEntity
  8
GIZLI
100
AcDbPolyline
 90
2
 70
0
 10
1.4210854715202004e-14
 20
-81.49401888018862
 10
1.4210854715202004e-14
 20
-71.50334988018862
  0
LWPOLYLINE
  5
40F
330
17
100
AcDbEntity
  8
GIZLI
100
AcDbPolyline
 90
2
 70
0
 10
200.0
 20
-81.49401888018862
 10
200.0
 20
-71.50334988018862
  0
LWPOLYLINE
  5
410
330
17
100
AcDbEntity
  8
GIZLI
100
AcDbPolyline
 90
2
 70
0
 10
200.0
 20
-71.50334988018872
 10
1.4210854715202004e-14
 20
-71.50334988018872
  0
LWPOLYLINE
  5
411
330
17
100
AcDbEntity
  8
GIZLI
100
AcDbPolyline
 90
2
 70
0
 10
1.4210854715202004e-14
 20
-70.99535388018857
 10
1.4210854715202004e-14
 20
-71.50334988018861
  0
LWPOLYLINE
  5
412
330
17
100
AcDbEntity
  8
GIZLI
100
AcDbPolyline
 90
2
 70
0
 10
200.0
 20
-70.99535388018857
 10
200.0
 20
-71.50334988018861
  0
LWPOLYLINE
  5
413
330
17
100
AcDbEntity
  8
GIZLI
100
AcDbPolyline
 90
2
 70
0
 10
200.0
 20
-70.9953538801889
 10
1.4210854715202004e-14
 20
-70.9953538801889
  0
LWPOLYLINE
  5
414
330
17
100
AcDbEntity
  8
GIZLI
100
AcDbPolyline
 90
2
 70
0
 10
1.4210854715202004e-14
 20
-70.48734988018876
 10
1.4210854715202004e-14
 20
-70.99535388018879
  0
LWPOLYLINE
  5
415
330
17
100
AcDbEntity
  8
GIZLI
100
AcDbPolyline
 90
2
 70
0
 10
200.0
 20
-70.48734988018876
 10
200.0
 20
-70.99535388018879
  0
LWPOLYLINE
  5
416
330
17
100
AcDbEntity
  8
GIZLI
100
AcDbPolyline
 90
2
 70
0
 10
200.0
 20
-70.48734988018865
 10
1.4210854715202004e-14
 20
-70.48734988018865
  0
LWPOLYLINE
  5
417
330
17
100
AcDbEntity
  8
GIZLI
100
AcDbPolyline
 90
2
 70
0
 10
1.4210854715202004e-14
 20
-70.10634988018899
 10
1.4210854715202004e-14
 20
-70.4873498801889
  0
LWPOLYLINE
  5
418
330
17
100
AcDbEntity
  8
GIZLI
100
AcDbPolyline
 90
2
 70
0
 10
200.0
 20
-70.10634988018899
 10
200.0
 20
-70.4873498801889
  0
LWPOLYLINE
  5
419
330
17
100
AcDbEntity
  8
GIZLI
100
AcDbPolyline
 90
2
 70
0
 10
200.0
 20
-70.10634988018879
 10
1.4210854715202004e-14
 20
-70.10634988018879
  0
LWPOLYLINE
  5
41A
330
17
100
AcDbEntity
  8
GIZLI
100
AcDbPolyline
 90
2
 70
0
 10
1.4210854715202004e-14
 20
-69.76768288018879
 10
1.4210854715202004e-14
 20
-70.1063498801888
  0
LWPOLYLINE
  5
41B
330
17
100
AcDbEntity
  8
GIZLI
100
AcDbPolyline
 90
2
 70
0
 10
200.0
 20
-69.76768288018879
 10
200.0
 20
-70.1063498801888
  0
LWPOLYLINE
  5
41C
330
17
100
AcDbEntity
  8
GIZLI
100
AcDbPolyline
 90
2
 70
0
 10
200.0
 20
-69.7676828801888
 10
1.4210854715202004e-14
 20
-69.7676828801888
  0
LWPOLYLINE
  5
41D
330
17
100
AcDbEntity
  8
GIZLI
100
AcDbPolyline
 90
2
 70
0
 10
1.4210854715202004e-14
 20
-69.59835388018872
 10
1.4210854715202004e-14
 20
-69.76768288018859
  0
LWPOLYLINE
  5
41E
330
17
100
AcDbEntity
  8
GIZLI
100
AcDbPolyline
 90
2
 70
0
 10
200.0
 20
-69.59835388018872
 10
200.0
 20
-69.76768288018859
  0
LWPOLYLINE
  5
41F
330
17
100
AcDbEntity
  8
GIZLI
100
AcDbPolyline
 90
2
 70
0
 10
200.0
 20
-69.59835388018897
 10
1.4210854715202004e-14
 20
-69.59835388018897
  0
LWPOLYLINE
  5
420
330
17
100
AcDbEntity
  8
GIZLI
100
AcDbPolyline
 90
2
 70
0
 10
1.4210854715202004e-14
 20
-69.51368588018883
 10
1.4210854715202004e-14
 20
-69.59835388018868
  0
LWPOLYLINE
  5
421
330
17
100
AcDbEntity
  8
GIZLI
100
AcDbPolyline
 90
2
 70
0
 10
200.0
 20
-69.51368588018883
 10
200.0
 20
-69.59835388018868
  0
LWPOLYLINE
  5
422
330
17
100
AcDbEntity
  8
GIZLI
100
AcDbPolyline
 90
2
 70
0
 10
200.0
 20
-69.51368588018855
 10
1.4210854715202004e-14
 20
-69.51368588018855
  0
LWPOLYLINE
  5
423
330
17
100
AcDbEntity
  8
GIZLI
100
AcDbPolyline
 90
2
 70
0
 10
200.0
 20
-69.51368588018855
 10
1.4210854715202004e-14
 20
-69.51368588018855
  0
LWPOLYLINE
  5
424
330
17
100
AcDbEntity
  8
GIZLI
100
AcDbPolyline
 90
2
 70
0
 10
200.0
 20
-70.06401588014
 10
200.0
 20
-69.513685880048
  0
LWPOLYLINE
  5
425
330
17
100
AcDbEntity
  8
GIZLI
100
AcDbPolyline
 90
2
 70
0
 10
1.4210854715202004e-14
 20
-70.06401588014
 10
1.4210854715202004e-14
 20
-69.513685880048
  0
LWPOLYLINE
  5
426
330
17
100
AcDbEntity
  8
GIZLI
100
AcDbPolyline
 90
2
 70
0
 10
1.4210854715202004e-14
 20
-70.06401588018878
 10
1.4210854715202004e-14
 20
-70.65668188018883
  0
LWPOLYLINE
  5
427
330
17
100
AcDbEntity
  8
GIZLI
100
AcDbPolyline
 90
2
 70
0
 10
200.0
 20
-70.06401588018878
 10
200.0
 20
-70.65668188018883
  0
LWPOLYLINE
  5
428
330
17
100
AcDbEntity
  8
GIZLI
100
AcDbPolyline
 90
2
 70
0
 10
200.0
 20
-70.65668188018859
 10
1.4210854715202004e-14
 20
-70.65668188018859
  0
LWPOLYLINE
  5
429
330
17
100
AcDbEntity
  8
GIZLI
100
AcDbPolyline
 90
2
 70
0
 10
1.4210854715202004e-14
 20
-70.65668188018891
 10
1.4210854715202004e-14
 20
-71.20701588018873
  0
LWPOLYLINE
  5
42A
330
17
100
AcDbEntity
  8
GIZLI
100
AcDbPolyline
 90
2
 70
0
 10
200.0
 20
-70.65668188018891
 10
200.0
 20
-71.20701588018873
  0
LWPOLYLINE
  5
42B
330
17
100
AcDbEntity
  8
GIZLI
100
AcDbPolyline
 90
2
 70
0
 10
200.0
 20
-71.2070158801886
 10
1.4210854715202004e-14
 20
-71.2070158801886
  0
LWPOLYLINE
  5
42C
330
17
100
AcDbEntity
  8
GIZLI
100
AcDbPolyline
 90
2
 70
0
 10
1.4210854715202004e-14
 20
-71.2070158801888
 10
1.4210854715202004e-14
 20
-71.67268188018846
  0
LWPOLYLINE
  5
42D
330
17
100
AcDbEntity
  8
GIZLI
100
AcDbPolyline
 90
2
 70
0
 10
200.0
 20
-71.2070158801888
 10
200.0
 20
-71.67268188018846
  0
LWPOLYLINE
  5
42E
330
17
100
AcDbEntity
  8
GIZLI
100
AcDbPolyline
 90
2
 70
0
 10
200.0
 20
-71.67268188018866
 10
1.4210854715202004e-14
 20
-71.67268188018866
  0
LWPOLYLINE
  5
42F
330
17
100
AcDbEntity
  8
GIZLI
100
AcDbPolyline
 90
2
 70
0
 10
1.4210854715202004e-14
 20
-71.67268188018878
 10
1.4210854715202004e-14
 20
-72.01134888018854
  0
LWPOLYLINE
  5
430
330
17
100
AcDbEntity
  8
GIZLI
100
AcDbPolyline
 90
2
 70
0
 10
200.0
 20
-71.67268188018878
 10
200.0
 20
-72.01134888018854
  0
LWPOLYLINE
  5
431
330
17
100
AcDbEntity
  8
GIZLI
100
AcDbPolyline
 90
2
 70
0
 10
200.0
 20
-72.01134888018865
 10
1.4210854715202004e-14
 20
-72.01134888018865
  0
LWPOLYLINE
  5
432
330
17
100
AcDbEntity
  8
GIZLI
100
AcDbPolyline
 90
2
 70
0
 10
1.4210854715202004e-14
 20
-72.01134888018888
 10
1.4210854715202004e-14
 20
-72.30768188018865
  0
LWPOLYLINE
  5
433
330
17
100
AcDbEntity
  8
GIZLI
100
AcDbPolyline
 90
2
 70
0
 10
200.0
 20
-72.01134888018888
 10
200.0
 20
-72.30768188018865
  0
LWPOLYLINE
  5
434
330
17
100
AcDbEntity
  8
GIZLI
100
AcDbPolyline
 90
2
 70
0
 10
200.0
 20
-72.30768188018888
 10
1.4210854715202004e-14
 20
-72.30768188018888
  0
LWPOLYLINE
  5
435
330
17
100
AcDbEntity
  8
GIZLI
100
AcDbPolyline
 90
2
 70
0
 10
1.4210854715202004e-14
 20
-72.3076818801888
 10
1.4210854715202004e-14
 20
-72.47701588018913
  0
LWPOLYLINE
  5
436
330
17
100
AcDbEntity
  8
GIZLI
100
AcDbPolyline
 90
2
 70
0
 10
200.0
 20
-72.3076818801888
 10
200.0
 20
-72.47701588018913
  0
LWPOLYLINE
  5
437
330
17
100
AcDbEntity
  8
GIZLI
100
AcDbPolyline
 90
2
 70
0
 10
200.0
 20
-72.47701588018859
 10
1.4210854715202004e-14
 20
-72.47701588018859
  0
LWPOLYLINE
  5
438
330
17
100
AcDbEntity
  8
GIZLI
100
AcDbPolyline
 90
2
 70
0
 10
1.4210854715202004e-14
 20
-72.47701588018876
 10
1.4210854715202004e-14
 20
-72.51934949397653
  0
LWPOLYLINE
  5
439
330
17
100
AcDbEntity
  8
GIZLI
100
AcDbPolyline
 90
2
 70
0
 10
200.0
 20
-72.47701588018876
 10
200.0
 20
-72.51934949397653
  0
LWPOLYLINE
  5
43A
330
17
100
AcDbEntity
  8
GIZLI
100
AcDbPolyline
 90
2
 70
0
 10
200.0
 20
-72.51934888018891
 10
1.4210854715202004e-14
 20
-72.51934888018891
  0
LWPOLYLINE
  5
43B
330
17
100
AcDbEntity
  8
GIZLI
100
AcDbPolyline
 90
2
 70
0
 10
200.0
 20
-72.5193568801889
 10
1.4210854715202004e-14
 20
-72.5193568801889
  0
LWPOLYLINE
  5
43C
330
17
100
AcDbEntity
  8
GIZLI
100
AcDbPolyline
 90
2
 70
0
 10
200.0
 20
-73.49302088018862
 10
200.0
 20
-72.5193568805125
  0
LWPOLYLINE
  5
43D
330
17
100
AcDbEntity
  8
GIZLI
100
AcDbPolyline
 90
2
 70
0
 10
1.4210854715202004e-14
 20
-73.49302088018862
 10
1.4210854715202004e-14
 20
-72.51935688051063
  0
LWPOLYLINE
  5
43E
330
17
100
AcDbEntity
  8
GIZLI
100
AcDbPolyline
 90
2
 70
0
 10
1.4210854715202004e-14
 20
-73.49302088018854
 10
1.4210854715202004e-14
 20
-80.52035388018854
  0
LWPOLYLINE
  5
43F
330
17
100
AcDbEntity
  8
GIZLI
100
AcDbPolyline
 90
2
 70
0
 10
200.0
 20
-73.49302088018854
 10
200.0
 20
-80.52035388018854
  0
LWPOLYLINE
  5
440
330
17
100
AcDbEntity
  8
GIZLI
100
AcDbPolyline
 90
2
 70
0
 10
200.0
 20
-80.52035388018854
 10
1.4210854715202004e-14
 20
-80.52035388018854
  0
LWPOLYLINE
  5
441
330
17
100
AcDbEntity
  8
GIZLI
100
AcDbPolyline
 90
2
 70
0
 10
1.4210854715202004e-14
 20
-81.02834988018867
 10
1.4210854715202004e-14
 20
-80.52035388018868
  0
LWPOLYLINE
  5
442
330
17
100
AcDbEntity
  8
GIZLI
100
AcDbPolyline
 90
2
 70
0
 10
200.0
 20
-81.02834988018867
 10
200.0
 20
-80.52035388018868
  0
LWPOLYLINE
  5
443
330
17
100
AcDbEntity
  8
GIZLI
100
AcDbPolyline
 90
2
 70
0
 10
200.0
 20
-81.02834988018881
 10
1.4210854715202004e-14
 20
-81.02834988018881
  0
LWPOLYLINE
  5
444
330
17
100
AcDbEntity
  8
GIZLI
100
AcDbPolyline
 90
2
 70
0
 10
1.4210854715202004e-14
 20
-81.49401888018892
 10
1.4210854715202004e-14
 20
-81.02834988018886
  0
LWPOLYLINE
  5
445
330
17
100
AcDbEntity
  8
GIZLI
100
AcDbPolyline
 90
2
 70
0
 10
200.0
 20
-81.49401888018892
 10
200.0
 20
-81.02834988018886
  0
LWPOLYLINE
  5
446
330
17
100
AcDbEntity
  8
GIZLI
100
AcDbPolyline
 90
2
 70
0
 10
200.0
 20
-81.49401888018897
 10
1.4210854715202004e-14
 20
-81.49401888018897
  0
LWPOLYLINE
  5
447
330
17
100
AcDbEntity
  8
GIZLI
100
AcDbPolyline
 90
2
 70
0
 10
1.4210854715202004e-14
 20
-81.91735388018868
 10
1.4210854715202004e-14
 20
-81.49401888018875
  0
LWPOLYLINE
  5
448
330
17
100
AcDbEntity
  8
GIZLI
100
AcDbPolyline
 90
2
 70
0
 10
200.0
 20
-81.91735388018868
 10
200.0
 20
-81.49401888018875
  0
LWPOLYLINE
  5
449
330
17
100
AcDbEntity
  8
GIZLI
100
AcDbPolyline
 90
2
 70
0
 10
200.0
 20
-81.91735388018893
 10
1.4210854715202004e-14
 20
-81.91735388018893
  0
LWPOLYLINE
  5
44A
330
17
100
AcDbEntity
  8
GIZLI
100
AcDbPolyline
 90
2
 70
0
 10
1.4210854715202004e-14
 20
-82.2560198801888
 10
1.4210854715202004e-14
 20
-81.9173538801887
  0
LWPOLYLINE
  5
44B
330
17
100
AcDbEntity
  8
GIZLI
100
AcDbPolyline
 90
2
 70
0
 10
200.0
 20
-82.2560198801888
 10
200.0
 20
-81.9173538801887
  0
LWPOLYLINE
  5
44C
330
17
100
AcDbEntity
  8
GIZLI
100
AcDbPolyline
 90
2
 70
0
 10
200.0
 20
-82.25601988018857
 10
1.4210854715202004e-14
 20
-82.25601988018857
  0
LWPOLYLINE
  5
44D
330
17
100
AcDbEntity
  8
GIZLI
100
AcDbPolyline
 90
2
 70
0
 10
1.4210854715202004e-14
 20
-82.42534888018876
 10
1.4210854715202004e-14
 20
-82.25601988018867
  0
LWPOLYLINE
  5
44E
330
17
100
AcDbEntity
  8
GIZLI
100
AcDbPolyline
 90
2
 70
0
 10
200.0
 20
-82.42534888018876
 10
200.0
 20
-82.25601988018867
  0
LWPOLYLINE
  5
44F
330
17
100
AcDbEntity
  8
GIZLI
100
AcDbPolyline
 90
2
 70
0
 10
200.0
 20
-82.42534888018886
 10
1.4210854715202004e-14
 20
-82.42534888018886
  0
LWPOLYLINE
  5
450
330
17
100
AcDbEntity
  8
GIZLI
100
AcDbPolyline
 90
2
 70
0
 10
1.4210854715202004e-14
 20
-82.51001788018877
 10
1.4210854715202004e-14
 20
-82.4253488801888
  0
LWPOLYLINE
  5
451
330
17
100
AcDbEntity
  8
GIZLI
100
AcDbPolyline
 90
2
 70
0
 10
200.0
 20
-82.51001788018877
 10
200.0
 20
-82.4253488801888
  0
LWPOLYLINE
  5
452
330
17
100
AcDbEntity
  8
GIZLI
100
AcDbPolyline
 90
2
 70
0
 10
200.0
 20
-82.51001788018871
 10
1.4210854715202004e-14
 20
-82.51001788018871
  0
LWPOLYLINE
  5
453
330
17
100
AcDbEntity
  8
GIZLI
100
AcDbPolyline
 90
2
 70
0
 10
200.0
 20
-82.51001788018871
 10
1.4210854715202004e-14
 20
-82.51001788018871
  0
LWPOLYLINE
  5
454
330
17
100
AcDbEntity
  8
GIZLI
100
AcDbPolyline
 90
2
 70
0
 10
1.4210854715202004e-14
 20
-82.51001788018891
 10
1.4210854715202004e-14
 20
-82.59468588018893
  0
LWPOLYLINE
  5
455
330
17
100
AcDbEntity
  8
GIZLI
100
AcDbPolyline
 90
2
 70
0
 10
200.0
 20
-82.51001788018891
 10
200.0
 20
-82.59468588018893
  0
LWPOLYLINE
  5
456
330
17
100
AcDbEntity
  8
GIZLI
100
AcDbPolyline
 90
2
 70
0
 10
200.0
 20
-82.59468588018868
 10
1.4210854715202004e-14
 20
-82.59468588018868
  0
LWPOLYLINE
  5
457
330
17
100
AcDbEntity
  8
GIZLI
100
AcDbPolyline
 90
2
 70
0
 10
1.4210854715202004e-14
 20
-82.59468588018832
 10
1.4210854715202004e-14
 20
-82.89101788018893
  0
LWPOLYLINE
  5
458
330
17
100
AcDbEntity
  8
GIZLI
100
AcDbPolyline
 90
2
 70
0
 10
200.0
 20
-82.59468588018832
 10
200.0
 20
-82.89101788018893
  0
LWPOLYLINE
  5
459
330
17
100
AcDbEntity
  8
GIZLI
100
AcDbPolyline
 90
2
 70
0
 10
200.0
 20
-82.89101788018857
 10
1.4210854715202004e-14
 20
-82.89101788018857
  0
LWPOLYLINE
  5
45A
330
17
100
AcDbEntity
  8
GIZLI
100
AcDbPolyline
 90
2
 70
0
 10
1.4210854715202004e-14
 20
-82.8910178801886
 10
1.4210854715202004e-14
 20
-83.31435288018668
  0
LWPOLYLINE
  5
45B
330
17
100
AcDbEntity
  8
GIZLI
100
AcDbPolyline
 90
2
 70
0
 10
200.0
 20
-82.8910178801886
 10
200.0
 20
-83.31435288018668
  0
LWPOLYLINE
  5
45C
330
17
100
AcDbEntity
  8
GIZLI
100
AcDbPolyline
 90
2
 70
0
 10
200.0
 20
-83.31435288018898
 10
1.4210854715202004e-14
 20
-83.31435288018898
  0
LWPOLYLINE
  5
45D
330
17
100
AcDbEntity
  8
GIZLI
100
AcDbPolyline
 90
2
 70
0
 10
200.0
 20
-83.10268988017022
 10
200.0
 20
-83.3876309143127
  0
LWPOLYLINE
  5
45E
330
17
100
AcDbEntity
  8
GIZLI
100
AcDbPolyline
 90
2
 70
0
 10
200.0
 20
-83.3876309143127
 10
200.0
 20
-83.31435288013007
  0
LWPOLYLINE
  5
45F
330
17
100
AcDbEntity
  8
GIZLI
100
AcDbPolyline
 90
2
 70
0
 10
1.4210854715202004e-14
 20
-83.10268988017022
 10
1.4210854715202004e-14
 20
-83.3876309143127
  0
LWPOLYLINE
  5
460
330
17
100
AcDbEntity
  8
GIZLI
100
AcDbPolyline
 90
2
 70
0
 10
1.4210854715202004e-14
 20
-83.3876309143127
 10
1.4210854715202004e-14
 20
-83.31435288013007
  0
LWPOLYLINE
  5
461
330
17
100
AcDbEntity
  8
GIZLI
100
AcDbPolyline
 90
2
 70
0
 10
200.0
 20
-120.52535688018875
 10
1.4210854715202004e-14
 20
-120.52535688018875
  0
LWPOLYLINE
  5
462
330
17
100
AcDbEntity
  8
GIZLI
100
AcDbPolyline
 90
2
 70
0
 10
200.0
 20
-120.52535688018875
 10
1.4210854715202004e-14
 20
-120.52535688018875
  0
LWPOLYLINE
  5
463
330
17
100
AcDbEntity
  8
GIZLI
100
AcDbPolyline
 90
2
 70
0
 10
200.0
 20
-120.01734588017987
 10
200.0
 20
-120.52547687387893
  0
LWPOLYLINE
  5
464
330
17
100
AcDbEntity
  8
GIZLI
100
AcDbPolyline
 90
2
 70
0
 10
200.0
 20
-120.52547687387893
 10
200.0
 20
-120.52535688015672
  0
LWPOLYLINE
  5
465
330
17
100
AcDbEntity
  8
GIZLI
100
AcDbPolyline
 90
2
 70
0
 10
0.0
 20
-120.01734588017987
 10
0.0
 20
-120.52547687387893
  0
LWPOLYLINE
  5
466
330
17
100
AcDbEntity
  8
GIZLI
100
AcDbPolyline
 90
2
 70
0
 10
0.0
 20
-120.52547687387893
 10
0.0
 20
-120.52535688015672
  0
LWPOLYLINE
  5
467
330
17
100
AcDbEntity
  8
GIZLI
100
AcDbPolyline
 90
2
 70
0
 10
0.0
 20
-120.0173458801891
 10
0.0
 20
-117.85835288018862
  0
LWPOLYLINE
  5
468
330
17
100
AcDbEntity
  8
GIZLI
100
AcDbPolyline
 90
2
 70
0
 10
200.0
 20
-120.0173458801891
 10
200.0
 20
-117.85835288018862
  0
LWPOLYLINE
  5
469
330
17
100
AcDbEntity
  8
GIZLI
100
AcDbPolyline
 90
2
 70
0
 10
200.0
 20
-116.40923178743498
 10
200.0
 20
-117.85835288018501
  0
LWPOLYLINE
  5
46A
330
17
100
AcDbEntity
  8
GIZLI
100
AcDbPolyline
 90
2
 70
0
 10
0.0
 20
-116.40923178743498
 10
0.0
 20
-117.85835288018501
  0
LWPOLYLINE
  5
46B
330
17
100
AcDbEntity
  8
GIZLI
100
AcDbPolyline
 90
2
 70
0
 10
0.0
 20
-116.40923178731404
 10
0.0
 20
-115.78401188018783
  0
LWPOLYLINE
  5
46C
330
17
100
AcDbEntity
  8
GIZLI
100
AcDbPolyline
 90
2
 70
0
 10
200.0
 20
-116.40923178731404
 10
200.0
 20
-115.78401188018783
  0
LWPOLYLINE
  5
46D
330
17
100
AcDbEntity
  8
GIZLI
100
AcDbPolyline
 90
2
 70
0
 10
0.0
 20
-115.7840118801881
 10
0.0
 20
-108.96835088018904
  0
LWPOLYLINE
  5
46E
330
17
100
AcDbEntity
  8
GIZLI
100
AcDbPolyline
 90
2
 70
0
 10
200.0
 20
-115.7840118801881
 10
200.0
 20
-108.96835088018904
  0
LWPOLYLINE
  5
46F
330
17
100
AcDbEntity
  8
GIZLI
100
AcDbPolyline
 90
2
 70
0
 10
200.0
 20
-108.96835088018875
 10
1.4210854715202004e-14
 20
-108.96835088018875
  0
LWPOLYLINE
  5
470
330
17
100
AcDbEntity
  8
GIZLI
100
AcDbPolyline
 90
2
 70
0
 10
200.0
 20
-107.5290168801886
 10
1.4210854715202004e-14
 20
-107.5290168801886
  0
LWPOLYLINE
  5
471
330
17
100
AcDbEntity
  8
GIZLI
100
AcDbPolyline
 90
2
 70
0
 10
200.0
 20
-107.52901688021073
 10
200.0
 20
-108.96835088020343
  0
LWPOLYLINE
  5
472
330
17
100
AcDbEntity
  8
GIZLI
100
AcDbPolyline
 90
2
 70
0
 10
0.0
 20
-107.52901688020889
 10
0.0
 20
-108.96835088020343
  0
LWPOLYLINE
  5
473
330
17
100
AcDbEntity
  8
GIZLI
100
AcDbPolyline
 90
2
 70
0
 10
200.0
 20
-107.5290168801886
 10
1.4210854715202004e-14
 20
-107.5290168801886
  0
LWPOLYLINE
  5
474
330
17
100
AcDbEntity
  8
GIZLI
100
AcDbPolyline
 90
2
 70
0
 10
200.0
 20
-108.50268988018858
 10
200.0
 20
-107.52813521552856
  0
LWPOLYLINE
  5
475
330
17
100
AcDbEntity
  8
GIZLI
100
AcDbPolyline
 90
2
 70
0
 10
200.0
 20
-107.52813521552856
 10
200.0
 20
-107.52901688021967
  0
LWPOLYLINE
  5
476
330
17
100
AcDbEntity
  8
GIZLI
100
AcDbPolyline
 90
2
 70
0
 10
0.0
 20
-108.50268988018858
 10
0.0
 20
-107.52813521552856
  0
LWPOLYLINE
  5
477
330
17
100
AcDbEntity
  8
GIZLI
100
AcDbPolyline
 90
2
 70
0
 10
0.0
 20
-107.52813521552856
 10
0.0
 20
-107.52901688021967
  0
LWPOLYLINE
  5
478
330
17
100
AcDbEntity
  8
GIZLI
100
AcDbPolyline
 90
2
 70
0
 10
0.0
 20
-108.50268988018858
 10
0.0
 20
-119.50934988018858
  0
LWPOLYLINE
  5
479
330
17
100
AcDbEntity
  8
GIZLI
100
AcDbPolyline
 90
2
 70
0
 10
200.0
 20
-108.50268988018858
 10
200.0
 20
-119.50934988018858
  0
LWPOLYLINE
  5
47A
330
17
100
AcDbEntity
  8
GIZLI
100
AcDbPolyline
 90
2
 70
0
 10
200.0
 20
-120.52535688016754
 10
200.0
 20
-119.5093498801889
  0
LWPOLYLINE
  5
47B
330
17
100
AcDbEntity
  8
GIZLI
100
AcDbPolyline
 90
2
 70
0
 10
0.0
 20
-120.52535688016754
 10
0.0
 20
-119.5093498801889
  0
LWPOLYLINE
  5
47C
330
17
100
AcDbEntity
  8
GIZLI
100
AcDbPolyline
 90
2
 70
0
 10
200.0
 20
-142.03068188018884
 10
1.4210854715202004e-14
 20
-142.03068188018884
  0
LWPOLYLINE
  5
47D
330
17
100
AcDbEntity
  8
GIZLI
100
AcDbPolyline
 90
2
 70
0
 10
200.0
 20
-142.03068188018884
 10
1.4210854715202004e-14
 20
-142.03068188018884
  0
LWPOLYLINE
  5
47E
330
17
100
AcDbEntity
  8
GIZLI
100
AcDbPolyline
 90
2
 70
0
 10
200.0
 20
-139.9986838801889
 10
1.4210854715202004e-14
 20
-139.9986838801889
  0
LWPOLYLINE
  5
47F
330
17
100
AcDbEntity
  8
GIZLI
100
AcDbPolyline
 90
2
 70
0
 10
200.0
 20
-139.99868388018868
 10
200.0
 20
-142.03068188020825
  0
LWPOLYLINE
  5
480
330
17
100
AcDbEntity
  8
GIZLI
100
AcDbPolyline
 90
2
 70
0
 10
0.0
 20
-139.99868388018868
 10
0.0
 20
-142.0306818802086
  0
LWPOLYLINE
  5
481
330
17
100
AcDbEntity
  8
GIZLI
100
AcDbPolyline
 90
2
 70
0
 10
0.0
 20
-139.99868388018888
 10
0.0
 20
-125.52069188018886
  0
LWPOLYLINE
  5
482
330
17
100
AcDbEntity
  8
GIZLI
100
AcDbPolyline
 90
2
 70
0
 10
200.0
 20
-139.99868388018888
 10
200.0
 20
-125.52069188018886
  0
LWPOLYLINE
  5
483
330
17
100
AcDbEntity
  8
GIZLI
100
AcDbPolyline
 90
2
 70
0
 10
200.0
 20
-123.48869388018889
 10
1.4210854715202004e-14
 20
-123.48869388018889
  0
LWPOLYLINE
  5
484
330
17
100
AcDbEntity
  8
GIZLI
100
AcDbPolyline
 90
2
 70
0
 10
200.0
 20
-123.488693880237
 10
200.0
 20
-125.52069188018872
  0
LWPOLYLINE
  5
485
330
17
100
AcDbEntity
  8
GIZLI
100
AcDbPolyline
 90
2
 70
0
 10
0.0
 20
-123.488693880237
 10
0.0
 20
-125.52069188018872
  0
LWPOLYLINE
  5
486
330
17
100
AcDbEntity
  8
GIZLI
100
AcDbPolyline
 90
2
 70
0
 10
0.0
 20
-123.48869388018898
 10
0.0
 20
-123.40402488018896
  0
LWPOLYLINE
  5
487
330
17
100
AcDbEntity
  8
GIZLI
100
AcDbPolyline
 90
2
 70
0
 10
200.0
 20
-123.48869388018898
 10
200.0
 20
-123.40402488018896
  0
LWPOLYLINE
  5
488
330
17
100
AcDbEntity
  8
GIZLI
100
AcDbPolyline
 90
2
 70
0
 10
200.0
 20
-123.40402488018859
 10
1.4210854715202004e-14
 20
-123.40402488018859
  0
LWPOLYLINE
  5
489
330
17
100
AcDbEntity
  8
GIZLI
100
AcDbPolyline
 90
2
 70
0
 10
0.0
 20
-123.40402488018869
 10
0.0
 20
-123.19234588018847
  0
LWPOLYLINE
  5
48A
330
17
100
AcDbEntity
  8
GIZLI
100
AcDbPolyline
 90
2
 70
0
 10
200.0
 20
-123.40402488018869
 10
200.0
 20
-123.19234588018847
  0
LWPOLYLINE
  5
48B
330
17
100
AcDbEntity
  8
GIZLI
100
AcDbPolyline
 90
2
 70
0
 10
200.0
 20
-123.19234588018858
 10
1.4210854715202004e-14
 20
-123.19234588018858
  0
LWPOLYLINE
  5
48C
330
17
100
AcDbEntity
  8
GIZLI
100
AcDbPolyline
 90
2
 70
0
 10
0.0
 20
-123.1923458801885
 10
0.0
 20
-122.85368688018866
  0
LWPOLYLINE
  5
48D
330
17
100
AcDbEntity
  8
GIZLI
100
AcDbPolyline
 90
2
 70
0
 10
200.0
 20
-123.1923458801885
 10
200.0
 20
-122.85368688018866
  0
LWPOLYLINE
  5
48E
330
17
100
AcDbEntity
  8
GIZLI
100
AcDbPolyline
 90
2
 70
0
 10
200.0
 20
-122.85368688018858
 10
1.4210854715202004e-14
 20
-122.85368688018858
  0
LWPOLYLINE
  5
48F
330
17
100
AcDbEntity
  8
GIZLI
100
AcDbPolyline
 90
2
 70
0
 10
0.0
 20
-122.85368688018882
 10
0.0
 20
-122.47268688018893
  0
LWPOLYLINE
  5
490
330
17
100
AcDbEntity
  8
GIZLI
100
AcDbPolyline
 90
2
 70
0
 10
200.0
 20
-122.85368688018882
 10
200.0
 20
-122.47268688018893
  0
LWPOLYLINE
  5
491
330
17
100
AcDbEntity
  8
GIZLI
100
AcDbPolyline
 90
2
 70
0
 10
200.0
 20
-122.47268688018872
 10
1.4210854715202004e-14
 20
-122.47268688018872
  0
LWPOLYLINE
  5
492
330
17
100
AcDbEntity
  8
GIZLI
100
AcDbPolyline
 90
2
 70
0
 10
0.0
 20
-122.47268688018868
 10
0.0
 20
-122.00701788018861
  0
LWPOLYLINE
  5
493
330
17
100
AcDbEntity
  8
GIZLI
100
AcDbPolyline
 90
2
 70
0
 10
200.0
 20
-122.47268688018868
 10
200.0
 20
-122.00701788018861
  0
LWPOLYLINE
  5
494
330
17
100
AcDbEntity
  8
GIZLI
100
AcDbPolyline
 90
2
 70
0
 10
200.0
 20
-122.00701788018856
 10
1.4210854715202004e-14
 20
-122.00701788018856
  0
LWPOLYLINE
  5
495
330
17
100
AcDbEntity
  8
GIZLI
100
AcDbPolyline
 90
2
 70
0
 10
0.0
 20
-122.0070178801889
 10
0.0
 20
-121.49902188018885
  0
LWPOLYLINE
  5
496
330
17
100
AcDbEntity
  8
GIZLI
100
AcDbPolyline
 90
2
 70
0
 10
200.0
 20
-122.0070178801889
 10
200.0
 20
-121.49902188018885
  0
LWPOLYLINE
  5
497
330
17
100
AcDbEntity
  8
GIZLI
100
AcDbPolyline
 90
2
 70
0
 10
200.0
 20
-121.49902188018874
 10
1.4210854715202004e-14
 20
-121.49902188018874
  0
LWPOLYLINE
  5
498
330
17
100
AcDbEntity
  8
GIZLI
100
AcDbPolyline
 90
2
 70
0
 10
0.0
 20
-121.49902188018856
 10
0.0
 20
-101.98335288018856
  0
LWPOLYLINE
  5
499
330
17
100
AcDbEntity
  8
GIZLI
100
AcDbPolyline
 90
2
 70
0
 10
200.0
 20
-121.49902188018856
 10
200.0
 20
-101.98335288018856
  0
LWPOLYLINE
  5
49A
330
17
100
AcDbEntity
  8
GIZLI
100
AcDbPolyline
 90
2
 70
0
 10
200.0
 20
-101.05198474673514
 10
200.0
 20
-101.98335288018856
  0
LWPOLYLINE
  5
49B
330
17
100
AcDbEntity
  8
GIZLI
100
AcDbPolyline
 90
2
 70
0
 10
0.0
 20
-101.05198474673514
 10
0.0
 20
-101.98335288018856
  0
LWPOLYLINE
  5
49C
330
17
100
AcDbEntity
  8
GIZLI
100
AcDbPolyline
 90
2
 70
0
 10
0.0
 20
-101.05198474669376
 10
0.0
 20
-100.12068388018878
  0
LWPOLYLINE
  5
49D
330
17
100
AcDbEntity
  8
GIZLI
100
AcDbPolyline
 90
2
 70
0
 10
200.0
 20
-101.05198474669376
 10
200.0
 20
-100.12068388018878
  0
LWPOLYLINE
  5
49E
330
17
100
AcDbEntity
  8
GIZLI
100
AcDbPolyline
 90
2
 70
0
 10
0.0
 20
-100.12068388018855
 10
0.0
 20
-86.53168788018854
  0
LWPOLYLINE
  5
49F
330
17
100
AcDbEntity
  8
GIZLI
100
AcDbPolyline
 90
2
 70
0
 10
200.0
 20
-100.12068388018855
 10
200.0
 20
-86.53168788018854
  0
LWPOLYLINE
  5
4A0
330
17
100
AcDbEntity
  8
GIZLI
100
AcDbPolyline
 90
2
 70
0
 10
200.0
 20
-84.49968988018887
 10
1.4210854715202004e-14
 20
-84.49968988018887
  0
LWPOLYLINE
  5
4A1
330
17
100
AcDbEntity
  8
GIZLI
100
AcDbPolyline
 90
2
 70
0
 10
200.0
 20
-84.49968988017913
 10
200.0
 20
-86.53168788018895
  0
LWPOLYLINE
  5
4A2
330
17
100
AcDbEntity
  8
GIZLI
100
AcDbPolyline
 90
2
 70
0
 10
0.0
 20
-84.49968988017913
 10
0.0
 20
-86.53168788018895
  0
LWPOLYLINE
  5
4A3
330
17
100
AcDbEntity
  8
GIZLI
100
AcDbPolyline
 90
2
 70
0
 10
200.0
 20
-84.49968988018887
 10
1.4210854715202004e-14
 20
-84.49968988018887
  0
LWPOLYLINE
  5
4A4
330
17
100
AcDbEntity
  8
GIZLI
100
AcDbPolyline
 90
2
 70
0
 10
200.0
 20
-86.23535588017786
 10
200.0
 20
-84.49968988015635
  0
LWPOLYLINE
  5
4A5
330
17
100
AcDbEntity
  8
GIZLI
100
AcDbPolyline
 90
2
 70
0
 10
1.4210854715202004e-14
 20
-86.23535588017786
 10
1.4210854715202004e-14
 20
-84.49968988015635
  0
LWPOLYLINE
  5
4A6
330
17
100
AcDbEntity
  8
GIZLI
100
AcDbPolyline
 90
2
 70
0
 10
1.4210854715202004e-14
 20
-86.23535588018883
 10
1.4210854715202004e-14
 20
-87.1666888801885
  0
LWPOLYLINE
  5
4A7
330
17
100
AcDbEntity
  8
GIZLI
100
AcDbPolyline
 90
2
 70
0
 10
200.0
 20
-86.23535588018883
 10
200.0
 20
-87.1666888801885
  0
LWPOLYLINE
  5
4A8
330
17
100
AcDbEntity
  8
GIZLI
100
AcDbPolyline
 90
2
 70
0
 10
200.0
 20
-87.1666888801889
 10
1.4210854715202004e-14
 20
-87.1666888801889
  0
LWPOLYLINE
  5
4A9
330
17
100
AcDbEntity
  8
GIZLI
100
AcDbPolyline
 90
2
 70
0
 10
1.4210854715202004e-14
 20
-87.1666888801887
 10
1.4210854715202004e-14
 20
-88.1826888801887
  0
LWPOLYLINE
  5
4AA
330
17
100
AcDbEntity
  8
GIZLI
100
AcDbPolyline
 90
2
 70
0
 10
200.0
 20
-87.1666888801887
 10
200.0
 20
-88.1826888801887
  0
LWPOLYLINE
  5
4AB
330
17
100
AcDbEntity
  8
GIZLI
100
AcDbPolyline
 90
2
 70
0
 10
200.0
 20
-88.18268888018852
 10
1.4210854715202004e-14
 20
-88.18268888018852
  0
LWPOLYLINE
  5
4AC
330
17
100
AcDbEntity
  8
GIZLI
100
AcDbPolyline
 90
2
 70
0
 10
1.4210854715202004e-14
 20
-88.18268888018855
 10
1.4210854715202004e-14
 20
-89.32568888018852
  0
LWPOLYLINE
  5
4AD
330
17
100
AcDbEntity
  8
GIZLI
100
AcDbPolyline
 90
2
 70
0
 10
200.0
 20
-88.18268888018855
 10
200.0
 20
-89.32568888018852
  0
LWPOLYLINE
  5
4AE
330
17
100
AcDbEntity
  8
GIZLI
100
AcDbPolyline
 90
2
 70
0
 10
200.0
 20
-89.32568888018855
 10
1.4210854715202004e-14
 20
-89.32568888018855
  0
LWPOLYLINE
  5
4AF
330
17
100
AcDbEntity
  8
GIZLI
100
AcDbPolyline
 90
2
 70
0
 10
1.4210854715202004e-14
 20
-89.32568888018866
 10
1.4210854715202004e-14
 20
-90.46868888018847
  0
LWPOLYLINE
  5
4B0
330
17
100
AcDbEntity
  8
GIZLI
100
AcDbPolyline
 90
2
 70
0
 10
200.0
 20
-89.32568888018866
 10
200.0
 20
-90.46868888018847
  0
LWPOLYLINE
  5
4B1
330
17
100
AcDbEntity
  8
GIZLI
100
AcDbPolyline
 90
2
 70
0
 10
200.0
 20
-90.46868888018858
 10
1.4210854715202004e-14
 20
-90.46868888018858
  0
LWPOLYLINE
  5
4B2
330
17
100
AcDbEntity
  8
GIZLI
100
AcDbPolyline
 90
2
 70
0
 10
1.4210854715202004e-14
 20
-90.46868888018894
 10
1.4210854715202004e-14
 20
-91.6963548801889
  0
LWPOLYLINE
  5
4B3
330
17
100
AcDbEntity
  8
GIZLI
100
AcDbPolyline
 90
2
 70
0
 10
200.0
 20
-90.46868888018894
 10
200.0
 20
-91.6963548801889
  0
LWPOLYLINE
  5
4B4
330
17
100
AcDbEntity
  8
GIZLI
100
AcDbPolyline
 90
2
 70
0
 10
200.0
 20
-91.6963548801888
 10
1.4210854715202004e-14
 20
-91.6963548801888
  0
LWPOLYLINE
  5
4B5
330
17
100
AcDbEntity
  8
GIZLI
100
AcDbPolyline
 90
2
 70
0
 10
1.4210854715202004e-14
 20
-91.69635488018861
 10
1.4210854715202004e-14
 20
-92.92402288018855
  0
LWPOLYLINE
  5
4B6
330
17
100
AcDbEntity
  8
GIZLI
100
AcDbPolyline
 90
2
 70
0
 10
200.0
 20
-91.69635488018861
 10
200.0
 20
-92.92402288018855
  0
LWPOLYLINE
  5
4B7
330
17
100
AcDbEntity
  8
GIZLI
100
AcDbPolyline
 90
2
 70
0
 10
200.0
 20
-92.9240228801888
 10
1.4210854715202004e-14
 20
-92.9240228801888
  0
LWPOLYLINE
  5
4B8
330
17
100
AcDbEntity
  8
GIZLI
100
AcDbPolyline
 90
2
 70
0
 10
1.4210854715202004e-14
 20
-92.92402288018874
 10
1.4210854715202004e-14
 20
-94.23635588018873
  0
LWPOLYLINE
  5
4B9
330
17
100
AcDbEntity
  8
GIZLI
100
AcDbPolyline
 90
2
 70
0
 10
200.0
 20
-92.92402288018874
 10
200.0
 20
-94.23635588018873
  0
LWPOLYLINE
  5
4BA
330
17
100
AcDbEntity
  8
GIZLI
100
AcDbPolyline
 90
2
 70
0
 10
200.0
 20
-94.23635588018865
 10
1.4210854715202004e-14
 20
-94.23635588018865
  0
LWPOLYLINE
  5
4BB
330
17
100
AcDbEntity
  8
GIZLI
100
AcDbPolyline
 90
2
 70
0
 10
1.4210854715202004e-14
 20
-94.23635588018888
 10
1.4210854715202004e-14
 20
-95.5063499731083
  0
LWPOLYLINE
  5
4BC
330
17
100
AcDbEntity
  8
GIZLI
100
AcDbPolyline
 90
2
 70
0
 10
200.0
 20
-94.23635588018888
 10
200.0
 20
-95.5063499731083
  0
LWPOLYLINE
  5
4BD
330
17
100
AcDbEntity
  8
GIZLI
100
AcDbPolyline
 90
2
 70
0
 10
200.0
 20
-95.50635588018864
 10
1.4210854715202004e-14
 20
-95.50635588018864
  0
LWPOLYLINE
  5
4BE
330
17
100
AcDbEntity
  8
GIZLI
100
AcDbPolyline
 90
2
 70
0
 10
1.4210854715202004e-14
 20
-95.50634988018867
 10
1.4210854715202004e-14
 20
-139.99868388018865
  0
LWPOLYLINE
  5
4BF
330
17
100
AcDbEntity
  8
GIZLI
100
AcDbPolyline
 90
2
 70
0
 10
200.0
 20
-95.50634988018867
 10
200.0
 20
-139.99868388018865
  0
LWPOLYLINE
  5
4C0
330
17
100
AcDbEntity
  8
GIZLI
100
AcDbPolyline
 90
2
 70
0
 10
200.0
 20
-139.9986838801889
 10
1.4210854715202004e-14
 20
-139.9986838801889
  0
LWPOLYLINE
  5
4C1
330
17
100
AcDbEntity
  8
GIZLI
100
AcDbPolyline
 90
2
 70
0
 10
200.0
 20
-142.0306818801882
 10
200.0
 20
-139.99868388018893
  0
LWPOLYLINE
  5
4C2
330
17
100
AcDbEntity
  8
GIZLI
100
AcDbPolyline
 90
2
 70
0
 10
1.4210854715202004e-14
 20
-142.03068188018892
 10
1.4210854715202004e-14
 20
-139.99868388018893
  0
LWPOLYLINE
  5
4C3
330
17
100
AcDbEntity
  8
GIZLI
100
AcDbPolyline
 90
2
 70
0
 10
200.0
 20
-66.00001888023888
 10
1.4210854715202004e-14
 20
-66.00001888023888
  0
LWPOLYLINE
  5
4C4
330
17
100
AcDbEntity
  8
GIZLI
100
AcDbPolyline
 90
2
 70
0
 10
200.0
 20
-72.51847487842774
 10
1.4210854715202004e-14
 20
-72.51847487842774
  0
LWPOLYLINE
  5
4C5
330
17
100
AcDbEntity
  8
GIZLI
100
AcDbPolyline
 90
2
 70
0
 10
200.0
 20
-104.52335388018874
 10
1.4210854715202004e-14
 20
-104.52335388018874
  0
LWPOLYLINE
  5
4C6
330
17
100
AcDbEntity
  8
GIZLI
100
AcDbPolyline
 90
2
 70
0
 10
200.0
 20
-113.49828793097062
 10
1.4210854715202004e-14
 20
-113.49828793097062
  0
LWPOLYLINE
  5
4C7
330
17
100
AcDbEntity
  8
GIZLI
100
AcDbPolyline
 90
2
 70
0
 10
200.0
 20
-113.49802488014188
 10
1.4210854715202004e-14
 20
-113.49802488014188
  0
LWPOLYLINE
  5
4C8
330
17
100
AcDbEntity
  8
GIZLI
100
AcDbPolyline
 90
2
 70
0
 10
200.0
 20
-118.49512253341953
 10
1.4210854715202004e-14
 20
-118.49512253341953
  0
LWPOLYLINE
  5
4C9
330
17
100
AcDbEntity
  8
GIZLI
100
AcDbPolyline
 90
2
 70
0
 10
200.0
 20
-117.19548388195871
 10
1.4210854715202004e-14
 20
-117.19548388195871
  0
LWPOLYLINE
  5
4CA
330
17
100
AcDbEntity
  8
GIZLI
100
AcDbPolyline
 90
2
 70
0
 10
200.0
 20
-127.44232181717882
 10
1.4210854715202004e-14
 20
-127.44232181717882
  0
LWPOLYLINE
  5
4CB
330
17
100
AcDbEntity
  8
GIZLI
100
AcDbPolyline
 90
2
 70
0
 10
200.0
 20
-123.53072478963867
 10
1.4210854715202004e-14
 20
-123.53072478963867
  0
LWPOLYLINE
  5
4CC
330
17
100
AcDbEntity
  8
GIZLI
100
AcDbPolyline
 90
2
 70
0
 10
200.0
 20
-155.9948963346986
 10
1.4210854715202004e-14
 20
-155.9948963346986
  0
LWPOLYLINE
  5
4CD
330
17
100
AcDbEntity
  8
GIZLI
100
AcDbPolyline
 90
2
 70
0
 10
200.0
 20
-152.01595103548894
 10
1.4210854715202004e-14
 20
-152.01595103548894
  0
LWPOLYLINE
  5
4CE
330
17
100
AcDbEntity
  8
GIZLI
100
AcDbPolyline
 90
2
 70
0
 10
200.0
 20
-178.52202688018895
 10
1.4210854715202004e-14
 20
-178.52202688018895
  0
LWPOLYLINE
  5
4CF
330
17
100
AcDbEntity
  8
GIZLI
100
AcDbPolyline
 90
2
 70
0
 10
200.0
 20
-173.52669188018862
 10
1.4210854715202004e-14
 20
-173.52669188018862
  0
LWPOLYLINE
  5
4D0
330
17
100
AcDbEntity
  8
GIZLI
100
AcDbPolyline
 90
2
 70
0
 10
200.0
 20
-168.02334588018883
 10
1.4210854715202004e-14
 20
-168.02334588018883
  0
LWPOLYLINE
  5
4D1
330
17
100
AcDbEntity
  8
GIZLI
100
AcDbPolyline
 90
2
 70
0
 10
200.0
 20
-168.0233458801869
 10
1.4210854715202004e-14
 20
-168.0233458801869
  0
LWPOLYLINE
  5
4D2
330
17
100
AcDbEntity
  8
GIZLI
100
AcDbPolyline
 90
2
 70
0
 10
200.0
 20
-72.51935688051063
 10
1.4210854715202004e-14
 20
-72.51935688051063
  0
LWPOLYLINE
  5
4D3
330
17
100
AcDbEntity
  8
GIZLI
100
AcDbPolyline
 90
2
 70
0
 10
200.0
 20
-83.3876309143127
 10
1.4210854715202004e-14
 20
-83.3876309143127
  0
LWPOLYLINE
  5
4D4
330
17
100
AcDbEntity
  8
GIZLI
100
AcDbPolyline
 90
2
 70
0
 10
200.0
 20
-120.52547687387893
 10
1.4210854715202004e-14
 20
-120.52547687387893
  0
LWPOLYLINE
  5
4D5
330
17
100
AcDbEntity
  8
GIZLI
100
AcDbPolyline
 90
2
 70
0
 10
200.0
 20
-107.52901688020889
 10
1.4210854715202004e-14
 20
-107.52901688020889
  0
LWPOLYLINE
  5
4D6
330
17
100
AcDbEntity
  8
GIZLI
100
AcDbPolyline
 90
2
 70
0
 10
200.0
 20
-107.52813521552856
 10
1.4210854715202004e-14
 20
-107.52813521552856
  0
LWPOLYLINE
  5
4D7
330
17
100
AcDbEntity
  8
GIZLI
100
AcDbPolyline
 90
2
 70
0
 10
200.0
 20
-142.0306818802086
 10
1.4210854715202004e-14
 20
-142.0306818802086
  0
LWPOLYLINE
  5
4D8
330
17
100
AcDbEntity
  8
GIZLI
100
AcDbPolyline
 90
2
 70
0
 10
200.0
 20
-142.03068188018892
 10
1.4210854715202004e-14
 20
-142.03068188018892
  0
TEXT
  5
4D9
330
17
100
AcDbEntity
  8
YAZI
100
AcDbText
 10
0.0
 20
-188.52202688018895
 30
0.0
 40
5.0
  1
UST
 11
0.0
 21
-188.52202688018895
 31
0.0
100
AcDbText
  0
DIMENSION
  5
4DA
330
17
100
AcDbEntity
  8
OLCU
100
AcDbDimension
280
0
  2
*D3
  3
EZDXF
 10
0.0
 20
-200.52202688018895
 30
0.0
 11
100.0
 21
-200.29702688018895
 31
0.0
 70
32
 71
5
  1
<>
100
AcDbAlignedDimension
 13
0.0
 23
-178.52202688018895
 33
0.0
 14
200.0
 24
-178.52202688018895
 34
0.0
 50
0.0
100
AcDbRotatedDimension
  0
DIMENSION
  5
4E9
330
17
100
AcDbEntity
  8
OLCU
100
AcDbDimension
280
0
  2
*D4
  3
EZDXF
 10
-22.0
 20
-178.52202688018895
 30
0.0
 11
-22.225
 21
-122.26102288018889
 31
0.0
 70
32
 71
5
  1
<>
100
AcDbAlignedDimension
 13
0.0
 23
-178.52202688018895
 33
0.0
 14
0.0
 24
-66.00001888018883
 34
0.0
 50
90.0
100
AcDbRotatedDimension
  0
LWPOLYLINE
  5
4F8
330
17
100
AcDbEntity
  8
GORUNEN
100
AcDbPolyline
 90
2
 70
0
 10
358.4983618801891
 20
69.97699400004679
 10
358.4983618801891
 20
114.97733200004679
  0
LWPOLYLINE
  5
4F9
330
17
100
AcDbEntity
  8
GORUNEN
100
AcDbPolyline
 90
2
 70
0
 10
358.49836188018884
 20
114.9773320000468
 10
360.48802488018885
 20
114.9773320000468
  0
LWPOLYLINE
  5
4FA
330
17
100
AcDbEntity
  8
GORUNEN
100
AcDbPolyline
 90
2
 70
0
 10
360.48802488018896
 20
114.97733200004679
 10
360.48802488018896
 20
111.97167000004679
  0
LWPOLYLINE
  5
4FB
330
17
100
AcDbEntity
  8
GORUNEN
100
AcDbPolyline
 90
2
 70
0
 10
360.4880248801889
 20
111.9716700000468
 10
370.5210288801889
 20
111.9716700000468
  0
LWPOLYLINE
  5
4FC
330
17
100
AcDbEntity
  8
GORUNEN
100
AcDbPolyline
 90
2
 70
0
 10
370.52102888018885
 20
111.9716700000468
 10
370.52102888018885
 20
124.9680020000468
  0
LWPOLYLINE
  5
4FD
330
17
100
AcDbEntity
  8
GORUNEN
100
AcDbPolyline
 90
33
 70
0
 10
370.52102888048535
 20
124.9680020000468
 10
370.52164103266864
 20
124.99292808783682
 10
370.52347549807473
 20
125.01779411525347
 10
370.52652785742134
 20
125.0425401792886
 10
370.5307907574829
 20
125.06710666592947
 10
370.5362539288049
 20
125.09143439377073
 10
370.54290421044334
 20
125.11546475658406
 10
370.55072558166967
 20
125.13913986450254
 10
370.5596992005653
 20
125.16240268347893
 10
370.5698034494123
 20
125.18519717268245
 10
370.5810139867712
 20
125.20746841950286
 10
370.59330380612033
 20
125.22916277183654
 10
370.60664330091504
 20
125.25022796733606
 10
370.62100033591116
 20
125.2706132593117
 10
370.63634032457935
 20
125.29026953898183
 10
370.6526263124255
 20
125.30914945377738
 10
370.66981906601495
 20
125.32720752141557
 10
370.68787716748693
 20
125.34440023946824
 10
370.7067571143318
 20
125.36068619016034
 10
370.7264134241897
 20
125.37602614014669
 10
370.7467987444187
 20
125.3903831350263
 10
370.7678639661691
 20
125.40372258836655
 10
370.789558342688
 20
125.41601236502305
 10
370.81182961156975
 20
125.4272228585541
 10
370.8346241206575
 20
125.43732706254352
 10
370.85788695729315
 20
125.44630063565991
 10
370.8815620806033
 20
125.45412196029568
 10
370.9055924565038
 20
125.46077219464446
 10
370.92992019509603
 20
125.46623531809166
 10
370.9544866901259
 20
125.47049816980852
 10
370.97923276016775
 20
125.47355048045702
 10
371.00409879119445
 20
125.47538489692897
 10
371.02902488018907
 20
125.4759970000599
  0
LWPOLYLINE
  5
4FE
330
17
100
AcDbEntity
  8
GORUNEN
100
AcDbPolyline
 90
2
 70
0
 10
371.0290248801888
 20
125.47599700004682
 10
375.5163638801888
 20
125.47599700004682
  0
LWPOLYLINE
  5
4FF
330
17
100
AcDbEntity
  8
GORUNEN
100
AcDbPolyline
 90
33
 70
0
 10
375.5163638801889
 20
125.47599700000367
 10
375.5412900183833
 20
125.4753851139229
 10
375.5661561080484
 20
125.47355089620794
 10
375.5909022444935
 20
125.47049876565752
 10
375.6154688120063
 20
125.46623607513406
 10
375.6397966274723
 20
125.46077309385001
 10
375.6638270829528
 20
125.45412298262836
 10
375.68750228687634
 20
125.44630176219698
 10
375.7107652035053
 20
125.43732827459327
 10
375.73355979033977
 20
125.42722413777189
 10
375.75583113312933
 20
125.4160136935252
 10
375.77752557816655
 20
125.40372394884164
 10
375.7985908615434
 20
125.39038451084335
 10
375.81897623506023
 20
125.37602751545995
 10
375.8386325884824
 20
125.36068755001018
 10
375.8575125678517
 20
125.34440156987776
 10
375.8755706895662
 20
125.3272088094826
 10
375.8927634499542
 20
125.30915068776139
 10
375.9090494300792
 20
125.29027070838568
 10
375.92438939552125
 20
125.27061435495744
 10
375.9387463908966
 20
125.25022898143497
 10
375.9520858288866
 20
125.22916369805283
 10
375.96437557356165
 20
125.20746925301081
 10
375.9755860177995
 20
125.18519791021681
 10
375.9856901546119
 20
125.16240332337838
 10
375.99466364220655
 20
125.13914040674591
 10
376.00248486262853
 20
125.11546520281927
 10
376.0091349738408
 20
125.09143474733618
 10
376.0145979551152
 20
125.06710693186801
 10
376.01886064562905
 20
125.04254036435354
 10
376.0219127761697
 20
125.0177942279072
 10
376.02374699387485
 20
124.99292813824137
 10
376.0243588799458
 20
124.9680020000468
  0
LWPOLYLINE
  5
500
330
17
100
AcDbEntity
  8
GORUNEN
100
AcDbPolyline
 90
2
 70
0
 10
376.02435888018886
 20
124.9680020000468
 10
376.02435888018886
 20
119.2953340000468
  0
LWPOLYLINE
  5
501
330
17
100
AcDbEntity
  8
GORUNEN
100
AcDbPolyline
 90
2
 70
0
 10
376.02435888018886
 20
119.29533400004681
 10
375.5163638801889
 20
118.78733900004681
  0
LWPOLYLINE
  5
502
330
17
100
AcDbEntity
  8
GORUNEN
100
AcDbPolyline
 90
2
 70
0
 10
375.51636388018886
 20
118.78733900004676
 10
376.0243588801889
 20
118.27932700004682
  0
LWPOLYLINE
  5
503
330
17
100
AcDbEntity
  8
GORUNEN
100
AcDbPolyline
 90
2
 70
0
 10
376.02435888018886
 20
118.27932700004679
 10
376.02435888018886
 20
95.96965900004678
  0
LWPOLYLINE
  5
504
330
17
100
AcDbEntity
  8
GORUNEN
100
AcDbPolyline
 90
2
 70
0
 10
376.0666928801887
 20
95.75799500004678
 10
376.02435888018874
 20
95.96965900004679
  0
LWPOLYLINE
  5
505
330
17
100
AcDbEntity
  8
GORUNEN
100
AcDbPolyline
 90
2
 70
0
 10
376.2783568801888
 20
95.54633200004679
 10
376.0666928801888
 20
95.75799500004678
  0
LWPOLYLINE
  5
506
330
17
100
AcDbEntity
  8
GORUNEN
100
AcDbPolyline
 90
2
 70
0
 10
376.490027880189
 20
95.50400500004675
 10
376.278356880189
 20
95.5463320000468
  0
LWPOLYLINE
  5
507
330
17
100
AcDbEntity
  8
GORUNEN
100
AcDbPolyline
 90
2
 70
0
 10
376.49002788018885
 20
95.50400500004677
 10
377.50602788018887
 20
95.50400500004677
  0
LWPOLYLINE
  5
508
330
17
100
AcDbEntity
  8
GORUNEN
100
AcDbPolyline
 90
33
 70
0
 10
377.506027880189
 20
95.50400500002436
 10
377.5558807197305
 20
95.50278078930137
 10
377.6056134410996
 20
95.49911190289336
 10
377.6551062350503
 20
95.49300717937788
 10
377.70423987033695
 20
95.48448132541685
 10
377.75289598094963
 20
95.47355488032737
 10
377.8009573512653
 20
95.46025416660115
 10
377.8483081984276
 20
95.444611226492
 10
377.89483445127513
 20
95.42666374482408
 10
377.9404240251457
 20
95.40645495820668
 10
377.9849670918957
 20
95.38403355087462
 10
378.02835634448286
 20
95.35945353740485
 10
378.07048725547554
 20
95.33277413259187
 10
378.111258328866
 20
95.3040596087957
 10
378.15057134458044
 20
95.27337914110564
 10
378.18833159509774
 20
95.24080664069318
 10
378.2244481136053
 20
95.20642057675532
 10
378.2588338931443
 20
95.17030378747741
 10
378.2914060962145
 20
95.13254328047068
 10
378.3220862543351
 20
95.09323002316553
 10
378.3508004570805
 20
95.05245872366521
 10
378.37747953013474
 20
95.01032760258813
 10
378.40205920193716
 20
94.96693815644817
 10
378.42448025851627
 20
94.9223949131432
 10
378.44468868614007
 20
94.8768051801409
 10
378.46263580143864
 20
94.83027878596828
 10
378.4782783686853
 20
94.78292781562783
 10
378.49157870395413
 20
94.73486634057781
 10
378.50250476590304
 20
94.68621014392686
 10
378.5110302329633
 20
94.63707644150527
 10
378.5171345667499
 20
94.58758359948474
 10
378.5208030615399
 20
94.53785084922676
 10
378.52202687969896
 20
94.48799800004679
  0
LWPOLYLINE
  5
509
330
17
100
AcDbEntity
  8
GORUNEN
100
AcDbPolyline
 90
2
 70
0
 10
378.52202688018883
 20
94.48799800004679
 10
378.52202688018883
 20
71.20466500004679
  0
LWPOLYLINE
  5
50A
330
17
100
AcDbEntity
  8
GORUNEN
100
AcDbPolyline
 90
2
 70
0
 10
378.5220268801887
 20
71.20466500004677
 10
377.50602788018875
 20
71.20466500004677
  0
LWPOLYLINE
  5
50B
330
17
100
AcDbEntity
  8
GORUNEN
100
AcDbPolyline
 90
2
 70
0
 10
377.5060278801891
 20
71.20466500004679
 10
377.5060278801891
 20
62.69566400004678
  0
LWPOLYLINE
  5
50C
330
17
100
AcDbEntity
  8
GORUNEN
100
AcDbPolyline
 90
2
 70
0
 10
377.50602788018875
 20
62.695664000046776
 10
378.5220268801887
 20
62.695664000046776
  0
LWPOLYLINE
  5
50D
330
17
100
AcDbEntity
  8
GORUNEN
100
AcDbPolyline
 90
2
 70
0
 10
378.52202688018883
 20
62.695664000046776
 10
378.52202688018883
 20
61.17166100004678
  0
LWPOLYLINE
  5
50E
330
17
100
AcDbEntity
  8
GORUNEN
100
AcDbPolyline
 90
32
 70
0
 10
378.5220268798762
 20
61.17166100006009
 10
378.5186610088988
 20
61.12164678494946
 10
378.51283460677604
 20
61.07185919775272
 10
378.5045618307128
 20
61.02241921416882
 10
378.49386278220277
 20
60.973446965276736
 10
378.4807634581849
 20
60.92506144563662
 10
378.4652956878755
 20
60.877380224152425
 10
378.4474970554282
 20
60.83051915839871
 10
378.4274108086105
 20
60.784592113105674
 10
378.40508575371916
 20
60.73971068348645
 10
378.3805761369883
 20
60.695983924079016
 10
378.35394151278047
 20
60.65351808376143
 10
378.32524659887906
 20
60.61241634758452
 10
378.29456111923446
 20
60.57277858604896
 10
378.2619596345466
 20
60.53470111243638
 10
378.2275213610945
 20
60.49827644878377
 10
378.1913299782535
 20
60.463593101070074
 10
378.15347342516844
 20
60.43073534416115
 10
378.1140436870755
 20
60.39978301703557
 10
378.07313657179327
 20
60.37081132878899
 10
378.0308514769256
 20
60.34389067588834
 10
377.9872911483412
 20
60.31908647111991
 10
377.9425614305187
 20
60.296458984646954
 10
377.89677100936103
 20
60.27606319756307
 10
377.85003114810706
 20
60.25794866829711
 10
377.8024554169798
 20
60.24215941219432
 10
377.7541594172296
 20
60.228733794566224
 10
377.70526050024165
 20
60.2177044374692
 10
377.65587748239153
 20
60.209098140438215
 10
377.6061303563409
 20
60.20293581536831
 10
377.55613999947457
 20
60.19923243570218
 10
377.5060278801888
 20
60.19799700004706
  0
LWPOLYLINE
  5
50F
330
17
100
AcDbEntity
  8
GORUNEN
100
AcDbPolyline
 90
2
 70
0
 10
377.506027880189
 20
60.19799700004678
 10
363.49369588018897
 20
60.19799700004678
  0
LWPOLYLINE
  5
510
330
17
100
AcDbEntity
  8
GORUNEN
100
AcDbPolyline
 90
2
 70
0
 10
363.49369588018885
 20
60.197997000046776
 10
363.49369588018885
 20
33.18933400004678
  0
LWPOLYLINE
  5
511
330
17
100
AcDbEntity
  8
GORUNEN
100
AcDbPolyline
 90
2
 70
0
 10
363.49369588018897
 20
33.189334000046784
 10
377.506027880189
 20
33.189334000046784
  0
LWPOLYLINE
  5
512
330
17
100
AcDbEntity
  8
GORUNEN
100
AcDbPolyline
 90
33
 70
0
 10
377.5060278801888
 20
33.18933399999639
 10
377.5558806323929
 20
33.18811022513784
 10
377.60561328667404
 20
33.18444176151079
 10
377.65510603229495
 20
33.17833744679619
 10
377.70423963648136
 20
33.16981198687407
 10
377.75289573166515
 20
33.1588859203956
 10
377.80095710064336
 20
33.14558556930355
 10
377.8483079589654
 20
33.12994297542021
 10
377.894834233869
 20
33.111995823255526
 10
377.94042383909266
 20
33.09178734922156
 10
377.9849669449019
 20
33.069366237471755
 10
378.0283562426798
 20
33.04478650261618
 10
378.07048720344375
 20
33.018107359595135
 10
378.1112583296657
 20
32.989393081024694
 10
378.15057139978967
 20
32.95871284235778
 10
378.1883317048566
 20
32.92614055523387
 10
378.22444827666754
 20
32.891754689418775
 10
378.2588341069348
 20
32.85563808376342
 10
378.29140635689294
 20
32.81787774663711
 10
378.32208655686577
 20
32.77856464631603
 10
378.35080079530707
 20
32.73779349183193
 10
378.37747989686056
 20
32.69566250480896
 10
378.40205958901004
 20
32.652273182838385
 10
378.42448065691815
 20
32.60773005496111
 10
378.4446890860803
 20
32.56214042984721
 10
378.4626361924513
 20
32.51561413727906
 10
378.4782787397294
 20
32.46826326356079
 10
378.4915790435169
 20
32.4202018814917
 10
378.5025050621054
 20
32.37154577555387
 10
378.5110304736676
 20
32.32241216297628
 10
378.51713473966873
 20
32.2729194113472
 10
378.52080315434625
 20
32.223186753455394
 10
378.52202688013705
 20
32.173334000046786
  0
LWPOLYLINE
  5
513
330
17
100
AcDbEntity
  8
GORUNEN
100
AcDbPolyline
 90
2
 70
0
 10
378.52202688018883
 20
32.173334000046786
 10
378.52202688018883
 20
30.183663000046785
  0
LWPOLYLINE
  5
514
330
17
100
AcDbEntity
  8
GORUNEN
100
AcDbPolyline
 90
32
 70
0
 10
378.5220268801339
 20
30.18366300004913
 10
378.5186610565404
 20
30.133648750489467
 10
378.5128346984653
 20
30.08386112673557
 10
378.5045619630246
 20
30.03442110473106
 10
378.49386295163913
 20
29.985448815803018
 10
378.4807636611912
 20
29.93706325476216
 10
378.4652959208565
 20
29.889381990764477
 10
378.4474973147642
 20
29.842520881637082
 10
378.42741109067356
 20
29.79659379236223
 10
378.40508605488884
 20
29.751712318403687
 10
378.38057645366786
 20
29.707985514547634
 10
378.35394184141205
 20
29.665519629917014
 10
378.32524693595906
 20
29.624417849803223
 10
378.29456146132867
 20
29.58478004494237
 10
378.2619599783047
 20
29.546702528845408
 10
378.227521703264
 20
29.510277823771744
 10
378.1913303156938
 20
29.475594435914985
 10
378.15347375486357
 20
29.442736640347075
 10
378.11404400614674
 20
29.411784276243377
 10
378.0731368775113
 20
29.382812552886282
 10
378.0308517667214
 20
29.35589186691871
 10
377.987291419817
 20
29.331087631291556
 10
377.94256168145733
 20
29.3084601163207
 10
377.89677123773544
 20
29.288064303239803
 10
377.8500313520883
 20
29.269949750604734
 10
377.8024555949445
 20
29.254160473874215
 10
377.7541595677664
 20
29.24073483845931
 10
377.70526062215714
 20
29.229705466501642
 10
377.65587757471485
 20
29.221099157606805
 10
377.60613041832767
 20
29.21493682372562
 10
377.55614003060987
 20
29.21123343834145
 10
377.50602788018904
 20
29.209998000087047
  0
LWPOLYLINE
  5
515
330
17
100
AcDbEntity
  8
GORUNEN
100
AcDbPolyline
 90
2
 70
0
 10
377.5060278801888
 20
29.20999800004678
 10
373.0186958801888
 20
29.20999800004678
  0
LWPOLYLINE
  5
516
330
17
100
AcDbEntity
  8
GORUNEN
100
AcDbPolyline
 90
33
 70
0
 10
372.00268888012897
 20
28.19399900004678
 10
372.0039134746321
 20
28.2438517212096
 10
372.0075827136764
 20
28.293584307346563
 10
372.01368775801495
 20
28.34307695197846
 10
372.02221390051255
 20
28.39221042664844
 10
372.0331406015755
 20
28.440866368145
 10
372.0464415386316
 20
28.48892756364057
 10
372.06208466954195
 20
28.53627823305882
 10
372.0800323097905
 20
28.582804307990447
 10
372.10024122326683
 20
28.62839370648552
 10
372.1226627264223
 20
28.67293660306045
 10
372.1472428055496
 20
28.71632569326905
 10
372.17392224690246
 20
28.758456452200434
 10
372.20263677934224
 20
28.799227386280954
 10
372.2333172291682
 20
28.83854027777359
 10
372.26588968675765
 20
28.87630042138583
 10
372.3002756846155
 20
28.912416852416026
 10
372.33639238640313
 20
28.946802565888564
 10
372.3741527864928
 20
28.979374726150084
 10
372.413465919565
 20
29.010054866421672
 10
372.4542370797452
 20
29.038769077826405
 10
372.4963680487517
 20
29.065448187436857
 10
372.53975733250485
 20
29.090027924913613
 10
372.5843004056274
 20
29.1124490773334
 10
372.62988996324793
 20
29.132657631833833
 10
372.6764161794996
 20
29.150604905731125
 10
372.7237669720918
 20
29.166247663797353
 10
372.77182827231877
 20
29.17954822241469
 10
372.82048429985167
 20
29.19047454035579
 10
372.8696178416558
 20
29.1990002959715
 10
372.91911053435786
 20
29.205104950600113
 10
372.9688431493852
 20
29.208773798045247
 10
373.01869588018906
 20
29.209998000003306
  0
LWPOLYLINE
  5
517
330
17
100
AcDbEntity
  8
GORUNEN
100
AcDbPolyline
 90
2
 70
0
 10
372.00268888018877
 20
28.193999000046784
 10
372.00268888018877
 20
16.001998000046783
  0
LWPOLYLINE
  5
518
330
17
100
AcDbEntity
  8
GORUNEN
100
AcDbPolyline
 90
34
 70
0
 10
372.0026888803312
 20
16.00199800005284
 10
372.00355128945466
 20
15.954365761329196
 10
372.0020848912879
 20
15.906748289832496
 10
371.99829319005715
 20
15.859259376209426
 10
371.99218524672517
 20
15.812012503894149
 10
371.98377565733836
 20
15.765120577918903
 10
371.9730845181467
 20
15.718695655106817
 10
371.96013737758045
 20
15.67284867629164
 10
371.944965175197
 20
15.627689201204365
 10
371.9276041677455
 20
15.58332514666025
 10
371.90809584252486
 20
15.539862528671847
 10
371.8864868182417
 20
15.497405209104393
 10
371.86282873360705
 20
15.456054647478904
 10
371.8371781239359
 20
15.41590965851612
 10
371.80959628604586
 20
15.377066176000675
 10
371.78014913177697
 20
15.33961702352978
 10
371.74890703048374
 20
15.303651692694316
 10
371.7159446408743
 20
15.269256129222292
 10
371.68134073260006
 20
15.236512527595849
 10
371.64517799802115
 20
15.205499134632532
 10
371.60754285459785
 20
15.176290062500208
 10
371.5685252383804
 20
15.148955111612516
 10
371.5282183890904
 20
15.123559603828031
 10
371.48671862730714
 20
15.10016422635174
 10
371.4441251242925
 20
15.078824886711885
 10
371.4005396650027
 20
15.059592579158704
 10
371.3560664048547
 20
15.04251326280437
 10
371.31081162082785
 20
15.027627751795283
 10
371.2648834574954
 20
15.014971617779214
 10
371.21839166859365
 20
15.004575104900365
 10
371.17144735474517
 20
14.996463057525443
 10
371.1241626979633
 20
14.990654860873526
 10
371.0766506935733
 20
14.987164394691526
 10
371.0290248801889
 20
14.986000000086008
  0
LWPOLYLINE
  5
519
330
17
100
AcDbEntity
  8
GORUNEN
100
AcDbPolyline
 90
2
 70
0
 10
371.02902488018873
 20
14.986000000046783
 10
368.0233618801887
 20
14.986000000046783
  0
LWPOLYLINE
  5
51A
330
17
100
AcDbEntity
  8
GORUNEN
100
AcDbPolyline
 90
33
 70
0
 10
368.0233618801891
 20
14.986000000060947
 10
367.97350934128764
 20
14.987224260990416
 10
367.92377692133823
 20
14.990893164876162
 10
367.87428442710245
 20
14.99699787322826
 10
367.82515108735413
 20
15.005523679637122
 10
367.77649526565426
 20
15.016450045201637
 10
367.72843417520954
 20
15.029750648007962
 10
367.6810835965031
 20
15.045393446539716
 10
367.6345575983755
 20
15.063340756866875
 10
367.58896826323047
 20
15.083549343427403
 10
367.5444254170246
 20
15.105970523182894
 10
367.5010363646943
 20
15.130550282897339
 10
367.4589056316547
 20
15.157229409256502
 10
367.4181347119954
 20
15.185943631514416
 10
367.3788218239782
 20
15.21662377632336
 10
367.34106167342713
 20
15.249195934374356
 10
367.30494522557865
 20
15.283581638446716
 10
367.27055948594466
 20
15.319698052437722
 10
367.23798729071365
 20
15.357458170917077
 10
367.2073071071958
 20
15.39677102872535
 10
367.1785928447933
 20
15.437541920111553
 10
367.15191367695064
 20
15.479672626881882
 10
367.12733387451374
 20
15.52306165501004
 10
367.1049126508997
 20
15.56760447913911
 10
367.0847040194502
 20
15.613193794386024
 10
367.0667566633118
 20
15.659719774841953
 10
367.0511138181569
 20
15.707070338145925
 10
367.03781316802787
 20
15.755131415494319
 10
367.026886754555
 20
15.803787226435702
 10
367.01836089976763
 20
15.852920557789158
 10
367.0122561426833
 20
15.902413046013997
 10
367.0085871898292
 20
15.952145462350806
 10
367.00736287981306
 20
16.00199800004678
  0
LWPOLYLINE
  5
51B
330
17
100
AcDbEntity
  8
GORUNEN
100
AcDbPolyline
 90
2
 70
0
 10
367.007362880189
 20
16.001998000046783
 10
367.007362880189
 20
29.294667000046783
  0
LWPOLYLINE
  5
51C
330
17
100
AcDbEntity
  8
GORUNEN
100
AcDbPolyline
 90
2
 70
0
 10
367.00736288018874
 20
29.29466700004678
 10
361.4616898801887
 20
29.29466700004678
  0
LWPOLYLINE
  5
51D
330
17
100
AcDbEntity
  8
GORUNEN
100
AcDbPolyline
 90
16
 70
0
 10
361.4616898801887
 20
29.29466700001094
 10
361.41497892416294
 20
29.29581704923175
 10
361.368381176669
 20
29.29926465050504
 10
361.32200957778696
 20
29.30500144779678
 10
361.27597651947497
 20
29.31301353669355
 10
361.2303935731623
 20
29.323281498103018
 10
361.18537121933105
 20
29.335780445320434
 10
361.14101857974185
 20
29.35048008434717
 10
361.09744315295274
 20
29.36734478731497
 10
361.0547505537724
 20
29.3863336788381
 10
361.0130442572792
 20
29.407400735083996
 10
360.9724253480258
 20
29.43049489532233
 10
360.9329922750385
 20
29.455560185682124
 10
360.8948406132034
 20
29.482535854816977
 10
360.8580628316201
 20
29.51135652114955
 10
360.8227480694811
 20
29.541952331338486
  0
LWPOLYLINE
  5
51E
330
17
100
AcDbEntity
  8
GORUNEN
100
AcDbPolyline
 90
16
 70
0
 10
360.14935870388877
 20
29.802662000045224
 10
360.1985909172486
 20
29.801449272380015
 10
360.2477037243496
 20
29.79781420438013
 10
360.2965780128072
 20
29.791765612108893
 10
360.3450952487118
 20
29.78331816510548
 10
360.39313776410677
 20
29.77249235080718
 10
360.44058904236635
 20
29.75931442486157
 10
360.48733400078135
 20
29.743816347449194
 10
360.533259269667
 20
29.72603570577111
 10
360.5782534673163
 20
29.706015622889367
 10
360.62220747013237
 20
29.683804653141422
 10
360.66501467728347
 20
29.659456664382205
 10
360.7065712692404
 20
29.633030707339405
 10
360.7467764595676
 20
29.604590872398834
 10
360.7855327393594
 20
29.574206134167195
 10
360.82274611372554
 20
29.541950184189233
  0
LWPOLYLINE
  5
51F
330
17
100
AcDbEntity
  8
GORUNEN
100
AcDbPolyline
 90
2
 70
0
 10
360.1493587038891
 20
29.80266200004678
 10
347.40702488018906
 20
29.80266200004678
  0
LWPOLYLINE
  5
520
330
17
100
AcDbEntity
  8
GORUNEN
100
AcDbPolyline
 90
26
 70
0
 10
346.4760838131847
 20
29.146773284948328
 10
346.4935366099451
 20
29.19206449266051
 10
346.5131913410454
 20
29.23644450117972
 10
346.5350006294465
 20
29.27980633405411
 10
346.5589119046247
 20
29.32204546910848
 10
346.58486752929105
 20
29.36306009039128
 10
346.61280493832373
 20
29.4027513335984
 10
346.6426567895797
 20
29.441023524382107
 10
346.67435112621973
 20
29.4777844089707
 10
346.7078115501586
 20
29.512945376542973
 10
346.74295740621966
 20
29.546421672821502
 10
346.7797039765511
 20
29.57813260436984
 10
346.81796268483583
 20
29.608001733101236
 10
346.85764130980124
 20
29.635957060529925
 10
346.8986442075154
 20
29.661931201320975
 10
346.94087254193346
 20
29.68586154572026
 10
346.9842245231383
 20
29.70769041047308
 10
347.02859565270205
 20
29.72736517786761
 10
347.07387897557516
 20
29.74483842256805
 10
347.11996533789824
 20
29.76006802593174
 10
347.1667436501136
 20
29.773017277534656
 10
347.2141011547425
 20
29.78365496366061
 10
347.2619236981833
 20
29.791955442540804
 10
347.31009600587464
 20
29.79789870616242
 10
347.35850196016077
 20
29.801470428497243
 10
347.407024880189
 20
29.802662000034026
  0
LWPOLYLINE
  5
521
330
17
100
AcDbEntity
  8
GORUNEN
100
AcDbPolyline
 90
26
 70
0
 10
346.47608381314024
 20
29.14677328496414
 10
346.4586162413293
 20
29.101443824018887
 10
346.4389448756232
 20
29.057026333479563
 10
346.41711713315055
 20
29.013627880130368
 10
346.3931856289097
 20
28.971353074402526
 10
346.3672080489422
 20
28.930303818214547
 10
346.3392470112823
 20
28.8905790593413
 10
346.30936991501875
 20
28.852274552903875
 10
346.27764877783153
 20
28.815482630555298
 10
346.24416006239574
 20
28.780291977918328
 10
346.2089844920712
 20
28.74678742081194
 10
346.17220685632134
 20
28.715049720781682
 10
346.1339158063318
 20
28.685155380426835
 10
346.09420364131915
 20
28.657176458993625
 10
346.05316608604755
 20
28.631180398678957
 10
346.0109020600871
 20
28.607229862063406
 10
345.9675134393722
 20
28.585382581065275
 10
345.92310481063276
 20
28.565691217779868
 10
345.8777832192919
 20
28.548203237539372
 10
345.8316579114369
 20
28.53296079449936
 10
345.7848400704847
 20
28.5200006300277
 10
345.7374425491791
 20
28.50935398414078
 10
345.68957959756267
 20
28.501046520200582
 10
345.64136658758116
 20
28.49509826305402
 10
345.59291973498375
 20
28.491523550763805
 10
345.54435581918875
 20
28.490331000047004
  0
LWPOLYLINE
  5
522
330
17
100
AcDbEntity
  8
GORUNEN
100
AcDbPolyline
 90
2
 70
0
 10
345.5443558191891
 20
28.49033100004678
 10
339.9986918801891
 20
28.49033100004678
  0
LWPOLYLINE
  5
523
330
17
100
AcDbEntity
  8
GORUNEN
100
AcDbPolyline
 90
2
 70
0
 10
339.99869188018897
 20
28.490331000046783
 10
339.99869188018897
 20
14.350997000046782
  0
LWPOLYLINE
  5
524
330
17
100
AcDbEntity
  8
GORUNEN
100
AcDbPolyline
 90
27
 70
0
 10
339.9986918801875
 20
14.350997000046782
 10
339.99257806239194
 20
14.102933003439535
 10
339.97425107902166
 20
13.855471396596492
 10
339.94375543535557
 20
13.609213115724167
 10
339.9011651870692
 20
13.364756174870159
 10
339.8465837603972
 20
13.122694213704744
 10
339.78014370097327
 20
12.883615055925276
 10
339.70200635195596
 20
12.648099281784042
 10
339.61236146222274
 20
12.416718818206167
 10
339.5114267255833
 20
12.190035549921248
 10
339.3994472521319
 20
11.968599954981464
 10
339.27669497302105
 20
11.752949767979704
 10
339.14346798010394
 20
11.543608674213921
 10
339.0000898020472
 20
11.341085037968831
 10
338.8469086186737
 20
11.14587066800317
 10
338.6842964154418
 20
10.958439623240423
 10
338.5126480801152
 20
10.779247061563307
 10
338.332380443817
 20
10.608728134507551
 10
338.14393126879594
 20
10.447296930539121
 10
337.9477581853642
 20
10.295345469481074
 10
337.7443375805867
 20
10.153242750531906
 10
337.53416344142215
 20
10.02133385618724
 10
337.31774615512415
 20
9.899939114240894
 10
337.095611269816
 20
9.789353319900282
 10
336.8682982182486
 20
9.689845019905217
 10
336.63635900784095
 20
9.601655860388519
 10
336.40035688018435
 20
9.525000000062128
  0
LWPOLYLINE
  5
525
330
17
100
AcDbEntity
  8
GORUNEN
100
AcDbPolyline
 90
2
 70
0
 10
336.4003568801886
 20
9.525000000047594
 10
331.7436958801891
 20
8.212665000045977
  0
LWPOLYLINE
  5
526
330
17
100
AcDbEntity
  8
GORUNEN
100
AcDbPolyline
 90
28
 70
0
 10
331.0240208801638
 20
7.238996000046196
 10
331.02408612850445
 20
7.287259024887852
 10
331.0265084205627
 20
7.335461268875004
 10
331.03128197510375
 20
7.383487688700513
 10
331.03839539918283
 20
7.431223660693166
 10
331.04783171533666
 20
7.478555254387635
 10
331.05956840210285
 20
7.52536950443998
 10
331.073577447772
 20
7.571554680239723
 10
331.08982541724197
 20
7.6170005525750035
 10
331.1082735318173
 20
7.661598656714378
 10
331.1288777617614
 20
7.705242551277364
 10
331.15158893138107
 20
7.7478280722759125
 10
331.1763528363937
 20
7.789253581720448
 10
331.203110373295
 20
7.829420210197184
 10
331.2317976804204
 20
7.868232092837719
 10
331.2623462903624
 20
7.9055965981177545
 10
331.2946832933802
 20
7.941424548938855
 10
331.3287315114119
 20
7.975630435465597
 10
331.36440968227373
 20
8.00813261921014
 10
331.4016326536072
 20
8.03885352787714
 10
331.44031158610983
 20
8.067719840503937
 10
331.4803541655668
 20
8.094662662454208
 10
331.52166482317494
 20
8.119617689847384
 10
331.564144963635
 20
8.142525363031393
 10
331.607693200467
 20
8.16333100873246
 10
331.6522055979872
 20
8.181984970542697
 10
331.6975759193693
 20
8.198442727434035
 10
331.74369588019783
 20
8.212665000015633
  0
LWPOLYLINE
  5
527
330
17
100
AcDbEntity
  8
GORUNEN
100
AcDbPolyline
 90
2
 70
0
 10
331.024020880189
 20
7.23899600004678
 10
331.024020880189
 20
0.5079990000467847
  0
LWPOLYLINE
  5
528
330
17
100
AcDbEntity
  8
GORUNEN
100
AcDbPolyline
 90
33
 70
0
 10
331.0240208802161
 20
0.5079990000467849
 10
331.0234091906182
 20
0.4830727302206774
 10
331.02157515616113
 20
0.45820649992298196
 10
331.01852319524914
 20
0.433460214824006
 10
331.0142606604147
 20
0.408893491631981
 10
331.00879782060514
 20
0.3845655144694081
 10
331.00214783644327
 20
0.3605348922915533
 10
330.99432672852225
 20
0.33685951769058814
 10
330.98535333881
 20
0.3135964274255338
 10
330.9752492852566
 20
0.29080166501400706
 10
330.9640389097142
 20
0.26853014571680206
 10
330.9517492192945
 20
0.24683552424057492
 10
330.93840982130575
 20
0.2257700654773515
 10
330.9240528519249
 20
0.2053845185922623
 10
330.9087128987779
 20
0.18572799476284063
 10
330.8924269176142
 20
0.16684784886442627
 10
330.875234143276
 20
0.148789565386707
 10
330.8571759951765
 20
0.1315966488562389
 10
330.83829597751605
 20
0.11531051902893064
 10
330.8186395744756
 20
0.09997041110498511
 10
330.79825414063936
 20
0.08561328120669232
 10
330.7771887869126
 20
0.07227371734678889
 10
330.75549426220726
 20
0.059983856101871846
 10
330.7332228311824
 20
0.048773305191609495
 10
330.7104281483319
 20
0.038669072150266326
 10
330.6871651287249
 20
0.02969549926238013
 10
330.6634898157089
 20
0.02187420491933817
 10
330.63945924589444
 20
0.01522403153813262
 10
330.6151313117476
 20
0.0097610001677641
 10
330.5905646221199
 20
0.0054982718926526175
 10
330.5658183610532
 20
0.002446116126038622
 10
330.5409521451976
 20
0.0006118858697601315
 10
330.51602588018875
 20
7.105427357601002e-15
  0
LWPOLYLINE
  5
529
330
17
100
AcDbEntity
  8
GORUNEN
100
AcDbPolyline
 90
2
 70
0
 10
330.51602588018903
 20
4.6779469187185896e-11
 10
326.49435588018906
 20
4.6779469187185896e-11
  0
LWPOLYLINE
  5
52A
330
17
100
AcDbEntity
  8
GORUNEN
100
AcDbPolyline
 90
35
 70
0
 10
326.4943558801891
 20
1.600775068055782e-11
 10
326.47157493298806
 20
0.0005554377457145376
 10
326.44884812692237
 20
0.0022204760348333297
 10
326.4262294755549
 20
0.0049911576775079625
 10
326.40377273540287
 20
0.008860897745516072
 10
326.38153127817804
 20
0.013820499238309192
 10
326.35955796394103
 20
0.019858174941023266
 10
326.3379050154715
 20
0.026959575438510464
 10
326.3166238941533
 20
0.03510782321881328
 10
326.29576517766884
 20
0.0442835527850281
 10
326.2753784397941
 20
0.05446495668022744
 10
326.25551213257916
 20
0.0656278373160557
 10
326.23621347119473
 20
0.07774566448182008
 10
326.21752832171876
 20
0.09078963839739806
 10
326.19950109212874
 20
0.10472875816010668
 10
326.18217462675983
 20
0.11952989542286052
 10
326.16559010447907
 20
0.13515787312851063
 10
326.14978694081765
 20
0.151575549113241
 10
326.13480269429425
 20
0.1687439043803276
 10
326.1206729771519
 20
0.1866221358344633
 10
326.1074313707201
 20
0.20516775325625347
 10
326.095109345604
 20
0.224336680286407
 10
326.0837361868898
 20
0.24408335917961993
 10
326.0733389245447
 20
0.2643608590791887
 10
326.06394226917604
 20
0.2851209875550219
 10
326.05556855330315
 20
0.3063144051399659
 10
326.0482376782806
 20
0.3278907425922296
 10
326.04196706700003
 20
0.3497987206052199
 10
326.0367716224818
 20
0.3719862716802776
 10
326.03266369245614
 20
0.39440066387266715
 10
326.0296530400167
 20
0.4169886261167187
 10
326.0277468204172
 20
0.4396964748322699
 10
326.02694956406594
 20
0.46247024151150845
 10
326.02726316575877
 20
0.4852558009829861
 10
326.02868688017554
 20
0.5079990000479685
  0
LWPOLYLINE
  5
52B
330
17
100
AcDbEntity
  8
GORUNEN
100
AcDbPolyline
 90
2
 70
0
 10
326.02868688018884
 20
0.5079990000467847
 10
326.02868688018884
 20
1.058333000046784
  0
LWPOLYLINE
  5
52C
330
17
100
AcDbEntity
  8
GORUNEN
100
AcDbPolyline
 90
41
 70
0
 10
325.64768588021246
 20
6.561662999988388
 10
325.78768058377034
 20
6.477909609464919
 10
325.92337231806675
 20
6.387350784980277
 10
326.0544305388087
 20
6.290207127315997
 10
326.18053598891544
 20
6.186715277869799
 10
326.3013814762276
 20
6.0771273421984855
 10
326.4166726218253
 20
5.961710275890247
 10
326.5261285771333
 20
5.840745234262355
 10
326.62948270806686
 20
5.714526887468421
 10
326.72648324455065
 20
5.583362702683565
 10
326.8168938938294
 20
5.447572195116135
 10
326.9004944160755
 20
5.3074861496704715
 10
326.97708116089206
 20
5.163445815156762
 10
327.04646756340424
 20
5.015802073010881
 10
327.10848459873006
 20
4.864914582549205
 10
327.162981193724
 20
4.711150904840564
 10
327.2098245949906
 20
4.554885607329569
 10
327.2489006922707
 20
4.396499351392446
 10
327.2801142964135
 20
4.236377965048085
 10
327.3033893712568
 20
4.074911503083184
 10
327.3186692188506
 20
3.9124932968810056
 10
327.32591661757306
 20
3.7495189962683595
 10
327.32511391280207
 20
3.586385605714881
 10
327.3162630599219
 20
3.4234905172323944
 10
327.29938561955987
 20
3.261230542330235
 10
327.2745227050647
 20
3.1000009453846675
 10
327.2417348823548
 20
2.9401944807771128
 10
327.2011020223798
 20
2.7822004361467085
 10
327.1527231065555
 20
2.626403684087833
 10
327.096715985646
 20
2.4731837446026534
 10
327.03321709267914
 20
2.3229138605925606
 10
326.9623811105972
 20
2.1759600886405797
 10
326.88438059544984
 20
2.032680407299619
 10
326.7994055560484
 20
1.8934238450587488
 10
326.7076629911057
 20
1.7585296301117859
 10
326.6093763849883
 20
1.628326363999344
 10
326.50478516330986
 20
1.5031312211373469
 10
326.3941441096917
 20
1.383249176181958
 10
326.2777227451113
 20
1.2689722611130483
 10
326.1558046713509
 20
1.1605788538459572
 10
326.02868688014485
 20
1.058333000104474
  0
LWPOLYLINE
  5
52D
330
17
100
AcDbEntity
  8
GORUNEN
100
AcDbPolyline
 90
2
 70
0
 10
325.6476858802317
 20
6.561663000022608
 10
323.7003568801888
 20
7.662331000046744
  0
LWPOLYLINE
  5
52E
330
17
100
AcDbEntity
  8
GORUNEN
100
AcDbPolyline
 90
43
 70
0
 10
320.6946938802296
 20
5.926665000046779
 10
320.6971844805543
 20
6.026546721211838
 10
320.7046502728538
 20
6.12618016568814
 10
320.7170726990165
 20
6.225317669394381
 10
320.7344208799657
 20
6.323712801035259
 10
320.75665169241773
 20
6.421120974668665
 10
320.7837098760754
 20
6.517300057685808
 10
320.8155281709918
 20
6.612010972692933
 10
320.85202748476144
 20
6.705018291798555
 10
320.89311708912487
 20
6.79609082182892
 10
320.9386948454962
 20
6.885002179017005
 10
320.9886474588547
 20
6.971531351736534
 10
321.0428507593681
 20
7.0554632498821706
 10
321.1011700110478
 20
7.13658923953028
 10
321.16346024666973
 20
7.214707661551226
 10
321.2295666281263
 20
7.2896243328840455
 10
321.2993248313162
 20
7.361153029227478
 10
321.37256145461305
 20
7.429115947947481
 10
321.44909444989923
 20
7.493344150050566
 10
321.52873357509225
 20
7.553677980124328
 10
321.61128086703934
 20
7.6099674632012695
 10
321.6965311336053
 20
7.662072677559459
 10
321.78427246372877
 20
7.709864102533293
 10
321.8742867541813
 20
7.753222940469808
 10
321.96635025171736
 20
7.792041412030246
 10
322.0602341092702
 20
7.82622302410281
 10
322.15570495480824
 20
7.855682809660656
 10
322.252525471441
 20
7.880347538968891
 10
322.35045498732933
 20
7.900155901615566
 10
322.44925007393675
 20
7.915058658914186
 10
322.5486651511321
 20
7.925018766298896
 10
322.6484530976411
 20
7.9300114654081035
 10
322.74836586532854
 20
7.930024345627635
 10
322.8481550957849
 20
7.9250573749404545
 10
322.94757273768334
 20
7.915122900006244
 10
323.0463716633745
 20
7.900245615470671
 10
323.1443062831841
 20
7.880462502580604
 10
323.24113315588846
 20
7.855822737257896
 10
323.3366115938491
 20
7.826387567860205
 10
323.4305042613024
 20
7.792230162932743
 10
323.52257776431776
 20
7.753435429329385
 10
323.61260323095706
 20
7.71009980115524
 10
323.7003568801937
 20
7.662331000055348
  0
LWPOLYLINE
  5
52F
330
17
100
AcDbEntity
  8
GORUNEN
100
AcDbPolyline
 90
2
 70
0
 10
320.6946938801891
 20
5.926665000046779
 10
320.6946938801891
 20
3.682999000046782
  0
LWPOLYLINE
  5
530
330
17
100
AcDbEntity
  8
GORUNEN
100
AcDbPolyline
 90
20
 70
0
 10
322.00703288020014
 20
1.0583330000616367
 10
321.8813301140658
 20
1.1574922560214769
 10
321.7606146133908
 20
1.2626659759002705
 10
321.64517386135356
 20
1.373603689169507
 10
321.53528277935254
 20
1.490041198387976
 10
321.43120307228355
 20
1.6117012083862554
 10
321.33318260529074
 20
1.7382939866433498
 10
321.2414548134774
 20
1.869518053282799
 10
321.156238145982
 20
2.005060899045042
 10
321.0777355457429
 20
2.1445997295261794
 10
321.006133966191
 20
2.287802233910746
 10
320.9416039260213
 20
2.434327376367749
 10
320.884299103104
 20
2.583826208225279
 10
320.8343559685015
 20
2.735942698989498
 10
320.79189346146336
 20
2.890314584228939
 10
320.7570127061733
 20
3.046574228304891
 10
320.72979677092286
 20
3.2043494998932758
 10
320.7103104702844
 20
3.3632646582129704
 10
320.69860021075596
 20
3.5229412478500293
 10
320.69469388024424
 20
3.6829990000467814
  0
LWPOLYLINE
  5
531
330
17
100
AcDbEntity
  8
GORUNEN
100
AcDbPolyline
 90
2
 70
0
 10
322.0070328801887
 20
1.058333000046784
 10
322.0070328801887
 20
0.5079990000467847
  0
LWPOLYLINE
  5
532
330
17
100
AcDbEntity
  8
GORUNEN
100
AcDbPolyline
 90
33
 70
0
 10
322.0070328802081
 20
0.5079990000467842
 10
322.006420363096
 20
0.483072446840777
 10
322.00458551415306
 20
0.4582059721951577
 10
322.00153275355825
 20
0.4334594798236096
 10
321.99726943545795
 20
0.40889258440070236
 10
321.99180583025
 20
0.3845644679492387
 10
321.98515509984196
 20
0.36053373726986615
 10
321.9773332659441
 20
0.3368582827564074
 10
321.96835917147257
 20
0.31359513893702584
 10
321.95825443515685
 20
0.29080034707718383
 10
321.9470433994595
 20
0.2685288201753865
 10
321.9347530719352
 20
0.24683421067693734
 10
321.9214130601689
 20
0.2257687812243857
 10
321.9070555004509
 20
0.20538327875603007
 10
321.89171498035967
 20
0.18572681225577586
 10
321.87542845544033
 20
0.16684673444884995
 10
321.8582351601778
 20
0.1487885277283693
 10
321.8401765134805
 20
0.13159569458756765
 10
321.82129601890165
 20
0.11530965282163103
 10
321.8016391598383
 20
0.09996963575160256
 10
321.7812532899614
 20
0.08561259771071839
 10
321.76018751914
 20
0.07227312502085942
 10
321.73849259513463
 20
0.05998335267357913
 10
321.71622078134567
 20
0.04877288691642234
 10
321.6934257309094
 20
0.03866873393102688
 10
321.6701623574473
 20
0.029695234774823553
 10
321.64648670277796
 20
0.02187400674306028
 10
321.6224558019118
 20
0.01522389129241103
 10
321.5981275456527
 20
0.009760908651621159
 10
321.57356054113797
 20
0.00549821922853444
 10
321.54881397065327
 20
0.0024460919064709374
 10
321.5239474490613
 20
0.0006118793063323302
 10
321.49902088018894
 20
7.402634061293156e-11
  0
LWPOLYLINE
  5
533
330
17
100
AcDbEntity
  8
GORUNEN
100
AcDbPolyline
 90
2
 70
0
 10
321.4990208801891
 20
4.6779469187185896e-11
 10
319.00135388018913
 20
4.6779469187185896e-11
  0
LWPOLYLINE
  5
534
330
17
100
AcDbEntity
  8
GORUNEN
100
AcDbPolyline
 90
34
 70
0
 10
319.00135388018884
 20
5.6778137746960056e-11
 10
318.9079361676132
 20
0.002272037718640041
 10
318.8147393597572
 20
0.009082778020299997
 10
318.72198383896745
 20
0.020416115614757757
 10
318.62988894407977
 20
0.03624525057622785
 10
318.5386724517488
 20
0.05653275177388273
 10
318.4485500614722
 20
0.08123064538518832
 10
318.35973488552605
 20
0.1102805283395294
 10
318.27243694501885
 20
0.1436137064238583
 10
318.18686267325467
 20
0.1811513567237948
 10
318.10321442758095
 20
0.2228047140160483
 10
318.0216900108742
 20
0.26847528067140414
 10
317.9424822037957
 20
0.31805505957191293
 10
317.8657783089237
 20
0.3714268094915094
 10
317.7917597078393
 20
0.4284643223361555
 10
317.72060143221313
 20
0.4890327215879251
 10
317.65247174990907
 20
0.5529887812472956
 10
317.5875317670809
 20
0.6201812645194473
 10
317.52593504720494
 20
0.6904512814436754
 10
317.467827247949
 20
0.7636326646202345
 10
317.4133457767356
 20
0.8395523621461294
 10
317.3626194658149
 20
0.9180308468306815
 10
317.3157682676155
 20
0.9988825407231967
 10
317.272902971093
 20
1.081916253948858
 10
317.23412493974735
 20
1.1669356368151242
 10
317.199525871929
 20
1.2537396441195428
 10
317.16918758399976
 20
1.3421230105610276
 10
317.143181816862
 20
1.4318767361303975
 10
317.1215700663128
 20
1.5227885803323717
 10
317.104403437625
 20
1.6146435640703407
 10
317.091722524699
 20
1.7072244780071009
 10
317.08355731406954
 20
1.8003123961994356
 10
317.07992711399777
 20
1.8936871937919544
 10
317.080840508812
 20
1.9871280675459921
  0
LWPOLYLINE
  5
535
330
17
100
AcDbEntity
  8
GORUNEN
100
AcDbPolyline
 90
25
 70
0
 10
317.0808387621247
 20
1.987128127115874
 10
317.0823872763649
 20
2.0135661457502
 10
317.08522431476615
 20
2.0398970769675104
 10
317.08934311502645
 20
2.0660581589420146
 10
317.0947338596645
 20
2.091987034696822
 10
317.1013836994205
 20
2.1176219007366552
 10
317.1092767838834
 20
2.1429016543612986
 10
317.1183942992715
 20
2.1677660393086406
 10
317.12871451327646
 20
2.1921557893801706
 10
317.1402128268644
 20
2.21601276970658
 10
317.152861832909
 20
2.2392801153167503
 10
317.16663138151915
 20
2.2619023666798443
 10
317.1814886519029
 20
2.2838256018974166
 10
317.19739823059894
 20
2.304997565230459
 10
317.21432219588706
 20
2.3253677916550264
 10
317.2322202081775
 20
2.344887727149551
 10
317.2510496061638
 20
2.3635108444271378
 10
317.270765508509
 20
2.3811927538369746
 10
317.2913209208238
 20
2.397891309170525
 10
317.3126668476818
 20
2.4135667081202983
 10
317.33475240940334
 20
2.4281815871517503
 10
317.3575249633316
 20
2.4417011105621795
 10
317.3809302293103
 20
2.4540930535143373
 10
317.40491241906454
 20
2.4653278788468387
 10
317.42941436917687
 20
2.475378807478286
  0
LWPOLYLINE
  5
536
330
17
100
AcDbEntity
  8
GORUNEN
100
AcDbPolyline
 90
26
 70
0
 10
318.0276888801463
 20
3.344333000046778
 10
318.0266064066569
 20
3.2994808685854484
 10
318.023362528261
 20
3.2547331010608875
 10
318.01796479117286
 20
3.2101937939287915
 10
318.01042575211505
 20
3.1659665587047296
 10
318.00076294910764
 20
3.122154280933317
 10
317.98899886066965
 20
3.0788588808462047
 10
317.97516085352754
 20
3.0361810762656734
 10
317.95928111895194
 20
2.9942201483053847
 10
317.9413965978715
 20
2.953073710413339
 10
317.9215488949374
 20
2.912837481294312
 10
317.8997841817386
 20
2.8736050622400233
 10
317.8761530893931
 20
2.8354677193850275
 10
317.8507105907654
 20
2.798514171394869
 10
317.82351587258324
 20
2.762830383080397
 10
317.7946321977518
 20
2.7284993654183554
 10
317.7641267581858
 20
2.6956009824434606
 10
317.73207051850113
 20
2.6642117654611885
 10
317.6985380509306
 20
2.6344047350134727
 10
317.66360736184674
 20
2.606249231011465
 10
317.6273597102962
 20
2.5798107514305304
 10
317.58987941896737
 20
2.5551507999427088
 10
317.5512536780308
 20
2.532326742841103
 10
317.5115723423094
 20
2.511391675589025
 10
317.47092772224994
 20
2.4923942993043458
 10
317.4294143691814
 20
2.4753788074663867
  0
LWPOLYLINE
  5
537
330
17
100
AcDbEntity
  8
GORUNEN
100
AcDbPolyline
 90
2
 70
0
 10
318.02768888018886
 20
3.3443330000467784
 10
318.02768888018886
 20
7.2813300000467835
  0
LWPOLYLINE
  5
538
330
17
100
AcDbEntity
  8
GORUNEN
100
AcDbPolyline
 90
26
 70
0
 10
317.35035688018405
 20
8.254999000034108
 10
317.3972548060067
 20
8.236293652757716
 10
317.4431881464748
 20
8.215330978867172
 10
317.4880483261582
 20
8.1921605291095
 10
317.5317293063222
 20
8.166837072885823
 10
317.57412783557766
 20
8.139420468789552
 10
317.61514369394274
 20
8.109975523115029
 10
317.6546799297388
 20
8.078571836670918
 10
317.692643088761
 20
8.04528364026056
 10
317.7289434351818
 20
8.010189619218096
 10
317.7634951636649
 20
7.973372727415173
 10
317.79621660218857
 20
7.934919991177815
 10
317.82703040509875
 20
7.894922303577019
 10
317.8558637359357
 20
7.853474209579265
 10
317.88264843960195
 20
7.810673682564839
 10
317.90732120346456
 20
7.766621892742188
 10
317.9298237070113
 20
7.721422968005752
 10
317.950102759706
 20
7.675183747802522
 10
317.9681104267188
 20
7.628013530589148
 10
317.983804142232
 20
7.580023815476526
 10
317.9971468100559
 20
7.531328038672573
 10
318.00810689131515
 20
7.48204130534616
 10
318.01665847899926
 20
7.432280117546028
 10
318.0227813592004
 20
7.382162098817809
 10
318.02646105889426
 20
7.3318057161701
 10
318.0276888801509
 20
7.2813300000467835
  0
LWPOLYLINE
  5
539
330
17
100
AcDbEntity
  8
GORUNEN
100
AcDbPolyline
 90
2
 70
0
 10
317.3503568801889
 20
8.254999000046773
 10
317.13869288018896
 20
8.424332000046789
  0
LWPOLYLINE
  5
53A
330
17
100
AcDbEntity
  8
GORUNEN
100
AcDbPolyline
 90
2
 70
0
 10
317.13869288018896
 20
8.424332000046764
 10
317.054024880189
 20
8.678330000046799
  0
LWPOLYLINE
  5
53B
330
17
100
AcDbEntity
  8
GORUNEN
100
AcDbPolyline
 90
2
 70
0
 10
317.054024880189
 20
8.678330000046778
 10
317.13869288018896
 20
9.059330000046788
  0
LWPOLYLINE
  5
53C
330
17
100
AcDbEntity
  8
GORUNEN
100
AcDbPolyline
 90
2
 70
0
 10
317.1386928801889
 20
9.059330000046792
 10
317.35035688018894
 20
9.355662000046767
  0
LWPOLYLINE
  5
53D
330
17
100
AcDbEntity
  8
GORUNEN
100
AcDbPolyline
 90
2
 70
0
 10
317.35035688018905
 20
9.355662000046781
 10
317.64668888018906
 20
9.567330000046788
  0
LWPOLYLINE
  5
53E
330
17
100
AcDbEntity
  8
GORUNEN
100
AcDbPolyline
 90
2
 70
0
 10
317.6466888801887
 20
9.567330000046809
 10
318.0276888801887
 20
9.651998000046753
  0
LWPOLYLINE
  5
53F
330
17
100
AcDbEntity
  8
GORUNEN
100
AcDbPolyline
 90
32
 70
0
 10
320.99102588020816
 20
12.700000000046781
 10
320.98725140687117
 20
12.548326960771487
 10
320.97593712203513
 20
12.397029424603094
 10
320.9571110373238
 20
12.246481970202769
 10
320.93081976188745
 20
12.097057319197962
 10
320.8971283870092
 20
11.949125413407522
 10
320.8561203249535
 20
11.80305249894898
 10
320.8078971024561
 20
11.659200219495563
 10
320.7525781093668
 20
11.517924720927812
 10
320.69030030306715
 20
11.37957576959651
 10
320.6212178693943
 20
11.244495886379887
 10
320.5455018409122
 20
11.113019498678984
 10
320.46333967347306
 20
10.985472112450651
 10
320.3749347821189
 20
10.86216950632802
 10
320.28050603747164
 20
10.743416949823661
 10
320.1802872238588
 20
10.629508447550943
 10
320.07452646051604
 20
10.520726011334755
 10
319.96348558729966
 20
10.41733896201367
 10
319.84743951643014
 20
10.319603262662152
 10
319.7266755518714
 20
10.227760884883555
 10
319.6014926780305
 20
10.142039209742887
 10
319.47220081954003
 20
10.062650464822426
 10
319.33912007395384
 20
9.989791198793991
 10
319.202579919258
 20
9.923641794808649
 10
319.06291839815725
 20
9.864366023908598
 10
318.9204812811572
 20
9.812110639566939
 10
318.7756212105146
 20
9.76700501435906
 10
318.62869682717417
 20
9.729160819665275
 10
318.4800718828546
 20
9.698671749197587
 10
318.3301143394809
 20
9.675613287035148
 10
318.1791954581935
 20
9.66004252074266
 10
318.0276888801892
 20
9.65199800003441
  0
LWPOLYLINE
  5
540
330
17
100
AcDbEntity
  8
GORUNEN
100
AcDbPolyline
 90
2
 70
0
 10
320.991025880189
 20
12.700000000046785
 10
320.991025880189
 20
21.674666000046784
  0
LWPOLYLINE
  5
541
330
17
100
AcDbEntity
  8
GORUNEN
100
AcDbPolyline
 90
33
 70
0
 10
318.027688880189
 20
24.68033300009537
 10
318.17441940921304
 20
24.676698289907637
 10
318.32079003396683
 20
24.665803361041398
 10
318.46644174004325
 20
24.647674936320552
 10
318.61101727638174
 20
24.62235748071657
 10
318.75416203152554
 20
24.589913092285883
 10
318.8955249034041
 20
24.55042134985723
 10
319.0347591605082
 20
24.503979117842587
 10
319.1715232923443
 20
24.45070030865043
 10
319.30548184708397
 20
24.390715603284075
 10
319.43630625435173
 20
24.3241721308104
 10
319.5636756311351
 20
24.25123310748515
 10
319.6872775688385
 20
24.17207743641996
 10
319.80680889955204
 20
24.086899268773053
 10
319.92197643965414
 20
23.995907527539835
 10
320.0324977089258
 20
23.899325395111546
 10
320.1381016234113
 20
23.79738976585875
 10
320.2385291603263
 20
23.69035066508243
 10
320.3335339933831
 20
23.578470635757842
 10
320.42288309697375
 20
23.462024094575312
 10
320.5063573177297
 20
23.341296658857466
 10
320.58375191205624
 20
23.216584446003818
 10
320.65487704832253
 20
23.08819334718102
 10
320.71955827247615
 20
22.95643827704022
 10
320.7776369359401
 20
22.821642401301887
 10
320.8289705847419
 20
22.684136344102537
 10
320.8734333089218
 20
22.544257377047703
 10
320.9109160513612
 20
22.402348591960084
 10
320.9413268752758
 20
22.258758059352058
 10
320.96459118971586
 20
22.113837974686557
 10
320.980651932521
 20
21.96794379452036
 10
320.9894697102811
 20
21.821433364648644
 10
320.9910228949594
 20
21.674666042389283
  0
LWPOLYLINE
  5
542
330
17
100
AcDbEntity
  8
GORUNEN
100
AcDbPolyline
 90
2
 70
0
 10
318.027688880189
 20
24.680333000046787
 10
300.501691880189
 20
24.680333000046787
  0
LWPOLYLINE
  5
543
330
17
100
AcDbEntity
  8
GORUNEN
100
AcDbPolyline
 90
2
 70
0
 10
300.50169188018845
 20
24.680333000047135
 10
292.96636388018896
 20
19.600329000046436
  0
LWPOLYLINE
  5
544
330
17
100
AcDbEntity
  8
GORUNEN
100
AcDbPolyline
 90
20
 70
0
 10
292.50069488019784
 20
18.753664000046527
 10
292.5034960402116
 20
18.806402831583526
 10
292.5089282712806
 20
18.858935885130062
 10
292.5169780087927
 20
18.9111319824487
 10
292.52762515206257
 20
18.962860786702244
 10
292.54084311452436
 20
19.01399312791277
 10
292.5565988901199
 20
19.064401325506932
 10
292.5748531357171
 20
19.11395950714215
 10
292.5955602693516
 20
19.16254392301752
 10
292.6186685840485
 20
19.21003325488459
 10
292.64412037693705
 20
19.256308918986456
 10
292.67185209333877
 20
19.301255362168604
 10
292.7017944854671
 20
19.344760350422206
 10
292.73387278534335
 20
19.386715249139264
 10
292.7680068914971
 20
19.427015294379853
 10
292.8041115689843
 20
19.465559854474073
 10
292.84209666222404
 20
19.502252681305457
 10
292.88186732012275
 20
19.53700215064839
 10
292.92332423292294
 20
19.569721490959385
 10
292.96636388018595
 20
19.600329000050916
  0
LWPOLYLINE
  5
545
330
17
100
AcDbEntity
  8
GORUNEN
100
AcDbPolyline
 90
2
 70
0
 10
292.50069488018903
 20
18.753664000046783
 10
292.50069488018903
 20
18.203330000046783
  0
LWPOLYLINE
  5
546
330
17
100
AcDbEntity
  8
GORUNEN
100
AcDbPolyline
 90
32
 70
0
 10
292.5006948801413
 20
18.203330000046783
 10
292.49951326218047
 20
18.155361192752668
 10
292.49597218887857
 20
18.10750867459431
 10
292.4900802430722
 20
18.059888430277002
 10
292.48185170563147
 20
18.01261588152181
 10
292.47130652084627
 20
17.965805607306955
 10
292.45847024808506
 20
17.919571066151825
 10
292.4433739998446
 20
17.87402432111677
 10
292.42605436633943
 20
17.829275768185187
 10
292.4065533268145
 20
17.785433868686255
 10
292.38491814779655
 20
17.742604886406887
 10
292.36120126852927
 20
17.70089263003007
 10
292.33546017387147
 20
17.660398201523876
 10
292.3077572549656
 20
17.62121975109099
 10
292.2781596580145
 20
17.583452239272724
 10
292.24673912153236
 20
17.5471872067841
 10
292.21357180246576
 20
17.512512552637904
 10
292.1787380916044
 20
17.47951232109549
 10
292.1423224187306
 20
17.44826649796068
 10
292.1044130479785
 20
17.418850816710577
 10
292.0651018639002
 20
17.3913365749331
 10
292.02448414875624
 20
17.365790461516244
 10
291.98265835157076
 20
17.34227439500788
 10
291.9397258495116
 20
17.320845373537857
 10
291.8957907021724
 20
17.301555336666212
 10
291.8509593993538
 20
17.284451039492318
 10
291.8053406029538
 20
17.26957393933009
 10
291.75904488359345
 20
17.25696009522395
 10
291.7121844526166
 20
17.24664008054908
 10
291.66487289011235
 20
17.238638908907834
 10
291.61722486962026
 20
17.23297597350188
 10
291.5693558801852
 20
17.22966500012704
  0
LWPOLYLINE
  5
547
330
17
100
AcDbEntity
  8
GORUNEN
100
AcDbPolyline
 90
63
 70
0
 10
291.56935588018894
 20
10.964330000042054
 10
291.4137592604466
 20
10.972765441776652
 10
291.25877425513744
 20
10.988924429424362
 10
291.10478400923336
 20
11.012767015669915
 10
290.9521692085196
 20
11.044234258249706
 10
290.80130713848524
 20
11.083248365665437
 10
290.6525707516201
 20
11.129712889495782
 10
290.5063277454227
 20
11.183512962830587
 10
290.3629396534001
 20
11.244515584238215
 10
290.22276095130553
 20
11.312569946563979
 10
290.086138180824
 20
11.387507809746907
 10
289.95340909287177
 20
11.469143916733053
 10
289.8249018126283
 20
11.55727645145732
 10
289.7009340283642
 20
11.65168753776144
 10
289.5818122060702
 20
11.752143778014833
 10
289.4678308318302
 20
11.858396830106742
 10
289.3592716838094
 20
11.970184021383236
 10
289.2564031356589
 20
12.087228998011366
 10
289.15947949305746
 20
12.209242408165142
 10
289.06874036503217
 20
12.33592261734438
 10
288.9844100716106
 20
12.466956454058096
 10
288.90669708926987
 20
12.602019984028953
 10
288.835793535553
 20
12.740779311004857
 10
288.77187469412735
 20
12.882891402197988
 10
288.7150985814581
 20
13.028004936310602
 10
288.66560555616934
 20
13.175761172051264
 10
288.62351797205747
 20
13.325794834994323
 10
288.5889398756153
 20
13.47773502059023
 10
288.5619567488142
 20
13.631206111094333
 10
288.54263529778063
 20
13.785828704147356
 10
288.531023287889
 20
13.941220550711968
 10
288.52714942567906
 20
14.096997500046786
 10
288.531023287889
 20
14.2527744493816
 10
288.54263529778063
 20
14.408166295946216
 10
288.5619567488142
 20
14.562788888999236
 10
288.5889398756153
 20
14.716259979503342
 10
288.62351797205747
 20
14.868200165099246
 10
288.66560555616934
 20
15.018233828042305
 10
288.7150985814581
 20
15.16599006378297
 10
288.77187469412735
 20
15.311103597895581
 10
288.835793535553
 20
15.453215689088712
 10
288.90669708926987
 20
15.591975016064616
 10
288.9844100716106
 20
15.727038546035473
 10
289.06874036503217
 20
15.858072382749189
 10
289.15947949305746
 20
15.984752591928427
 10
289.2564031356589
 20
16.1067660020822
 10
289.3592716838095
 20
16.22381097871033
 10
289.4678308318302
 20
16.335598169986824
 10
289.58181220607025
 20
16.441851222078732
 10
289.7009340283642
 20
16.542307462332126
 10
289.82490181262835
 20
16.636718548636246
 10
289.95340909287177
 20
16.72485108336051
 10
290.086138180824
 20
16.806487190346658
 10
290.22276095130553
 20
16.881425053529583
 10
290.36293965340013
 20
16.94947941585535
 10
290.5063277454227
 20
17.010482037262975
 10
290.6525707516201
 20
17.06428211059778
 10
290.8013071384853
 20
17.110746634428125
 10
290.9521692085196
 20
17.149760741843856
 10
291.10478400923336
 20
17.181227984423646
 10
291.2587742551375
 20
17.205070570669196
 10
291.4137592604466
 20
17.221229558316907
 10
291.56935588018894
 20
17.229665000051504
  0
LWPOLYLINE
  5
548
330
17
100
AcDbEntity
  8
GORUNEN
100
AcDbPolyline
 90
2
 70
0
 10
291.5693558801891
 20
10.964330000046829
 10
291.9080298801891
 20
10.879665000046739
  0
LWPOLYLINE
  5
549
330
17
100
AcDbEntity
  8
GORUNEN
100
AcDbPolyline
 90
2
 70
0
 10
291.908029880189
 20
10.879665000046757
 10
292.204362880189
 20
10.667997000046807
  0
LWPOLYLINE
  5
54A
330
17
100
AcDbEntity
  8
GORUNEN
100
AcDbPolyline
 90
2
 70
0
 10
292.20436288018874
 20
10.667997000046796
 10
292.41602588018867
 20
10.371665000046768
  0
LWPOLYLINE
  5
54B
330
17
100
AcDbEntity
  8
GORUNEN
100
AcDbPolyline
 90
2
 70
0
 10
292.416025880189
 20
10.371665000046761
 10
292.5006948801892
 20
9.990665000046796
  0
LWPOLYLINE
  5
54C
330
17
100
AcDbEntity
  8
GORUNEN
100
AcDbPolyline
 90
41
 70
0
 10
292.50069488022257
 20
9.990665000049429
 10
292.50535947540686
 20
9.903448858292194
 10
292.5057234259443
 20
9.816108825253174
 10
292.5017858486828
 20
9.728856837788353
 10
292.49355629843603
 20
9.641904619104832
 10
292.48105474479814
 20
9.555463164999235
 10
292.46431152368586
 20
9.469742231861318
 10
292.4433672637263
 20
9.384949827685002
 10
292.41827278766897
 20
9.301291707322079
 10
292.3890889890602
 20
9.218970873203286
 10
292.355886684481
 20
9.138187082738359
 10
292.3187464417054
 20
9.059136363590333
 10
292.27775838419694
 20
8.982010538000367
 10
292.23302197241765
 20
8.906996757317302
 10
292.18464576248016
 20
8.834277047861498
 10
292.1327471427285
 20
8.7640278692249
 10
292.0774520488865
 20
8.696419686079185
 10
292.01889465846654
 20
8.631616554531007
 10
291.95721706517725
 20
8.569775724028084
 10
291.8925689341236
 20
8.51104725578212
 10
291.82510713863337
 20
8.455573658634531
 10
291.7549953795932
 20
8.403489543248504
 10
291.6824037882162
 20
8.354921295466564
 10
291.60750851320665
 20
8.309986769626267
 10
291.53049129332237
 20
8.268795002578194
 10
291.4515390163726
 20
8.231445949100209
 10
291.37084326572153
 20
8.198030239350018
 10
291.2885998553972
 20
8.168628958944588
 10
291.205008354935
 20
8.14331345220009
 10
291.12027160510775
 20
8.12214514900979
 10
291.0345952257178
 20
8.10517541578
 10
290.9481871166464
 20
8.092445430785826
 10
290.8612569533691
 20
8.083986084249108
 10
290.77401567816344
 20
8.079817903381098
 10
290.68667498824254
 20
8.0799510025717
 10
290.5994468220564
 20
8.08438505884618
 10
290.51254284500794
 20
8.093109312648881
 10
290.4261739358321
 20
8.106102593952077
 10
290.34054967488305
 20
8.123333373626533
 10
290.25587783557285
 20
8.144759839949224
 10
290.172363880194
 20
8.170330000062467
  0
LWPOLYLINE
  5
54D
330
17
100
AcDbEntity
  8
GORUNEN
100
AcDbPolyline
 90
2
 70
0
 10
290.17236388018904
 20
8.170330000046704
 10
289.28335188018906
 20
8.466666000046867
  0
LWPOLYLINE
  5
54E
330
17
100
AcDbEntity
  8
GORUNEN
100
AcDbPolyline
 90
2
 70
0
 10
289.2833518801888
 20
8.466666000046782
 10
288.43669788018883
 20
8.889997000046776
  0
LWPOLYLINE
  5
54F
330
17
100
AcDbEntity
  8
GORUNEN
100
AcDbPolyline
 90
2
 70
0
 10
288.43669788018883
 20
8.889997000046812
 10
287.6746968801888
 20
9.44033100004675
  0
LWPOLYLINE
  5
550
330
17
100
AcDbEntity
  8
GORUNEN
100
AcDbPolyline
 90
2
 70
0
 10
287.67469688018883
 20
9.440331000046594
 10
287.0396908801892
 20
10.075329000046967
  0
LWPOLYLINE
  5
551
330
17
100
AcDbEntity
  8
GORUNEN
100
AcDbPolyline
 90
2
 70
0
 10
287.03969088018897
 20
10.075329000046853
 10
286.44702688018884
 20
10.83733100004671
  0
LWPOLYLINE
  5
552
330
17
100
AcDbEntity
  8
GORUNEN
100
AcDbPolyline
 90
22
 70
0
 10
285.6003568801891
 20
11.302996000055181
 10
285.6483496319561
 20
11.301846686916484
 10
285.6962323411749
 20
11.298401211516694
 10
285.7438952135195
 20
11.29266747427863
 10
285.79122895874684
 20
11.284658622574803
 10
285.8381250412971
 20
11.274393020580675
 10
285.88447592916435
 20
11.261894207165891
 10
285.9301753404659
 20
11.247190841920009
 10
285.9751184871448
 20
11.230316639436484
 10
286.0192023152476
 20
11.211310292005631
 10
286.0623257412252
 20
11.19021538089379
 10
286.10438988371595
 20
11.167080276412133
 10
286.14529829027924
 20
11.141958027004272
 10
286.1849571585594
 20
11.114906237607006
 10
286.22327555137315
 20
11.08598693756305
 10
286.260165605227
 20
11.0552664383887
 10
286.29554273178707
 20
11.022815181722535
 10
286.32932581183877
 20
10.988707577803812
 10
286.36143738129215
 20
10.953021834850908
 10
286.39180380880555
 20
10.915839779731066
 10
286.42035546462125
 20
10.877246670332624
 10
286.4470268802257
 20
10.83733100006998
  0
LWPOLYLINE
  5
553
330
17
100
AcDbEntity
  8
GORUNEN
100
AcDbPolyline
 90
2
 70
0
 10
285.600356880189
 20
11.302996000046779
 10
277.006694880189
 20
11.302996000046779
  0
LWPOLYLINE
  5
554
330
17
100
AcDbEntity
  8
GORUNEN
100
AcDbPolyline
 90
26
 70
0
 10
276.06505492855257
 20
10.639619813124025
 10
276.0827108552388
 20
10.685428851174471
 10
276.102593766179
 20
10.730316149676408
 10
276.12465573958684
 20
10.774173521275813
 10
276.1488436017003
 20
10.816895260948186
 10
276.17509905494114
 20
10.858378400768775
 10
276.20335881842345
 20
10.898522958085845
 10
276.23355478047324
 20
10.937232176498814
 10
276.2656141627915
 20
10.974412759060527
 10
276.2994596958641
 20
11.00997509314152
 10
276.3350098051969
 20
11.043833466414352
 10
276.37217880792656
 20
11.075906273437433
 10
276.4108771193333
 20
11.106116212340439
 10
276.451011468758
 20
11.134390471137266
 10
276.49248512440323
 20
11.160660903217433
 10
276.53519812647596
 20
11.18486419159305
 10
276.5790475281108
 20
11.20694200150539
 10
276.6239276434924
 20
11.226841121023313
 10
276.6697303025795
 20
11.244513589294641
 10
276.7163451118164
 20
11.259916812141395
 10
276.76365972020307
 20
11.273013664720274
 10
276.81156009008396
 20
11.283772581000932
 10
276.8599307720012
 20
11.292167629846425
 10
276.90865518295107
 20
11.298178577512424
 10
276.95761588737224
 20
11.301790936414584
 10
277.00669488018895
 20
11.302996000046509
  0
LWPOLYLINE
  5
555
330
17
100
AcDbEntity
  8
GORUNEN
100
AcDbPolyline
 90
26
 70
0
 10
276.0650542518023
 20
10.639620054937545
 10
276.0477904140328
 20
10.594808432600633
 10
276.0283478062135
 20
10.550898222032
 10
276.00677330044994
 20
10.507995281665945
 10
275.98311890841245
 20
10.46620304161669
 10
275.9574416559471
 20
10.425622254329745
 10
275.92980344559794
 20
10.386350751688617
 10
275.9002709073728
 20
10.348483209162378
 10
275.86891523811215
 20
10.312110917562684
 10
275.8358120298483
 20
10.277321562960523
 10
275.8010410875685
 20
10.24419901529323
 10
275.76468623682183
 20
10.212823126171418
 10
275.726835121633
 20
10.183269536373267
 10
275.6875789932107
 20
10.15560949349025
 10
275.64701248996
 20
10.129909680163937
 10
275.60523340932855
 20
10.106232053327933
 10
275.56234247203713
 20
10.084633694842527
 10
275.5184430792632
 20
10.065166673882135
 10
275.4736410633614
 20
10.047877921407299
 10
275.4280444327244
 20
10.032809117023842
 10
275.3817631113963
 20
10.019996588501964
 10
275.334908674069
 20
10.009471224197497
 10
275.28759407709856
 20
10.001258398586483
 10
275.23993338619056
 20
9.99537791109254
 10
275.19204150141155
 20
9.991843938354563
 10
275.1440338801888
 20
9.990665000049777
  0
LWPOLYLINE
  5
556
330
17
100
AcDbEntity
  8
GORUNEN
100
AcDbPolyline
 90
2
 70
0
 10
275.1440338801889
 20
9.990665000046778
 10
274.00103188018886
 20
9.990665000046778
  0
LWPOLYLINE
  5
557
330
17
100
AcDbEntity
  8
GORUNEN
100
AcDbPolyline
 90
33
 70
0
 10
274.0010318801887
 20
9.990665000074504
 10
273.60844090940424
 20
10.00030175747738
 10
273.21679568735664
 20
10.029190466033675
 10
272.8270397249433
 20
10.077261530074146
 10
272.44011198165384
 20
10.144399141795677
 10
272.05694460352686
 20
10.230441560253368
 10
271.6784606775207
 20
10.335181501009991
 10
271.30557200770835
 20
10.45836663550407
 10
270.93917691865414
 20
10.599700198933586
 10
270.5801580912635
 20
10.758841705190854
 10
270.2293804363204
 20
10.935407767126183
 10
269.88768901083387
 20
11.12897302016431
 10
269.5559069822149
 20
11.339071147048436
 10
269.2348336451871
 20
11.565196001243233
 10
268.92524249620936
 20
11.806802826290365
 10
268.6278793700481
 20
12.063309568179047
 10
268.34346064299035
 20
12.334098277569982
 10
268.0726715070244
 20
12.618516598494558
 10
267.8161643191465
 20
12.915879339942954
 10
267.57455702977035
 20
13.225470126554981
 10
267.34843169402535
 20
13.546543124437026
 10
267.13833306952995
 20
13.878324837947417
 10
266.9447673040183
 20
14.220015973121612
 10
266.7682007159818
 20
14.570793363247997
 10
266.609058671263
 20
14.929811951955447
 10
266.467724558309
 20
15.296206829035143
 10
266.3445388645512
 20
15.669095314092218
 10
266.23979835613903
 20
16.04757908300748
 10
266.15375536300144
 20
16.430746332086354
 10
266.08661717096015
 20
16.817673974681416
 10
266.0385455223581
 20
17.207429864996655
 10
266.00965622640666
 20
17.599075043716088
 10
266.00001888019017
 20
17.991666000046784
  0
LWPOLYLINE
  5
558
330
17
100
AcDbEntity
  8
GORUNEN
100
AcDbPolyline
 90
2
 70
0
 10
266.0000188801889
 20
17.991666000046784
 10
266.0000188801889
 20
36.99933200004679
  0
LWPOLYLINE
  5
559
330
17
100
AcDbEntity
  8
GORUNEN
100
AcDbPolyline
 90
33
 70
0
 10
266.0000188801899
 20
36.99933200004678
 10
266.00248065526824
 20
37.098290012195875
 10
266.00986007786696
 20
37.19700319585008
 10
266.0221388904703
 20
37.29522732356873
 10
266.0392867139247
 20
37.392719377890174
 10
266.0612611225998
 20
37.48923815258411
 10
266.0880077493544
 20
37.58454484942271
 10
266.11946042004695
 20
37.678403668994164
 10
266.1555413172574
 20
37.77058239409667
 10
266.19616117281663
 20
37.86085296426982
 10
266.24121948866554
 20
37.94899204004157
 10
266.2906047854986
 20
38.03478155549509
 10
266.3441948785761
 20
38.11800925778817
 10
266.4018571800228
 20
38.19846923229046
 10
266.46344902686513
 20
38.27596241203928
 10
266.52881803399555
 20
38.350297070253475
 10
266.59780247118994
 20
38.421289294686936
 10
266.6702316632465
 20
38.48876344264799
 10
266.74592641225524
 20
38.55255257555908
 10
266.8246994409534
 20
38.6124988719814
 10
266.9063558560707
 20
38.6684540180828
 10
266.9906936305167
 20
38.72027957458275
 10
267.07750410321864
 20
38.76784731926658
 10
267.166572495372
 20
38.81103956422159
 10
267.25767844182747
 20
38.84974944701004
 10
267.3505965362988
 20
38.8838811950588
 10
267.44509688904304
 20
38.91335036261135
 10
267.54094569563387
 20
38.93808403965605
 10
267.63790581541934
 20
38.95802103231363
 10
267.7357373582346
 20
38.9731120142377
 10
267.8341982779168
 20
38.98331964865361
 10
267.93304497115463
 20
38.98861868073384
 10
268.0320328801897
 20
38.988996000081215
  0
LWPOLYLINE
  5
55A
330
17
100
AcDbEntity
  8
GORUNEN
100
AcDbPolyline
 90
2
 70
0
 10
268.03203288018915
 20
38.98899600004678
 10
270.0216888801891
 20
38.98899600004678
  0
LWPOLYLINE
  5
55B
330
17
100
AcDbEntity
  8
GORUNEN
100
AcDbPolyline
 90
32
 70
0
 10
270.02168888018787
 20
38.98899600001992
 10
270.0717031335756
 20
38.98563018743854
 10
270.1214907616084
 20
38.97980383942898
 10
270.17093078825894
 20
38.97153111309141
 10
270.219903082116
 20
38.960832109836694
 10
270.2682886482846
 20
38.94773282654323
 10
270.31596991752514
 20
38.9322650923886
 10
270.3628310319273
 20
38.91446649150975
 10
270.4087581264272
 20
38.89438027167953
 10
270.4536396054804
 20
38.87205523922145
 10
270.4973664142224
 20
38.847545640418055
 10
270.5398323034539
 20
38.820911029701115
 10
270.5809340878097
 20
38.79221612494377
 10
270.62057189648283
 20
38.761530650206424
 10
270.6586494158946
 20
38.72892916631831
 10
270.69507412372155
 20
38.694490889706564
 10
270.72975751370956
 20
38.65829949991285
 10
270.7626153107305
 20
38.620442936265384
 10
270.793567675557
 20
38.581013184200344
 10
270.8225393988593
 20
38.54010605175186
 10
270.8494600839519
 20
38.497820936753705
 10
270.8742643178464
 20
38.454260585318366
 10
270.89689183019453
 20
38.409530842180295
 10
270.91728763973566
 20
38.363740393510035
 10
270.9354021878925
 20
38.31700050282406
 10
270.9511914591905
 20
38.26942474063215
 10
270.96461708820846
 20
38.221128708479036
 10
270.9756464528006
 20
38.17222975805107
 10
270.9842527533629
 20
38.12284670603022
 10
270.9904150779522
 20
38.07309954538843
 10
270.9941184530985
 20
38.02310915382377
 10
270.9953538801886
 20
37.97299700004678
  0
LWPOLYLINE
  5
55C
330
17
100
AcDbEntity
  8
GORUNEN
100
AcDbPolyline
 90
2
 70
0
 10
270.995353880189
 20
37.972997000046774
 10
270.995353880189
 20
31.241996000046772
  0
LWPOLYLINE
  5
55D
330
17
100
AcDbEntity
  8
GORUNEN
100
AcDbPolyline
 90
33
 70
0
 10
271.5033648801891
 20
30.734001000034926
 10
271.4784385363329
 20
30.734613140307978
 10
271.45357225068017
 20
30.73644758071068
 10
271.428825924342
 20
30.739499902206767
 10
271.40425916945577
 20
30.74376275197116
 10
271.37993116558425
 20
30.749225861102417
 10
271.3559005171559
 20
30.755876069359765
 10
271.3322251122911
 20
30.76369735686519
 10
271.3089619833539
 20
30.77267088269419
 10
271.28616716956486
 20
30.782775030262208
 10
271.2638955820068
 20
30.79398545939745
 10
271.24220087134773
 20
30.806275164974625
 10
271.2211352986005
 20
30.819614541968374
 10
271.2007496092292
 20
30.83397145676965
 10
271.18109291090764
 20
30.849311324593316
 10
271.16221255522186
 20
30.86559719279041
 10
271.144154023604
 20
30.882789829864453
 10
271.12696081777045
 20
30.900847819977336
 10
271.1106743549293
 20
30.919727662717108
 10
271.0953338680096
 20
30.939383877887384
 10
271.0809763111517
 20
30.959769115065892
 10
271.06763627068733
 20
30.980834267668268
 10
271.05534588182377
 20
31.00252859124232
 10
271.0441347512324
 20
31.024799825707802
 10
271.0340298857283
 20
31.047594321247225
 10
271.0250556272126
 20
31.07085716754444
 10
271.0172335940351
 20
31.09453232605968
 10
271.01058262891627
 20
31.11856276502242
 10
271.00511875355755
 20
31.142890596816837
 10
271.00085513004547
 20
31.16745721742896
 10
270.9978020291453
 20
31.19220344761957
 10
270.9959668055597
 20
31.217069675482758
 10
270.9953538802116
 20
31.241996000046775
  0
LWPOLYLINE
  5
55E
330
17
100
AcDbEntity
  8
GORUNEN
100
AcDbPolyline
 90
2
 70
0
 10
271.5033648801889
 20
30.73400100004678
 10
276.0330298801889
 20
30.73400100004678
  0
LWPOLYLINE
  5
55F
330
17
100
AcDbEntity
  8
GORUNEN
100
AcDbPolyline
 90
31
 70
0
 10
276.03302988019203
 20
30.734001000083296
 10
276.05809298123484
 20
30.731191448794217
 10
276.08298651601103
 20
30.727146138092497
 10
276.10764959222024
 20
30.721874963249206
 10
276.13202188128867
 20
30.715390818132786
 10
276.15604376593984
 20
30.707709563669212
 10
276.1796564860245
 20
30.69884998904447
 10
276.20280228225465
 20
30.68883376574413
 10
276.2254245374888
 20
30.677685394542557
 10
276.24746791522404
 20
30.66543214557132
 10
276.2688784949547
 20
30.652103991613494
 10
276.28960390406826
 20
30.637733534786957
 10
276.30959344595414
 20
30.622355926796054
 10
276.32879822401316
 20
30.606008782946702
 10
276.3471712612642
 20
30.588732090135245
 10
276.36466761525463
 20
30.57056810903614
 10
276.3812444879949
 20
30.551561270727756
 10
276.3968613306467
 20
30.531758068009086
 10
276.41147994271006
 20
30.51120694167332
 10
276.4250645654659
 20
30.489958162016354
 10
276.4375819694456
 20
30.4680637058702
 10
276.4490015357143
 20
30.44557712946195
 10
276.45929533076753
 20
30.422553437409423
 10
276.4684381748603
 20
30.39904894817388
 10
276.4764077035989
 20
30.375121156298913
 10
276.4831844226472
 20
30.35082859177252
 10
276.4887517554114
 20
30.32623067685639
 10
276.4930960835884
 20
30.301387580732555
 10
276.4962067804779
 20
30.276360072323016
 10
276.49807623697615
 20
30.25120937164233
 10
276.49869988018855
 20
30.22599700004678
  0
LWPOLYLINE
  5
560
330
17
100
AcDbEntity
  8
GORUNEN
100
AcDbPolyline
 90
2
 70
0
 10
276.49869988018895
 20
30.22599700004678
 10
276.49869988018895
 20
29.12532900004678
  0
LWPOLYLINE
  5
561
330
17
100
AcDbEntity
  8
GORUNEN
100
AcDbPolyline
 90
27
 70
0
 10
276.4986998801906
 20
29.125329000046776
 10
276.4981274090029
 20
29.10166253370882
 10
276.4964112984849
 20
29.07805142791353
 10
276.49355556302163
 20
29.054550914575515
 10
276.4895668828481
 20
29.031215966907684
 10
276.48445458842303
 20
29.008101170826013
 10
276.478230638602
 20
28.98526059726028
 10
276.4709095926636
 20
28.96274767566947
 10
276.4625085762514
 20
28.940615069057753
 10
276.4530472413134
 20
28.918914550783352
 10
276.44254772013124
 20
28.897696883448525
 10
276.43103457354766
 20
28.877011700153922
 10
276.418534733513
 20
28.856907388395125
 10
276.4050774400851
 20
28.837430976872948
 10
276.3906941730297
 20
28.81862802548228
 10
276.3754185781822
 20
28.80054251873678
 10
276.3592863887419
 20
28.783216762878812
 10
276.3423353416839
 20
28.766691286915215
 10
276.3246050894832
 20
28.751004747810427
 10
276.3061371073585
 20
28.73619384005881
 10
276.2869745962517
 20
28.7222932098476
 10
276.2671623817711
 20
28.709335374011346
 10
276.24674680933333
 20
28.697350643967425
 10
276.225775635751
 20
28.686367054810518
 10
276.20429791751815
 20
28.676410299731934
 10
276.18236389605534
 20
28.667503669917238
 10
276.16002488018364
 20
28.659668000062677
  0
LWPOLYLINE
  5
562
330
17
100
AcDbEntity
  8
GORUNEN
100
AcDbPolyline
 90
2
 70
0
 10
276.16002488018887
 20
28.659668000047397
 10
270.23335188018916
 20
27.050997000046173
  0
LWPOLYLINE
  5
563
330
17
100
AcDbEntity
  8
GORUNEN
100
AcDbPolyline
 90
28
 70
0
 10
269.5136928801906
 20
26.119667000046782
 10
269.51483544231155
 20
26.166551232674394
 10
269.5182605211571
 20
26.213324147402705
 10
269.5239599843264
 20
26.259874688074774
 10
269.531920299191
 20
26.306092326531722
 10
269.5421225650263
 20
26.351867325047348
 10
269.554542557889
 20
26.397090996885993
 10
269.56915078813364
 20
26.441655964364944
 10
269.58591257043173
 20
26.485456413808684
 10
269.60478810612756
 20
26.528388346789576
 10
269.62573257773505
 20
26.570349827058518
 10
269.64869625535107
 20
26.611241222579213
 10
269.6736246147321
 20
26.65096544209137
 10
269.70045846675544
 20
26.689428165641175
 10
269.72913409795575
 20
26.726538068531692
 10
269.7595834218044
 20
26.762207038161353
 10
269.7917341403719
 20
26.796350383235797
 10
269.82550991599004
 20
26.82888703485627
 10
269.8608305525056
 20
26.859739739007065
 10
269.89761218569555
 20
26.888835239985088
 10
269.93576748239167
 20
26.916104454335922
 10
269.9752058478418
 20
26.941482634883418
 10
270.0158336408152
 20
26.964909524463405
 10
270.05755439594117
 20
26.98632949899641
 10
270.10026905275384
 20
27.005691699559765
 10
270.14387619089786
 20
27.022950153145434
 10
270.18827227093794
 20
27.038063881816914
 10
270.2333518801997
 20
27.050997000005957
  0
LWPOLYLINE
  5
564
330
17
100
AcDbEntity
  8
GORUNEN
100
AcDbPolyline
 90
2
 70
0
 10
269.5136928801887
 20
26.119667000046782
 10
269.5136928801887
 20
18.245664000046787
  0
LWPOLYLINE
  5
565
330
17
100
AcDbEntity
  8
GORUNEN
100
AcDbPolyline
 90
22
 70
0
 10
270.0216888801973
 20
17.398998000061738
 10
269.97970919861103
 20
17.424477712946786
 10
269.9390137866368
 20
17.451962124511056
 10
269.8996982973605
 20
17.48138663364465
 10
269.86185514040994
 20
17.51268207910888
 10
269.8255732647494
 20
17.545774902097264
 10
269.7909379496081
 20
17.5805873191328
 10
269.7580306040349
 20
17.61703750489521
 10
269.7269285755488
 20
17.6550397845484
 10
269.6977049683367
 20
17.69450483511601
 10
269.6704284714247
 20
17.735339895431842
 10
269.6451631972268
 20
17.777448984171617
 10
269.62196853085123
 20
17.820733125453565
 10
269.60089899051786
 20
17.86509058147765
 10
269.582004099415
 20
17.91041709165657
 10
269.565328269297
 20
17.956606117676465
 10
269.5509106960963
 20
18.003549093911367
 10
269.53878526779425
 20
18.051135682602734
 10
269.52898048476925
 20
18.09925403320436
 10
269.52151939280714
 20
18.147791045283
 10
269.5164195289333
 20
18.196632634356835
 10
269.51369288019225
 20
18.245664000046897
  0
LWPOLYLINE
  5
566
330
17
100
AcDbEntity
  8
GORUNEN
100
AcDbPolyline
 90
2
 70
0
 10
270.0216888801891
 20
17.398998000047147
 10
274.29736388018875
 20
14.943665000046419
  0
LWPOLYLINE
  5
567
330
17
100
AcDbEntity
  8
GORUNEN
100
AcDbPolyline
 90
2
 70
0
 10
274.2973638801891
 20
14.943665000046796
 10
274.7630338801891
 20
14.774332000046762
  0
LWPOLYLINE
  5
568
330
17
100
AcDbEntity
  8
GORUNEN
100
AcDbPolyline
 90
2
 70
0
 10
274.76303388018874
 20
14.77433200004678
 10
282.67936288018876
 20
14.77433200004678
  0
LWPOLYLINE
  5
569
330
17
100
AcDbEntity
  8
GORUNEN
100
AcDbPolyline
 90
23
 70
0
 10
284.5843658801594
 20
16.213666000059003
 10
284.53810542216036
 20
16.10974931195005
 10
284.4869032534139
 20
16.00817645161094
 10
284.4308777523081
 20
15.909182253459452
 10
284.37015844867886
 20
15.812995590098073
 10
284.30488572433956
 20
15.719838843165093
 10
284.23521048852086
 20
15.629927389192744
 10
284.16129382897185
 20
15.543469101660964
 10
284.0833066395283
 20
15.460663870398072
 10
284.0014292250094
 20
15.381703139439491
 10
283.9158508843569
 20
15.30676946441298
 10
283.8267694729796
 20
15.236036090473679
 10
283.7343909453155
 20
15.169666551764774
 10
283.6389288786696
 20
15.107814293329849
 10
283.54060397942703
 20
15.050622316351003
 10
283.43964357278463
 20
14.998222847533
 10
283.3362810771795
 20
14.950737033397761
 10
283.23075546463025
 20
14.90827466019605
 10
283.1233107082386
 20
14.870933900083838
 10
283.0141952181284
 20
14.838801084150276
 10
282.90366126712627
 20
14.811950502821922
 10
282.79196440751207
 20
14.790444234104775
 10
282.679362880187
 20
14.774332000061165
  0
LWPOLYLINE
  5
56A
330
17
100
AcDbEntity
  8
GORUNEN
100
AcDbPolyline
 90
2
 70
0
 10
284.5843658801894
 20
16.213666000046665
 10
285.0076928801888
 20
17.229665000046907
  0
LWPOLYLINE
  5
56B
330
17
100
AcDbEntity
  8
GORUNEN
100
AcDbPolyline
 90
2
 70
0
 10
285.00769288018887
 20
17.229665000046758
 10
285.5156878801888
 20
18.161000000046812
  0
LWPOLYLINE
  5
56C
330
17
100
AcDbEntity
  8
GORUNEN
100
AcDbPolyline
 90
2
 70
0
 10
285.51568788018903
 20
18.161000000046815
 10
286.1930208801891
 20
19.007665000046753
  0
LWPOLYLINE
  5
56D
330
17
100
AcDbEntity
  8
GORUNEN
100
AcDbPolyline
 90
2
 70
0
 10
286.1930208801888
 20
19.00766500004692
 10
286.95502188018907
 20
19.769662000046647
  0
LWPOLYLINE
  5
56E
330
17
100
AcDbEntity
  8
GORUNEN
100
AcDbPolyline
 90
2
 70
0
 10
286.95502188019594
 20
19.769662000036153
 10
297.68102246389674
 20
26.990707724534932
  0
LWPOLYLINE
  5
56F
330
17
100
AcDbEntity
  8
GORUNEN
100
AcDbPolyline
 90
21
 70
0
 10
299.02003188019904
 20
29.50633000004678
 10
299.01640483493986
 20
29.358055114676276
 10
299.00553237524997
 20
29.210134910818788
 10
298.9874405086386
 20
29.062923221570053
 10
298.9621725118253
 20
28.916772185220697
 10
298.9297888272195
 20
28.772031402922472
 10
298.8903669183393
 20
28.629047102423478
 10
298.84400108451416
 20
28.488161309872726
 10
298.7908022353164
 20
28.349711031675177
 10
298.7308976252588
 20
28.21402744835427
 10
298.6644305493957
 20
28.081435122350253
 10
298.59156000055293
 20
27.952251221649366
 10
298.51246028900863
 20
27.826784761100903
 10
298.42732062553375
 20
27.705335863237078
 10
298.33634466878965
 20
27.588195040363747
 10
298.2397500381655
 20
27.47564249963931
 10
298.137767793221
 20
27.367947472804122
 10
298.0306418809796
 20
27.265367572163647
 10
297.9186285523941
 20
27.168148174365946
 10
297.80199574938035
 20
27.07652183344753
 10
297.6810224638858
 20
26.990707724551566
  0
LWPOLYLINE
  5
570
330
17
100
AcDbEntity
  8
GORUNEN
100
AcDbPolyline
 90
2
 70
0
 10
299.02003188018875
 20
29.506330000046773
 10
299.02003188018875
 20
53.46699058381678
  0
LWPOLYLINE
  5
571
330
17
100
AcDbEntity
  8
GORUNEN
100
AcDbPolyline
 90
33
 70
0
 10
296.0143528801887
 20
56.472667000045675
 10
296.16183451547033
 20
56.46904665398369
 10
296.3089608604103
 20
56.458194083985596
 10
296.4553774743691
 20
56.440135434871706
 10
296.600731626513
 20
56.41491421155709
 10
296.74467314557484
 20
56.382591174244325
 10
296.886855263448
 20
56.34324419204666
 10
297.02693545058196
 20
56.29696805539434
 10
297.16457624116714
 20
56.24387424767585
 10
297.29944604612024
 20
56.18409067666441
 10
297.43121995191234
 20
56.117761366376634
 10
297.55958050331503
 20
56.0450461101056
 10
297.68421846817847
 20
55.966120085464475
 10
297.80483358239985
 20
55.881173432367774
 10
297.92113527328627
 20
55.7904107949672
 10
298.03284335957113
 20
55.69405082864537
 10
298.1396887263955
 20
55.59232567325534
 10
298.2414139736305
 20
55.48548039387466
 10
298.3377740359773
 20
55.373772390421564
 10
298.42853677335154
 20
55.257470777555326
 10
298.5134835301298
 20
55.13685573635475
 10
298.59240966191055
 20
55.01221783933668
 10
298.6651250285212
 20
54.883857350440586
 10
298.7314544520827
 20
54.75208350166566
 10
298.7912381390291
 20
54.617213748103
 10
298.8443320650645
 20
54.479573003157675
 10
298.89060832213073
 20
54.33949285580302
 10
298.9299554265491
 20
54.19731077175285
 10
298.96227858759494
 20
54.05336928047615
 10
298.987499935857
 20
53.90801515001263
 10
299.00555871083156
 20
53.761598551577286
 10
299.0164114073005
 20
53.61447221596631
 10
299.02003188013873
 20
53.466990583796786
  0
LWPOLYLINE
  5
572
330
17
100
AcDbEntity
  8
GORUNEN
100
AcDbPolyline
 90
2
 70
0
 10
296.0143528801889
 20
56.47266700004678
 10
285.00769288018887
 20
56.47266700004678
  0
LWPOLYLINE
  5
573
330
17
100
AcDbEntity
  8
GORUNEN
100
AcDbPolyline
 90
2
 70
0
 10
285.0076928801892
 20
56.472667000042904
 10
271.4939221809091
 20
55.29020969462372
  0
LWPOLYLINE
  5
574
330
17
100
AcDbEntity
  8
GORUNEN
100
AcDbPolyline
 90
31
 70
0
 10
270.99535472162705
 20
54.74706250440679
 10
270.996068137817
 20
54.77402731810637
 10
270.99811197849823
 20
54.80092402526139
 10
271.0014812586683
 20
54.82768702381627
 10
271.0061677605293
 20
54.85425103783562
 10
271.0121600535312
 20
54.88055127671461
 10
271.01944352225155
 20
54.9065235932057
 10
271.0280004020429
 20
54.93210463987603
 10
271.03780982236145
 20
54.957232023614225
 10
271.0488478576712
 20
54.98184445780944
 10
271.06108758579904
 20
55.00588191183165
 10
271.074499153599
 20
55.02928575744858
 10
271.0890498497651
 20
55.05199891182208
 10
271.10470418461557
 20
55.073965976735316
 10
271.1214239766534
 20
55.095133373710986
 10
271.1391684456923
 20
55.11544947469126
 10
271.1578943123212
 20
55.134864727960455
 10
271.17755590346457
 20
55.153331779003516
 10
271.19810526378
 20
55.170805586005386
 10
271.2194922726238
 20
55.1872435297097
 10
271.2416647662968
 20
55.20260551736865
 10
271.26456866527343
 20
55.21685408053072
 10
271.2881481061037
 20
55.229954466427586
 10
271.31234557766624
 20
55.24187472273739
 10
271.3371020614402
 20
55.25258577551766
 10
271.3623571754534
 20
55.26206150011767
 10
271.388049321556
 20
55.27027878489746
 10
271.4141158356612
 20
55.27721758759796
 10
271.4404931405847
 20
55.28286098422481
 10
271.4671169011119
 20
55.28719521032659
 10
271.49392218091424
 20
55.290209694566805
  0
LWPOLYLINE
  5
575
330
17
100
AcDbEntity
  8
GORUNEN
100
AcDbPolyline
 90
2
 70
0
 10
270.995353880189
 20
54.747062504406784
 10
270.995353880189
 20
48.00600000004678
  0
LWPOLYLINE
  5
576
330
17
100
AcDbEntity
  8
GORUNEN
100
AcDbPolyline
 90
33
 70
0
 10
270.9953538801888
 20
48.00600000004678
 10
270.9941300648978
 20
47.956147291997624
 10
270.99046156730304
 20
47.906414683488734
 10
270.98435722513653
 20
47.85692198473007
 10
270.97583174429326
 20
47.80778842796799
 10
270.9649056634033
 20
47.75913238024433
 10
270.9516053043525
 20
47.71107105823982
 10
270.9359627088708
 20
47.66372024588883
 10
270.9180155613409
 20
47.61719401544577
 10
270.8978070980132
 20
47.571604452674976
 10
270.87538600284574
 20
47.52706138682635
 10
270.8508062902208
 20
47.48367212604702
 10
270.82412717481895
 20
47.44154119886666
 10
270.7954129289661
 20
47.40077010237908
 10
270.7647327277954
 20
47.36145705772684
 10
270.7321604825989
 20
47.32369677347793
 10
270.69777466276815
 20
47.287580217464495
 10
270.66165810675506
 20
47.25319439763343
 10
270.6238978225065
 20
47.22062215243653
 10
270.5845847778545
 20
47.18994195126548
 10
270.5438136813672
 20
47.161227705412166
 10
270.50168275418713
 20
47.13454859000991
 10
270.45829349340806
 20
47.10996887738454
 10
270.41375042755965
 20
47.08754778221669
 10
270.36816086478905
 20
47.06733931888848
 10
270.32163463434614
 20
47.049392171358114
 10
270.2742838219953
 20
47.03374957587598
 10
270.22622249999097
 20
47.02044921682473
 10
270.1775664522674
 20
47.00952313593428
 10
270.1284328955054
 20
47.000997655090515
 10
270.07894019674677
 20
46.99489331292352
 10
270.0292075882379
 20
46.99122481532827
 10
269.9793548801888
 20
46.990001000036784
  0
LWPOLYLINE
  5
577
330
17
100
AcDbEntity
  8
GORUNEN
100
AcDbPolyline
 90
2
 70
0
 10
269.9793548801888
 20
46.99000100004679
 10
268.0320328801888
 20
46.99000100004679
  0
LWPOLYLINE
  5
578
330
17
100
AcDbEntity
  8
GORUNEN
100
AcDbPolyline
 90
33
 70
0
 10
268.0320328801888
 20
46.990001000046774
 10
267.93232668828125
 20
46.99244864944592
 10
267.83286069727853
 20
46.99978570104265
 10
267.7338745294205
 20
47.0119944792403
 10
267.6356066510114
 20
47.02904557202832
 10
267.53829379793353
 20
47.050897901838326
 10
267.4421704053298
 20
47.07749882450356
 10
267.3474680428294
 20
47.10878425608329
 10
267.254414856676
 20
47.14467882724658
 10
267.16323502010397
 20
47.185096064843606
 10
267.07414819328494
 20
47.22993860022698
 10
266.98736899414797
 20
47.27909840382134
 10
266.90310648134584
 20
47.33245704537597
 10
266.82156365061456
 20
47.38988597927363
 10
266.7429369457392
 20
47.45124685420812
 10
266.6674157853033
 20
47.51639184648467
 10
266.5951821063635
 20
47.58516401614007
 10
266.52640992614687
 20
47.65739768502472
 10
266.4612649228284
 20
47.732918835935735
 10
266.3999040363979
 20
47.81154553183958
 10
266.3424750905779
 20
47.893088354174175
 10
266.2891164367033
 20
47.977350859174784
 10
266.23995662042097
 20
48.06413005112411
 10
266.19511407201225
 20
48.153216871386704
 10
266.15469682108386
 20
48.244396702049414
 10
266.1188022363153
 20
48.337449882954644
 10
266.0875167908892
 20
48.43215224088082
 10
266.06091585416976
 20
48.52827562959522
 10
266.0390635101317
 20
48.62558847947811
 10
266.022012402976
 20
48.72385635539416
 10
266.0098036103056
 20
48.82284252146711
 10
266.002466544166
 20
48.92230851139709
 10
266.0000188801888
 20
49.02201470294678
  0
LWPOLYLINE
  5
579
330
17
100
AcDbEntity
  8
GORUNEN
100
AcDbPolyline
 90
2
 70
0
 10
266.0000188801889
 20
49.022014702946784
 10
266.0000188801889
 20
57.996661000046785
  0
LWPOLYLINE
  5
57A
330
17
100
AcDbEntity
  8
GORUNEN
100
AcDbPolyline
 90
32
 70
0
 10
266.0000188801925
 20
57.99666100004671
 10
266.00469583021663
 20
58.09814892731598
 10
266.01443837463216
 20
58.19927635223749
 10
266.02922217026855
 20
58.29979059316644
 10
266.0490102776527
 20
58.39944050058786
 10
266.0737532533075
 20
58.49797708465029
 10
266.10338927329343
 20
58.595154137303325
 10
266.1378442876853
 20
58.69072884748443
 10
266.177032205596
 20
58.784462407817784
 10
266.22085511028774
 20
58.87612061130946
 10
266.2692035038311
 20
58.96547443654777
 10
266.3219565807016
 20
59.05230061994675
 10
266.3789825296302
 20
59.136382213602815
 10
266.44013886295244
 20
59.21750912737082
 10
266.5052727726353
 20
59.295478653804956
 10
266.57422151209016
 20
59.37009597465294
 10
266.6468128028188
 20
59.44117464763787
 10
266.7228652648765
 20
59.50853707231147
 10
266.80218887007635
 20
59.572014933814785
 10
266.88458541680257
 20
59.63144962343742
 10
266.9698490252458
 20
59.686692634924604
 10
267.0577666518244
 20
59.737605935541744
 10
267.1481186215045
 20
59.78406231096936
 10
267.24067917669043
 20
59.82594568316669
 10
267.33521704131294
 20
59.86315140040959
 10
267.43149599870634
 20
59.89558649877819
 10
267.5292754818303
 20
59.92316993444079
 10
267.6283111743617
 20
59.945832786153765
 10
267.7283556211548
 20
59.96351842747131
 10
267.8291588465438
 20
59.97618266823491
 10
267.93046897894385
 20
59.98379386498892
 10
268.0320328801888
 20
59.98633300004633
  0
LWPOLYLINE
  5
57B
330
17
100
AcDbEntity
  8
GORUNEN
100
AcDbPolyline
 90
2
 70
0
 10
268.0320328801888
 20
59.986333000046784
 10
348.50769288018887
 20
59.986333000046784
  0
LWPOLYLINE
  5
57C
330
17
100
AcDbEntity
  8
GORUNEN
100
AcDbPolyline
 90
33
 70
0
 10
358.4983618802185
 20
69.97699400004679
 10
358.48632755305135
 20
69.48677528900838
 10
358.4502538256365
 20
68.99773756462208
 10
358.39022760277226
 20
68.51105896199898
 10
358.3063934929362
 20
68.02791193291723
 10
358.1989534599102
 20
67.54946042128215
 10
358.0681663362319
 20
67.07685705908241
 10
357.91434719964445
 20
66.61124038959773
 10
357.7378666140462
 20
66.15373212454735
 10
357.53914973676933
 20
65.70543444178747
 10
357.3186752943388
 20
65.2674273300673
 10
357.07697442917714
 20
64.84076598724064
 10
356.814629420036
 20
64.42647827820106
 10
356.53227227923486
 20
64.02556225866442
 10
356.2305832300874
 20
63.63898377076447
 10
355.9102890681836
 20
63.26767411625374
 10
355.5721614104749
 20
62.91252781291529
 10
355.21701483638066
 20
62.574400439590335
 10
354.8457049253943
 20
62.25410657501309
 10
354.4591261959168
 20
61.95241783541867
 10
354.0582099502826
 20
61.67006101565133
 10
353.64392203117023
 20
61.40771633825142
 10
353.2172604948016
 20
61.1660158147392
 10
352.7792532065365
 20
60.94554172304315
 10
352.33095536465413
 20
60.74682520474103
 10
351.873446958287
 20
60.5703449854928
 10
351.40783016563165
 20
60.41652622174824
 10
350.9352266987042
 20
60.285739476507445
 10
350.4567751010366
 20
60.1782998266018
 10
349.9736280048248
 20
60.094466103646056
 10
349.4869493541358
 20
60.034440270490066
 10
348.99791160086363
 20
59.99836693467244
 10
348.50769288018887
 20
59.986333000048205
  0
LWPOLYLINE
  5
57D
330
17
100
AcDbEntity
  8
GORUNEN
100
AcDbPolyline
 90
2
 70
0
 10
361.41935588016923
 20
64.38899600006698
 10
362.30835988018885
 20
63.500000000046576
  0
LWPOLYLINE
  5
57E
330
17
100
AcDbEntity
  8
GORUNEN
100
AcDbPolyline
 90
17
 70
0
 10
363.0280268801891
 20
63.20366800004133
 10
362.9781535368447
 20
63.20494162918453
 10
362.92840123806866
 20
63.208640449813245
 10
362.8788878436518
 20
63.21475569967454
 10
362.8297306474369
 20
63.22327289216001
 10
362.78104609945757
 20
63.23417185062356
 10
362.73294953007604
 20
63.247426756178506
 10
362.68555487677355
 20
63.26300620886072
 10
362.6389744142401
 20
63.28087330201305
 10
362.59331848840355
 20
63.300985709714595
 10
362.54869525502767
 20
63.32329578704798
 10
362.5052104234983
 20
63.34775068296688
 10
362.4629670064053
 20
63.37429246549651
 10
362.4220650755127
 20
63.40285825897053
 10
362.38260152469553
 20
63.43338039297921
 10
362.34466984040483
 20
63.465786562675966
 10
362.30835988020476
 20
63.50000000006261
  0
LWPOLYLINE
  5
57F
330
17
100
AcDbEntity
  8
GORUNEN
100
AcDbPolyline
 90
2
 70
0
 10
363.02802688018903
 20
63.203668000046775
 10
373.01869588018906
 20
63.203668000046775
  0
LWPOLYLINE
  5
580
330
17
100
AcDbEntity
  8
GORUNEN
100
AcDbPolyline
 90
2
 70
0
 10
373.5266918801891
 20
63.28832800004673
 10
373.01869588018906
 20
63.203668000046825
  0
LWPOLYLINE
  5
581
330
17
100
AcDbEntity
  8
GORUNEN
100
AcDbPolyline
 90
2
 70
0
 10
374.0346958801889
 20
63.457665000046724
 10
373.5266918801889
 20
63.28832800004684
  0
LWPOLYLINE
  5
582
330
17
100
AcDbEntity
  8
GORUNEN
100
AcDbPolyline
 90
2
 70
0
 10
374.41569588018865
 20
63.796332000046824
 10
374.0346958801888
 20
63.45766500004674
  0
LWPOLYLINE
  5
583
330
17
100
AcDbEntity
  8
GORUNEN
100
AcDbPolyline
 90
2
 70
0
 10
374.75436288018886
 20
64.21966700004677
 10
374.4156958801889
 20
63.79633200004679
  0
LWPOLYLINE
  5
584
330
17
100
AcDbEntity
  8
GORUNEN
100
AcDbPolyline
 90
2
 70
0
 10
374.9236918801889
 20
64.6853280000468
 10
374.7543628801891
 20
64.21966700004675
  0
LWPOLYLINE
  5
585
330
17
100
AcDbEntity
  8
GORUNEN
100
AcDbPolyline
 90
2
 70
0
 10
375.00835988018883
 20
65.1933310000468
 10
374.923691880189
 20
64.68532800004677
  0
LWPOLYLINE
  5
586
330
17
100
AcDbEntity
  8
GORUNEN
100
AcDbPolyline
 90
2
 70
0
 10
375.0083598801891
 20
65.19333100004678
 10
375.0083598801891
 20
90.84732900004678
  0
LWPOLYLINE
  5
587
330
17
100
AcDbEntity
  8
GORUNEN
100
AcDbPolyline
 90
21
 70
0
 10
374.45802988023763
 20
91.73632500013245
 10
374.5046543497786
 20
91.70812182274018
 10
374.54981908620545
 20
91.6776356462255
 10
374.5934123982682
 20
91.64494186213136
 10
374.6353264808094
 20
91.61012132135836
 10
374.6754576813637
 20
91.57326013422255
 10
374.7137067564879
 20
91.53444945750677
 10
374.74997911718725
 20
91.49378526903227
 10
374.7841850628318
 20
91.45136813030797
 10
374.81624000298365
 20
91.40730293784438
 10
374.84606466658715
 20
91.36169866374718
 10
374.873585298004
 20
91.314668086232
 10
374.89873383940926
 20
91.26632751072674
 10
374.92144809909655
 20
91.21679648225114
 10
374.94167190527656
 20
91.166197489785
 10
374.9593552449884
 20
91.11465566335609
 10
374.97445438778055
 20
91.06229846459665
 10
374.986931993855
 20
91.0092553715341
 10
374.99675720640784
 20
90.95565755839507
 10
375.00390572793697
 20
90.90163757121495
 10
375.00835988032964
 20
90.84732900005481
  0
LWPOLYLINE
  5
588
330
17
100
AcDbEntity
  8
GORUNEN
100
AcDbPolyline
 90
2
 70
0
 10
374.45802988018886
 20
91.73632500004683
 10
373.86536388018885
 20
92.07499200004673
  0
LWPOLYLINE
  5
589
330
17
100
AcDbEntity
  8
GORUNEN
100
AcDbPolyline
 90
2
 70
0
 10
373.86536388018874
 20
92.07499200004666
 10
373.31502988018894
 20
92.54065900004689
  0
LWPOLYLINE
  5
58A
330
17
100
AcDbEntity
  8
GORUNEN
100
AcDbPolyline
 90
2
 70
0
 10
373.31502988018883
 20
92.54065900004665
 10
372.84936388018923
 20
93.09099200004692
  0
LWPOLYLINE
  5
58B
330
17
100
AcDbEntity
  8
GORUNEN
100
AcDbPolyline
 90
2
 70
0
 10
372.8493638801889
 20
93.09099200004673
 10
372.51069688018913
 20
93.68365900004686
  0
LWPOLYLINE
  5
58C
330
17
100
AcDbEntity
  8
GORUNEN
100
AcDbPolyline
 90
2
 70
0
 10
372.5106968801888
 20
93.68365900004673
 10
372.214363880189
 20
94.31865900004684
  0
LWPOLYLINE
  5
58D
330
17
100
AcDbEntity
  8
GORUNEN
100
AcDbPolyline
 90
2
 70
0
 10
372.2143638801889
 20
94.31865900004682
 10
372.0450298801885
 20
94.99599200004674
  0
LWPOLYLINE
  5
58E
330
17
100
AcDbEntity
  8
GORUNEN
100
AcDbPolyline
 90
2
 70
0
 10
372.0450298801889
 20
94.99599200004677
 10
372.00269626640113
 20
95.71566943452623
  0
LWPOLYLINE
  5
58F
330
17
100
AcDbEntity
  8
GORUNEN
100
AcDbPolyline
 90
2
 70
0
 10
372.00268888018877
 20
95.71566900004679
 10
372.00268888018877
 20
106.00267000004678
  0
LWPOLYLINE
  5
590
330
17
100
AcDbEntity
  8
GORUNEN
100
AcDbPolyline
 90
33
 70
0
 10
371.029024880189
 20
106.97633500002435
 10
371.0768003527169
 20
106.97516222056575
 10
371.12446073171674
 20
106.97164661812734
 10
371.17189119873746
 20
106.96579666213455
 10
371.2189774892078
 20
106.95762644569581
 10
371.2656061677113
 20
106.94715565165075
 10
371.3116649012627
 20
106.93440950515243
 10
371.3570427299293
 20
106.91941871289751
 10
371.4016303341436
 20
106.90221938915083
 10
371.44532029806544
 20
106.88285296874267
 10
371.4880073683565
 20
106.86136610724824
 10
371.5295887077461
 20
106.83781056858992
 10
371.5699641427759
 20
106.81224310033295
 10
371.60903640512754
 20
106.78472529697508
 10
371.6467113659513
 20
106.75532345155949
 10
371.68289826263185
 20
106.72410839596846
 10
371.71750991744364
 20
106.69115533028248
 10
371.75046294757107
 20
106.6565436416161
 10
371.7816779659852
 20
106.6203567128666
 10
371.81107977269517
 20
106.58268172183661
 10
371.83859753591184
 20
106.54360943121438
 10
371.8641649626888
 20
106.50323396991767
 10
371.88772045862817
 20
106.46165260632813
 10
371.9092072762677
 20
106.41896551396238
 10
371.92857365179066
 20
106.37527553014434
 10
371.9457729297299
 20
106.33068790826017
 10
371.96076367536557
 20
106.28531006419279
 10
371.9735097745451
 20
106.23925131754655
 10
371.98398052068586
 20
106.19262262828582
 10
371.99215068875014
 20
106.14553632942173
 10
371.9980005960149
 20
106.09810585639109
 10
372.001516149489
 20
106.05044547377945
 10
372.00268887986516
 20
106.00267000004679
  0
LWPOLYLINE
  5
591
330
17
100
AcDbEntity
  8
GORUNEN
100
AcDbPolyline
 90
2
 70
0
 10
371.0290248801891
 20
106.97633500004677
 10
364.0016918801891
 20
106.97633500004677
  0
LWPOLYLINE
  5
592
330
17
100
AcDbEntity
  8
GORUNEN
100
AcDbPolyline
 90
2
 70
0
 10
363.49369588018897
 20
106.89166600004681
 10
364.001691880189
 20
106.97633500004677
  0
LWPOLYLINE
  5
593
330
17
100
AcDbEntity
  8
GORUNEN
100
AcDbPolyline
 90
2
 70
0
 10
363.02802688018875
 20
106.72232900004688
 10
363.4936958801888
 20
106.89166600004671
  0
LWPOLYLINE
  5
594
330
17
100
AcDbEntity
  8
GORUNEN
100
AcDbPolyline
 90
2
 70
0
 10
362.60469188018897
 20
106.38367100004676
 10
363.0280268801889
 20
106.72232900004683
  0
LWPOLYLINE
  5
595
330
17
100
AcDbEntity
  8
GORUNEN
100
AcDbPolyline
 90
2
 70
0
 10
362.26602588018886
 20
106.00267000004682
 10
362.60469188018897
 20
106.38367100004673
  0
LWPOLYLINE
  5
596
330
17
100
AcDbEntity
  8
GORUNEN
100
AcDbPolyline
 90
2
 70
0
 10
362.0966968801889
 20
105.4946590000468
 10
362.266025880189
 20
106.00267000004676
  0
LWPOLYLINE
  5
597
330
17
100
AcDbEntity
  8
GORUNEN
100
AcDbPolyline
 90
2
 70
0
 10
362.0120278801889
 20
104.98666300004678
 10
362.09669688018886
 20
105.49465900004678
  0
LWPOLYLINE
  5
598
330
17
100
AcDbEntity
  8
GORUNEN
100
AcDbPolyline
 90
2
 70
0
 10
362.01202788018895
 20
104.98666300004678
 10
362.01202788018895
 20
69.97699400004677
  0
LWPOLYLINE
  5
599
330
17
100
AcDbEntity
  8
GORUNEN
100
AcDbPolyline
 90
2
 70
0
 10
362.0120278801887
 20
69.97699400004679
 10
361.92735988018876
 20
68.41066600004679
  0
LWPOLYLINE
  5
59A
330
17
100
AcDbEntity
  8
GORUNEN
100
AcDbPolyline
 90
2
 70
0
 10
361.92735988018933
 20
68.41066600004672
 10
361.63102788018875
 20
66.92899700004685
  0
LWPOLYLINE
  5
59B
330
17
100
AcDbEntity
  8
GORUNEN
100
AcDbPolyline
 90
2
 70
0
 10
361.6310278801891
 20
66.92899700004673
 10
361.20769288019096
 20
65.44732900005475
  0
LWPOLYLINE
  5
59C
330
17
100
AcDbEntity
  8
GORUNEN
100
AcDbPolyline
 90
25
 70
0
 10
361.41935588020743
 20
64.38899600010525
 10
361.38648726229803
 20
64.42351641925363
 10
361.35534891699194
 20
64.45960532105259
 10
361.3260155923283
 20
64.49717607358208
 10
361.2985577033685
 20
64.53613848771836
 10
361.27304116316407
 20
64.5763990336343
 10
361.2495272245312
 20
64.61786106531903
 10
361.22807233301273
 20
64.66042505257806
 10
361.2087279913798
 20
64.70398881995696
 10
361.1915406359985
 20
64.74844779201493
 10
361.17655152535883
 20
64.79369524435967
 10
361.1637966410334
 20
64.83962255984076
 10
361.1533066013027
 20
64.88611948928673
 10
361.1451065876557
 20
64.93307441615967
 10
361.1392162843413
 20
64.9803746244924
 10
361.1356498311161
 20
65.02790656946468
 10
361.1344157893016
 20
65.07555614996919
 10
361.1355171212326
 20
65.12320898251284
 10
361.13895118314633
 20
65.17075067579597
 10
361.1447097315284
 20
65.21806710531033
 10
361.1527789429018
 20
65.26504468729648
 10
361.16313944701045
 20
65.31157065140331
 10
361.17576637331734
 20
65.35753331139483
 10
361.190629410707
 20
65.40282233325455
 10
361.2076928802476
 20
65.44732900004382
  0
LWPOLYLINE
  5
59D
330
17
100
AcDbEntity
  8
GORUNEN
100
AcDbPolyline
 90
2
 70
0
 10
323.9966888801889
 20
27.474332000046786
 10
323.9966888801889
 20
11.556998000046782
  0
LWPOLYLINE
  5
59E
330
17
100
AcDbEntity
  8
GORUNEN
100
AcDbPolyline
 90
23
 70
0
 10
324.5046998801978
 20
10.667997000062712
 10
324.46285153684295
 20
10.693157985223358
 10
324.4222749718484
 20
10.72032232561748
 10
324.3830660099817
 20
10.749425870506865
 10
324.345317246307
 20
10.780399889568528
 10
324.30911782751525
 20
10.813171235206788
 10
324.2745532413969
 20
10.84766251529711
 10
324.2417051149558
 20
10.88379227595372
 10
324.2106510216402
 20
10.92147519388941
 10
324.1814642981476
 20
10.960622277913217
 10
324.1542138712338
 20
11.001141079090164
 10
324.1289640949372
 20
11.042935909066735
 10
324.10577459860144
 20
11.085908066046475
 10
324.08470014605604
 20
11.129956067882112
 10
324.0657905062875
 20
11.174975891733656
 10
324.04909033590565
 20
11.220861219726558
 10
324.0346390736836
 20
11.267503690029802
 10
324.02247084742
 20
11.31479315276092
 10
324.01261439334354
 20
11.362617930113654
 10
324.00509298825006
 20
11.41086508009393
 10
323.9999243945325
 20
11.459420663241318
 10
323.9971208182337
 20
11.50817001170606
 10
323.9966888802209
 20
11.556998000046281
  0
LWPOLYLINE
  5
59F
330
17
100
AcDbEntity
  8
GORUNEN
100
AcDbPolyline
 90
2
 70
0
 10
324.5046998801886
 20
10.667997000046356
 10
326.66369288018905
 20
9.440331000047205
  0
LWPOLYLINE
  5
5A0
330
17
100
AcDbEntity
  8
GORUNEN
100
AcDbPolyline
 90
35
 70
0
 10
328.1128139729427
 20
9.914613689712226
 10
328.09105162341115
 20
9.869060041949918
 10
328.0670832938171
 20
9.824627465409115
 10
328.04096656631987
 20
9.781422706106238
 10
328.01276418444775
 20
9.739549560316565
 10
327.98254390236116
 20
9.699108625211274
 10
327.95037832207817
 20
9.660197057180092
 10
327.9163447190537
 20
9.622908338420164
 10
327.8805248565306
 20
9.587332052351922
 10
327.84300478910956
 20
9.553553668401463
 10
327.80387465600927
 20
9.521654336666497
 10
327.7632284645135
 20
9.491710692959177
 10
327.72116386412534
 20
9.46379467469416
 10
327.6777819119718
 20
9.43797334806423
 10
327.6331868300209
 20
9.414308746918671
 10
327.5874857546965
 20
9.392857723731481
 10
327.5407884794906
 20
9.373671813017463
 10
327.4932071911925
 20
9.356797107524315
 10
327.44485620036846
 20
9.34227414749818
 10
327.3958516667388
 20
9.330137823288666
 10
327.3463113201124
 20
9.320417291527331
 10
327.29635417755
 20
9.313135905081005
 10
327.2461002574338
 20
9.308311156948243
 10
327.1956702911327
 20
9.305954638233668
 10
327.14518543295344
 20
9.3060720103012
 10
327.09476696907655
 20
9.308662991173023
 10
327.0445360261751
 20
9.313721356207033
 10
326.9946132804168
 20
9.321234953051082
 10
326.9451186675481
 20
9.331185730838119
 10
326.89617109475773
 20
9.34354978355206
 10
326.84788815501037
 20
9.358297407460274
 10
326.8003858445386
 20
9.375393172474599
 10
326.7537782841701
 20
9.394796007269555
 10
326.7081774451609
 20
9.416459297953203
 10
326.6636928801927
 20
9.440331000053604
  0
LWPOLYLINE
  5
5A1
330
17
100
AcDbEntity
  8
GORUNEN
100
AcDbPolyline
 90
19
 70
0
 10
328.1128139730636
 20
9.914613689658069
 10
328.1332515396106
 20
9.95742651268235
 10
328.1557367694945
 20
9.999200264952623
 10
328.1802169861905
 20
10.03983708239926
 10
328.2066348394845
 20
10.079241764468897
 10
328.23492843982876
 20
10.117321997152384
 10
328.2650315033316
 20
10.153988569250334
 10
328.2968735070416
 20
10.189155581369715
 10
328.3303798541629
 20
10.222740647161785
 10
328.3654720488145
 20
10.254665086329993
 10
328.40206787992383
 20
10.284854108955596
 10
328.44008161382396
 20
10.313236990709285
 10
328.47942419510326
 20
10.33974723853824
 10
328.5200034552372
 20
10.364322746440529
 10
328.5617243285128
 20
10.386905940961867
 10
328.6044890747411
 20
10.407443916073927
 10
328.6481975082342
 20
10.42588855711817
 10
328.6927472325124
 20
10.44219665352487
 10
328.73803388018985
 20
10.456330000043224
  0
LWPOLYLINE
  5
5A2
330
17
100
AcDbEntity
  8
GORUNEN
100
AcDbPolyline
 90
2
 70
0
 10
328.73803388018956
 20
10.456330000045156
 10
335.55369488018863
 20
12.403664000048405
  0
LWPOLYLINE
  5
5A3
330
17
100
AcDbEntity
  8
GORUNEN
100
AcDbPolyline
 90
27
 70
0
 10
336.99302888016695
 20
14.350997000046778
 10
336.9905878742596
 20
14.251301818891694
 10
336.98327043867874
 20
14.151845583330996
 10
336.9710941120567
 20
14.052866672822862
 10
336.9540880789499
 20
13.954602322759591
 10
336.93229309988936
 20
13.857288055855214
 10
336.90576141368416
 20
13.76115711763816
 10
336.87455661221406
 20
13.666439917401895
 10
336.8387534880109
 20
13.573363475953581
 10
336.7984378549939
 20
13.482150881484287
 10
336.753706342788
 20
13.39302075486506
 10
336.7046661651198
 20
13.306186725650367
 10
336.65143486284455
 20
13.221856920044864
 10
336.5941400222208
 20
13.140233462060738
 10
336.53291896910844
 20
13.061511989061302
 10
336.46791843982214
 20
12.985881182851923
 10
336.3992942294295
 20
12.913522317442276
 10
336.32721081833745
 20
12.84460882456375
 10
336.25184097806084
 20
12.7793058779835
 10
336.17336535711894
 20
12.717769997611367
 10
336.0919720480522
 20
12.660148674348651
 10
336.0078561365965
 20
12.606580016577816
 10
335.9212192340967
 20
12.557192419140499
 10
335.83226899427876
 20
12.512104255597219
 10
335.7412186155393
 20
12.47142359450632
 10
335.64828632994636
 20
12.435247940402284
 10
335.55369488017425
 20
12.403664000094157
  0
LWPOLYLINE
  5
5A4
330
17
100
AcDbEntity
  8
GORUNEN
100
AcDbPolyline
 90
2
 70
0
 10
336.99302888018906
 20
14.350997000046782
 10
336.99302888018906
 20
27.474332000046786
  0
LWPOLYLINE
  5
5A5
330
17
100
AcDbEntity
  8
GORUNEN
100
AcDbPolyline
 90
34
 70
0
 10
336.0193558801891
 20
28.4903310000066
 10
336.0669818726856
 20
28.48916660384535
 10
336.1144940567847
 20
28.485676139431835
 10
336.1617788946236
 20
28.479867947781685
 10
336.208723391619
 20
28.471755908485576
 10
336.2552153664859
 20
28.461359406541774
 10
336.30114371931234
 20
28.448703286032593
 10
336.3463986970502
 20
28.433817790755565
 10
336.3908721557873
 20
28.416738491951094
 10
336.4344578191746
 20
28.397506203299372
 10
336.4770515323901
 20
28.376166883389654
 10
336.5185515110333
 20
28.352771525894944
 10
336.5588585843552
 20
28.32737603771456
 10
336.5978764322422
 20
28.3000411053758
 10
336.6355118153883
 20
28.270832050013876
 10
336.67167479810547
 20
28.239818671276765
 10
336.7062789632387
 20
28.207075080527943
 10
336.73924161867365
 20
28.172679523745565
 10
336.77048399494254
 20
28.136714194541366
 10
336.79993143345615
 20
28.099265037746047
 10
336.82751356491235
 20
28.060421544030536
 10
336.8531644774546
 20
28.0202765360539
 10
336.8768228741788
 20
27.978925946648967
 10
336.8984322196118
 20
27.936468589575668
 10
336.9179408748121
 20
27.893005923389953
 10
336.93530222076885
 20
27.848641808992582
 10
336.95047476980574
 20
27.803482261437093
 10
336.9634222647221
 20
27.757635196590094
 10
336.9741137654353
 20
27.71121017324928
 10
336.9825237229167
 20
27.6643181313354
 10
336.98863204024576
 20
27.61707112678377
 10
336.99242412063404
 20
27.56958206376898
 10
336.9938909023069
 20
27.521964424902503
 10
336.993028880158
 20
27.47433200004811
  0
LWPOLYLINE
  5
5A6
330
17
100
AcDbEntity
  8
GORUNEN
100
AcDbPolyline
 90
2
 70
0
 10
336.0193558801891
 20
28.49033100004678
 10
325.0126958801891
 20
28.49033100004678
  0
LWPOLYLINE
  5
5A7
330
17
100
AcDbEntity
  8
GORUNEN
100
AcDbPolyline
 90
33
 70
0
 10
323.9966888802101
 20
27.474332000046786
 10
323.9979134790134
 20
27.52418471988084
 10
324.0015827220086
 20
27.573917304500217
 10
324.00768776994136
 20
27.62340994745673
 10
324.01621391567113
 20
27.672543420324793
 10
324.027140619601
 20
27.72119935992428
 10
324.0404415591582
 20
27.769260553458967
 10
324.0560846922049
 20
27.81661122088369
 10
324.07403233422843
 20
27.863137293820003
 10
324.0942412491241
 20
27.908726690348384
 10
324.11666275335097
 20
27.953269585015057
 10
324.14124283321144
 20
27.996658673402955
 10
324.16792227497103
 20
28.038789430629446
 10
324.1966368075049
 20
28.07956036314817
 10
324.22731725712765
 20
28.118873253248303
 10
324.25988971423413
 20
28.156633395662325
 10
324.2942757113483
 20
28.19274982571224
 10
324.33039241215226
 20
28.22713553844468
 10
324.36815281104043
 20
28.259707698226983
 10
324.40746594271707
 20
28.290387838299306
 10
324.44823710133267
 20
28.3191020498021
 10
324.49036806863165
 20
28.345781159823492
 10
324.5337573505616
 20
28.370360898037763
 10
324.57830042177375
 20
28.392782051533384
 10
324.6238899774256
 20
28.41299060745772
 10
324.67041619168015
 20
28.430937883134668
 10
324.71776698227734
 20
28.446580643341893
 10
324.76582828054205
 20
28.459881204465024
 10
324.81448430617684
 20
28.470807525277987
 10
324.8636178461782
 20
28.479333284130735
 10
324.9131105372043
 20
28.48543794235844
 10
324.96284315071375
 20
28.489106793759426
 10
325.01269588018874
 20
28.49033100002257
  0
LWPOLYLINE
  5
5A8
330
17
100
AcDbEntity
  8
GORUNEN
100
AcDbPolyline
 90
2
 70
0
 10
302.4913638801888
 20
54.99099900004678
 10
302.4913638801888
 20
29.675667000046772
  0
LWPOLYLINE
  5
5A9
330
17
100
AcDbEntity
  8
GORUNEN
100
AcDbPolyline
 90
33
 70
0
 10
304.523361880189
 20
27.685995000050383
 10
304.424374351801
 20
27.68637351157876
 10
304.3255280959308
 20
27.691673676459025
 10
304.22706766537794
 20
27.701882381699185
 10
304.1292366583825
 20
27.71697437022272
 10
304.032277115945
 20
27.7369123033564
 10
303.9364289229995
 20
27.761646853208887
 10
303.84192921492075
 20
27.79111682471148
 10
303.7490117908344
 20
27.825249307019188
 10
303.6579065351807
 20
27.863959853897416
 10
303.56883884896405
 20
27.907152692648083
 10
303.48202909209425
 20
27.95472096105821
 10
303.3976920382004
 20
28.006546971784783
 10
303.3160363432651
 20
28.062502503521767
 10
303.2372640293948
 20
28.1224491182289
 10
303.1615699850021
 20
28.186238503637455
 10
303.0891414826378
 20
28.253712840185518
 10
303.0201577156653
 20
28.324705191475033
 10
302.95478935492287
 20
28.399039917284558
 10
302.89319812647176
 20
28.476533108115866
 10
302.8355364114744
 20
28.556993040199416
 10
302.7819468691919
 20
28.64022064983281
 10
302.73256208403535
 20
28.72601002587884
 10
302.6875042375417
 20
28.814148919204566
 10
302.6468848060882
 20
28.90441926780104
 10
302.61080428509183
 20
28.99659773628451
 10
302.57935194037594
 20
29.090456268444374
 10
302.55260558732056
 20
29.185762651470736
 10
302.53063139834126
 20
29.282281090465748
 10
302.5134837391739
 20
29.379772791817256
 10
302.50120503436995
 20
29.477996553991524
 10
302.4938256623347
 20
29.576709364283282
 10
302.4913638801694
 20
29.67566700004678
  0
LWPOLYLINE
  5
5AA
330
17
100
AcDbEntity
  8
GORUNEN
100
AcDbPolyline
 90
2
 70
0
 10
304.5233618801888
 20
27.68599500004678
 10
319.0013538801888
 20
27.68599500004678
  0
LWPOLYLINE
  5
5AB
330
17
100
AcDbEntity
  8
GORUNEN
100
AcDbPolyline
 90
32
 70
0
 10
321.0333518801407
 20
29.590999000049898
 10
321.024579743911
 20
29.49245689778042
 10
321.0110316296003
 20
29.394457178942314
 10
320.9927395185867
 20
29.297231179495746
 10
320.969746590821
 20
29.20100840897607
 10
320.942107122898
 20
29.1060160087187
 10
320.909886359932
 20
29.01247821567435
 10
320.8731603615405
 20
28.920615833080227
 10
320.8320158222998
 20
28.83064570923685
 10
320.78654986709563
 20
28.742780225620734
 10
320.7368698218523
 20
28.65722679554142
 10
320.6830929601813
 20
28.5741873745262
 10
320.6253462265483
 20
28.493857983588402
 10
320.5637659366103
 20
28.416428246504527
 10
320.49849745543247
 20
28.342080942192577
 10
320.429694854342
 20
28.270991573248196
 10
320.35752054723133
 20
28.20332795165715
 10
320.28214490716715
 20
28.139249802662068
 10
320.20374586421167
 20
28.078908387718585
 10
320.12250848540475
 20
28.022446147430912
 10
320.03862453789895
 20
27.969996365309704
 10
319.95229203627804
 20
27.92168285314597
 10
319.8637147751283
 20
27.877619658743704
 10
319.7731018479655
 20
27.83791079670117
 10
319.6806671536534
 20
27.80265000287635
 10
319.58662889147894
 20
27.77192051311617
 10
319.49120904607554
 20
27.745794866771803
 10
319.39463286341146
 20
27.724334735463867
 10
319.297128319079
 20
27.707590777501807
 10
319.1989255801403
 20
27.695602518300976
 10
319.10025646180037
 20
27.688398257079843
 10
319.00135388018896
 20
27.68599500005747
  0
LWPOLYLINE
  5
5AC
330
17
100
AcDbEntity
  8
GORUNEN
100
AcDbPolyline
 90
2
 70
0
 10
321.0333518801887
 20
29.59099900004678
 10
321.1180208801887
 20
30.098994000046776
  0
LWPOLYLINE
  5
5AD
330
17
100
AcDbEntity
  8
GORUNEN
100
AcDbPolyline
 90
2
 70
0
 10
321.11802088018896
 20
30.09899400004683
 10
321.3296998801892
 20
30.56466300004674
  0
LWPOLYLINE
  5
5AE
330
17
100
AcDbEntity
  8
GORUNEN
100
AcDbPolyline
 90
2
 70
0
 10
321.3296998801892
 20
30.564663000046707
 10
321.668358880189
 20
30.94566400004685
  0
LWPOLYLINE
  5
5AF
330
17
100
AcDbEntity
  8
GORUNEN
100
AcDbPolyline
 90
2
 70
0
 10
321.66835888018886
 20
30.94566400004671
 10
322.0493588801887
 20
31.24199600004685
  0
LWPOLYLINE
  5
5B0
330
17
100
AcDbEntity
  8
GORUNEN
100
AcDbPolyline
 90
2
 70
0
 10
322.049358880189
 20
31.241996000046868
 10
322.51502788018905
 20
31.411333000046692
  0
LWPOLYLINE
  5
5B1
330
17
100
AcDbEntity
  8
GORUNEN
100
AcDbPolyline
 90
2
 70
0
 10
322.51502788018877
 20
31.41133300004689
 10
323.0230238801888
 20
31.495994000046668
  0
LWPOLYLINE
  5
5B2
330
17
100
AcDbEntity
  8
GORUNEN
100
AcDbPolyline
 90
2
 70
0
 10
323.0230238801891
 20
31.495994000046778
 10
342.5386928801891
 20
31.495994000046778
  0
LWPOLYLINE
  5
5B3
330
17
100
AcDbEntity
  8
GORUNEN
100
AcDbPolyline
 90
26
 70
0
 10
343.4700610136425
 20
32.152193558163425
 10
343.4526006650853
 20
32.106881076234316
 10
343.4329373276069
 20
32.062480198433
 10
343.41111839983984
 20
32.01909795343102
 10
343.38719647648423
 20
31.97683891447739
 10
343.3612292215279
 20
31.93580494732396
 10
343.3332792292469
 20
31.89609496467718
 10
343.30341387332146
 20
31.857804687768247
 10
343.2717051444312
 20
31.821026415616316
 10
343.23822947672113
 20
31.785848802540958
 10
343.20306756355626
 20
31.752356644460217
 10
343.16630416301
 20
31.72063067448939
 10
343.12802789355374
 20
31.69074736833317
 10
343.0883310204415
 20
31.662778759940377
 10
343.04730923330396
 20
31.63679226786554
 10
343.00506141548743
 20
31.612850532755928
 10
342.9616894056952
 20
31.59101126635576
 10
342.91729775250417
 20
31.57132711239161
 10
342.8719934623499
 20
31.55384551967425
 10
342.8258857415867
 20
31.538608627722933
 10
342.77908573324464
 20
31.525653165187734
 10
342.7317062491187
 20
31.515010361314857
 10
342.68386149783487
 20
31.50670587066827
 10
342.63566680954915
 20
31.500759711289188
 10
342.58723835794376
 20
31.497186216442415
 10
342.5386928801891
 20
31.4959940000659
  0
LWPOLYLINE
  5
5B4
330
17
100
AcDbEntity
  8
GORUNEN
100
AcDbPolyline
 90
26
 70
0
 10
343.4700610136839
 20
32.15219355814857
 10
343.48752072783554
 20
32.19750210219145
 10
343.5071832093907
 20
32.241899090835226
 10
343.52900106304094
 20
32.285277507630184
 10
343.55292169807444
 20
32.3275327913369
 10
343.5788874551428
 20
32.36856308796523
 10
343.60683574524575
 20
32.40826949628762
 10
343.6366992005983
 20
32.446556306235024
 10
343.6684058370172
 20
32.48333122960059
 10
343.7018792274346
 20
32.51850562249522
 10
343.7370386861213
 20
32.55199469901873
 10
343.7737994631753
 20
32.583717735631446
 10
343.81207294880625
 20
32.61359826573381
 10
343.8517668869249
 20
32.64156426398482
 10
343.89278559752086
 20
32.667548319915035
 10
343.9350302072942
 20
32.691487800415786
 10
343.9783988879835
 20
32.71332500071273
 10
344.0227871018178
 20
32.733007283459976
 10
344.0680878534985
 20
32.75048720561948
 10
344.1141919481059
 20
32.76572263281978
 10
344.1609882543071
 20
32.77867684091858
 10
344.208363972232
 20
32.789318604524205
 10
344.25620490537125
 20
32.79762227226266
 10
344.3043957358401
 20
32.80356782860884
 10
344.352820302346
 20
32.80714094213282
 10
344.4013618801889
 20
32.808333000044954
  0
LWPOLYLINE
  5
5B5
330
17
100
AcDbEntity
  8
GORUNEN
100
AcDbPolyline
 90
2
 70
0
 10
344.40136188018914
 20
32.80833300004679
 10
357.9903578801891
 20
32.80833300004679
  0
LWPOLYLINE
  5
5B6
330
17
100
AcDbEntity
  8
GORUNEN
100
AcDbPolyline
 90
32
 70
0
 10
360.0223558801985
 20
34.79799700004657
 10
360.017679344114
 20
34.69650960895631
 10
360.0079372270985
 20
34.595382700093666
 10
359.9931538713779
 20
34.4948689550948
 10
359.97336621551347
 20
34.39521952350862
 10
359.9486237021048
 20
34.296683395259755
 10
359.9189881542495
 20
34.199506778507704
 10
359.8845336210687
 20
34.103932484456664
 10
359.84534619268356
 20
34.01019932065318
 10
359.8015237851048
 20
33.918541494287595
 10
359.753175895575
 20
33.82918802699019
 10
359.70042332897145
 20
33.74236218258428
 10
359.64339789595664
 20
33.658280909226136
 10
359.5822420836279
 20
33.57715429732552
 10
359.5171086994912
 20
33.49918505460151
 10
359.44816048964697
 20
33.424567999585015
 10
359.3755697321434
 20
33.353489574833816
 10
359.29951780651214
 20
33.28612738107616
 10
359.2201947405631
 20
33.22264973344724
 10
359.1377987355694
 20
33.163215240927016
 10
359.0525356710303
 20
33.107972410030555
 10
358.9646185902484
 20
33.057059273740904
 10
358.87426716800735
 20
33.01060304661178
 10
358.78170716167926
 20
32.96871980690181
 10
358.6871698471343
 20
32.93151420653457
 10
358.5908914408611
 20
32.89907920960914
 10
358.4931125097424
 20
32.87149586011455
 10
358.3940773699604
 20
32.84883307942848
 10
358.29403347653425
 20
32.83114749410632
 10
358.19323080501397
 20
32.818483294390646
 10
358.0919212268774
 20
32.81087212379495
 10
357.9903578801887
 20
32.808333000037294
  0
LWPOLYLINE
  5
5B7
330
17
100
AcDbEntity
  8
GORUNEN
100
AcDbPolyline
 90
2
 70
0
 10
360.0223558801888
 20
34.79799700004678
 10
360.0223558801888
 20
60.19799700004678
  0
LWPOLYLINE
  5
5B8
330
17
100
AcDbEntity
  8
GORUNEN
100
AcDbPolyline
 90
47
 70
0
 10
358.2866898801998
 20
60.87532900003558
 10
358.3242078980008
 20
60.9094140499074
 10
358.36336048399704
 20
60.941608262031416
 10
358.40405244472163
 20
60.97183336115232
 10
358.4461848439558
 20
61.00001585960894
 10
358.48965524327673
 20
61.02608723600826
 10
358.53435795112136
 20
61.049984101824485
 10
358.58018427975856
 20
61.071648355518555
 10
358.6270228095466
 20
61.091027323803026
 10
358.6747596598333
 20
61.108073889709
 10
358.72327876583864
 20
61.122746607143824
 10
358.77246216084876
 20
61.13500980166082
 10
358.8221902630336
 20
61.14483365719621
 10
358.8723421661916
 20
61.15219428856226
 10
358.92279593371484
 20
61.15707379952042
 10
358.97342889505865
 20
61.15946032629331
 10
359.02411794399626
 20
61.159348066409606
 10
359.0747398379326
 20
61.15673729281187
 10
359.12517149754956
 20
61.15163435319296
 10
359.1752903060546
 20
61.14405165456256
 10
359.22497440730405
 20
61.13400763308146
 10
359.27410300207805
 20
61.121526709236896
 10
359.3225566417848
 20
61.10663922846789
 10
359.37021751888165
 20
61.089381387385
 10
359.4169697533057
 20
61.06979514576385
 10
359.46269967421836
 20
61.047928124526436
 10
359.5072960963787
 20
61.02383348995819
 10
359.5506505904728
 20
60.99756982444236
 10
359.59265774674304
 20
60.969200984025996
 10
359.6332154312757
 20
60.93879594316385
 10
359.6722250343238
 20
60.90642862701763
 10
359.70959171006143
 20
60.87217773171837
 10
359.7452246071866
 20
60.83612653302895
 10
359.77903708981256
 20
60.79836268387196
 10
359.810946948109
 20
60.7589780012151
 10
359.84087659818306
 20
60.71806824283247
 10
359.8687532707123
 20
60.67573287448428
 10
359.89450918787225
 20
60.63207482808122
 10
359.9180817281275
 20
60.587200251421436
 10
359.93941357848655
 20
60.541218250108535
 10
359.9584528738493
 20
60.49424062227814
 10
359.9751533231091
 20
60.44638158677803
 10
359.9894743217026
 20
60.39775750546262
 10
360.00138105033295
 20
60.34848660027708
 10
360.01084455962825
 20
60.298688665818936
 10
360.01784184052707
 20
60.24848477807601
 10
360.0223558802213
 20
60.19799700004886
  0
LWPOLYLINE
  5
5B9
330
17
100
AcDbEntity
  8
GORUNEN
100
AcDbPolyline
 90
2
 70
0
 10
358.2866898801888
 20
60.87532900004695
 10
357.35535688018916
 20
59.986329000046624
  0
LWPOLYLINE
  5
5BA
330
17
100
AcDbEntity
  8
GORUNEN
100
AcDbPolyline
 90
2
 70
0
 10
357.355356880189
 20
59.98632900004679
 10
356.339356880189
 20
59.22432900004678
  0
LWPOLYLINE
  5
5BB
330
17
100
AcDbEntity
  8
GORUNEN
100
AcDbPolyline
 90
2
 70
0
 10
356.33935688018914
 20
59.224329000046815
 10
355.1963568801891
 20
58.54699600004674
  0
LWPOLYLINE
  5
5BC
330
17
100
AcDbEntity
  8
GORUNEN
100
AcDbPolyline
 90
2
 70
0
 10
355.196356880189
 20
58.54699600004699
 10
354.0533568801892
 20
57.99666300004657
  0
LWPOLYLINE
  5
5BD
330
17
100
AcDbEntity
  8
GORUNEN
100
AcDbPolyline
 90
2
 70
0
 10
354.05335688018874
 20
57.99666300004681
 10
352.82569088018874
 20
57.57332900004674
  0
LWPOLYLINE
  5
5BE
330
17
100
AcDbEntity
  8
GORUNEN
100
AcDbPolyline
 90
2
 70
0
 10
352.8256908801891
 20
57.573329000046876
 10
351.5980228801891
 20
57.23466300004667
  0
LWPOLYLINE
  5
5BF
330
17
100
AcDbEntity
  8
GORUNEN
100
AcDbPolyline
 90
2
 70
0
 10
351.5980228801889
 20
57.23466300004686
 10
350.28568988018895
 20
57.06532900004671
  0
LWPOLYLINE
  5
5C0
330
17
100
AcDbEntity
  8
GORUNEN
100
AcDbPolyline
 90
2
 70
0
 10
350.2856898801888
 20
57.06532900004679
 10
349.01569578726935
 20
56.98066339384903
  0
LWPOLYLINE
  5
5C1
330
17
100
AcDbEntity
  8
GORUNEN
100
AcDbPolyline
 90
2
 70
0
 10
349.015695880189
 20
56.98066200004678
 10
304.523361880189
 20
56.98066200004678
  0
LWPOLYLINE
  5
5C2
330
17
100
AcDbEntity
  8
GORUNEN
100
AcDbPolyline
 90
33
 70
0
 10
302.49136388018945
 20
54.990999000046784
 10
302.4938256402231
 20
55.08995648640505
 10
302.50120499830984
 20
55.18866914741183
 10
302.513483697267
 20
55.28689275924081
 10
302.5306313585109
 20
55.38438430801646
 10
302.55260555721577
 20
55.48090259105179
 10
302.57935192727666
 20
55.576208813605064
 10
302.610804295816
 20
55.67006717967904
 10
302.646884846901
 20
55.762245475401045
 10
302.68750431406727
 20
55.852515643540585
 10
302.7325622011718
 20
55.940654347743035
 10
302.78194703102935
 20
56.02644352508347
 10
302.8355366212169
 20
56.109670925573575
 10
302.8931983863636
 20
56.190130637286806
 10
302.9547896661787
 20
56.267623595802675
 10
303.02015807840587
 20
56.341958076709666
 10
303.08914189583004
 20
56.41295016994834
 10
303.1615704464048
 20
56.48042423482101
 10
303.2372645355106
 20
56.544213334542356
 10
303.31603688929727
 20
56.60415964925571
 10
303.3976926180167
 20
56.66011486649333
 10
303.48202969819687
 20
56.71194054811449
 10
303.5688394724658
 20
56.75950847281365
 10
303.65790716578846
 20
56.8027009533513
 10
303.74901241683887
 20
56.84141112772252
 10
303.84192982319365
 20
56.87554322354307
 10
303.93642949899754
 20
56.90501279499862
 10
304.032277643721
 20
56.92974693177121
 10
304.12923712060353
 20
56.9496844394258
 10
304.2270680433509
 20
56.96477599081066
 10
304.3255283696351
 20
56.974984248097115
 10
304.42437449992804
 20
56.98028395515664
 10
304.5233618801887
 20
56.980662000046706
  0
LWPOLYLINE
  5
5C3
330
17
100
AcDbEntity
  8
GIZLI
100
AcDbPolyline
 90
2
 70
0
 10
358.4983618801891
 20
69.97699400004679
 10
358.4983618801891
 20
114.97733200004679
  0
LWPOLYLINE
  5
5C4
330
17
100
AcDbEntity
  8
GIZLI
100
AcDbPolyline
 90
2
 70
0
 10
358.49836188018884
 20
114.97733200004677
 10
360.48802488018885
 20
114.97733200004677
  0
LWPOLYLINE
  5
5C5
330
17
100
AcDbEntity
  8
GIZLI
100
AcDbPolyline
 90
2
 70
0
 10
360.48802488018896
 20
114.97733200004679
 10
360.48802488018896
 20
111.97167000004679
  0
LWPOLYLINE
  5
5C6
330
17
100
AcDbEntity
  8
GIZLI
100
AcDbPolyline
 90
2
 70
0
 10
360.4880248801889
 20
111.97167000004677
 10
370.5210288801889
 20
111.97167000004677
  0
LWPOLYLINE
  5
5C7
330
17
100
AcDbEntity
  8
GIZLI
100
AcDbPolyline
 90
2
 70
0
 10
370.52102888018885
 20
111.97167000004677
 10
370.52102888018885
 20
124.96800200004677
  0
LWPOLYLINE
  5
5C8
330
17
100
AcDbEntity
  8
GIZLI
100
AcDbPolyline
 90
33
 70
0
 10
370.52102888048535
 20
124.96800200004677
 10
370.52164103266864
 20
124.99292808783679
 10
370.52347549807473
 20
125.01779411525344
 10
370.52652785742134
 20
125.04254017928857
 10
370.5307907574829
 20
125.06710666592944
 10
370.5362539288049
 20
125.0914343937707
 10
370.54290421044334
 20
125.11546475658403
 10
370.55072558166967
 20
125.13913986450251
 10
370.5596992005653
 20
125.1624026834789
 10
370.5698034494123
 20
125.18519717268242
 10
370.5810139867712
 20
125.20746841950283
 10
370.59330380612033
 20
125.22916277183651
 10
370.60664330091504
 20
125.25022796733603
 10
370.62100033591116
 20
125.27061325931167
 10
370.63634032457935
 20
125.2902695389818
 10
370.6526263124255
 20
125.30914945377735
 10
370.66981906601495
 20
125.32720752141554
 10
370.68787716748693
 20
125.34440023946821
 10
370.7067571143318
 20
125.36068619016031
 10
370.7264134241897
 20
125.37602614014666
 10
370.7467987444187
 20
125.39038313502627
 10
370.7678639661691
 20
125.40372258836652
 10
370.789558342688
 20
125.41601236502302
 10
370.81182961156975
 20
125.42722285855407
 10
370.8346241206575
 20
125.43732706254349
 10
370.85788695729315
 20
125.44630063565988
 10
370.8815620806033
 20
125.45412196029565
 10
370.9055924565038
 20
125.46077219464443
 10
370.92992019509603
 20
125.46623531809163
 10
370.9544866901259
 20
125.4704981698085
 10
370.97923276016775
 20
125.47355048045699
 10
371.00409879119445
 20
125.47538489692894
 10
371.02902488018907
 20
125.47599700005988
  0
LWPOLYLINE
  5
5C9
330
17
100
AcDbEntity
  8
GIZLI
100
AcDbPolyline
 90
2
 70
0
 10
371.0290248801888
 20
125.47599700004676
 10
375.5163638801888
 20
125.47599700004676
  0
LWPOLYLINE
  5
5CA
330
17
100
AcDbEntity
  8
GIZLI
100
AcDbPolyline
 90
33
 70
0
 10
375.5163638801889
 20
125.47599700000364
 10
375.5412900183833
 20
125.47538511392287
 10
375.5661561080484
 20
125.47355089620791
 10
375.5909022444935
 20
125.4704987656575
 10
375.6154688120063
 20
125.46623607513403
 10
375.6397966274723
 20
125.46077309384998
 10
375.6638270829528
 20
125.45412298262833
 10
375.68750228687634
 20
125.44630176219695
 10
375.7107652035053
 20
125.43732827459324
 10
375.73355979033977
 20
125.42722413777186
 10
375.75583113312933
 20
125.41601369352517
 10
375.77752557816655
 20
125.40372394884162
 10
375.7985908615434
 20
125.39038451084332
 10
375.81897623506023
 20
125.37602751545992
 10
375.8386325884824
 20
125.36068755001016
 10
375.8575125678517
 20
125.34440156987773
 10
375.8755706895662
 20
125.32720880948257
 10
375.8927634499542
 20
125.30915068776136
 10
375.9090494300792
 20
125.29027070838565
 10
375.92438939552125
 20
125.27061435495742
 10
375.9387463908966
 20
125.25022898143494
 10
375.9520858288866
 20
125.2291636980528
 10
375.96437557356165
 20
125.20746925301079
 10
375.9755860177995
 20
125.18519791021679
 10
375.9856901546119
 20
125.16240332337836
 10
375.99466364220655
 20
125.13914040674588
 10
376.00248486262853
 20
125.11546520281924
 10
376.0091349738408
 20
125.09143474733615
 10
376.0145979551152
 20
125.06710693186798
 10
376.01886064562905
 20
125.04254036435351
 10
376.0219127761697
 20
125.01779422790717
 10
376.02374699387485
 20
124.99292813824134
 10
376.0243588799458
 20
124.96800200004677
  0
LWPOLYLINE
  5
5CB
330
17
100
AcDbEntity
  8
GIZLI
100
AcDbPolyline
 90
2
 70
0
 10
376.02435888018886
 20
124.96800200004677
 10
376.02435888018886
 20
119.29533400004676
  0
LWPOLYLINE
  5
5CC
330
17
100
AcDbEntity
  8
GIZLI
100
AcDbPolyline
 90
2
 70
0
 10
376.02435888018886
 20
119.29533400004675
 10
375.5163638801889
 20
118.78733900004676
  0
LWPOLYLINE
  5
5CD
330
17
100
AcDbEntity
  8
GIZLI
100
AcDbPolyline
 90
2
 70
0
 10
375.51636388018886
 20
118.78733900004676
 10
376.0243588801889
 20
118.27932700004682
  0
LWPOLYLINE
  5
5CE
330
17
100
AcDbEntity
  8
GIZLI
100
AcDbPolyline
 90
2
 70
0
 10
376.02435888018886
 20
118.27932700004679
 10
376.02435888018886
 20
95.96965900004678
  0
LWPOLYLINE
  5
5CF
330
17
100
AcDbEntity
  8
GIZLI
100
AcDbPolyline
 90
2
 70
0
 10
376.0666928801887
 20
95.75799500004678
 10
376.02435888018874
 20
95.96965900004679
  0
LWPOLYLINE
  5
5D0
330
17
100
AcDbEntity
  8
GIZLI
100
AcDbPolyline
 90
2
 70
0
 10
376.2783568801888
 20
95.54633200004679
 10
376.0666928801888
 20
95.75799500004678
  0
LWPOLYLINE
  5
5D1
330
17
100
AcDbEntity
  8
GIZLI
100
AcDbPolyline
 90
2
 70
0
 10
376.490027880189
 20
95.50400500004675
 10
376.278356880189
 20
95.5463320000468
  0
LWPOLYLINE
  5
5D2
330
17
100
AcDbEntity
  8
GIZLI
100
AcDbPolyline
 90
2
 70
0
 10
376.49002788018885
 20
95.50400500004677
 10
377.50602788018887
 20
95.50400500004677
  0
LWPOLYLINE
  5
5D3
330
17
100
AcDbEntity
  8
GIZLI
100
AcDbPolyline
 90
33
 70
0
 10
377.506027880189
 20
95.50400500002436
 10
377.5558807197305
 20
95.50278078930137
 10
377.6056134410996
 20
95.49911190289336
 10
377.6551062350503
 20
95.49300717937788
 10
377.70423987033695
 20
95.48448132541685
 10
377.75289598094963
 20
95.47355488032737
 10
377.8009573512653
 20
95.46025416660115
 10
377.8483081984276
 20
95.444611226492
 10
377.89483445127513
 20
95.42666374482408
 10
377.9404240251457
 20
95.40645495820668
 10
377.9849670918957
 20
95.38403355087462
 10
378.02835634448286
 20
95.35945353740485
 10
378.07048725547554
 20
95.33277413259187
 10
378.111258328866
 20
95.3040596087957
 10
378.15057134458044
 20
95.27337914110564
 10
378.18833159509774
 20
95.24080664069318
 10
378.2244481136053
 20
95.20642057675532
 10
378.2588338931443
 20
95.17030378747741
 10
378.2914060962145
 20
95.13254328047068
 10
378.3220862543351
 20
95.09323002316553
 10
378.3508004570805
 20
95.05245872366521
 10
378.37747953013474
 20
95.01032760258813
 10
378.40205920193716
 20
94.96693815644817
 10
378.42448025851627
 20
94.9223949131432
 10
378.44468868614007
 20
94.8768051801409
 10
378.46263580143864
 20
94.83027878596828
 10
378.4782783686853
 20
94.78292781562783
 10
378.49157870395413
 20
94.73486634057781
 10
378.50250476590304
 20
94.68621014392686
 10
378.5110302329633
 20
94.63707644150527
 10
378.5171345667499
 20
94.58758359948474
 10
378.5208030615399
 20
94.53785084922676
 10
378.52202687969896
 20
94.48799800004679
  0
LWPOLYLINE
  5
5D4
330
17
100
AcDbEntity
  8
GIZLI
100
AcDbPolyline
 90
2
 70
0
 10
378.52202688018883
 20
94.48799800004679
 10
378.52202688018883
 20
71.20466500004679
  0
LWPOLYLINE
  5
5D5
330
17
100
AcDbEntity
  8
GIZLI
100
AcDbPolyline
 90
2
 70
0
 10
378.5220268801887
 20
71.20466500004679
 10
377.50602788018875
 20
71.20466500004679
  0
LWPOLYLINE
  5
5D6
330
17
100
AcDbEntity
  8
GIZLI
100
AcDbPolyline
 90
2
 70
0
 10
377.5060278801891
 20
71.20466500004679
 10
377.5060278801891
 20
62.69566400004678
  0
LWPOLYLINE
  5
5D7
330
17
100
AcDbEntity
  8
GIZLI
100
AcDbPolyline
 90
2
 70
0
 10
377.50602788018875
 20
62.69566400004679
 10
378.5220268801887
 20
62.69566400004679
  0
LWPOLYLINE
  5
5D8
330
17
100
AcDbEntity
  8
GIZLI
100
AcDbPolyline
 90
2
 70
0
 10
378.52202688018883
 20
62.69566400004679
 10
378.52202688018883
 20
61.1716610000468
  0
LWPOLYLINE
  5
5D9
330
17
100
AcDbEntity
  8
GIZLI
100
AcDbPolyline
 90
32
 70
0
 10
378.5220268798762
 20
61.17166100006009
 10
378.5186610088988
 20
61.12164678494946
 10
378.51283460677604
 20
61.07185919775272
 10
378.5045618307128
 20
61.02241921416882
 10
378.49386278220277
 20
60.973446965276736
 10
378.4807634581849
 20
60.92506144563662
 10
378.4652956878755
 20
60.877380224152425
 10
378.4474970554282
 20
60.83051915839871
 10
378.4274108086105
 20
60.784592113105674
 10
378.40508575371916
 20
60.73971068348645
 10
378.3805761369883
 20
60.695983924079016
 10
378.35394151278047
 20
60.65351808376143
 10
378.32524659887906
 20
60.61241634758452
 10
378.29456111923446
 20
60.57277858604896
 10
378.2619596345466
 20
60.53470111243638
 10
378.2275213610945
 20
60.49827644878377
 10
378.1913299782535
 20
60.463593101070074
 10
378.15347342516844
 20
60.43073534416115
 10
378.1140436870755
 20
60.39978301703557
 10
378.07313657179327
 20
60.37081132878899
 10
378.0308514769256
 20
60.34389067588834
 10
377.9872911483412
 20
60.31908647111991
 10
377.9425614305187
 20
60.296458984646954
 10
377.89677100936103
 20
60.27606319756307
 10
377.85003114810706
 20
60.25794866829711
 10
377.8024554169798
 20
60.24215941219432
 10
377.7541594172296
 20
60.228733794566224
 10
377.70526050024165
 20
60.2177044374692
 10
377.65587748239153
 20
60.209098140438215
 10
377.6061303563409
 20
60.20293581536831
 10
377.55613999947457
 20
60.19923243570218
 10
377.5060278801888
 20
60.19799700004706
  0
LWPOLYLINE
  5
5DA
330
17
100
AcDbEntity
  8
GIZLI
100
AcDbPolyline
 90
2
 70
0
 10
377.506027880189
 20
60.19799700004678
 10
363.49369588018897
 20
60.19799700004678
  0
LWPOLYLINE
  5
5DB
330
17
100
AcDbEntity
  8
GIZLI
100
AcDbPolyline
 90
2
 70
0
 10
363.49369588018885
 20
60.19799700004679
 10
363.49369588018885
 20
33.18933400004679
  0
LWPOLYLINE
  5
5DC
330
17
100
AcDbEntity
  8
GIZLI
100
AcDbPolyline
 90
2
 70
0
 10
363.49369588018897
 20
33.189334000046784
 10
377.506027880189
 20
33.189334000046784
  0
LWPOLYLINE
  5
5DD
330
17
100
AcDbEntity
  8
GIZLI
100
AcDbPolyline
 90
33
 70
0
 10
377.5060278801888
 20
33.18933399999639
 10
377.5558806323929
 20
33.18811022513784
 10
377.60561328667404
 20
33.18444176151079
 10
377.65510603229495
 20
33.17833744679619
 10
377.70423963648136
 20
33.16981198687407
 10
377.75289573166515
 20
33.1588859203956
 10
377.80095710064336
 20
33.14558556930355
 10
377.8483079589654
 20
33.12994297542021
 10
377.894834233869
 20
33.111995823255526
 10
377.94042383909266
 20
33.09178734922156
 10
377.9849669449019
 20
33.069366237471755
 10
378.0283562426798
 20
33.04478650261618
 10
378.07048720344375
 20
33.018107359595135
 10
378.1112583296657
 20
32.989393081024694
 10
378.15057139978967
 20
32.95871284235778
 10
378.1883317048566
 20
32.92614055523387
 10
378.22444827666754
 20
32.891754689418775
 10
378.2588341069348
 20
32.85563808376342
 10
378.29140635689294
 20
32.81787774663711
 10
378.32208655686577
 20
32.77856464631603
 10
378.35080079530707
 20
32.73779349183193
 10
378.37747989686056
 20
32.69566250480896
 10
378.40205958901004
 20
32.652273182838385
 10
378.42448065691815
 20
32.60773005496111
 10
378.4446890860803
 20
32.56214042984721
 10
378.4626361924513
 20
32.51561413727906
 10
378.4782787397294
 20
32.46826326356079
 10
378.4915790435169
 20
32.4202018814917
 10
378.5025050621054
 20
32.37154577555387
 10
378.5110304736676
 20
32.32241216297628
 10
378.51713473966873
 20
32.2729194113472
 10
378.52080315434625
 20
32.223186753455394
 10
378.52202688013705
 20
32.173334000046786
  0
LWPOLYLINE
  5
5DE
330
17
100
AcDbEntity
  8
GIZLI
100
AcDbPolyline
 90
2
 70
0
 10
378.52202688018883
 20
32.17333400004678
 10
378.52202688018883
 20
30.183663000046778
  0
LWPOLYLINE
  5
5DF
330
17
100
AcDbEntity
  8
GIZLI
100
AcDbPolyline
 90
32
 70
0
 10
378.5220268801339
 20
30.18366300004913
 10
378.5186610565404
 20
30.133648750489467
 10
378.5128346984653
 20
30.08386112673557
 10
378.5045619630246
 20
30.03442110473106
 10
378.49386295163913
 20
29.985448815803018
 10
378.4807636611912
 20
29.93706325476216
 10
378.4652959208565
 20
29.889381990764477
 10
378.4474973147642
 20
29.842520881637082
 10
378.42741109067356
 20
29.79659379236223
 10
378.40508605488884
 20
29.751712318403687
 10
378.38057645366786
 20
29.707985514547634
 10
378.35394184141205
 20
29.665519629917014
 10
378.32524693595906
 20
29.624417849803223
 10
378.29456146132867
 20
29.58478004494237
 10
378.2619599783047
 20
29.546702528845408
 10
378.227521703264
 20
29.510277823771744
 10
378.1913303156938
 20
29.475594435914985
 10
378.15347375486357
 20
29.442736640347075
 10
378.11404400614674
 20
29.411784276243377
 10
378.0731368775113
 20
29.382812552886282
 10
378.0308517667214
 20
29.35589186691871
 10
377.987291419817
 20
29.331087631291556
 10
377.94256168145733
 20
29.3084601163207
 10
377.89677123773544
 20
29.288064303239803
 10
377.8500313520883
 20
29.269949750604734
 10
377.8024555949445
 20
29.254160473874215
 10
377.7541595677664
 20
29.24073483845931
 10
377.70526062215714
 20
29.229705466501642
 10
377.65587757471485
 20
29.221099157606805
 10
377.60613041832767
 20
29.21493682372562
 10
377.55614003060987
 20
29.21123343834145
 10
377.50602788018904
 20
29.209998000087047
  0
LWPOLYLINE
  5
5E0
330
17
100
AcDbEntity
  8
GIZLI
100
AcDbPolyline
 90
2
 70
0
 10
377.5060278801888
 20
29.20999800004678
 10
373.0186958801888
 20
29.20999800004678
  0
LWPOLYLINE
  5
5E1
330
17
100
AcDbEntity
  8
GIZLI
100
AcDbPolyline
 90
33
 70
0
 10
372.00268888012897
 20
28.19399900004678
 10
372.0039134746321
 20
28.2438517212096
 10
372.0075827136764
 20
28.293584307346563
 10
372.01368775801495
 20
28.34307695197846
 10
372.02221390051255
 20
28.39221042664844
 10
372.0331406015755
 20
28.440866368145
 10
372.0464415386316
 20
28.48892756364057
 10
372.06208466954195
 20
28.53627823305882
 10
372.0800323097905
 20
28.582804307990447
 10
372.10024122326683
 20
28.62839370648552
 10
372.1226627264223
 20
28.67293660306045
 10
372.1472428055496
 20
28.71632569326905
 10
372.17392224690246
 20
28.758456452200434
 10
372.20263677934224
 20
28.799227386280954
 10
372.2333172291682
 20
28.83854027777359
 10
372.26588968675765
 20
28.87630042138583
 10
372.3002756846155
 20
28.912416852416026
 10
372.33639238640313
 20
28.946802565888564
 10
372.3741527864928
 20
28.979374726150084
 10
372.413465919565
 20
29.010054866421672
 10
372.4542370797452
 20
29.038769077826405
 10
372.4963680487517
 20
29.065448187436857
 10
372.53975733250485
 20
29.090027924913613
 10
372.5843004056274
 20
29.1124490773334
 10
372.62988996324793
 20
29.132657631833833
 10
372.6764161794996
 20
29.150604905731125
 10
372.7237669720918
 20
29.166247663797353
 10
372.77182827231877
 20
29.17954822241469
 10
372.82048429985167
 20
29.19047454035579
 10
372.8696178416558
 20
29.1990002959715
 10
372.91911053435786
 20
29.205104950600113
 10
372.9688431493852
 20
29.208773798045247
 10
373.01869588018906
 20
29.209998000003306
  0
LWPOLYLINE
  5
5E2
330
17
100
AcDbEntity
  8
GIZLI
100
AcDbPolyline
 90
2
 70
0
 10
372.00268888018877
 20
28.193999000046777
 10
372.00268888018877
 20
16.001998000046775
  0
LWPOLYLINE
  5
5E3
330
17
100
AcDbEntity
  8
GIZLI
100
AcDbPolyline
 90
34
 70
0
 10
372.0026888803312
 20
16.001998000052833
 10
372.00355128945466
 20
15.95436576132919
 10
372.0020848912879
 20
15.906748289832489
 10
371.99829319005715
 20
15.859259376209419
 10
371.99218524672517
 20
15.812012503894142
 10
371.98377565733836
 20
15.765120577918896
 10
371.9730845181467
 20
15.71869565510681
 10
371.96013737758045
 20
15.672848676291633
 10
371.944965175197
 20
15.627689201204358
 10
371.9276041677455
 20
15.583325146660243
 10
371.90809584252486
 20
15.53986252867184
 10
371.8864868182417
 20
15.497405209104386
 10
371.86282873360705
 20
15.456054647478897
 10
371.8371781239359
 20
15.415909658516114
 10
371.80959628604586
 20
15.377066176000667
 10
371.78014913177697
 20
15.339617023529772
 10
371.74890703048374
 20
15.30365169269431
 10
371.7159446408743
 20
15.269256129222285
 10
371.68134073260006
 20
15.236512527595842
 10
371.64517799802115
 20
15.205499134632525
 10
371.60754285459785
 20
15.1762900625002
 10
371.5685252383804
 20
15.148955111612509
 10
371.5282183890904
 20
15.123559603828024
 10
371.48671862730714
 20
15.100164226351733
 10
371.4441251242925
 20
15.078824886711878
 10
371.4005396650027
 20
15.059592579158696
 10
371.3560664048547
 20
15.042513262804363
 10
371.31081162082785
 20
15.027627751795276
 10
371.2648834574954
 20
15.014971617779207
 10
371.21839166859365
 20
15.004575104900358
 10
371.17144735474517
 20
14.996463057525435
 10
371.1241626979633
 20
14.99065486087352
 10
371.0766506935733
 20
14.987164394691519
 10
371.0290248801889
 20
14.986000000086001
  0
LWPOLYLINE
  5
5E4
330
17
100
AcDbEntity
  8
GIZLI
100
AcDbPolyline
 90
2
 70
0
 10
371.02902488018873
 20
14.986000000046776
 10
368.0233618801887
 20
14.986000000046776
  0
LWPOLYLINE
  5
5E5
330
17
100
AcDbEntity
  8
GIZLI
100
AcDbPolyline
 90
33
 70
0
 10
368.0233618801891
 20
14.98600000006094
 10
367.97350934128764
 20
14.98722426099041
 10
367.92377692133823
 20
14.990893164876155
 10
367.87428442710245
 20
14.996997873228253
 10
367.82515108735413
 20
15.005523679637115
 10
367.77649526565426
 20
15.01645004520163
 10
367.72843417520954
 20
15.029750648007955
 10
367.6810835965031
 20
15.045393446539709
 10
367.6345575983755
 20
15.063340756866868
 10
367.58896826323047
 20
15.083549343427396
 10
367.5444254170246
 20
15.105970523182886
 10
367.5010363646943
 20
15.130550282897332
 10
367.4589056316547
 20
15.157229409256495
 10
367.4181347119954
 20
15.185943631514409
 10
367.3788218239782
 20
15.216623776323353
 10
367.34106167342713
 20
15.249195934374349
 10
367.30494522557865
 20
15.283581638446709
 10
367.27055948594466
 20
15.319698052437715
 10
367.23798729071365
 20
15.35745817091707
 10
367.2073071071958
 20
15.396771028725343
 10
367.1785928447933
 20
15.437541920111546
 10
367.15191367695064
 20
15.479672626881875
 10
367.12733387451374
 20
15.523061655010032
 10
367.1049126508997
 20
15.567604479139103
 10
367.0847040194502
 20
15.613193794386017
 10
367.0667566633118
 20
15.659719774841946
 10
367.0511138181569
 20
15.707070338145918
 10
367.03781316802787
 20
15.755131415494311
 10
367.026886754555
 20
15.803787226435695
 10
367.01836089976763
 20
15.852920557789151
 10
367.0122561426833
 20
15.90241304601399
 10
367.0085871898292
 20
15.9521454623508
 10
367.00736287981306
 20
16.001998000046772
  0
LWPOLYLINE
  5
5E6
330
17
100
AcDbEntity
  8
GIZLI
100
AcDbPolyline
 90
2
 70
0
 10
367.007362880189
 20
16.001998000046775
 10
367.007362880189
 20
29.294667000046775
  0
LWPOLYLINE
  5
5E7
330
17
100
AcDbEntity
  8
GIZLI
100
AcDbPolyline
 90
2
 70
0
 10
367.00736288018874
 20
29.29466700004678
 10
361.4616898801887
 20
29.29466700004678
  0
LWPOLYLINE
  5
5E8
330
17
100
AcDbEntity
  8
GIZLI
100
AcDbPolyline
 90
16
 70
0
 10
361.4616898801887
 20
29.29466700001094
 10
361.41497892416294
 20
29.29581704923175
 10
361.368381176669
 20
29.29926465050504
 10
361.32200957778696
 20
29.30500144779678
 10
361.27597651947497
 20
29.31301353669355
 10
361.2303935731623
 20
29.323281498103018
 10
361.18537121933105
 20
29.335780445320434
 10
361.14101857974185
 20
29.35048008434717
 10
361.09744315295274
 20
29.36734478731497
 10
361.0547505537724
 20
29.3863336788381
 10
361.0130442572792
 20
29.407400735083996
 10
360.9724253480258
 20
29.43049489532233
 10
360.9329922750385
 20
29.455560185682124
 10
360.8948406132034
 20
29.482535854816977
 10
360.8580628316201
 20
29.51135652114955
 10
360.8227480694811
 20
29.541952331338486
  0
LWPOLYLINE
  5
5E9
330
17
100
AcDbEntity
  8
GIZLI
100
AcDbPolyline
 90
16
 70
0
 10
360.14935870388877
 20
29.802662000045224
 10
360.1985909172486
 20
29.801449272380015
 10
360.2477037243496
 20
29.79781420438013
 10
360.2965780128072
 20
29.791765612108893
 10
360.3450952487118
 20
29.78331816510548
 10
360.39313776410677
 20
29.77249235080718
 10
360.44058904236635
 20
29.75931442486157
 10
360.48733400078135
 20
29.743816347449194
 10
360.533259269667
 20
29.72603570577111
 10
360.5782534673163
 20
29.706015622889367
 10
360.62220747013237
 20
29.683804653141422
 10
360.66501467728347
 20
29.659456664382205
 10
360.7065712692404
 20
29.633030707339405
 10
360.7467764595676
 20
29.604590872398834
 10
360.7855327393594
 20
29.574206134167195
 10
360.82274611372554
 20
29.541950184189233
  0
LWPOLYLINE
  5
5EA
330
17
100
AcDbEntity
  8
GIZLI
100
AcDbPolyline
 90
2
 70
0
 10
360.1493587038891
 20
29.80266200004678
 10
347.40702488018906
 20
29.80266200004678
  0
LWPOLYLINE
  5
5EB
330
17
100
AcDbEntity
  8
GIZLI
100
AcDbPolyline
 90
26
 70
0
 10
346.4760838131847
 20
29.146773284948328
 10
346.4935366099451
 20
29.19206449266051
 10
346.5131913410454
 20
29.23644450117972
 10
346.5350006294465
 20
29.27980633405411
 10
346.5589119046247
 20
29.32204546910848
 10
346.58486752929105
 20
29.36306009039128
 10
346.61280493832373
 20
29.4027513335984
 10
346.6426567895797
 20
29.441023524382107
 10
346.67435112621973
 20
29.4777844089707
 10
346.7078115501586
 20
29.512945376542973
 10
346.74295740621966
 20
29.546421672821502
 10
346.7797039765511
 20
29.57813260436984
 10
346.81796268483583
 20
29.608001733101236
 10
346.85764130980124
 20
29.635957060529925
 10
346.8986442075154
 20
29.661931201320975
 10
346.94087254193346
 20
29.68586154572026
 10
346.9842245231383
 20
29.70769041047308
 10
347.02859565270205
 20
29.72736517786761
 10
347.07387897557516
 20
29.74483842256805
 10
347.11996533789824
 20
29.76006802593174
 10
347.1667436501136
 20
29.773017277534656
 10
347.2141011547425
 20
29.78365496366061
 10
347.2619236981833
 20
29.791955442540804
 10
347.31009600587464
 20
29.79789870616242
 10
347.35850196016077
 20
29.801470428497243
 10
347.407024880189
 20
29.802662000034026
  0
LWPOLYLINE
  5
5EC
330
17
100
AcDbEntity
  8
GIZLI
100
AcDbPolyline
 90
26
 70
0
 10
346.47608381314024
 20
29.14677328496414
 10
346.4586162413293
 20
29.101443824018887
 10
346.4389448756232
 20
29.057026333479563
 10
346.41711713315055
 20
29.013627880130368
 10
346.3931856289097
 20
28.971353074402526
 10
346.3672080489422
 20
28.930303818214547
 10
346.3392470112823
 20
28.8905790593413
 10
346.30936991501875
 20
28.852274552903875
 10
346.27764877783153
 20
28.815482630555298
 10
346.24416006239574
 20
28.780291977918328
 10
346.2089844920712
 20
28.74678742081194
 10
346.17220685632134
 20
28.715049720781682
 10
346.1339158063318
 20
28.685155380426835
 10
346.09420364131915
 20
28.657176458993625
 10
346.05316608604755
 20
28.631180398678957
 10
346.0109020600871
 20
28.607229862063406
 10
345.9675134393722
 20
28.585382581065275
 10
345.92310481063276
 20
28.565691217779868
 10
345.8777832192919
 20
28.548203237539372
 10
345.8316579114369
 20
28.53296079449936
 10
345.7848400704847
 20
28.5200006300277
 10
345.7374425491791
 20
28.50935398414078
 10
345.68957959756267
 20
28.501046520200582
 10
345.64136658758116
 20
28.49509826305402
 10
345.59291973498375
 20
28.491523550763805
 10
345.54435581918875
 20
28.490331000047004
  0
LWPOLYLINE
  5
5ED
330
17
100
AcDbEntity
  8
GIZLI
100
AcDbPolyline
 90
2
 70
0
 10
345.5443558191891
 20
28.49033100004678
 10
339.9986918801891
 20
28.49033100004678
  0
LWPOLYLINE
  5
5EE
330
17
100
AcDbEntity
  8
GIZLI
100
AcDbPolyline
 90
2
 70
0
 10
339.99869188018897
 20
28.490331000046776
 10
339.99869188018897
 20
14.350997000046775
  0
LWPOLYLINE
  5
5EF
330
17
100
AcDbEntity
  8
GIZLI
100
AcDbPolyline
 90
27
 70
0
 10
339.9986918801875
 20
14.350997000046775
 10
339.99257806239194
 20
14.102933003439528
 10
339.97425107902166
 20
13.855471396596485
 10
339.94375543535557
 20
13.60921311572416
 10
339.9011651870692
 20
13.364756174870152
 10
339.8465837603972
 20
13.122694213704737
 10
339.78014370097327
 20
12.883615055925269
 10
339.70200635195596
 20
12.648099281784035
 10
339.61236146222274
 20
12.41671881820616
 10
339.5114267255833
 20
12.190035549921241
 10
339.3994472521319
 20
11.968599954981457
 10
339.27669497302105
 20
11.752949767979697
 10
339.14346798010394
 20
11.543608674213914
 10
339.0000898020472
 20
11.341085037968824
 10
338.8469086186737
 20
11.145870668003163
 10
338.6842964154418
 20
10.958439623240416
 10
338.5126480801152
 20
10.7792470615633
 10
338.332380443817
 20
10.608728134507544
 10
338.14393126879594
 20
10.447296930539114
 10
337.9477581853642
 20
10.295345469481067
 10
337.7443375805867
 20
10.153242750531899
 10
337.53416344142215
 20
10.021333856187233
 10
337.31774615512415
 20
9.899939114240887
 10
337.095611269816
 20
9.789353319900275
 10
336.8682982182486
 20
9.68984501990521
 10
336.63635900784095
 20
9.601655860388512
 10
336.40035688018435
 20
9.525000000062121
  0
LWPOLYLINE
  5
5F0
330
17
100
AcDbEntity
  8
GIZLI
100
AcDbPolyline
 90
2
 70
0
 10
336.4003568801886
 20
9.525000000047587
 10
331.7436958801891
 20
8.21266500004597
  0
LWPOLYLINE
  5
5F1
330
17
100
AcDbEntity
  8
GIZLI
100
AcDbPolyline
 90
28
 70
0
 10
331.0240208801638
 20
7.238996000046189
 10
331.02408612850445
 20
7.287259024887845
 10
331.0265084205627
 20
7.3354612688749965
 10
331.03128197510375
 20
7.383487688700506
 10
331.03839539918283
 20
7.431223660693159
 10
331.04783171533666
 20
7.4785552543876275
 10
331.05956840210285
 20
7.525369504439973
 10
331.073577447772
 20
7.571554680239716
 10
331.08982541724197
 20
7.617000552574996
 10
331.1082735318173
 20
7.661598656714371
 10
331.1288777617614
 20
7.705242551277357
 10
331.15158893138107
 20
7.747828072275905
 10
331.1763528363937
 20
7.789253581720441
 10
331.203110373295
 20
7.829420210197177
 10
331.2317976804204
 20
7.868232092837712
 10
331.2623462903624
 20
7.905596598117747
 10
331.2946832933802
 20
7.941424548938848
 10
331.3287315114119
 20
7.97563043546559
 10
331.36440968227373
 20
8.008132619210134
 10
331.4016326536072
 20
8.038853527877134
 10
331.44031158610983
 20
8.06771984050393
 10
331.4803541655668
 20
8.094662662454201
 10
331.52166482317494
 20
8.119617689847377
 10
331.564144963635
 20
8.142525363031385
 10
331.607693200467
 20
8.163331008732452
 10
331.6522055979872
 20
8.18198497054269
 10
331.6975759193693
 20
8.198442727434028
 10
331.74369588019783
 20
8.212665000015626
  0
LWPOLYLINE
  5
5F2
330
17
100
AcDbEntity
  8
GIZLI
100
AcDbPolyline
 90
2
 70
0
 10
331.024020880189
 20
7.238996000046773
 10
331.024020880189
 20
0.5079990000467776
  0
LWPOLYLINE
  5
5F3
330
17
100
AcDbEntity
  8
GIZLI
100
AcDbPolyline
 90
33
 70
0
 10
331.0240208802161
 20
0.5079990000467778
 10
331.0234091906182
 20
0.4830727302206703
 10
331.02157515616113
 20
0.45820649992297485
 10
331.01852319524914
 20
0.4334602148239989
 10
331.0142606604147
 20
0.4088934916319739
 10
331.00879782060514
 20
0.384565514469401
 10
331.00214783644327
 20
0.36053489229154617
 10
330.99432672852225
 20
0.33685951769058103
 10
330.98535333881
 20
0.3135964274255267
 10
330.9752492852566
 20
0.29080166501399995
 10
330.9640389097142
 20
0.26853014571679495
 10
330.9517492192945
 20
0.24683552424056782
 10
330.93840982130575
 20
0.2257700654773444
 10
330.9240528519249
 20
0.2053845185922552
 10
330.9087128987779
 20
0.18572799476283353
 10
330.8924269176142
 20
0.16684784886441917
 10
330.875234143276
 20
0.1487895653866999
 10
330.8571759951765
 20
0.1315966488562318
 10
330.83829597751605
 20
0.11531051902892353
 10
330.8186395744756
 20
0.09997041110497801
 10
330.79825414063936
 20
0.08561328120668521
 10
330.7771887869126
 20
0.07227371734678179
 10
330.75549426220726
 20
0.05998385610186474
 10
330.7332228311824
 20
0.04877330519160239
 10
330.7104281483319
 20
0.03866907215025922
 10
330.6871651287249
 20
0.029695499262373026
 10
330.6634898157089
 20
0.021874204919331064
 10
330.63945924589444
 20
0.015224031538125515
 10
330.6151313117476
 20
0.009761000167756995
 10
330.5905646221199
 20
0.005498271892645512
 10
330.5658183610532
 20
0.0024461161260315167
 10
330.5409521451976
 20
0.0006118858697530261
 10
330.51602588018875
 20
0.0
  0
LWPOLYLINE
  5
5F4
330
17
100
AcDbEntity
  8
GIZLI
100
AcDbPolyline
 90
2
 70
0
 10
330.51602588018903
 20
4.6772363759828295e-11
 10
326.49435588018906
 20
4.6772363759828295e-11
  0
LWPOLYLINE
  5
5F5
330
17
100
AcDbEntity
  8
GIZLI
100
AcDbPolyline
 90
35
 70
0
 10
326.4943558801891
 20
1.600064525320022e-11
 10
326.47157493298806
 20
0.0005554377457074322
 10
326.44884812692237
 20
0.0022204760348262242
 10
326.4262294755549
 20
0.004991157677500857
 10
326.40377273540287
 20
0.008860897745508967
 10
326.38153127817804
 20
0.013820499238302086
 10
326.35955796394103
 20
0.01985817494101616
 10
326.3379050154715
 20
0.026959575438503358
 10
326.3166238941533
 20
0.03510782321880618
 10
326.29576517766884
 20
0.044283552785020996
 10
326.2753784397941
 20
0.05446495668022033
 10
326.25551213257916
 20
0.0656278373160486
 10
326.23621347119473
 20
0.07774566448181297
 10
326.21752832171876
 20
0.09078963839739096
 10
326.19950109212874
 20
0.10472875816009958
 10
326.18217462675983
 20
0.11952989542285342
 10
326.16559010447907
 20
0.13515787312850353
 10
326.14978694081765
 20
0.1515755491132339
 10
326.13480269429425
 20
0.1687439043803205
 10
326.1206729771519
 20
0.1866221358344562
 10
326.1074313707201
 20
0.20516775325624637
 10
326.095109345604
 20
0.2243366802863999
 10
326.0837361868898
 20
0.24408335917961282
 10
326.0733389245447
 20
0.2643608590791816
 10
326.06394226917604
 20
0.2851209875550148
 10
326.05556855330315
 20
0.3063144051399588
 10
326.0482376782806
 20
0.3278907425922225
 10
326.04196706700003
 20
0.3497987206052128
 10
326.0367716224818
 20
0.3719862716802705
 10
326.03266369245614
 20
0.39440066387266004
 10
326.0296530400167
 20
0.4169886261167116
 10
326.0277468204172
 20
0.4396964748322628
 10
326.02694956406594
 20
0.46247024151150135
 10
326.02726316575877
 20
0.485255800982979
 10
326.02868688017554
 20
0.5079990000479614
  0
LWPOLYLINE
  5
5F6
330
17
100
AcDbEntity
  8
GIZLI
100
AcDbPolyline
 90
2
 70
0
 10
326.02868688018884
 20
0.5079990000467776
 10
326.02868688018884
 20
1.058333000046777
  0
LWPOLYLINE
  5
5F7
330
17
100
AcDbEntity
  8
GIZLI
100
AcDbPolyline
 90
41
 70
0
 10
325.64768588021246
 20
6.561662999988381
 10
325.78768058377034
 20
6.477909609464912
 10
325.92337231806675
 20
6.38735078498027
 10
326.0544305388087
 20
6.29020712731599
 10
326.18053598891544
 20
6.186715277869792
 10
326.3013814762276
 20
6.077127342198478
 10
326.4166726218253
 20
5.96171027589024
 10
326.5261285771333
 20
5.840745234262348
 10
326.62948270806686
 20
5.714526887468414
 10
326.72648324455065
 20
5.583362702683558
 10
326.8168938938294
 20
5.447572195116128
 10
326.9004944160755
 20
5.307486149670464
 10
326.97708116089206
 20
5.163445815156755
 10
327.04646756340424
 20
5.015802073010874
 10
327.10848459873006
 20
4.864914582549198
 10
327.162981193724
 20
4.711150904840557
 10
327.2098245949906
 20
4.554885607329562
 10
327.2489006922707
 20
4.396499351392439
 10
327.2801142964135
 20
4.236377965048078
 10
327.3033893712568
 20
4.074911503083177
 10
327.3186692188506
 20
3.9124932968809985
 10
327.32591661757306
 20
3.7495189962683524
 10
327.32511391280207
 20
3.5863856057148737
 10
327.3162630599219
 20
3.4234905172323873
 10
327.29938561955987
 20
3.2612305423302277
 10
327.2745227050647
 20
3.1000009453846604
 10
327.2417348823548
 20
2.9401944807771057
 10
327.2011020223798
 20
2.7822004361467014
 10
327.1527231065555
 20
2.6264036840878258
 10
327.096715985646
 20
2.4731837446026463
 10
327.03321709267914
 20
2.3229138605925534
 10
326.9623811105972
 20
2.1759600886405726
 10
326.88438059544984
 20
2.032680407299612
 10
326.7994055560484
 20
1.8934238450587417
 10
326.7076629911057
 20
1.7585296301117788
 10
326.6093763849883
 20
1.6283263639993368
 10
326.50478516330986
 20
1.5031312211373398
 10
326.3941441096917
 20
1.383249176181951
 10
326.2777227451113
 20
1.2689722611130412
 10
326.1558046713509
 20
1.16057885384595
 10
326.02868688014485
 20
1.0583330001044668
  0
LWPOLYLINE
  5
5F8
330
17
100
AcDbEntity
  8
GIZLI
100
AcDbPolyline
 90
2
 70
0
 10
325.6476858802317
 20
6.561663000022601
 10
323.7003568801888
 20
7.662331000046737
  0
LWPOLYLINE
  5
5F9
330
17
100
AcDbEntity
  8
GIZLI
100
AcDbPolyline
 90
43
 70
0
 10
320.6946938802296
 20
5.926665000046772
 10
320.6971844805543
 20
6.026546721211831
 10
320.7046502728538
 20
6.126180165688133
 10
320.7170726990165
 20
6.225317669394374
 10
320.7344208799657
 20
6.323712801035252
 10
320.75665169241773
 20
6.421120974668658
 10
320.7837098760754
 20
6.517300057685801
 10
320.8155281709918
 20
6.612010972692926
 10
320.85202748476144
 20
6.705018291798548
 10
320.89311708912487
 20
6.796090821828913
 10
320.9386948454962
 20
6.885002179016998
 10
320.9886474588547
 20
6.971531351736527
 10
321.0428507593681
 20
7.0554632498821634
 10
321.1011700110478
 20
7.136589239530273
 10
321.16346024666973
 20
7.214707661551219
 10
321.2295666281263
 20
7.289624332884038
 10
321.2993248313162
 20
7.361153029227471
 10
321.37256145461305
 20
7.429115947947474
 10
321.44909444989923
 20
7.493344150050559
 10
321.52873357509225
 20
7.553677980124321
 10
321.61128086703934
 20
7.609967463201262
 10
321.6965311336053
 20
7.662072677559452
 10
321.78427246372877
 20
7.7098641025332855
 10
321.8742867541813
 20
7.753222940469801
 10
321.96635025171736
 20
7.792041412030239
 10
322.0602341092702
 20
7.826223024102803
 10
322.15570495480824
 20
7.855682809660649
 10
322.252525471441
 20
7.880347538968884
 10
322.35045498732933
 20
7.900155901615559
 10
322.44925007393675
 20
7.9150586589141785
 10
322.5486651511321
 20
7.925018766298889
 10
322.6484530976411
 20
7.930011465408096
 10
322.74836586532854
 20
7.930024345627628
 10
322.8481550957849
 20
7.925057374940447
 10
322.94757273768334
 20
7.915122900006237
 10
323.0463716633745
 20
7.900245615470664
 10
323.1443062831841
 20
7.880462502580597
 10
323.24113315588846
 20
7.855822737257889
 10
323.3366115938491
 20
7.8263875678601975
 10
323.4305042613024
 20
7.792230162932736
 10
323.52257776431776
 20
7.753435429329378
 10
323.61260323095706
 20
7.710099801155233
 10
323.7003568801937
 20
7.662331000055341
  0
LWPOLYLINE
  5
5FA
330
17
100
AcDbEntity
  8
GIZLI
100
AcDbPolyline
 90
2
 70
0
 10
320.6946938801891
 20
5.926665000046772
 10
320.6946938801891
 20
3.6829990000467747
  0
LWPOLYLINE
  5
5FB
330
17
100
AcDbEntity
  8
GIZLI
100
AcDbPolyline
 90
20
 70
0
 10
322.00703288020014
 20
1.0583330000616296
 10
321.8813301140658
 20
1.1574922560214698
 10
321.7606146133908
 20
1.2626659759002634
 10
321.64517386135356
 20
1.3736036891694998
 10
321.53528277935254
 20
1.490041198387969
 10
321.43120307228355
 20
1.6117012083862483
 10
321.33318260529074
 20
1.7382939866433427
 10
321.2414548134774
 20
1.869518053282792
 10
321.156238145982
 20
2.0050608990450347
 10
321.0777355457429
 20
2.1445997295261723
 10
321.006133966191
 20
2.287802233910739
 10
320.9416039260213
 20
2.434327376367742
 10
320.884299103104
 20
2.583826208225272
 10
320.8343559685015
 20
2.735942698989491
 10
320.79189346146336
 20
2.890314584228932
 10
320.7570127061733
 20
3.046574228304884
 10
320.72979677092286
 20
3.2043494998932687
 10
320.7103104702844
 20
3.3632646582129633
 10
320.69860021075596
 20
3.522941247850022
 10
320.69469388024424
 20
3.6829990000467743
  0
LWPOLYLINE
  5
5FC
330
17
100
AcDbEntity
  8
GIZLI
100
AcDbPolyline
 90
2
 70
0
 10
322.0070328801887
 20
1.058333000046777
 10
322.0070328801887
 20
0.5079990000467776
  0
LWPOLYLINE
  5
5FD
330
17
100
AcDbEntity
  8
GIZLI
100
AcDbPolyline
 90
33
 70
0
 10
322.0070328802081
 20
0.5079990000467771
 10
322.006420363096
 20
0.4830724468407699
 10
322.00458551415306
 20
0.4582059721951506
 10
322.00153275355825
 20
0.4334594798236025
 10
321.99726943545795
 20
0.40889258440069526
 10
321.99180583025
 20
0.3845644679492316
 10
321.98515509984196
 20
0.36053373726985904
 10
321.9773332659441
 20
0.3368582827564003
 10
321.96835917147257
 20
0.31359513893701874
 10
321.95825443515685
 20
0.2908003470771767
 10
321.9470433994595
 20
0.2685288201753794
 10
321.9347530719352
 20
0.24683421067693023
 10
321.9214130601689
 20
0.2257687812243786
 10
321.9070555004509
 20
0.20538327875602297
 10
321.89171498035967
 20
0.18572681225576876
 10
321.87542845544033
 20
0.16684673444884285
 10
321.8582351601778
 20
0.1487885277283622
 10
321.8401765134805
 20
0.13159569458756054
 10
321.82129601890165
 20
0.11530965282162392
 10
321.8016391598383
 20
0.09996963575159545
 10
321.7812532899614
 20
0.08561259771071128
 10
321.76018751914
 20
0.07227312502085231
 10
321.73849259513463
 20
0.05998335267357202
 10
321.71622078134567
 20
0.04877288691641524
 10
321.6934257309094
 20
0.03866873393101977
 10
321.6701623574473
 20
0.029695234774816448
 10
321.64648670277796
 20
0.021874006743053176
 10
321.6224558019118
 20
0.015223891292403924
 10
321.5981275456527
 20
0.009760908651614053
 10
321.57356054113797
 20
0.005498219228527335
 10
321.54881397065327
 20
0.002446091906463832
 10
321.5239474490613
 20
0.0006118793063252248
 10
321.49902088018894
 20
7.401923518557396e-11
  0
LWPOLYLINE
  5
5FE
330
17
100
AcDbEntity
  8
GIZLI
100
AcDbPolyline
 90
2
 70
0
 10
321.4990208801891
 20
4.6772363759828295e-11
 10
319.00135388018913
 20
4.6772363759828295e-11
  0
LWPOLYLINE
  5
5FF
330
17
100
AcDbEntity
  8
GIZLI
100
AcDbPolyline
 90
34
 70
0
 10
319.00135388018884
 20
5.6771032319602455e-11
 10
318.9079361676132
 20
0.0022720377186329355
 10
318.8147393597572
 20
0.009082778020292892
 10
318.72198383896745
 20
0.02041611561475065
 10
318.62988894407977
 20
0.036245250576220744
 10
318.5386724517488
 20
0.05653275177387562
 10
318.4485500614722
 20
0.08123064538518121
 10
318.35973488552605
 20
0.11028052833952229
 10
318.27243694501885
 20
0.14361370642385118
 10
318.18686267325467
 20
0.18115135672378768
 10
318.10321442758095
 20
0.22280471401604118
 10
318.0216900108742
 20
0.26847528067139703
 10
317.9424822037957
 20
0.31805505957190583
 10
317.8657783089237
 20
0.3714268094915023
 10
317.7917597078393
 20
0.4284643223361484
 10
317.72060143221313
 20
0.489032721587918
 10
317.65247174990907
 20
0.5529887812472885
 10
317.5875317670809
 20
0.6201812645194402
 10
317.52593504720494
 20
0.6904512814436683
 10
317.467827247949
 20
0.7636326646202274
 10
317.4133457767356
 20
0.8395523621461223
 10
317.3626194658149
 20
0.9180308468306744
 10
317.3157682676155
 20
0.9988825407231896
 10
317.272902971093
 20
1.081916253948851
 10
317.23412493974735
 20
1.1669356368151171
 10
317.199525871929
 20
1.2537396441195356
 10
317.16918758399976
 20
1.3421230105610205
 10
317.143181816862
 20
1.4318767361303903
 10
317.1215700663128
 20
1.5227885803323646
 10
317.104403437625
 20
1.6146435640703336
 10
317.091722524699
 20
1.7072244780070938
 10
317.08355731406954
 20
1.8003123961994285
 10
317.07992711399777
 20
1.8936871937919473
 10
317.080840508812
 20
1.987128067545985
  0
LWPOLYLINE
  5
600
330
17
100
AcDbEntity
  8
GIZLI
100
AcDbPolyline
 90
25
 70
0
 10
317.0808387621247
 20
1.987128127115867
 10
317.0823872763649
 20
2.0135661457501928
 10
317.08522431476615
 20
2.0398970769675033
 10
317.08934311502645
 20
2.0660581589420075
 10
317.0947338596645
 20
2.091987034696815
 10
317.1013836994205
 20
2.117621900736648
 10
317.1092767838834
 20
2.1429016543612915
 10
317.1183942992715
 20
2.1677660393086335
 10
317.12871451327646
 20
2.1921557893801635
 10
317.1402128268644
 20
2.216012769706573
 10
317.152861832909
 20
2.239280115316743
 10
317.16663138151915
 20
2.2619023666798372
 10
317.1814886519029
 20
2.2838256018974095
 10
317.19739823059894
 20
2.304997565230452
 10
317.21432219588706
 20
2.3253677916550193
 10
317.2322202081775
 20
2.344887727149544
 10
317.2510496061638
 20
2.3635108444271307
 10
317.270765508509
 20
2.3811927538369675
 10
317.2913209208238
 20
2.397891309170518
 10
317.3126668476818
 20
2.413566708120291
 10
317.33475240940334
 20
2.428181587151743
 10
317.3575249633316
 20
2.4417011105621724
 10
317.3809302293103
 20
2.45409305351433
 10
317.40491241906454
 20
2.4653278788468316
 10
317.42941436917687
 20
2.475378807478279
  0
LWPOLYLINE
  5
601
330
17
100
AcDbEntity
  8
GIZLI
100
AcDbPolyline
 90
26
 70
0
 10
318.0276888801463
 20
3.344333000046771
 10
318.0266064066569
 20
3.2994808685854413
 10
318.023362528261
 20
3.2547331010608804
 10
318.01796479117286
 20
3.2101937939287843
 10
318.01042575211505
 20
3.1659665587047225
 10
318.00076294910764
 20
3.12215428093331
 10
317.98899886066965
 20
3.0788588808461976
 10
317.97516085352754
 20
3.0361810762656662
 10
317.95928111895194
 20
2.9942201483053776
 10
317.9413965978715
 20
2.953073710413332
 10
317.9215488949374
 20
2.912837481294305
 10
317.8997841817386
 20
2.873605062240016
 10
317.8761530893931
 20
2.8354677193850204
 10
317.8507105907654
 20
2.798514171394862
 10
317.82351587258324
 20
2.7628303830803898
 10
317.7946321977518
 20
2.7284993654183483
 10
317.7641267581858
 20
2.6956009824434535
 10
317.73207051850113
 20
2.6642117654611814
 10
317.6985380509306
 20
2.6344047350134656
 10
317.66360736184674
 20
2.606249231011458
 10
317.6273597102962
 20
2.5798107514305233
 10
317.58987941896737
 20
2.5551507999427017
 10
317.5512536780308
 20
2.532326742841096
 10
317.5115723423094
 20
2.5113916755890178
 10
317.47092772224994
 20
2.4923942993043386
 10
317.4294143691814
 20
2.4753788074663796
  0
LWPOLYLINE
  5
602
330
17
100
AcDbEntity
  8
GIZLI
100
AcDbPolyline
 90
2
 70
0
 10
318.02768888018886
 20
3.3443330000467713
 10
318.02768888018886
 20
7.281330000046776
  0
LWPOLYLINE
  5
603
330
17
100
AcDbEntity
  8
GIZLI
100
AcDbPolyline
 90
26
 70
0
 10
317.35035688018405
 20
8.2549990000341
 10
317.3972548060067
 20
8.236293652757709
 10
317.4431881464748
 20
8.215330978867165
 10
317.4880483261582
 20
8.192160529109493
 10
317.5317293063222
 20
8.166837072885816
 10
317.57412783557766
 20
8.139420468789545
 10
317.61514369394274
 20
8.109975523115022
 10
317.6546799297388
 20
8.07857183667091
 10
317.692643088761
 20
8.045283640260553
 10
317.7289434351818
 20
8.010189619218089
 10
317.7634951636649
 20
7.973372727415166
 10
317.79621660218857
 20
7.934919991177808
 10
317.82703040509875
 20
7.894922303577012
 10
317.8558637359357
 20
7.853474209579258
 10
317.88264843960195
 20
7.810673682564832
 10
317.90732120346456
 20
7.766621892742181
 10
317.9298237070113
 20
7.7214229680057445
 10
317.950102759706
 20
7.675183747802515
 10
317.9681104267188
 20
7.628013530589141
 10
317.983804142232
 20
7.580023815476519
 10
317.9971468100559
 20
7.531328038672566
 10
318.00810689131515
 20
7.4820413053461525
 10
318.01665847899926
 20
7.4322801175460205
 10
318.0227813592004
 20
7.382162098817802
 10
318.02646105889426
 20
7.331805716170093
 10
318.0276888801509
 20
7.281330000046776
  0
LWPOLYLINE
  5
604
330
17
100
AcDbEntity
  8
GIZLI
100
AcDbPolyline
 90
2
 70
0
 10
317.3503568801889
 20
8.254999000046766
 10
317.13869288018896
 20
8.424332000046782
  0
LWPOLYLINE
  5
605
330
17
100
AcDbEntity
  8
GIZLI
100
AcDbPolyline
 90
2
 70
0
 10
317.13869288018896
 20
8.424332000046757
 10
317.054024880189
 20
8.678330000046792
  0
LWPOLYLINE
  5
606
330
17
100
AcDbEntity
  8
GIZLI
100
AcDbPolyline
 90
2
 70
0
 10
317.054024880189
 20
8.67833000004677
 10
317.13869288018896
 20
9.059330000046781
  0
LWPOLYLINE
  5
607
330
17
100
AcDbEntity
  8
GIZLI
100
AcDbPolyline
 90
2
 70
0
 10
317.1386928801889
 20
9.059330000046785
 10
317.35035688018894
 20
9.35566200004676
  0
LWPOLYLINE
  5
608
330
17
100
AcDbEntity
  8
GIZLI
100
AcDbPolyline
 90
2
 70
0
 10
317.35035688018905
 20
9.355662000046774
 10
317.64668888018906
 20
9.56733000004678
  0
LWPOLYLINE
  5
609
330
17
100
AcDbEntity
  8
GIZLI
100
AcDbPolyline
 90
2
 70
0
 10
317.6466888801887
 20
9.567330000046802
 10
318.0276888801887
 20
9.651998000046746
  0
LWPOLYLINE
  5
60A
330
17
100
AcDbEntity
  8
GIZLI
100
AcDbPolyline
 90
32
 70
0
 10
320.99102588020816
 20
12.700000000046774
 10
320.98725140687117
 20
12.54832696077148
 10
320.97593712203513
 20
12.397029424603087
 10
320.9571110373238
 20
12.246481970202762
 10
320.93081976188745
 20
12.097057319197955
 10
320.8971283870092
 20
11.949125413407515
 10
320.8561203249535
 20
11.803052498948972
 10
320.8078971024561
 20
11.659200219495556
 10
320.7525781093668
 20
11.517924720927805
 10
320.69030030306715
 20
11.379575769596503
 10
320.6212178693943
 20
11.24449588637988
 10
320.5455018409122
 20
11.113019498678977
 10
320.46333967347306
 20
10.985472112450644
 10
320.3749347821189
 20
10.862169506328012
 10
320.28050603747164
 20
10.743416949823654
 10
320.1802872238588
 20
10.629508447550936
 10
320.07452646051604
 20
10.520726011334748
 10
319.96348558729966
 20
10.417338962013662
 10
319.84743951643014
 20
10.319603262662145
 10
319.7266755518714
 20
10.227760884883548
 10
319.6014926780305
 20
10.14203920974288
 10
319.47220081954003
 20
10.062650464822418
 10
319.33912007395384
 20
9.989791198793984
 10
319.202579919258
 20
9.923641794808642
 10
319.06291839815725
 20
9.864366023908591
 10
318.9204812811572
 20
9.812110639566932
 10
318.7756212105146
 20
9.767005014359054
 10
318.62869682717417
 20
9.729160819665267
 10
318.4800718828546
 20
9.69867174919758
 10
318.3301143394809
 20
9.67561328703514
 10
318.1791954581935
 20
9.660042520742653
 10
318.0276888801892
 20
9.651998000034403
  0
LWPOLYLINE
  5
60B
330
17
100
AcDbEntity
  8
GIZLI
100
AcDbPolyline
 90
2
 70
0
 10
320.991025880189
 20
12.700000000046778
 10
320.991025880189
 20
21.674666000046777
  0
LWPOLYLINE
  5
60C
330
17
100
AcDbEntity
  8
GIZLI
100
AcDbPolyline
 90
33
 70
0
 10
318.027688880189
 20
24.680333000095363
 10
318.17441940921304
 20
24.67669828990763
 10
318.32079003396683
 20
24.66580336104139
 10
318.46644174004325
 20
24.647674936320545
 10
318.61101727638174
 20
24.622357480716563
 10
318.75416203152554
 20
24.589913092285876
 10
318.8955249034041
 20
24.550421349857224
 10
319.0347591605082
 20
24.50397911784258
 10
319.1715232923443
 20
24.450700308650422
 10
319.30548184708397
 20
24.390715603284068
 10
319.43630625435173
 20
24.324172130810393
 10
319.5636756311351
 20
24.25123310748514
 10
319.6872775688385
 20
24.172077436419954
 10
319.80680889955204
 20
24.086899268773045
 10
319.92197643965414
 20
23.995907527539828
 10
320.0324977089258
 20
23.89932539511154
 10
320.1381016234113
 20
23.797389765858743
 10
320.2385291603263
 20
23.690350665082423
 10
320.3335339933831
 20
23.578470635757835
 10
320.42288309697375
 20
23.462024094575305
 10
320.5063573177297
 20
23.34129665885746
 10
320.58375191205624
 20
23.21658444600381
 10
320.65487704832253
 20
23.08819334718101
 10
320.71955827247615
 20
22.956438277040213
 10
320.7776369359401
 20
22.82164240130188
 10
320.8289705847419
 20
22.68413634410253
 10
320.8734333089218
 20
22.544257377047696
 10
320.9109160513612
 20
22.402348591960077
 10
320.9413268752758
 20
22.25875805935205
 10
320.96459118971586
 20
22.11383797468655
 10
320.980651932521
 20
21.96794379452035
 10
320.9894697102811
 20
21.821433364648637
 10
320.9910228949594
 20
21.674666042389276
  0
LWPOLYLINE
  5
60D
330
17
100
AcDbEntity
  8
GIZLI
100
AcDbPolyline
 90
2
 70
0
 10
318.027688880189
 20
24.68033300004678
 10
300.501691880189
 20
24.68033300004678
  0
LWPOLYLINE
  5
60E
330
17
100
AcDbEntity
  8
GIZLI
100
AcDbPolyline
 90
2
 70
0
 10
300.50169188018845
 20
24.680333000047128
 10
292.96636388018896
 20
19.60032900004643
  0
LWPOLYLINE
  5
60F
330
17
100
AcDbEntity
  8
GIZLI
100
AcDbPolyline
 90
20
 70
0
 10
292.50069488019784
 20
18.75366400004652
 10
292.5034960402116
 20
18.80640283158352
 10
292.5089282712806
 20
18.858935885130055
 10
292.5169780087927
 20
18.911131982448694
 10
292.52762515206257
 20
18.962860786702237
 10
292.54084311452436
 20
19.013993127912762
 10
292.5565988901199
 20
19.064401325506925
 10
292.5748531357171
 20
19.113959507142145
 10
292.5955602693516
 20
19.162543923017513
 10
292.6186685840485
 20
19.210033254884582
 10
292.64412037693705
 20
19.25630891898645
 10
292.67185209333877
 20
19.301255362168597
 10
292.7017944854671
 20
19.3447603504222
 10
292.73387278534335
 20
19.386715249139257
 10
292.7680068914971
 20
19.427015294379846
 10
292.8041115689843
 20
19.465559854474066
 10
292.84209666222404
 20
19.50225268130545
 10
292.88186732012275
 20
19.537002150648384
 10
292.92332423292294
 20
19.569721490959378
 10
292.96636388018595
 20
19.60032900005091
  0
LWPOLYLINE
  5
610
330
17
100
AcDbEntity
  8
GIZLI
100
AcDbPolyline
 90
2
 70
0
 10
292.50069488018903
 20
18.753664000046776
 10
292.50069488018903
 20
18.203330000046776
  0
LWPOLYLINE
  5
611
330
17
100
AcDbEntity
  8
GIZLI
100
AcDbPolyline
 90
32
 70
0
 10
292.5006948801413
 20
18.203330000046776
 10
292.49951326218047
 20
18.15536119275266
 10
292.49597218887857
 20
18.107508674594303
 10
292.4900802430722
 20
18.059888430276995
 10
292.48185170563147
 20
18.012615881521803
 10
292.47130652084627
 20
17.965805607306947
 10
292.45847024808506
 20
17.919571066151818
 10
292.4433739998446
 20
17.874024321116764
 10
292.42605436633943
 20
17.82927576818518
 10
292.4065533268145
 20
17.785433868686248
 10
292.38491814779655
 20
17.74260488640688
 10
292.36120126852927
 20
17.70089263003006
 10
292.33546017387147
 20
17.66039820152387
 10
292.3077572549656
 20
17.621219751090983
 10
292.2781596580145
 20
17.583452239272717
 10
292.24673912153236
 20
17.54718720678409
 10
292.21357180246576
 20
17.512512552637897
 10
292.1787380916044
 20
17.479512321095484
 10
292.1423224187306
 20
17.448266497960674
 10
292.1044130479785
 20
17.41885081671057
 10
292.0651018639002
 20
17.391336574933092
 10
292.02448414875624
 20
17.365790461516237
 10
291.98265835157076
 20
17.342274395007873
 10
291.9397258495116
 20
17.32084537353785
 10
291.8957907021724
 20
17.301555336666205
 10
291.8509593993538
 20
17.28445103949231
 10
291.8053406029538
 20
17.269573939330083
 10
291.75904488359345
 20
17.256960095223942
 10
291.7121844526166
 20
17.246640080549074
 10
291.66487289011235
 20
17.238638908907827
 10
291.61722486962026
 20
17.232975973501873
 10
291.5693558801852
 20
17.22966500012703
  0
LWPOLYLINE
  5
612
330
17
100
AcDbEntity
  8
GIZLI
100
AcDbPolyline
 90
63
 70
0
 10
291.56935588018894
 20
10.964330000042047
 10
291.4137592604466
 20
10.972765441776644
 10
291.25877425513744
 20
10.988924429424355
 10
291.10478400923336
 20
11.012767015669908
 10
290.9521692085196
 20
11.044234258249698
 10
290.80130713848524
 20
11.08324836566543
 10
290.6525707516201
 20
11.129712889495774
 10
290.5063277454227
 20
11.18351296283058
 10
290.3629396534001
 20
11.244515584238208
 10
290.22276095130553
 20
11.312569946563972
 10
290.086138180824
 20
11.3875078097469
 10
289.95340909287177
 20
11.469143916733046
 10
289.8249018126283
 20
11.557276451457312
 10
289.7009340283642
 20
11.651687537761433
 10
289.5818122060702
 20
11.752143778014826
 10
289.4678308318302
 20
11.858396830106734
 10
289.3592716838094
 20
11.97018402138323
 10
289.2564031356589
 20
12.087228998011359
 10
289.15947949305746
 20
12.209242408165135
 10
289.06874036503217
 20
12.335922617344373
 10
288.9844100716106
 20
12.466956454058089
 10
288.90669708926987
 20
12.602019984028946
 10
288.835793535553
 20
12.74077931100485
 10
288.77187469412735
 20
12.88289140219798
 10
288.7150985814581
 20
13.028004936310595
 10
288.66560555616934
 20
13.175761172051256
 10
288.62351797205747
 20
13.325794834994316
 10
288.5889398756153
 20
13.477735020590224
 10
288.5619567488142
 20
13.631206111094325
 10
288.54263529778063
 20
13.785828704147349
 10
288.531023287889
 20
13.94122055071196
 10
288.52714942567906
 20
14.096997500046779
 10
288.531023287889
 20
14.252774449381594
 10
288.54263529778063
 20
14.40816629594621
 10
288.5619567488142
 20
14.56278888899923
 10
288.5889398756153
 20
14.716259979503334
 10
288.62351797205747
 20
14.868200165099239
 10
288.66560555616934
 20
15.018233828042298
 10
288.7150985814581
 20
15.165990063782964
 10
288.77187469412735
 20
15.311103597895574
 10
288.835793535553
 20
15.453215689088704
 10
288.90669708926987
 20
15.591975016064609
 10
288.9844100716106
 20
15.727038546035466
 10
289.06874036503217
 20
15.858072382749182
 10
289.15947949305746
 20
15.98475259192842
 10
289.2564031356589
 20
16.106766002082193
 10
289.3592716838095
 20
16.223810978710322
 10
289.4678308318302
 20
16.335598169986817
 10
289.58181220607025
 20
16.441851222078725
 10
289.7009340283642
 20
16.54230746233212
 10
289.82490181262835
 20
16.63671854863624
 10
289.95340909287177
 20
16.7248510833605
 10
290.086138180824
 20
16.80648719034665
 10
290.22276095130553
 20
16.881425053529576
 10
290.36293965340013
 20
16.949479415855343
 10
290.5063277454227
 20
17.010482037262967
 10
290.6525707516201
 20
17.064282110597773
 10
290.8013071384853
 20
17.110746634428118
 10
290.9521692085196
 20
17.14976074184385
 10
291.10478400923336
 20
17.18122798442364
 10
291.2587742551375
 20
17.20507057066919
 10
291.4137592604466
 20
17.2212295583169
 10
291.56935588018894
 20
17.229665000051497
  0
LWPOLYLINE
  5
613
330
17
100
AcDbEntity
  8
GIZLI
100
AcDbPolyline
 90
2
 70
0
 10
291.5693558801891
 20
10.964330000046822
 10
291.9080298801891
 20
10.879665000046732
  0
LWPOLYLINE
  5
614
330
17
100
AcDbEntity
  8
GIZLI
100
AcDbPolyline
 90
2
 70
0
 10
291.908029880189
 20
10.87966500004675
 10
292.204362880189
 20
10.6679970000468
  0
LWPOLYLINE
  5
615
330
17
100
AcDbEntity
  8
GIZLI
100
AcDbPolyline
 90
2
 70
0
 10
292.20436288018874
 20
10.667997000046789
 10
292.41602588018867
 20
10.371665000046761
  0
LWPOLYLINE
  5
616
330
17
100
AcDbEntity
  8
GIZLI
100
AcDbPolyline
 90
2
 70
0
 10
292.416025880189
 20
10.371665000046754
 10
292.5006948801892
 20
9.99066500004679
  0
LWPOLYLINE
  5
617
330
17
100
AcDbEntity
  8
GIZLI
100
AcDbPolyline
 90
41
 70
0
 10
292.50069488022257
 20
9.990665000049422
 10
292.50535947540686
 20
9.903448858292187
 10
292.5057234259443
 20
9.816108825253167
 10
292.5017858486828
 20
9.728856837788346
 10
292.49355629843603
 20
9.641904619104825
 10
292.48105474479814
 20
9.555463164999228
 10
292.46431152368586
 20
9.46974223186131
 10
292.4433672637263
 20
9.384949827684995
 10
292.41827278766897
 20
9.301291707322072
 10
292.3890889890602
 20
9.21897087320328
 10
292.355886684481
 20
9.138187082738352
 10
292.3187464417054
 20
9.059136363590326
 10
292.27775838419694
 20
8.98201053800036
 10
292.23302197241765
 20
8.906996757317295
 10
292.18464576248016
 20
8.834277047861491
 10
292.1327471427285
 20
8.764027869224893
 10
292.0774520488865
 20
8.696419686079178
 10
292.01889465846654
 20
8.631616554531
 10
291.95721706517725
 20
8.569775724028077
 10
291.8925689341236
 20
8.511047255782113
 10
291.82510713863337
 20
8.455573658634524
 10
291.7549953795932
 20
8.403489543248497
 10
291.6824037882162
 20
8.354921295466557
 10
291.60750851320665
 20
8.30998676962626
 10
291.53049129332237
 20
8.268795002578187
 10
291.4515390163726
 20
8.231445949100202
 10
291.37084326572153
 20
8.198030239350011
 10
291.2885998553972
 20
8.16862895894458
 10
291.205008354935
 20
8.143313452200083
 10
291.12027160510775
 20
8.122145149009782
 10
291.0345952257178
 20
8.105175415779993
 10
290.9481871166464
 20
8.09244543078582
 10
290.8612569533691
 20
8.083986084249101
 10
290.77401567816344
 20
8.079817903381091
 10
290.68667498824254
 20
8.079951002571693
 10
290.5994468220564
 20
8.084385058846173
 10
290.51254284500794
 20
8.093109312648874
 10
290.4261739358321
 20
8.10610259395207
 10
290.34054967488305
 20
8.123333373626526
 10
290.25587783557285
 20
8.144759839949216
 10
290.172363880194
 20
8.17033000006246
  0
LWPOLYLINE
  5
618
330
17
100
AcDbEntity
  8
GIZLI
100
AcDbPolyline
 90
2
 70
0
 10
290.17236388018904
 20
8.170330000046697
 10
289.28335188018906
 20
8.46666600004686
  0
LWPOLYLINE
  5
619
330
17
100
AcDbEntity
  8
GIZLI
100
AcDbPolyline
 90
2
 70
0
 10
289.2833518801888
 20
8.466666000046775
 10
288.43669788018883
 20
8.889997000046769
  0
LWPOLYLINE
  5
61A
330
17
100
AcDbEntity
  8
GIZLI
100
AcDbPolyline
 90
2
 70
0
 10
288.43669788018883
 20
8.889997000046804
 10
287.6746968801888
 20
9.440331000046744
  0
LWPOLYLINE
  5
61B
330
17
100
AcDbEntity
  8
GIZLI
100
AcDbPolyline
 90
2
 70
0
 10
287.67469688018883
 20
9.440331000046587
 10
287.0396908801892
 20
10.07532900004696
  0
LWPOLYLINE
  5
61C
330
17
100
AcDbEntity
  8
GIZLI
100
AcDbPolyline
 90
2
 70
0
 10
287.03969088018897
 20
10.075329000046846
 10
286.44702688018884
 20
10.837331000046703
  0
LWPOLYLINE
  5
61D
330
17
100
AcDbEntity
  8
GIZLI
100
AcDbPolyline
 90
22
 70
0
 10
285.6003568801891
 20
11.302996000055174
 10
285.6483496319561
 20
11.301846686916477
 10
285.6962323411749
 20
11.298401211516687
 10
285.7438952135195
 20
11.292667474278623
 10
285.79122895874684
 20
11.284658622574796
 10
285.8381250412971
 20
11.274393020580668
 10
285.88447592916435
 20
11.261894207165884
 10
285.9301753404659
 20
11.247190841920002
 10
285.9751184871448
 20
11.230316639436477
 10
286.0192023152476
 20
11.211310292005624
 10
286.0623257412252
 20
11.190215380893783
 10
286.10438988371595
 20
11.167080276412126
 10
286.14529829027924
 20
11.141958027004264
 10
286.1849571585594
 20
11.114906237606998
 10
286.22327555137315
 20
11.085986937563042
 10
286.260165605227
 20
11.055266438388692
 10
286.29554273178707
 20
11.022815181722528
 10
286.32932581183877
 20
10.988707577803805
 10
286.36143738129215
 20
10.953021834850901
 10
286.39180380880555
 20
10.915839779731058
 10
286.42035546462125
 20
10.877246670332617
 10
286.4470268802257
 20
10.837331000069973
  0
LWPOLYLINE
  5
61E
330
17
100
AcDbEntity
  8
GIZLI
100
AcDbPolyline
 90
2
 70
0
 10
285.600356880189
 20
11.302996000046772
 10
277.006694880189
 20
11.302996000046772
  0
LWPOLYLINE
  5
61F
330
17
100
AcDbEntity
  8
GIZLI
100
AcDbPolyline
 90
26
 70
0
 10
276.06505492855257
 20
10.639619813124018
 10
276.0827108552388
 20
10.685428851174464
 10
276.102593766179
 20
10.730316149676401
 10
276.12465573958684
 20
10.774173521275806
 10
276.1488436017003
 20
10.81689526094818
 10
276.17509905494114
 20
10.858378400768768
 10
276.20335881842345
 20
10.898522958085838
 10
276.23355478047324
 20
10.937232176498807
 10
276.2656141627915
 20
10.97441275906052
 10
276.2994596958641
 20
11.009975093141513
 10
276.3350098051969
 20
11.043833466414345
 10
276.37217880792656
 20
11.075906273437425
 10
276.4108771193333
 20
11.106116212340432
 10
276.451011468758
 20
11.134390471137259
 10
276.49248512440323
 20
11.160660903217426
 10
276.53519812647596
 20
11.184864191593043
 10
276.5790475281108
 20
11.206942001505382
 10
276.6239276434924
 20
11.226841121023305
 10
276.6697303025795
 20
11.244513589294634
 10
276.7163451118164
 20
11.259916812141388
 10
276.76365972020307
 20
11.273013664720267
 10
276.81156009008396
 20
11.283772581000925
 10
276.8599307720012
 20
11.292167629846418
 10
276.90865518295107
 20
11.298178577512417
 10
276.95761588737224
 20
11.301790936414577
 10
277.00669488018895
 20
11.302996000046502
  0
LWPOLYLINE
  5
620
330
17
100
AcDbEntity
  8
GIZLI
100
AcDbPolyline
 90
26
 70
0
 10
276.0650542518023
 20
10.639620054937538
 10
276.0477904140328
 20
10.594808432600626
 10
276.0283478062135
 20
10.550898222031993
 10
276.00677330044994
 20
10.507995281665938
 10
275.98311890841245
 20
10.466203041616684
 10
275.9574416559471
 20
10.425622254329738
 10
275.92980344559794
 20
10.38635075168861
 10
275.9002709073728
 20
10.34848320916237
 10
275.86891523811215
 20
10.312110917562677
 10
275.8358120298483
 20
10.277321562960516
 10
275.8010410875685
 20
10.244199015293223
 10
275.76468623682183
 20
10.212823126171411
 10
275.726835121633
 20
10.18326953637326
 10
275.6875789932107
 20
10.155609493490243
 10
275.64701248996
 20
10.12990968016393
 10
275.60523340932855
 20
10.106232053327926
 10
275.56234247203713
 20
10.08463369484252
 10
275.5184430792632
 20
10.065166673882128
 10
275.4736410633614
 20
10.047877921407292
 10
275.4280444327244
 20
10.032809117023834
 10
275.3817631113963
 20
10.019996588501957
 10
275.334908674069
 20
10.00947122419749
 10
275.28759407709856
 20
10.001258398586476
 10
275.23993338619056
 20
9.995377911092532
 10
275.19204150141155
 20
9.991843938354556
 10
275.1440338801888
 20
9.99066500004977
  0
LWPOLYLINE
  5
621
330
17
100
AcDbEntity
  8
GIZLI
100
AcDbPolyline
 90
2
 70
0
 10
275.1440338801889
 20
9.990665000046771
 10
274.00103188018886
 20
9.990665000046771
  0
LWPOLYLINE
  5
622
330
17
100
AcDbEntity
  8
GIZLI
100
AcDbPolyline
 90
33
 70
0
 10
274.0010318801887
 20
9.990665000074497
 10
273.60844090940424
 20
10.000301757477374
 10
273.21679568735664
 20
10.029190466033668
 10
272.8270397249433
 20
10.07726153007414
 10
272.44011198165384
 20
10.14439914179567
 10
272.05694460352686
 20
10.230441560253361
 10
271.6784606775207
 20
10.335181501009984
 10
271.30557200770835
 20
10.458366635504063
 10
270.93917691865414
 20
10.59970019893358
 10
270.5801580912635
 20
10.758841705190846
 10
270.2293804363204
 20
10.935407767126176
 10
269.88768901083387
 20
11.128973020164302
 10
269.5559069822149
 20
11.339071147048429
 10
269.2348336451871
 20
11.565196001243226
 10
268.92524249620936
 20
11.806802826290358
 10
268.6278793700481
 20
12.06330956817904
 10
268.34346064299035
 20
12.334098277569975
 10
268.0726715070244
 20
12.618516598494551
 10
267.8161643191465
 20
12.915879339942947
 10
267.57455702977035
 20
13.225470126554974
 10
267.34843169402535
 20
13.546543124437019
 10
267.13833306952995
 20
13.87832483794741
 10
266.9447673040183
 20
14.220015973121605
 10
266.7682007159818
 20
14.57079336324799
 10
266.609058671263
 20
14.92981195195544
 10
266.467724558309
 20
15.296206829035135
 10
266.3445388645512
 20
15.66909531409221
 10
266.23979835613903
 20
16.047579083007474
 10
266.15375536300144
 20
16.430746332086347
 10
266.08661717096015
 20
16.81767397468141
 10
266.0385455223581
 20
17.207429864996648
 10
266.00965622640666
 20
17.59907504371608
 10
266.00001888019017
 20
17.991666000046777
  0
LWPOLYLINE
  5
623
330
17
100
AcDbEntity
  8
GIZLI
100
AcDbPolyline
 90
2
 70
0
 10
266.0000188801889
 20
17.991666000046777
 10
266.0000188801889
 20
36.99933200004678
  0
LWPOLYLINE
  5
624
330
17
100
AcDbEntity
  8
GIZLI
100
AcDbPolyline
 90
33
 70
0
 10
266.0000188801899
 20
36.99933200004679
 10
266.00248065526824
 20
37.09829001219589
 10
266.00986007786696
 20
37.197003195850094
 10
266.0221388904703
 20
37.295227323568746
 10
266.0392867139247
 20
37.39271937789019
 10
266.0612611225998
 20
37.48923815258412
 10
266.0880077493544
 20
37.58454484942273
 10
266.11946042004695
 20
37.67840366899418
 10
266.1555413172574
 20
37.770582394096685
 10
266.19616117281663
 20
37.86085296426983
 10
266.24121948866554
 20
37.94899204004158
 10
266.2906047854986
 20
38.0347815554951
 10
266.3441948785761
 20
38.11800925778818
 10
266.4018571800228
 20
38.19846923229048
 10
266.46344902686513
 20
38.27596241203929
 10
266.52881803399555
 20
38.35029707025349
 10
266.59780247118994
 20
38.42128929468695
 10
266.6702316632465
 20
38.48876344264801
 10
266.74592641225524
 20
38.5525525755591
 10
266.8246994409534
 20
38.612498871981416
 10
266.9063558560707
 20
38.66845401808281
 10
266.9906936305167
 20
38.72027957458276
 10
267.07750410321864
 20
38.76784731926659
 10
267.166572495372
 20
38.8110395642216
 10
267.25767844182747
 20
38.849749447010055
 10
267.3505965362988
 20
38.88388119505881
 10
267.44509688904304
 20
38.91335036261136
 10
267.54094569563387
 20
38.93808403965606
 10
267.63790581541934
 20
38.958021032313646
 10
267.7357373582346
 20
38.973112014237714
 10
267.8341982779168
 20
38.98331964865363
 10
267.93304497115463
 20
38.98861868073386
 10
268.0320328801897
 20
38.98899600008123
  0
LWPOLYLINE
  5
625
330
17
100
AcDbEntity
  8
GIZLI
100
AcDbPolyline
 90
2
 70
0
 10
268.03203288018915
 20
38.98899600004678
 10
270.0216888801891
 20
38.98899600004678
  0
LWPOLYLINE
  5
626
330
17
100
AcDbEntity
  8
GIZLI
100
AcDbPolyline
 90
32
 70
0
 10
270.02168888018787
 20
38.98899600001993
 10
270.0717031335756
 20
38.98563018743855
 10
270.1214907616084
 20
38.979803839428996
 10
270.17093078825894
 20
38.97153111309142
 10
270.219903082116
 20
38.96083210983671
 10
270.2682886482846
 20
38.947732826543245
 10
270.31596991752514
 20
38.93226509238861
 10
270.3628310319273
 20
38.914466491509764
 10
270.4087581264272
 20
38.894380271679545
 10
270.4536396054804
 20
38.87205523922147
 10
270.4973664142224
 20
38.84754564041807
 10
270.5398323034539
 20
38.82091102970113
 10
270.5809340878097
 20
38.792216124943785
 10
270.62057189648283
 20
38.76153065020644
 10
270.6586494158946
 20
38.72892916631832
 10
270.69507412372155
 20
38.69449088970658
 10
270.72975751370956
 20
38.658299499912864
 10
270.7626153107305
 20
38.6204429362654
 10
270.793567675557
 20
38.58101318420036
 10
270.8225393988593
 20
38.54010605175188
 10
270.8494600839519
 20
38.49782093675372
 10
270.8742643178464
 20
38.45426058531838
 10
270.89689183019453
 20
38.40953084218031
 10
270.91728763973566
 20
38.36374039351005
 10
270.9354021878925
 20
38.31700050282407
 10
270.9511914591905
 20
38.26942474063216
 10
270.96461708820846
 20
38.22112870847905
 10
270.9756464528006
 20
38.17222975805108
 10
270.9842527533629
 20
38.12284670603023
 10
270.9904150779522
 20
38.073099545388445
 10
270.9941184530985
 20
38.02310915382378
 10
270.9953538801886
 20
37.972997000046796
  0
LWPOLYLINE
  5
627
330
17
100
AcDbEntity
  8
GIZLI
100
AcDbPolyline
 90
2
 70
0
 10
270.995353880189
 20
37.97299700004679
 10
270.995353880189
 20
31.241996000046786
  0
LWPOLYLINE
  5
628
330
17
100
AcDbEntity
  8
GIZLI
100
AcDbPolyline
 90
33
 70
0
 10
271.5033648801891
 20
30.734001000034933
 10
271.4784385363329
 20
30.734613140307985
 10
271.45357225068017
 20
30.73644758071069
 10
271.428825924342
 20
30.739499902206774
 10
271.40425916945577
 20
30.74376275197117
 10
271.37993116558425
 20
30.749225861102424
 10
271.3559005171559
 20
30.755876069359772
 10
271.3322251122911
 20
30.763697356865197
 10
271.3089619833539
 20
30.772670882694197
 10
271.28616716956486
 20
30.782775030262215
 10
271.2638955820068
 20
30.793985459397458
 10
271.24220087134773
 20
30.806275164974632
 10
271.2211352986005
 20
30.81961454196838
 10
271.2007496092292
 20
30.833971456769657
 10
271.18109291090764
 20
30.849311324593323
 10
271.16221255522186
 20
30.865597192790418
 10
271.144154023604
 20
30.88278982986446
 10
271.12696081777045
 20
30.900847819977344
 10
271.1106743549293
 20
30.919727662717115
 10
271.0953338680096
 20
30.93938387788739
 10
271.0809763111517
 20
30.9597691150659
 10
271.06763627068733
 20
30.980834267668275
 10
271.05534588182377
 20
31.002528591242328
 10
271.0441347512324
 20
31.02479982570781
 10
271.0340298857283
 20
31.04759432124723
 10
271.0250556272126
 20
31.070857167544446
 10
271.0172335940351
 20
31.09453232605969
 10
271.01058262891627
 20
31.11856276502243
 10
271.00511875355755
 20
31.142890596816844
 10
271.00085513004547
 20
31.167457217428968
 10
270.9978020291453
 20
31.192203447619576
 10
270.9959668055597
 20
31.217069675482765
 10
270.9953538802116
 20
31.241996000046782
  0
LWPOLYLINE
  5
629
330
17
100
AcDbEntity
  8
GIZLI
100
AcDbPolyline
 90
2
 70
0
 10
271.5033648801889
 20
30.73400100004678
 10
276.0330298801889
 20
30.73400100004678
  0
LWPOLYLINE
  5
62A
330
17
100
AcDbEntity
  8
GIZLI
100
AcDbPolyline
 90
31
 70
0
 10
276.03302988019203
 20
30.734001000083296
 10
276.05809298123484
 20
30.731191448794217
 10
276.08298651601103
 20
30.727146138092497
 10
276.10764959222024
 20
30.721874963249206
 10
276.13202188128867
 20
30.715390818132786
 10
276.15604376593984
 20
30.707709563669212
 10
276.1796564860245
 20
30.69884998904447
 10
276.20280228225465
 20
30.68883376574413
 10
276.2254245374888
 20
30.677685394542557
 10
276.24746791522404
 20
30.66543214557132
 10
276.2688784949547
 20
30.652103991613494
 10
276.28960390406826
 20
30.637733534786957
 10
276.30959344595414
 20
30.622355926796054
 10
276.32879822401316
 20
30.606008782946702
 10
276.3471712612642
 20
30.588732090135245
 10
276.36466761525463
 20
30.57056810903614
 10
276.3812444879949
 20
30.551561270727756
 10
276.3968613306467
 20
30.531758068009086
 10
276.41147994271006
 20
30.51120694167332
 10
276.4250645654659
 20
30.489958162016354
 10
276.4375819694456
 20
30.4680637058702
 10
276.4490015357143
 20
30.44557712946195
 10
276.45929533076753
 20
30.422553437409423
 10
276.4684381748603
 20
30.39904894817388
 10
276.4764077035989
 20
30.375121156298913
 10
276.4831844226472
 20
30.35082859177252
 10
276.4887517554114
 20
30.32623067685639
 10
276.4930960835884
 20
30.301387580732555
 10
276.4962067804779
 20
30.276360072323016
 10
276.49807623697615
 20
30.25120937164233
 10
276.49869988018855
 20
30.22599700004678
  0
LWPOLYLINE
  5
62B
330
17
100
AcDbEntity
  8
GIZLI
100
AcDbPolyline
 90
2
 70
0
 10
276.49869988018895
 20
30.22599700004678
 10
276.49869988018895
 20
29.12532900004678
  0
LWPOLYLINE
  5
62C
330
17
100
AcDbEntity
  8
GIZLI
100
AcDbPolyline
 90
27
 70
0
 10
276.4986998801906
 20
29.125329000046783
 10
276.4981274090029
 20
29.101662533708826
 10
276.4964112984849
 20
29.078051427913536
 10
276.49355556302163
 20
29.054550914575522
 10
276.4895668828481
 20
29.03121596690769
 10
276.48445458842303
 20
29.00810117082602
 10
276.478230638602
 20
28.985260597260286
 10
276.4709095926636
 20
28.962747675669476
 10
276.4625085762514
 20
28.94061506905776
 10
276.4530472413134
 20
28.91891455078336
 10
276.44254772013124
 20
28.897696883448532
 10
276.43103457354766
 20
28.87701170015393
 10
276.418534733513
 20
28.856907388395133
 10
276.4050774400851
 20
28.837430976872955
 10
276.3906941730297
 20
28.818628025482287
 10
276.3754185781822
 20
28.800542518736787
 10
276.3592863887419
 20
28.78321676287882
 10
276.3423353416839
 20
28.766691286915222
 10
276.3246050894832
 20
28.751004747810434
 10
276.3061371073585
 20
28.736193840058817
 10
276.2869745962517
 20
28.722293209847606
 10
276.2671623817711
 20
28.709335374011353
 10
276.24674680933333
 20
28.697350643967432
 10
276.225775635751
 20
28.686367054810525
 10
276.20429791751815
 20
28.67641029973194
 10
276.18236389605534
 20
28.667503669917245
 10
276.16002488018364
 20
28.659668000062684
  0
LWPOLYLINE
  5
62D
330
17
100
AcDbEntity
  8
GIZLI
100
AcDbPolyline
 90
2
 70
0
 10
276.16002488018887
 20
28.65966800004739
 10
270.23335188018916
 20
27.050997000046166
  0
LWPOLYLINE
  5
62E
330
17
100
AcDbEntity
  8
GIZLI
100
AcDbPolyline
 90
28
 70
0
 10
269.5136928801906
 20
26.119667000046775
 10
269.51483544231155
 20
26.166551232674387
 10
269.5182605211571
 20
26.213324147402698
 10
269.5239599843264
 20
26.259874688074767
 10
269.531920299191
 20
26.306092326531715
 10
269.5421225650263
 20
26.35186732504734
 10
269.554542557889
 20
26.397090996885986
 10
269.56915078813364
 20
26.441655964364937
 10
269.58591257043173
 20
26.485456413808677
 10
269.60478810612756
 20
26.52838834678957
 10
269.62573257773505
 20
26.57034982705851
 10
269.64869625535107
 20
26.611241222579206
 10
269.6736246147321
 20
26.650965442091362
 10
269.70045846675544
 20
26.689428165641168
 10
269.72913409795575
 20
26.726538068531685
 10
269.7595834218044
 20
26.762207038161346
 10
269.7917341403719
 20
26.79635038323579
 10
269.82550991599004
 20
26.828887034856262
 10
269.8608305525056
 20
26.859739739007058
 10
269.89761218569555
 20
26.88883523998508
 10
269.93576748239167
 20
26.916104454335915
 10
269.9752058478418
 20
26.94148263488341
 10
270.0158336408152
 20
26.964909524463398
 10
270.05755439594117
 20
26.986329498996405
 10
270.10026905275384
 20
27.00569169955976
 10
270.14387619089786
 20
27.022950153145427
 10
270.18827227093794
 20
27.038063881816907
 10
270.2333518801997
 20
27.05099700000595
  0
LWPOLYLINE
  5
62F
330
17
100
AcDbEntity
  8
GIZLI
100
AcDbPolyline
 90
2
 70
0
 10
269.5136928801887
 20
26.119667000046775
 10
269.5136928801887
 20
18.24566400004678
  0
LWPOLYLINE
  5
630
330
17
100
AcDbEntity
  8
GIZLI
100
AcDbPolyline
 90
22
 70
0
 10
270.0216888801973
 20
17.39899800006173
 10
269.97970919861103
 20
17.42447771294678
 10
269.9390137866368
 20
17.45196212451105
 10
269.8996982973605
 20
17.481386633644643
 10
269.86185514040994
 20
17.512682079108874
 10
269.8255732647494
 20
17.545774902097257
 10
269.7909379496081
 20
17.580587319132793
 10
269.7580306040349
 20
17.617037504895205
 10
269.7269285755488
 20
17.655039784548393
 10
269.6977049683367
 20
17.694504835116003
 10
269.6704284714247
 20
17.735339895431835
 10
269.6451631972268
 20
17.77744898417161
 10
269.62196853085123
 20
17.820733125453557
 10
269.60089899051786
 20
17.86509058147764
 10
269.582004099415
 20
17.910417091656562
 10
269.565328269297
 20
17.956606117676458
 10
269.5509106960963
 20
18.00354909391136
 10
269.53878526779425
 20
18.051135682602727
 10
269.52898048476925
 20
18.099254033204353
 10
269.52151939280714
 20
18.147791045282993
 10
269.5164195289333
 20
18.196632634356828
 10
269.51369288019225
 20
18.24566400004689
  0
LWPOLYLINE
  5
631
330
17
100
AcDbEntity
  8
GIZLI
100
AcDbPolyline
 90
2
 70
0
 10
270.0216888801891
 20
17.39899800004714
 10
274.29736388018875
 20
14.943665000046412
  0
LWPOLYLINE
  5
632
330
17
100
AcDbEntity
  8
GIZLI
100
AcDbPolyline
 90
2
 70
0
 10
274.2973638801891
 20
14.943665000046789
 10
274.7630338801891
 20
14.774332000046755
  0
LWPOLYLINE
  5
633
330
17
100
AcDbEntity
  8
GIZLI
100
AcDbPolyline
 90
2
 70
0
 10
274.76303388018874
 20
14.774332000046773
 10
282.67936288018876
 20
14.774332000046773
  0
LWPOLYLINE
  5
634
330
17
100
AcDbEntity
  8
GIZLI
100
AcDbPolyline
 90
23
 70
0
 10
284.5843658801594
 20
16.213666000058996
 10
284.53810542216036
 20
16.109749311950043
 10
284.4869032534139
 20
16.008176451610932
 10
284.4308777523081
 20
15.909182253459445
 10
284.37015844867886
 20
15.812995590098065
 10
284.30488572433956
 20
15.719838843165086
 10
284.23521048852086
 20
15.629927389192737
 10
284.16129382897185
 20
15.543469101660957
 10
284.0833066395283
 20
15.460663870398065
 10
284.0014292250094
 20
15.381703139439484
 10
283.9158508843569
 20
15.306769464412973
 10
283.8267694729796
 20
15.236036090473672
 10
283.7343909453155
 20
15.169666551764767
 10
283.6389288786696
 20
15.107814293329842
 10
283.54060397942703
 20
15.050622316350996
 10
283.43964357278463
 20
14.998222847532993
 10
283.3362810771795
 20
14.950737033397754
 10
283.23075546463025
 20
14.908274660196042
 10
283.1233107082386
 20
14.87093390008383
 10
283.0141952181284
 20
14.838801084150269
 10
282.90366126712627
 20
14.811950502821915
 10
282.79196440751207
 20
14.790444234104768
 10
282.679362880187
 20
14.774332000061158
  0
LWPOLYLINE
  5
635
330
17
100
AcDbEntity
  8
GIZLI
100
AcDbPolyline
 90
2
 70
0
 10
284.5843658801894
 20
16.213666000046658
 10
285.0076928801888
 20
17.2296650000469
  0
LWPOLYLINE
  5
636
330
17
100
AcDbEntity
  8
GIZLI
100
AcDbPolyline
 90
2
 70
0
 10
285.00769288018887
 20
17.22966500004675
 10
285.5156878801888
 20
18.161000000046805
  0
LWPOLYLINE
  5
637
330
17
100
AcDbEntity
  8
GIZLI
100
AcDbPolyline
 90
2
 70
0
 10
285.51568788018903
 20
18.16100000004681
 10
286.1930208801891
 20
19.007665000046746
  0
LWPOLYLINE
  5
638
330
17
100
AcDbEntity
  8
GIZLI
100
AcDbPolyline
 90
2
 70
0
 10
286.1930208801888
 20
19.007665000046913
 10
286.95502188018907
 20
19.76966200004664
  0
LWPOLYLINE
  5
639
330
17
100
AcDbEntity
  8
GIZLI
100
AcDbPolyline
 90
2
 70
0
 10
286.95502188019594
 20
19.769662000036146
 10
297.68102246389674
 20
26.990707724534925
  0
LWPOLYLINE
  5
63A
330
17
100
AcDbEntity
  8
GIZLI
100
AcDbPolyline
 90
21
 70
0
 10
299.02003188019904
 20
29.50633000004678
 10
299.01640483493986
 20
29.358055114676276
 10
299.00553237524997
 20
29.210134910818788
 10
298.9874405086386
 20
29.062923221570053
 10
298.9621725118253
 20
28.916772185220697
 10
298.9297888272195
 20
28.772031402922472
 10
298.8903669183393
 20
28.629047102423478
 10
298.84400108451416
 20
28.488161309872726
 10
298.7908022353164
 20
28.349711031675177
 10
298.7308976252588
 20
28.21402744835427
 10
298.6644305493957
 20
28.081435122350253
 10
298.59156000055293
 20
27.952251221649366
 10
298.51246028900863
 20
27.826784761100903
 10
298.42732062553375
 20
27.705335863237078
 10
298.33634466878965
 20
27.588195040363747
 10
298.2397500381655
 20
27.47564249963931
 10
298.137767793221
 20
27.367947472804122
 10
298.0306418809796
 20
27.265367572163647
 10
297.9186285523941
 20
27.168148174365946
 10
297.80199574938035
 20
27.07652183344753
 10
297.6810224638858
 20
26.990707724551566
  0
LWPOLYLINE
  5
63B
330
17
100
AcDbEntity
  8
GIZLI
100
AcDbPolyline
 90
2
 70
0
 10
299.02003188018875
 20
29.506330000046788
 10
299.02003188018875
 20
53.466990583816795
  0
LWPOLYLINE
  5
63C
330
17
100
AcDbEntity
  8
GIZLI
100
AcDbPolyline
 90
33
 70
0
 10
296.0143528801887
 20
56.472667000045675
 10
296.16183451547033
 20
56.46904665398369
 10
296.3089608604103
 20
56.458194083985596
 10
296.4553774743691
 20
56.440135434871706
 10
296.600731626513
 20
56.41491421155709
 10
296.74467314557484
 20
56.382591174244325
 10
296.886855263448
 20
56.34324419204666
 10
297.02693545058196
 20
56.29696805539434
 10
297.16457624116714
 20
56.24387424767585
 10
297.29944604612024
 20
56.18409067666441
 10
297.43121995191234
 20
56.117761366376634
 10
297.55958050331503
 20
56.0450461101056
 10
297.68421846817847
 20
55.966120085464475
 10
297.80483358239985
 20
55.881173432367774
 10
297.92113527328627
 20
55.7904107949672
 10
298.03284335957113
 20
55.69405082864537
 10
298.1396887263955
 20
55.59232567325534
 10
298.2414139736305
 20
55.48548039387466
 10
298.3377740359773
 20
55.373772390421564
 10
298.42853677335154
 20
55.257470777555326
 10
298.5134835301298
 20
55.13685573635475
 10
298.59240966191055
 20
55.01221783933668
 10
298.6651250285212
 20
54.883857350440586
 10
298.7314544520827
 20
54.75208350166566
 10
298.7912381390291
 20
54.617213748103
 10
298.8443320650645
 20
54.479573003157675
 10
298.89060832213073
 20
54.33949285580302
 10
298.9299554265491
 20
54.19731077175285
 10
298.96227858759494
 20
54.05336928047615
 10
298.987499935857
 20
53.90801515001263
 10
299.00555871083156
 20
53.761598551577286
 10
299.0164114073005
 20
53.61447221596631
 10
299.02003188013873
 20
53.466990583796786
  0
LWPOLYLINE
  5
63D
330
17
100
AcDbEntity
  8
GIZLI
100
AcDbPolyline
 90
2
 70
0
 10
296.0143528801889
 20
56.47266700004678
 10
285.00769288018887
 20
56.47266700004678
  0
LWPOLYLINE
  5
63E
330
17
100
AcDbEntity
  8
GIZLI
100
AcDbPolyline
 90
2
 70
0
 10
285.0076928801892
 20
56.472667000042904
 10
271.4939221809091
 20
55.29020969462372
  0
LWPOLYLINE
  5
63F
330
17
100
AcDbEntity
  8
GIZLI
100
AcDbPolyline
 90
31
 70
0
 10
270.99535472162705
 20
54.74706250440679
 10
270.996068137817
 20
54.77402731810637
 10
270.99811197849823
 20
54.80092402526139
 10
271.0014812586683
 20
54.82768702381627
 10
271.0061677605293
 20
54.85425103783562
 10
271.0121600535312
 20
54.88055127671461
 10
271.01944352225155
 20
54.9065235932057
 10
271.0280004020429
 20
54.93210463987603
 10
271.03780982236145
 20
54.957232023614225
 10
271.0488478576712
 20
54.98184445780944
 10
271.06108758579904
 20
55.00588191183165
 10
271.074499153599
 20
55.02928575744858
 10
271.0890498497651
 20
55.05199891182208
 10
271.10470418461557
 20
55.073965976735316
 10
271.1214239766534
 20
55.095133373710986
 10
271.1391684456923
 20
55.11544947469126
 10
271.1578943123212
 20
55.134864727960455
 10
271.17755590346457
 20
55.153331779003516
 10
271.19810526378
 20
55.170805586005386
 10
271.2194922726238
 20
55.1872435297097
 10
271.2416647662968
 20
55.20260551736865
 10
271.26456866527343
 20
55.21685408053072
 10
271.2881481061037
 20
55.229954466427586
 10
271.31234557766624
 20
55.24187472273739
 10
271.3371020614402
 20
55.25258577551766
 10
271.3623571754534
 20
55.26206150011767
 10
271.388049321556
 20
55.27027878489746
 10
271.4141158356612
 20
55.27721758759796
 10
271.4404931405847
 20
55.28286098422481
 10
271.4671169011119
 20
55.28719521032659
 10
271.49392218091424
 20
55.290209694566805
  0
LWPOLYLINE
  5
640
330
17
100
AcDbEntity
  8
GIZLI
100
AcDbPolyline
 90
2
 70
0
 10
270.995353880189
 20
54.747062504406784
 10
270.995353880189
 20
48.00600000004678
  0
LWPOLYLINE
  5
641
330
17
100
AcDbEntity
  8
GIZLI
100
AcDbPolyline
 90
33
 70
0
 10
270.9953538801888
 20
48.00600000004678
 10
270.9941300648978
 20
47.956147291997624
 10
270.99046156730304
 20
47.906414683488734
 10
270.98435722513653
 20
47.85692198473007
 10
270.97583174429326
 20
47.80778842796799
 10
270.9649056634033
 20
47.75913238024433
 10
270.9516053043525
 20
47.71107105823982
 10
270.9359627088708
 20
47.66372024588883
 10
270.9180155613409
 20
47.61719401544577
 10
270.8978070980132
 20
47.571604452674976
 10
270.87538600284574
 20
47.52706138682635
 10
270.8508062902208
 20
47.48367212604702
 10
270.82412717481895
 20
47.44154119886666
 10
270.7954129289661
 20
47.40077010237908
 10
270.7647327277954
 20
47.36145705772684
 10
270.7321604825989
 20
47.32369677347793
 10
270.69777466276815
 20
47.287580217464495
 10
270.66165810675506
 20
47.25319439763343
 10
270.6238978225065
 20
47.22062215243653
 10
270.5845847778545
 20
47.18994195126548
 10
270.5438136813672
 20
47.161227705412166
 10
270.50168275418713
 20
47.13454859000991
 10
270.45829349340806
 20
47.10996887738454
 10
270.41375042755965
 20
47.08754778221669
 10
270.36816086478905
 20
47.06733931888848
 10
270.32163463434614
 20
47.049392171358114
 10
270.2742838219953
 20
47.03374957587598
 10
270.22622249999097
 20
47.02044921682473
 10
270.1775664522674
 20
47.00952313593428
 10
270.1284328955054
 20
47.000997655090515
 10
270.07894019674677
 20
46.99489331292352
 10
270.0292075882379
 20
46.99122481532827
 10
269.9793548801888
 20
46.990001000036784
  0
LWPOLYLINE
  5
642
330
17
100
AcDbEntity
  8
GIZLI
100
AcDbPolyline
 90
2
 70
0
 10
269.9793548801888
 20
46.99000100004679
 10
268.0320328801888
 20
46.99000100004679
  0
LWPOLYLINE
  5
643
330
17
100
AcDbEntity
  8
GIZLI
100
AcDbPolyline
 90
33
 70
0
 10
268.0320328801888
 20
46.99000100004679
 10
267.93232668828125
 20
46.99244864944593
 10
267.83286069727853
 20
46.99978570104266
 10
267.7338745294205
 20
47.011994479240315
 10
267.6356066510114
 20
47.02904557202834
 10
267.53829379793353
 20
47.05089790183834
 10
267.4421704053298
 20
47.07749882450357
 10
267.3474680428294
 20
47.108784256083304
 10
267.254414856676
 20
47.144678827246594
 10
267.16323502010397
 20
47.18509606484362
 10
267.07414819328494
 20
47.229938600226994
 10
266.98736899414797
 20
47.27909840382135
 10
266.90310648134584
 20
47.33245704537598
 10
266.82156365061456
 20
47.38988597927364
 10
266.7429369457392
 20
47.45124685420814
 10
266.6674157853033
 20
47.51639184648469
 10
266.5951821063635
 20
47.585164016140084
 10
266.52640992614687
 20
47.65739768502473
 10
266.4612649228284
 20
47.73291883593575
 10
266.3999040363979
 20
47.81154553183959
 10
266.3424750905779
 20
47.89308835417419
 10
266.2891164367033
 20
47.9773508591748
 10
266.23995662042097
 20
48.064130051124124
 10
266.19511407201225
 20
48.15321687138672
 10
266.15469682108386
 20
48.24439670204943
 10
266.1188022363153
 20
48.33744988295466
 10
266.0875167908892
 20
48.43215224088083
 10
266.06091585416976
 20
48.528275629595235
 10
266.0390635101317
 20
48.625588479478125
 10
266.022012402976
 20
48.723856355394176
 10
266.0098036103056
 20
48.82284252146712
 10
266.002466544166
 20
48.922308511397105
 10
266.0000188801888
 20
49.02201470294679
  0
LWPOLYLINE
  5
644
330
17
100
AcDbEntity
  8
GIZLI
100
AcDbPolyline
 90
2
 70
0
 10
266.0000188801889
 20
49.022014702946784
 10
266.0000188801889
 20
57.996661000046785
  0
LWPOLYLINE
  5
645
330
17
100
AcDbEntity
  8
GIZLI
100
AcDbPolyline
 90
32
 70
0
 10
266.0000188801925
 20
57.99666100004671
 10
266.00469583021663
 20
58.09814892731598
 10
266.01443837463216
 20
58.19927635223749
 10
266.02922217026855
 20
58.29979059316644
 10
266.0490102776527
 20
58.39944050058786
 10
266.0737532533075
 20
58.49797708465029
 10
266.10338927329343
 20
58.595154137303325
 10
266.1378442876853
 20
58.69072884748443
 10
266.177032205596
 20
58.784462407817784
 10
266.22085511028774
 20
58.87612061130946
 10
266.2692035038311
 20
58.96547443654777
 10
266.3219565807016
 20
59.05230061994675
 10
266.3789825296302
 20
59.136382213602815
 10
266.44013886295244
 20
59.21750912737082
 10
266.5052727726353
 20
59.295478653804956
 10
266.57422151209016
 20
59.37009597465294
 10
266.6468128028188
 20
59.44117464763787
 10
266.7228652648765
 20
59.50853707231147
 10
266.80218887007635
 20
59.572014933814785
 10
266.88458541680257
 20
59.63144962343742
 10
266.9698490252458
 20
59.686692634924604
 10
267.0577666518244
 20
59.737605935541744
 10
267.1481186215045
 20
59.78406231096936
 10
267.24067917669043
 20
59.82594568316669
 10
267.33521704131294
 20
59.86315140040959
 10
267.43149599870634
 20
59.89558649877819
 10
267.5292754818303
 20
59.92316993444079
 10
267.6283111743617
 20
59.945832786153765
 10
267.7283556211548
 20
59.96351842747131
 10
267.8291588465438
 20
59.97618266823491
 10
267.93046897894385
 20
59.98379386498892
 10
268.0320328801888
 20
59.98633300004633
  0
LWPOLYLINE
  5
646
330
17
100
AcDbEntity
  8
GIZLI
100
AcDbPolyline
 90
2
 70
0
 10
268.0320328801888
 20
59.986333000046784
 10
348.50769288018887
 20
59.986333000046784
  0
LWPOLYLINE
  5
647
330
17
100
AcDbEntity
  8
GIZLI
100
AcDbPolyline
 90
33
 70
0
 10
358.4983618802185
 20
69.97699400004679
 10
358.48632755305135
 20
69.48677528900838
 10
358.4502538256365
 20
68.99773756462208
 10
358.39022760277226
 20
68.51105896199898
 10
358.3063934929362
 20
68.02791193291723
 10
358.1989534599102
 20
67.54946042128215
 10
358.0681663362319
 20
67.07685705908241
 10
357.91434719964445
 20
66.61124038959773
 10
357.7378666140462
 20
66.15373212454735
 10
357.53914973676933
 20
65.70543444178747
 10
357.3186752943388
 20
65.2674273300673
 10
357.07697442917714
 20
64.84076598724064
 10
356.814629420036
 20
64.42647827820106
 10
356.53227227923486
 20
64.02556225866442
 10
356.2305832300874
 20
63.63898377076447
 10
355.9102890681836
 20
63.26767411625374
 10
355.5721614104749
 20
62.91252781291529
 10
355.21701483638066
 20
62.574400439590335
 10
354.8457049253943
 20
62.25410657501309
 10
354.4591261959168
 20
61.95241783541867
 10
354.0582099502826
 20
61.67006101565133
 10
353.64392203117023
 20
61.40771633825142
 10
353.2172604948016
 20
61.1660158147392
 10
352.7792532065365
 20
60.94554172304315
 10
352.33095536465413
 20
60.74682520474103
 10
351.873446958287
 20
60.5703449854928
 10
351.40783016563165
 20
60.41652622174824
 10
350.9352266987042
 20
60.285739476507445
 10
350.4567751010366
 20
60.1782998266018
 10
349.9736280048248
 20
60.094466103646056
 10
349.4869493541358
 20
60.034440270490066
 10
348.99791160086363
 20
59.99836693467244
 10
348.50769288018887
 20
59.986333000048205
  0
LWPOLYLINE
  5
648
330
17
100
AcDbEntity
  8
GIZLI
100
AcDbPolyline
 90
2
 70
0
 10
361.41935588016923
 20
64.388996000067
 10
362.30835988018885
 20
63.50000000004659
  0
LWPOLYLINE
  5
649
330
17
100
AcDbEntity
  8
GIZLI
100
AcDbPolyline
 90
17
 70
0
 10
363.0280268801891
 20
63.20366800004133
 10
362.9781535368447
 20
63.20494162918453
 10
362.92840123806866
 20
63.208640449813245
 10
362.8788878436518
 20
63.21475569967454
 10
362.8297306474369
 20
63.22327289216001
 10
362.78104609945757
 20
63.23417185062356
 10
362.73294953007604
 20
63.247426756178506
 10
362.68555487677355
 20
63.26300620886072
 10
362.6389744142401
 20
63.28087330201305
 10
362.59331848840355
 20
63.300985709714595
 10
362.54869525502767
 20
63.32329578704798
 10
362.5052104234983
 20
63.34775068296688
 10
362.4629670064053
 20
63.37429246549651
 10
362.4220650755127
 20
63.40285825897053
 10
362.38260152469553
 20
63.43338039297921
 10
362.34466984040483
 20
63.465786562675966
 10
362.30835988020476
 20
63.50000000006261
  0
LWPOLYLINE
  5
64A
330
17
100
AcDbEntity
  8
GIZLI
100
AcDbPolyline
 90
2
 70
0
 10
363.02802688018903
 20
63.20366800004679
 10
373.01869588018906
 20
63.20366800004679
  0
LWPOLYLINE
  5
64B
330
17
100
AcDbEntity
  8
GIZLI
100
AcDbPolyline
 90
2
 70
0
 10
373.5266918801891
 20
63.28832800004673
 10
373.01869588018906
 20
63.203668000046825
  0
LWPOLYLINE
  5
64C
330
17
100
AcDbEntity
  8
GIZLI
100
AcDbPolyline
 90
2
 70
0
 10
374.0346958801889
 20
63.457665000046724
 10
373.5266918801889
 20
63.28832800004684
  0
LWPOLYLINE
  5
64D
330
17
100
AcDbEntity
  8
GIZLI
100
AcDbPolyline
 90
2
 70
0
 10
374.41569588018865
 20
63.796332000046824
 10
374.0346958801888
 20
63.45766500004674
  0
LWPOLYLINE
  5
64E
330
17
100
AcDbEntity
  8
GIZLI
100
AcDbPolyline
 90
2
 70
0
 10
374.75436288018886
 20
64.21966700004678
 10
374.4156958801889
 20
63.7963320000468
  0
LWPOLYLINE
  5
64F
330
17
100
AcDbEntity
  8
GIZLI
100
AcDbPolyline
 90
2
 70
0
 10
374.9236918801889
 20
64.68532800004681
 10
374.7543628801891
 20
64.21966700004677
  0
LWPOLYLINE
  5
650
330
17
100
AcDbEntity
  8
GIZLI
100
AcDbPolyline
 90
2
 70
0
 10
375.00835988018883
 20
65.1933310000468
 10
374.923691880189
 20
64.68532800004677
  0
LWPOLYLINE
  5
651
330
17
100
AcDbEntity
  8
GIZLI
100
AcDbPolyline
 90
2
 70
0
 10
375.0083598801891
 20
65.19333100004678
 10
375.0083598801891
 20
90.84732900004678
  0
LWPOLYLINE
  5
652
330
17
100
AcDbEntity
  8
GIZLI
100
AcDbPolyline
 90
21
 70
0
 10
374.45802988023763
 20
91.73632500013247
 10
374.5046543497786
 20
91.7081218227402
 10
374.54981908620545
 20
91.67763564622551
 10
374.5934123982682
 20
91.64494186213138
 10
374.6353264808094
 20
91.61012132135838
 10
374.6754576813637
 20
91.57326013422256
 10
374.7137067564879
 20
91.53444945750678
 10
374.74997911718725
 20
91.49378526903229
 10
374.7841850628318
 20
91.45136813030798
 10
374.81624000298365
 20
91.40730293784439
 10
374.84606466658715
 20
91.36169866374719
 10
374.873585298004
 20
91.31466808623202
 10
374.89873383940926
 20
91.26632751072675
 10
374.92144809909655
 20
91.21679648225115
 10
374.94167190527656
 20
91.16619748978502
 10
374.9593552449884
 20
91.1146556633561
 10
374.97445438778055
 20
91.06229846459667
 10
374.986931993855
 20
91.00925537153411
 10
374.99675720640784
 20
90.95565755839509
 10
375.00390572793697
 20
90.90163757121496
 10
375.00835988032964
 20
90.84732900005483
  0
LWPOLYLINE
  5
653
330
17
100
AcDbEntity
  8
GIZLI
100
AcDbPolyline
 90
2
 70
0
 10
374.45802988018886
 20
91.73632500004683
 10
373.86536388018885
 20
92.07499200004673
  0
LWPOLYLINE
  5
654
330
17
100
AcDbEntity
  8
GIZLI
100
AcDbPolyline
 90
2
 70
0
 10
373.86536388018874
 20
92.07499200004666
 10
373.31502988018894
 20
92.54065900004689
  0
LWPOLYLINE
  5
655
330
17
100
AcDbEntity
  8
GIZLI
100
AcDbPolyline
 90
2
 70
0
 10
373.31502988018883
 20
92.54065900004665
 10
372.84936388018923
 20
93.09099200004692
  0
LWPOLYLINE
  5
656
330
17
100
AcDbEntity
  8
GIZLI
100
AcDbPolyline
 90
2
 70
0
 10
372.8493638801889
 20
93.09099200004673
 10
372.51069688018913
 20
93.68365900004686
  0
LWPOLYLINE
  5
657
330
17
100
AcDbEntity
  8
GIZLI
100
AcDbPolyline
 90
2
 70
0
 10
372.5106968801888
 20
93.68365900004673
 10
372.214363880189
 20
94.31865900004684
  0
LWPOLYLINE
  5
658
330
17
100
AcDbEntity
  8
GIZLI
100
AcDbPolyline
 90
2
 70
0
 10
372.2143638801889
 20
94.31865900004682
 10
372.0450298801885
 20
94.99599200004674
  0
LWPOLYLINE
  5
659
330
17
100
AcDbEntity
  8
GIZLI
100
AcDbPolyline
 90
2
 70
0
 10
372.0450298801889
 20
94.99599200004677
 10
372.00269626640113
 20
95.71566943452623
  0
LWPOLYLINE
  5
65A
330
17
100
AcDbEntity
  8
GIZLI
100
AcDbPolyline
 90
2
 70
0
 10
372.00268888018877
 20
95.71566900004679
 10
372.00268888018877
 20
106.00267000004678
  0
LWPOLYLINE
  5
65B
330
17
100
AcDbEntity
  8
GIZLI
100
AcDbPolyline
 90
33
 70
0
 10
371.029024880189
 20
106.97633500002435
 10
371.0768003527169
 20
106.97516222056575
 10
371.12446073171674
 20
106.97164661812734
 10
371.17189119873746
 20
106.96579666213455
 10
371.2189774892078
 20
106.95762644569581
 10
371.2656061677113
 20
106.94715565165075
 10
371.3116649012627
 20
106.93440950515243
 10
371.3570427299293
 20
106.91941871289751
 10
371.4016303341436
 20
106.90221938915083
 10
371.44532029806544
 20
106.88285296874267
 10
371.4880073683565
 20
106.86136610724824
 10
371.5295887077461
 20
106.83781056858992
 10
371.5699641427759
 20
106.81224310033295
 10
371.60903640512754
 20
106.78472529697508
 10
371.6467113659513
 20
106.75532345155949
 10
371.68289826263185
 20
106.72410839596846
 10
371.71750991744364
 20
106.69115533028248
 10
371.75046294757107
 20
106.6565436416161
 10
371.7816779659852
 20
106.6203567128666
 10
371.81107977269517
 20
106.58268172183661
 10
371.83859753591184
 20
106.54360943121438
 10
371.8641649626888
 20
106.50323396991767
 10
371.88772045862817
 20
106.46165260632813
 10
371.9092072762677
 20
106.41896551396238
 10
371.92857365179066
 20
106.37527553014434
 10
371.9457729297299
 20
106.33068790826017
 10
371.96076367536557
 20
106.28531006419279
 10
371.9735097745451
 20
106.23925131754655
 10
371.98398052068586
 20
106.19262262828582
 10
371.99215068875014
 20
106.14553632942173
 10
371.9980005960149
 20
106.09810585639109
 10
372.001516149489
 20
106.05044547377945
 10
372.00268887986516
 20
106.00267000004679
  0
LWPOLYLINE
  5
65C
330
17
100
AcDbEntity
  8
GIZLI
100
AcDbPolyline
 90
2
 70
0
 10
371.0290248801891
 20
106.97633500004677
 10
364.0016918801891
 20
106.97633500004677
  0
LWPOLYLINE
  5
65D
330
17
100
AcDbEntity
  8
GIZLI
100
AcDbPolyline
 90
2
 70
0
 10
363.49369588018897
 20
106.89166600004681
 10
364.001691880189
 20
106.97633500004677
  0
LWPOLYLINE
  5
65E
330
17
100
AcDbEntity
  8
GIZLI
100
AcDbPolyline
 90
2
 70
0
 10
363.02802688018875
 20
106.72232900004688
 10
363.4936958801888
 20
106.89166600004671
  0
LWPOLYLINE
  5
65F
330
17
100
AcDbEntity
  8
GIZLI
100
AcDbPolyline
 90
2
 70
0
 10
362.60469188018897
 20
106.38367100004676
 10
363.0280268801889
 20
106.72232900004683
  0
LWPOLYLINE
  5
660
330
17
100
AcDbEntity
  8
GIZLI
100
AcDbPolyline
 90
2
 70
0
 10
362.26602588018886
 20
106.00267000004682
 10
362.60469188018897
 20
106.38367100004673
  0
LWPOLYLINE
  5
661
330
17
100
AcDbEntity
  8
GIZLI
100
AcDbPolyline
 90
2
 70
0
 10
362.0966968801889
 20
105.4946590000468
 10
362.266025880189
 20
106.00267000004676
  0
LWPOLYLINE
  5
662
330
17
100
AcDbEntity
  8
GIZLI
100
AcDbPolyline
 90
2
 70
0
 10
362.0120278801889
 20
104.98666300004678
 10
362.09669688018886
 20
105.49465900004678
  0
LWPOLYLINE
  5
663
330
17
100
AcDbEntity
  8
GIZLI
100
AcDbPolyline
 90
2
 70
0
 10
362.01202788018895
 20
104.98666300004679
 10
362.01202788018895
 20
69.97699400004679
  0
LWPOLYLINE
  5
664
330
17
100
AcDbEntity
  8
GIZLI
100
AcDbPolyline
 90
2
 70
0
 10
362.0120278801887
 20
69.97699400004679
 10
361.92735988018876
 20
68.41066600004679
  0
LWPOLYLINE
  5
665
330
17
100
AcDbEntity
  8
GIZLI
100
AcDbPolyline
 90
2
 70
0
 10
361.92735988018933
 20
68.41066600004672
 10
361.63102788018875
 20
66.92899700004685
  0
LWPOLYLINE
  5
666
330
17
100
AcDbEntity
  8
GIZLI
100
AcDbPolyline
 90
2
 70
0
 10
361.6310278801891
 20
66.92899700004673
 10
361.20769288019096
 20
65.44732900005475
  0
LWPOLYLINE
  5
667
330
17
100
AcDbEntity
  8
GIZLI
100
AcDbPolyline
 90
25
 70
0
 10
361.41935588020743
 20
64.38899600010525
 10
361.38648726229803
 20
64.42351641925363
 10
361.35534891699194
 20
64.45960532105259
 10
361.3260155923283
 20
64.49717607358208
 10
361.2985577033685
 20
64.53613848771836
 10
361.27304116316407
 20
64.5763990336343
 10
361.2495272245312
 20
64.61786106531903
 10
361.22807233301273
 20
64.66042505257806
 10
361.2087279913798
 20
64.70398881995696
 10
361.1915406359985
 20
64.74844779201493
 10
361.17655152535883
 20
64.79369524435967
 10
361.1637966410334
 20
64.83962255984076
 10
361.1533066013027
 20
64.88611948928673
 10
361.1451065876557
 20
64.93307441615967
 10
361.1392162843413
 20
64.9803746244924
 10
361.1356498311161
 20
65.02790656946468
 10
361.1344157893016
 20
65.07555614996919
 10
361.1355171212326
 20
65.12320898251284
 10
361.13895118314633
 20
65.17075067579597
 10
361.1447097315284
 20
65.21806710531033
 10
361.1527789429018
 20
65.26504468729648
 10
361.16313944701045
 20
65.31157065140331
 10
361.17576637331734
 20
65.35753331139483
 10
361.190629410707
 20
65.40282233325455
 10
361.2076928802476
 20
65.44732900004382
  0
LWPOLYLINE
  5
668
330
17
100
AcDbEntity
  8
GIZLI
100
AcDbPolyline
 90
2
 70
0
 10
323.9966888801889
 20
27.47433200004678
 10
323.9966888801889
 20
11.556998000046775
  0
LWPOLYLINE
  5
669
330
17
100
AcDbEntity
  8
GIZLI
100
AcDbPolyline
 90
23
 70
0
 10
324.5046998801978
 20
10.667997000062705
 10
324.46285153684295
 20
10.693157985223351
 10
324.4222749718484
 20
10.720322325617474
 10
324.3830660099817
 20
10.749425870506858
 10
324.345317246307
 20
10.780399889568521
 10
324.30911782751525
 20
10.81317123520678
 10
324.2745532413969
 20
10.847662515297102
 10
324.2417051149558
 20
10.883792275953713
 10
324.2106510216402
 20
10.921475193889403
 10
324.1814642981476
 20
10.96062227791321
 10
324.1542138712338
 20
11.001141079090157
 10
324.1289640949372
 20
11.042935909066728
 10
324.10577459860144
 20
11.085908066046468
 10
324.08470014605604
 20
11.129956067882105
 10
324.0657905062875
 20
11.174975891733649
 10
324.04909033590565
 20
11.220861219726551
 10
324.0346390736836
 20
11.267503690029795
 10
324.02247084742
 20
11.314793152760913
 10
324.01261439334354
 20
11.362617930113647
 10
324.00509298825006
 20
11.410865080093924
 10
323.9999243945325
 20
11.45942066324131
 10
323.9971208182337
 20
11.508170011706053
 10
323.9966888802209
 20
11.556998000046274
  0
LWPOLYLINE
  5
66A
330
17
100
AcDbEntity
  8
GIZLI
100
AcDbPolyline
 90
2
 70
0
 10
324.5046998801886
 20
10.667997000046348
 10
326.66369288018905
 20
9.440331000047198
  0
LWPOLYLINE
  5
66B
330
17
100
AcDbEntity
  8
GIZLI
100
AcDbPolyline
 90
35
 70
0
 10
328.1128139729427
 20
9.914613689712219
 10
328.09105162341115
 20
9.869060041949911
 10
328.0670832938171
 20
9.824627465409108
 10
328.04096656631987
 20
9.78142270610623
 10
328.01276418444775
 20
9.739549560316558
 10
327.98254390236116
 20
9.699108625211267
 10
327.95037832207817
 20
9.660197057180085
 10
327.9163447190537
 20
9.622908338420157
 10
327.8805248565306
 20
9.587332052351915
 10
327.84300478910956
 20
9.553553668401456
 10
327.80387465600927
 20
9.52165433666649
 10
327.7632284645135
 20
9.49171069295917
 10
327.72116386412534
 20
9.463794674694153
 10
327.6777819119718
 20
9.437973348064222
 10
327.6331868300209
 20
9.414308746918664
 10
327.5874857546965
 20
9.392857723731474
 10
327.5407884794906
 20
9.373671813017456
 10
327.4932071911925
 20
9.356797107524308
 10
327.44485620036846
 20
9.342274147498173
 10
327.3958516667388
 20
9.33013782328866
 10
327.3463113201124
 20
9.320417291527324
 10
327.29635417755
 20
9.313135905080998
 10
327.2461002574338
 20
9.308311156948236
 10
327.1956702911327
 20
9.305954638233661
 10
327.14518543295344
 20
9.306072010301193
 10
327.09476696907655
 20
9.308662991173016
 10
327.0445360261751
 20
9.313721356207026
 10
326.9946132804168
 20
9.321234953051075
 10
326.9451186675481
 20
9.331185730838111
 10
326.89617109475773
 20
9.343549783552053
 10
326.84788815501037
 20
9.358297407460267
 10
326.8003858445386
 20
9.375393172474592
 10
326.7537782841701
 20
9.394796007269548
 10
326.7081774451609
 20
9.416459297953196
 10
326.6636928801927
 20
9.440331000053597
  0
LWPOLYLINE
  5
66C
330
17
100
AcDbEntity
  8
GIZLI
100
AcDbPolyline
 90
19
 70
0
 10
328.1128139730636
 20
9.914613689658061
 10
328.1332515396106
 20
9.957426512682343
 10
328.1557367694945
 20
9.999200264952616
 10
328.1802169861905
 20
10.039837082399252
 10
328.2066348394845
 20
10.07924176446889
 10
328.23492843982876
 20
10.117321997152377
 10
328.2650315033316
 20
10.153988569250327
 10
328.2968735070416
 20
10.189155581369707
 10
328.3303798541629
 20
10.222740647161778
 10
328.3654720488145
 20
10.254665086329986
 10
328.40206787992383
 20
10.284854108955589
 10
328.44008161382396
 20
10.313236990709278
 10
328.47942419510326
 20
10.339747238538234
 10
328.5200034552372
 20
10.364322746440521
 10
328.5617243285128
 20
10.38690594096186
 10
328.6044890747411
 20
10.40744391607392
 10
328.6481975082342
 20
10.425888557118164
 10
328.6927472325124
 20
10.442196653524864
 10
328.73803388018985
 20
10.456330000043216
  0
LWPOLYLINE
  5
66D
330
17
100
AcDbEntity
  8
GIZLI
100
AcDbPolyline
 90
2
 70
0
 10
328.73803388018956
 20
10.45633000004515
 10
335.55369488018863
 20
12.403664000048398
  0
LWPOLYLINE
  5
66E
330
17
100
AcDbEntity
  8
GIZLI
100
AcDbPolyline
 90
27
 70
0
 10
336.99302888016695
 20
14.350997000046771
 10
336.9905878742596
 20
14.251301818891687
 10
336.98327043867874
 20
14.151845583330989
 10
336.9710941120567
 20
14.052866672822855
 10
336.9540880789499
 20
13.954602322759584
 10
336.93229309988936
 20
13.857288055855207
 10
336.90576141368416
 20
13.761157117638152
 10
336.87455661221406
 20
13.666439917401888
 10
336.8387534880109
 20
13.573363475953574
 10
336.7984378549939
 20
13.48215088148428
 10
336.753706342788
 20
13.393020754865052
 10
336.7046661651198
 20
13.30618672565036
 10
336.65143486284455
 20
13.221856920044857
 10
336.5941400222208
 20
13.140233462060731
 10
336.53291896910844
 20
13.061511989061295
 10
336.46791843982214
 20
12.985881182851916
 10
336.3992942294295
 20
12.913522317442268
 10
336.32721081833745
 20
12.844608824563743
 10
336.25184097806084
 20
12.779305877983493
 10
336.17336535711894
 20
12.71776999761136
 10
336.0919720480522
 20
12.660148674348644
 10
336.0078561365965
 20
12.606580016577809
 10
335.9212192340967
 20
12.557192419140492
 10
335.83226899427876
 20
12.512104255597212
 10
335.7412186155393
 20
12.471423594506312
 10
335.64828632994636
 20
12.435247940402277
 10
335.55369488017425
 20
12.40366400009415
  0
LWPOLYLINE
  5
66F
330
17
100
AcDbEntity
  8
GIZLI
100
AcDbPolyline
 90
2
 70
0
 10
336.99302888018906
 20
14.350997000046775
 10
336.99302888018906
 20
27.47433200004678
  0
LWPOLYLINE
  5
670
330
17
100
AcDbEntity
  8
GIZLI
100
AcDbPolyline
 90
34
 70
0
 10
336.0193558801891
 20
28.49033100000659
 10
336.0669818726856
 20
28.489166603845344
 10
336.1144940567847
 20
28.485676139431828
 10
336.1617788946236
 20
28.479867947781678
 10
336.208723391619
 20
28.47175590848557
 10
336.2552153664859
 20
28.461359406541767
 10
336.30114371931234
 20
28.448703286032586
 10
336.3463986970502
 20
28.43381779075556
 10
336.3908721557873
 20
28.416738491951087
 10
336.4344578191746
 20
28.397506203299365
 10
336.4770515323901
 20
28.376166883389647
 10
336.5185515110333
 20
28.352771525894937
 10
336.5588585843552
 20
28.327376037714554
 10
336.5978764322422
 20
28.300041105375794
 10
336.6355118153883
 20
28.27083205001387
 10
336.67167479810547
 20
28.23981867127676
 10
336.7062789632387
 20
28.207075080527936
 10
336.73924161867365
 20
28.172679523745558
 10
336.77048399494254
 20
28.13671419454136
 10
336.79993143345615
 20
28.09926503774604
 10
336.82751356491235
 20
28.06042154403053
 10
336.8531644774546
 20
28.020276536053892
 10
336.8768228741788
 20
27.97892594664896
 10
336.8984322196118
 20
27.93646858957566
 10
336.9179408748121
 20
27.893005923389946
 10
336.93530222076885
 20
27.848641808992575
 10
336.95047476980574
 20
27.803482261437086
 10
336.9634222647221
 20
27.757635196590087
 10
336.9741137654353
 20
27.711210173249274
 10
336.9825237229167
 20
27.664318131335392
 10
336.98863204024576
 20
27.617071126783763
 10
336.99242412063404
 20
27.569582063768973
 10
336.9938909023069
 20
27.521964424902496
 10
336.993028880158
 20
27.474332000048104
  0
LWPOLYLINE
  5
671
330
17
100
AcDbEntity
  8
GIZLI
100
AcDbPolyline
 90
2
 70
0
 10
336.0193558801891
 20
28.49033100004678
 10
325.0126958801891
 20
28.49033100004678
  0
LWPOLYLINE
  5
672
330
17
100
AcDbEntity
  8
GIZLI
100
AcDbPolyline
 90
33
 70
0
 10
323.9966888802101
 20
27.47433200004678
 10
323.9979134790134
 20
27.524184719880832
 10
324.0015827220086
 20
27.57391730450021
 10
324.00768776994136
 20
27.62340994745672
 10
324.01621391567113
 20
27.672543420324786
 10
324.027140619601
 20
27.721199359924274
 10
324.0404415591582
 20
27.76926055345896
 10
324.0560846922049
 20
27.816611220883683
 10
324.07403233422843
 20
27.863137293819996
 10
324.0942412491241
 20
27.908726690348377
 10
324.11666275335097
 20
27.95326958501505
 10
324.14124283321144
 20
27.996658673402948
 10
324.16792227497103
 20
28.03878943062944
 10
324.1966368075049
 20
28.07956036314816
 10
324.22731725712765
 20
28.118873253248296
 10
324.25988971423413
 20
28.15663339566232
 10
324.2942757113483
 20
28.192749825712234
 10
324.33039241215226
 20
28.227135538444674
 10
324.36815281104043
 20
28.259707698226975
 10
324.40746594271707
 20
28.2903878382993
 10
324.44823710133267
 20
28.319102049802094
 10
324.49036806863165
 20
28.345781159823485
 10
324.5337573505616
 20
28.370360898037756
 10
324.57830042177375
 20
28.392782051533377
 10
324.6238899774256
 20
28.41299060745771
 10
324.67041619168015
 20
28.43093788313466
 10
324.71776698227734
 20
28.446580643341886
 10
324.76582828054205
 20
28.459881204465017
 10
324.81448430617684
 20
28.47080752527798
 10
324.8636178461782
 20
28.47933328413073
 10
324.9131105372043
 20
28.485437942358434
 10
324.96284315071375
 20
28.48910679375942
 10
325.01269588018874
 20
28.490331000022564
  0
LWPOLYLINE
  5
673
330
17
100
AcDbEntity
  8
GIZLI
100
AcDbPolyline
 90
2
 70
0
 10
302.4913638801888
 20
54.99099900004679
 10
302.4913638801888
 20
29.675667000046786
  0
LWPOLYLINE
  5
674
330
17
100
AcDbEntity
  8
GIZLI
100
AcDbPolyline
 90
33
 70
0
 10
304.523361880189
 20
27.685995000050383
 10
304.424374351801
 20
27.68637351157876
 10
304.3255280959308
 20
27.691673676459025
 10
304.22706766537794
 20
27.701882381699185
 10
304.1292366583825
 20
27.71697437022272
 10
304.032277115945
 20
27.7369123033564
 10
303.9364289229995
 20
27.761646853208887
 10
303.84192921492075
 20
27.79111682471148
 10
303.7490117908344
 20
27.825249307019188
 10
303.6579065351807
 20
27.863959853897416
 10
303.56883884896405
 20
27.907152692648083
 10
303.48202909209425
 20
27.95472096105821
 10
303.3976920382004
 20
28.006546971784783
 10
303.3160363432651
 20
28.062502503521767
 10
303.2372640293948
 20
28.1224491182289
 10
303.1615699850021
 20
28.186238503637455
 10
303.0891414826378
 20
28.253712840185518
 10
303.0201577156653
 20
28.324705191475033
 10
302.95478935492287
 20
28.399039917284558
 10
302.89319812647176
 20
28.476533108115866
 10
302.8355364114744
 20
28.556993040199416
 10
302.7819468691919
 20
28.64022064983281
 10
302.73256208403535
 20
28.72601002587884
 10
302.6875042375417
 20
28.814148919204566
 10
302.6468848060882
 20
28.90441926780104
 10
302.61080428509183
 20
28.99659773628451
 10
302.57935194037594
 20
29.090456268444374
 10
302.55260558732056
 20
29.185762651470736
 10
302.53063139834126
 20
29.282281090465748
 10
302.5134837391739
 20
29.379772791817256
 10
302.50120503436995
 20
29.477996553991524
 10
302.4938256623347
 20
29.576709364283282
 10
302.4913638801694
 20
29.67566700004678
  0
LWPOLYLINE
  5
675
330
17
100
AcDbEntity
  8
GIZLI
100
AcDbPolyline
 90
2
 70
0
 10
304.5233618801888
 20
27.685995000046773
 10
319.0013538801888
 20
27.685995000046773
  0
LWPOLYLINE
  5
676
330
17
100
AcDbEntity
  8
GIZLI
100
AcDbPolyline
 90
32
 70
0
 10
321.0333518801407
 20
29.590999000049905
 10
321.024579743911
 20
29.49245689778043
 10
321.0110316296003
 20
29.39445717894232
 10
320.9927395185867
 20
29.297231179495753
 10
320.969746590821
 20
29.201008408976076
 10
320.942107122898
 20
29.106016008718708
 10
320.909886359932
 20
29.012478215674356
 10
320.8731603615405
 20
28.920615833080234
 10
320.8320158222998
 20
28.830645709236858
 10
320.78654986709563
 20
28.74278022562074
 10
320.7368698218523
 20
28.657226795541426
 10
320.6830929601813
 20
28.574187374526208
 10
320.6253462265483
 20
28.49385798358841
 10
320.5637659366103
 20
28.416428246504534
 10
320.49849745543247
 20
28.342080942192585
 10
320.429694854342
 20
28.270991573248203
 10
320.35752054723133
 20
28.203327951657158
 10
320.28214490716715
 20
28.139249802662075
 10
320.20374586421167
 20
28.07890838771859
 10
320.12250848540475
 20
28.02244614743092
 10
320.03862453789895
 20
27.96999636530971
 10
319.95229203627804
 20
27.921682853145978
 10
319.8637147751283
 20
27.87761965874371
 10
319.7731018479655
 20
27.837910796701177
 10
319.6806671536534
 20
27.80265000287636
 10
319.58662889147894
 20
27.77192051311618
 10
319.49120904607554
 20
27.74579486677181
 10
319.39463286341146
 20
27.724334735463874
 10
319.297128319079
 20
27.707590777501814
 10
319.1989255801403
 20
27.695602518300984
 10
319.10025646180037
 20
27.68839825707985
 10
319.00135388018896
 20
27.685995000057478
  0
LWPOLYLINE
  5
677
330
17
100
AcDbEntity
  8
GIZLI
100
AcDbPolyline
 90
2
 70
0
 10
321.0333518801887
 20
29.590999000046786
 10
321.1180208801887
 20
30.098994000046783
  0
LWPOLYLINE
  5
678
330
17
100
AcDbEntity
  8
GIZLI
100
AcDbPolyline
 90
2
 70
0
 10
321.11802088018896
 20
30.098994000046822
 10
321.3296998801892
 20
30.564663000046732
  0
LWPOLYLINE
  5
679
330
17
100
AcDbEntity
  8
GIZLI
100
AcDbPolyline
 90
2
 70
0
 10
321.3296998801892
 20
30.564663000046714
 10
321.668358880189
 20
30.945664000046857
  0
LWPOLYLINE
  5
67A
330
17
100
AcDbEntity
  8
GIZLI
100
AcDbPolyline
 90
2
 70
0
 10
321.66835888018886
 20
30.94566400004671
 10
322.0493588801887
 20
31.24199600004685
  0
LWPOLYLINE
  5
67B
330
17
100
AcDbEntity
  8
GIZLI
100
AcDbPolyline
 90
2
 70
0
 10
322.049358880189
 20
31.241996000046868
 10
322.51502788018905
 20
31.411333000046692
  0
LWPOLYLINE
  5
67C
330
17
100
AcDbEntity
  8
GIZLI
100
AcDbPolyline
 90
2
 70
0
 10
322.51502788018877
 20
31.41133300004689
 10
323.0230238801888
 20
31.495994000046668
  0
LWPOLYLINE
  5
67D
330
17
100
AcDbEntity
  8
GIZLI
100
AcDbPolyline
 90
2
 70
0
 10
323.0230238801891
 20
31.495994000046785
 10
342.5386928801891
 20
31.495994000046785
  0
LWPOLYLINE
  5
67E
330
17
100
AcDbEntity
  8
GIZLI
100
AcDbPolyline
 90
26
 70
0
 10
343.4700610136425
 20
32.15219355816344
 10
343.4526006650853
 20
32.10688107623433
 10
343.4329373276069
 20
32.062480198433015
 10
343.41111839983984
 20
32.019097953431036
 10
343.38719647648423
 20
31.976838914477405
 10
343.3612292215279
 20
31.935804947323973
 10
343.3332792292469
 20
31.896094964677193
 10
343.30341387332146
 20
31.85780468776826
 10
343.2717051444312
 20
31.82102641561633
 10
343.23822947672113
 20
31.785848802540972
 10
343.20306756355626
 20
31.75235664446023
 10
343.16630416301
 20
31.720630674489403
 10
343.12802789355374
 20
31.690747368333184
 10
343.0883310204415
 20
31.66277875994039
 10
343.04730923330396
 20
31.636792267865555
 10
343.00506141548743
 20
31.612850532755942
 10
342.9616894056952
 20
31.591011266355775
 10
342.91729775250417
 20
31.571327112391625
 10
342.8719934623499
 20
31.553845519674265
 10
342.8258857415867
 20
31.538608627722947
 10
342.77908573324464
 20
31.525653165187748
 10
342.7317062491187
 20
31.51501036131487
 10
342.68386149783487
 20
31.506705870668284
 10
342.63566680954915
 20
31.500759711289202
 10
342.58723835794376
 20
31.49718621644243
 10
342.5386928801891
 20
31.495994000065913
  0
LWPOLYLINE
  5
67F
330
17
100
AcDbEntity
  8
GIZLI
100
AcDbPolyline
 90
26
 70
0
 10
343.4700610136839
 20
32.15219355814856
 10
343.48752072783554
 20
32.19750210219144
 10
343.5071832093907
 20
32.24189909083522
 10
343.52900106304094
 20
32.28527750763018
 10
343.55292169807444
 20
32.32753279133689
 10
343.5788874551428
 20
32.36856308796522
 10
343.60683574524575
 20
32.408269496287616
 10
343.6366992005983
 20
32.44655630623502
 10
343.6684058370172
 20
32.48333122960058
 10
343.7018792274346
 20
32.51850562249521
 10
343.7370386861213
 20
32.55199469901872
 10
343.7737994631753
 20
32.58371773563144
 10
343.81207294880625
 20
32.613598265733806
 10
343.8517668869249
 20
32.64156426398481
 10
343.89278559752086
 20
32.66754831991503
 10
343.9350302072942
 20
32.69148780041578
 10
343.9783988879835
 20
32.71332500071272
 10
344.0227871018178
 20
32.73300728345997
 10
344.0680878534985
 20
32.75048720561947
 10
344.1141919481059
 20
32.765722632819774
 10
344.1609882543071
 20
32.77867684091857
 10
344.208363972232
 20
32.7893186045242
 10
344.25620490537125
 20
32.79762227226265
 10
344.3043957358401
 20
32.803567828608834
 10
344.352820302346
 20
32.80714094213281
 10
344.4013618801889
 20
32.80833300004495
  0
LWPOLYLINE
  5
680
330
17
100
AcDbEntity
  8
GIZLI
100
AcDbPolyline
 90
2
 70
0
 10
344.40136188018914
 20
32.80833300004679
 10
357.9903578801891
 20
32.80833300004679
  0
LWPOLYLINE
  5
681
330
17
100
AcDbEntity
  8
GIZLI
100
AcDbPolyline
 90
32
 70
0
 10
360.0223558801985
 20
34.79799700004657
 10
360.017679344114
 20
34.69650960895631
 10
360.0079372270985
 20
34.595382700093666
 10
359.9931538713779
 20
34.4948689550948
 10
359.97336621551347
 20
34.39521952350862
 10
359.9486237021048
 20
34.296683395259755
 10
359.9189881542495
 20
34.199506778507704
 10
359.8845336210687
 20
34.103932484456664
 10
359.84534619268356
 20
34.01019932065318
 10
359.8015237851048
 20
33.918541494287595
 10
359.753175895575
 20
33.82918802699019
 10
359.70042332897145
 20
33.74236218258428
 10
359.64339789595664
 20
33.658280909226136
 10
359.5822420836279
 20
33.57715429732552
 10
359.5171086994912
 20
33.49918505460151
 10
359.44816048964697
 20
33.424567999585015
 10
359.3755697321434
 20
33.353489574833816
 10
359.29951780651214
 20
33.28612738107616
 10
359.2201947405631
 20
33.22264973344724
 10
359.1377987355694
 20
33.163215240927016
 10
359.0525356710303
 20
33.107972410030555
 10
358.9646185902484
 20
33.057059273740904
 10
358.87426716800735
 20
33.01060304661178
 10
358.78170716167926
 20
32.96871980690181
 10
358.6871698471343
 20
32.93151420653457
 10
358.5908914408611
 20
32.89907920960914
 10
358.4931125097424
 20
32.87149586011455
 10
358.3940773699604
 20
32.84883307942848
 10
358.29403347653425
 20
32.83114749410632
 10
358.19323080501397
 20
32.818483294390646
 10
358.0919212268774
 20
32.81087212379495
 10
357.9903578801887
 20
32.808333000037294
  0
LWPOLYLINE
  5
682
330
17
100
AcDbEntity
  8
GIZLI
100
AcDbPolyline
 90
2
 70
0
 10
360.0223558801888
 20
34.79799700004679
 10
360.0223558801888
 20
60.1979970000468
  0
LWPOLYLINE
  5
683
330
17
100
AcDbEntity
  8
GIZLI
100
AcDbPolyline
 90
47
 70
0
 10
358.2866898801998
 20
60.87532900003559
 10
358.3242078980008
 20
60.90941404990741
 10
358.36336048399704
 20
60.94160826203143
 10
358.40405244472163
 20
60.971833361152335
 10
358.4461848439558
 20
61.00001585960896
 10
358.48965524327673
 20
61.02608723600827
 10
358.53435795112136
 20
61.0499841018245
 10
358.58018427975856
 20
61.07164835551857
 10
358.6270228095466
 20
61.09102732380304
 10
358.6747596598333
 20
61.10807388970901
 10
358.72327876583864
 20
61.12274660714384
 10
358.77246216084876
 20
61.135009801660836
 10
358.8221902630336
 20
61.14483365719622
 10
358.8723421661916
 20
61.15219428856227
 10
358.92279593371484
 20
61.15707379952043
 10
358.97342889505865
 20
61.15946032629333
 10
359.02411794399626
 20
61.15934806640962
 10
359.0747398379326
 20
61.15673729281188
 10
359.12517149754956
 20
61.151634353192975
 10
359.1752903060546
 20
61.144051654562574
 10
359.22497440730405
 20
61.134007633081474
 10
359.27410300207805
 20
61.12152670923691
 10
359.3225566417848
 20
61.106639228467905
 10
359.37021751888165
 20
61.08938138738501
 10
359.4169697533057
 20
61.06979514576386
 10
359.46269967421836
 20
61.04792812452645
 10
359.5072960963787
 20
61.02383348995821
 10
359.5506505904728
 20
60.99756982444237
 10
359.59265774674304
 20
60.96920098402601
 10
359.6332154312757
 20
60.93879594316387
 10
359.6722250343238
 20
60.90642862701765
 10
359.70959171006143
 20
60.87217773171838
 10
359.7452246071866
 20
60.83612653302897
 10
359.77903708981256
 20
60.79836268387197
 10
359.810946948109
 20
60.75897800121511
 10
359.84087659818306
 20
60.71806824283249
 10
359.8687532707123
 20
60.6757328744843
 10
359.89450918787225
 20
60.63207482808124
 10
359.9180817281275
 20
60.58720025142145
 10
359.93941357848655
 20
60.54121825010855
 10
359.9584528738493
 20
60.494240622278156
 10
359.9751533231091
 20
60.446381586778045
 10
359.9894743217026
 20
60.397757505462636
 10
360.00138105033295
 20
60.34848660027709
 10
360.01084455962825
 20
60.29868866581895
 10
360.01784184052707
 20
60.248484778076026
 10
360.0223558802213
 20
60.19799700004887
  0
LWPOLYLINE
  5
684
330
17
100
AcDbEntity
  8
GIZLI
100
AcDbPolyline
 90
2
 70
0
 10
358.2866898801888
 20
60.87532900004695
 10
357.35535688018916
 20
59.986329000046624
  0
LWPOLYLINE
  5
685
330
17
100
AcDbEntity
  8
GIZLI
100
AcDbPolyline
 90
2
 70
0
 10
357.355356880189
 20
59.9863290000468
 10
356.339356880189
 20
59.224329000046794
  0
LWPOLYLINE
  5
686
330
17
100
AcDbEntity
  8
GIZLI
100
AcDbPolyline
 90
2
 70
0
 10
356.33935688018914
 20
59.22432900004683
 10
355.1963568801891
 20
58.546996000046754
  0
LWPOLYLINE
  5
687
330
17
100
AcDbEntity
  8
GIZLI
100
AcDbPolyline
 90
2
 70
0
 10
355.196356880189
 20
58.546996000047
 10
354.0533568801892
 20
57.99666300004658
  0
LWPOLYLINE
  5
688
330
17
100
AcDbEntity
  8
GIZLI
100
AcDbPolyline
 90
2
 70
0
 10
354.05335688018874
 20
57.99666300004682
 10
352.82569088018874
 20
57.573329000046755
  0
LWPOLYLINE
  5
689
330
17
100
AcDbEntity
  8
GIZLI
100
AcDbPolyline
 90
2
 70
0
 10
352.8256908801891
 20
57.57332900004689
 10
351.5980228801891
 20
57.23466300004669
  0
LWPOLYLINE
  5
68A
330
17
100
AcDbEntity
  8
GIZLI
100
AcDbPolyline
 90
2
 70
0
 10
351.5980228801889
 20
57.23466300004686
 10
350.28568988018895
 20
57.06532900004671
  0
LWPOLYLINE
  5
68B
330
17
100
AcDbEntity
  8
GIZLI
100
AcDbPolyline
 90
2
 70
0
 10
350.2856898801888
 20
57.0653290000468
 10
349.01569578726935
 20
56.98066339384904
  0
LWPOLYLINE
  5
68C
330
17
100
AcDbEntity
  8
GIZLI
100
AcDbPolyline
 90
2
 70
0
 10
349.015695880189
 20
56.98066200004679
 10
304.523361880189
 20
56.98066200004679
  0
LWPOLYLINE
  5
68D
330
17
100
AcDbEntity
  8
GIZLI
100
AcDbPolyline
 90
33
 70
0
 10
302.49136388018945
 20
54.990999000046784
 10
302.4938256402231
 20
55.08995648640505
 10
302.50120499830984
 20
55.18866914741183
 10
302.513483697267
 20
55.28689275924081
 10
302.5306313585109
 20
55.38438430801646
 10
302.55260555721577
 20
55.48090259105179
 10
302.57935192727666
 20
55.576208813605064
 10
302.610804295816
 20
55.67006717967904
 10
302.646884846901
 20
55.762245475401045
 10
302.68750431406727
 20
55.852515643540585
 10
302.7325622011718
 20
55.940654347743035
 10
302.78194703102935
 20
56.02644352508347
 10
302.8355366212169
 20
56.109670925573575
 10
302.8931983863636
 20
56.190130637286806
 10
302.9547896661787
 20
56.267623595802675
 10
303.02015807840587
 20
56.341958076709666
 10
303.08914189583004
 20
56.41295016994834
 10
303.1615704464048
 20
56.48042423482101
 10
303.2372645355106
 20
56.544213334542356
 10
303.31603688929727
 20
56.60415964925571
 10
303.3976926180167
 20
56.66011486649333
 10
303.48202969819687
 20
56.71194054811449
 10
303.5688394724658
 20
56.75950847281365
 10
303.65790716578846
 20
56.8027009533513
 10
303.74901241683887
 20
56.84141112772252
 10
303.84192982319365
 20
56.87554322354307
 10
303.93642949899754
 20
56.90501279499862
 10
304.032277643721
 20
56.92974693177121
 10
304.12923712060353
 20
56.9496844394258
 10
304.2270680433509
 20
56.96477599081066
 10
304.3255283696351
 20
56.974984248097115
 10
304.42437449992804
 20
56.98028395515664
 10
304.5233618801887
 20
56.980662000046706
  0
TEXT
  5
68E
330
17
100
AcDbEntity
  8
YAZI
100
AcDbText
 10
266.0000188801888
 20
-10.0
 30
0.0
 40
5.0
  1
SAG
 11
266.0000188801888
 21
-10.0
 31
0.0
100
AcDbText
  0
DIMENSION
  5
68F
330
17
100
AcDbEntity
  8
OLCU
100
AcDbDimension
280
0
  2
*D5
  3
EZDXF
 10
266.0000188801888
 20
-22.0
 30
0.0
 11
322.2610228801888
 21
-21.775
 31
0.0
 70
32
 71
5
  1
<>
100
AcDbAlignedDimension
 13
266.0000188801888
 23
0.0
 33
0.0
 14
378.52202688018883
 24
0.0
 34
0.0
 50
0.0
100
AcDbRotatedDimension
  0
DIMENSION
  5
69E
330
17
100
AcDbEntity
  8
OLCU
100
AcDbDimension
280
0
  2
*D6
  3
EZDXF
 10
244.0000188801888
 20
0.0
 30
0.0
 11
243.7750188801888
 21
62.73799850002995
 31
0.0
 70
32
 71
5
  1
<>
100
AcDbAlignedDimension
 13
266.0000188801888
 23
0.0
 33
0.0
 14
266.0000188801888
 24
125.4759970000599
 34
0.0
 50
90.0
100
AcDbRotatedDimension
  0
TEXT
  5
6AD
330
17
100
AcDbEntity
  8
YAZI
100
AcDbText
 10
0.0
 20
212.47601444023454
 30
0.0
 40
6.0
  1
TIRSAN_Ray 112,5   TIRSAN_Ray 112,5
 11
0.0
 21
212.47601444023454
 31
0.0
100
AcDbText
  0
TEXT
  5
6AE
330
17
100
AcDbEntity
  8
YAZI
100
AcDbText
 10
0.0
 20
203.47601444023454
 30
0.0
 40
4.5
  1
adet: 1
 11
0.0
 21
203.47601444023454
 31
0.0
100
AcDbText
  0
TEXT
  5
6AF
330
17
100
AcDbEntity
  8
YAZI
100
AcDbText
 10
0.0
 20
194.47601444023454
 30
0.0
 40
4.5
  1
BOY x EN x KALINLIK : 200.0 x 112.52 x 125.48 mm
 11
0.0
 21
194.47601444023454
 31
0.0
100
AcDbText
  0
TEXT
  5
6B0
330
17
100
AcDbEntity
  8
YAZI
100
AcDbText
 10
0.0
 20
185.47601444023454
 30
0.0
 40
4.5
  1
hacim 387289.9 mm3   kutle 3.0402 kg   yuzey 214226.0 mm2
 11
0.0
 21
185.47601444023454
 31
0.0
100
AcDbText
  0
TEXT
  5
6B1
330
17
100
AcDbEntity
  8
YAZI
100
AcDbText
 10
0.0
 20
176.47601444023454
 30
0.0
 40
4.5
  1
dis capler: O16.0, O10.07, O4.06, O3.98, O3.84, O3.55
 11
0.0
 21
176.47601444023454
 31
0.0
100
AcDbText
  0
TEXT
  5
6B2
330
17
100
AcDbEntity
  8
YAZI
100
AcDbText
 10
0.0
 20
167.47601444023454
 30
0.0
 40
4.5
  1
toplam delik: 38
 11
0.0
 21
167.47601444023454
 31
0.0
100
AcDbText
  0
TEXT
  5
6B3
330
17
100
AcDbEntity
  8
YAZI
100
AcDbText
 10
444.52204576037775
 20
212.47601444023454
 30
0.0
 40
5.0
  1
DELIK TABLOSU
 11
444.52204576037775
 21
212.47601444023454
 31
0.0
100
AcDbText
  0
TEXT
  5
6B4
330
17
100
AcDbEntity
  8
YAZI
100
AcDbText
 10
444.52204576037775
 20
203.47601444023454
 30
0.0
 40
4.0
  1
     cap  adet  eksen  derinlik
 11
444.52204576037775
 21
203.47601444023454
 31
0.0
100
AcDbText
  0
TEXT
  5
6B5
330
17
100
AcDbEntity
  8
YAZI
100
AcDbText
 10
444.52204576037775
 20
194.47601444023454
 30
0.0
 40
4.0
  1
O   1.95     3      X    200.00
 11
444.52204576037775
 21
194.47601444023454
 31
0.0
100
AcDbText
  0
TEXT
  5
6B6
330
17
100
AcDbEntity
  8
YAZI
100
AcDbText
 10
444.52204576037775
 20
185.47601444023454
 30
0.0
 40
4.0
  1
O   1.98     3      X    200.00
 11
444.52204576037775
 21
185.47601444023454
 31
0.0
100
AcDbText
  0
TEXT
  5
6B7
330
17
100
AcDbEntity
  8
YAZI
100
AcDbText
 10
444.52204576037775
 20
176.47601444023454
 30
0.0
 40
4.0
  1
O   2.03     3      X    200.00
 11
444.52204576037775
 21
176.47601444023454
 31
0.0
100
AcDbText
  0
TEXT
  5
6B8
330
17
100
AcDbEntity
  8
YAZI
100
AcDbText
 10
444.52204576037775
 20
167.47601444023454
 30
0.0
 40
4.0
  1
O   2.00     2      X    200.00
 11
444.52204576037775
 21
167.47601444023454
 31
0.0
100
AcDbText
  0
TEXT
  5
6B9
330
17
100
AcDbEntity
  8
YAZI
100
AcDbText
 10
444.52204576037775
 20
158.47601444023454
 30
0.0
 40
4.0
  1
O   2.01     2      X    200.00
 11
444.52204576037775
 21
158.47601444023454
 31
0.0
100
AcDbText
  0
TEXT
  5
6BA
330
17
100
AcDbEntity
  8
YAZI
100
AcDbText
 10
444.52204576037775
 20
149.47601444023454
 30
0.0
 40
4.0
  1
O   2.06     2      X    200.00
 11
444.52204576037775
 21
149.47601444023454
 31
0.0
100
AcDbText
  0
TEXT
  5
6BB
330
17
100
AcDbEntity
  8
YAZI
100
AcDbText
 10
444.52204576037775
 20
140.47601444023454
 30
0.0
 40
4.0
  1
O   3.98     2      X    200.00
 11
444.52204576037775
 21
140.47601444023454
 31
0.0
100
AcDbText
  0
TEXT
  5
6BC
330
17
100
AcDbEntity
  8
YAZI
100
AcDbText
 10
444.52204576037775
 20
131.47601444023454
 30
0.0
 40
4.0
  1
O   4.07     2      X    200.00
 11
444.52204576037775
 21
131.47601444023454
 31
0.0
100
AcDbText
  0
TEXT
  5
6BD
330
17
100
AcDbEntity
  8
YAZI
100
AcDbText
 10
444.52204576037775
 20
122.47601444023454
 30
0.0
 40
4.0
  1
O   1.02     1      X    200.00
 11
444.52204576037775
 21
122.47601444023454
 31
0.0
100
AcDbText
  0
TEXT
  5
6BE
330
17
100
AcDbEntity
  8
YAZI
100
AcDbText
 10
444.52204576037775
 20
113.47601444023454
 30
0.0
 40
4.0
  1
O   1.09     1      X    200.00
 11
444.52204576037775
 21
113.47601444023454
 31
0.0
100
AcDbText
  0
TEXT
  5
6BF
330
17
100
AcDbEntity
  8
YAZI
100
AcDbText
 10
444.52204576037775
 20
104.47601444023454
 30
0.0
 40
4.0
  1
O   1.86     1      X    200.00
 11
444.52204576037775
 21
104.47601444023454
 31
0.0
100
AcDbText
  0
TEXT
  5
6C0
330
17
100
AcDbEntity
  8
YAZI
100
AcDbText
 10
444.52204576037775
 20
95.47601444023454
 30
0.0
 40
4.0
  1
O   1.92     1      X    200.00
 11
444.52204576037775
 21
95.47601444023454
 31
0.0
100
AcDbText
  0
TEXT
  5
6C1
330
17
100
AcDbEntity
  8
YAZI
100
AcDbText
 10
444.52204576037775
 20
86.47601444023454
 30
0.0
 40
4.0
  1
O   2.05     1      X    200.00
 11
444.52204576037775
 21
86.47601444023454
 31
0.0
100
AcDbText
  0
TEXT
  5
6C2
330
17
100
AcDbEntity
  8
YAZI
100
AcDbText
 10
444.52204576037775
 20
77.47601444023454
 30
0.0
 40
4.0
  1
O   2.08     1      X    200.00
 11
444.52204576037775
 21
77.47601444023454
 31
0.0
100
AcDbText
  0
TEXT
  5
6C3
330
17
100
AcDbEntity
  8
YAZI
100
AcDbText
 10
444.52204576037775
 20
68.47601444023454
 30
0.0
 40
4.0
  1
O   2.11     1      X    200.00
 11
444.52204576037775
 21
68.47601444023454
 31
0.0
100
AcDbText
  0
TEXT
  5
6C4
330
17
100
AcDbEntity
  8
YAZI
100
AcDbText
 10
444.52204576037775
 20
59.476014440234536
 30
0.0
 40
4.0
  1
O   2.19     1      X    200.00
 11
444.52204576037775
 21
59.476014440234536
 31
0.0
100
AcDbText
  0
TEXT
  5
6C5
330
17
100
AcDbEntity
  8
YAZI
100
AcDbText
 10
444.52204576037775
 20
50.476014440234536
 30
0.0
 40
4.0
  1
O   4.01     1      X    200.00
 11
444.52204576037775
 21
50.476014440234536
 31
0.0
100
AcDbText
  0
TEXT
  5
6C6
330
17
100
AcDbEntity
  8
YAZI
100
AcDbText
 10
444.52204576037775
 20
41.476014440234536
 30
0.0
 40
4.0
  1
O   4.06     1      X    200.00
 11
444.52204576037775
 21
41.476014440234536
 31
0.0
100
AcDbText
  0
ENDSEC
  0
SECTION
  2
OBJECTS
  0
DICTIONARY
  5
A
330
0
100
AcDbDictionary
281
1
  3
ACAD_COLOR
350
B
  3
ACAD_GROUP
350
C
  3
ACAD_LAYOUT
350
D
  3
ACAD_MATERIAL
350
E
  3
ACAD_MLEADERSTYLE
350
F
  3
ACAD_MLINESTYLE
350
10
  3
ACAD_PLOTSETTINGS
350
11
  3
ACAD_PLOTSTYLENAME
350
12
  3
ACAD_SCALELIST
350
14
  3
ACAD_TABLESTYLE
350
15
  3
ACAD_VISUALSTYLE
350
16
  3
EZDXF_META
350
2D
  0
DICTIONARY
  5
B
330
A
100
AcDbDictionary
281
1
  0
DICTIONARY
  5
C
330
A
100
AcDbDictionary
281
1
  0
DICTIONARY
  5
D
330
A
100
AcDbDictionary
281
1
  3
Model
350
1A
  3
Layout1
350
1E
  0
DICTIONARY
  5
E
330
A
100
AcDbDictionary
281
1
  3
ByBlock
350
1F
  3
ByLayer
350
20
  3
Global
350
21
  0
DICTIONARY
  5
F
330
A
100
AcDbDictionary
281
1
  3
Standard
350
2C
  0
DICTIONARY
  5
10
330
A
100
AcDbDictionary
281
1
  3
Standard
350
22
  0
DICTIONARY
  5
11
330
A
100
AcDbDictionary
281
1
  0
ACDBDICTIONARYWDFLT
  5
12
330
A
100
AcDbDictionary
281
1
  3
Normal
350
13
100
AcDbDictionaryWithDefault
340
13
  0
ACDBPLACEHOLDER
  5
13
330
12
  0
DICTIONARY
  5
14
330
A
100
AcDbDictionary
281
1
  0
DICTIONARY
  5
15
330
A
100
AcDbDictionary
281
1
  0
DICTIONARY
  5
16
330
A
100
AcDbDictionary
281
1
  3
2dWireframe
350
5A
  3
Basic
350
5B
  3
Brighten
350
5C
  3
ColorChange
350
5D
  3
Conceptual
350
5E
  3
Dim
350
5F
  3
EdgeColorOff
350
60
  3
Facepattern
350
61
  3
Flat
350
62
  3
FlatWithEdges
350
63
  3
Gouraud
350
64
  3
GouraudWithEdges
350
65
  3
Hidden
350
66
  3
JitterOff
350
67
  3
Linepattern
350
68
  3
Modeling
350
69
  3
OverhangOff
350
6A
  3
Realistic
350
6B
  3
Shaded
350
6C
  3
Shaded with edges
350
6D
  3
Shades of Gray
350
6E
  3
Sketchy
350
6F
  3
Thicken
350
70
  3
Wireframe
350
71
  3
X-Ray
350
72
  0
LAYOUT
  5
1A
330
D
100
AcDbPlotSettings
  1

  4
A3
  6

 40
7.5
 41
20.0
 42
7.5
 43
20.0
 44
420.0
 45
297.0
 46
0.0
 47
0.0
 48
0.0
 49
0.0
140
0.0
141
0.0
142
1.0
143
1.0
 70
1024
 72
1
 73
0
 74
5
  7

 75
16
 76
0
 77
2
 78
300
147
1.0
148
0.0
149
0.0
100
AcDbLayout
  1
Model
 70
1
 71
0
 10
0.0
 20
0.0
 11
420.0
 21
297.0
 12
0.0
 22
0.0
 32
0.0
 14
1e+20
 24
1e+20
 34
1e+20
 15
-1e+20
 25
-1e+20
 35
-1e+20
146
0.0
 13
0.0
 23
0.0
 33
0.0
 16
1.0
 26
0.0
 36
0.0
 17
0.0
 27
1.0
 37
0.0
 76
1
330
17
  0
LAYOUT
  5
1E
330
D
100
AcDbPlotSettings
  1

  4
A3
  6

 40
7.5
 41
20.0
 42
7.5
 43
20.0
 44
420.0
 45
297.0
 46
0.0
 47
0.0
 48
0.0
 49
0.0
140
0.0
141
0.0
142
1.0
143
1.0
 70
0
 72
1
 73
0
 74
5
  7

 75
16
 76
0
 77
2
 78
300
147
1.0
148
0.0
149
0.0
100
AcDbLayout
  1
Layout1
 70
1
 71
1
 10
0.0
 20
0.0
 11
420.0
 21
297.0
 12
0.0
 22
0.0
 32
0.0
 14
1e+20
 24
1e+20
 34
1e+20
 15
-1e+20
 25
-1e+20
 35
-1e+20
146
0.0
 13
0.0
 23
0.0
 33
0.0
 16
1.0
 26
0.0
 36
0.0
 17
0.0
 27
1.0
 37
0.0
 76
1
330
1B
  0
MATERIAL
  5
1F
102
{ACAD_REACTORS
330
E
102
}
330
E
100
AcDbMaterial
  1
ByBlock
  2

 70
0
 40
1.0
 71
1
 41
1.0
 91
-1023410177
 42
1.0
 72
1
  3

 73
1
 74
1
 75
1
 44
0.5
 73
0
 45
1.0
 46
1.0
 77
1
  4

 78
1
 79
1
170
1
 48
1.0
171
1
  6

172
1
173
1
174
1
140
1.0
141
1.0
175
1
  7

176
1
177
1
178
1
143
1.0
179
1
  8

270
1
271
1
272
1
145
1.0
146
1.0
273
1
  9

274
1
275
1
276
1
 42
1.0
 72
1
  3

 73
1
 74
1
 75
1
 94
63
  0
MATERIAL
  5
20
102
{ACAD_REACTORS
330
E
102
}
330
E
100
AcDbMaterial
  1
ByLayer
  2

 70
0
 40
1.0
 71
1
 41
1.0
 91
-1023410177
 42
1.0
 72
1
  3

 73
1
 74
1
 75
1
 44
0.5
 73
0
 45
1.0
 46
1.0
 77
1
  4

 78
1
 79
1
170
1
 48
1.0
171
1
  6

172
1
173
1
174
1
140
1.0
141
1.0
175
1
  7

176
1
177
1
178
1
143
1.0
179
1
  8

270
1
271
1
272
1
145
1.0
146
1.0
273
1
  9

274
1
275
1
276
1
 42
1.0
 72
1
  3

 73
1
 74
1
 75
1
 94
63
  0
MATERIAL
  5
21
102
{ACAD_REACTORS
330
E
102
}
330
E
100
AcDbMaterial
  1
Global
  2

 70
0
 40
1.0
 71
1
 41
1.0
 91
-1023410177
 42
1.0
 72
1
  3

 73
1
 74
1
 75
1
 44
0.5
 73
0
 45
1.0
 46
1.0
 77
1
  4

 78
1
 79
1
170
1
 48
1.0
171
1
  6

172
1
173
1
174
1
140
1.0
141
1.0
175
1
  7

176
1
177
1
178
1
143
1.0
179
1
  8

270
1
271
1
272
1
145
1.0
146
1.0
273
1
  9

274
1
275
1
276
1
 42
1.0
 72
1
  3

 73
1
 74
1
 75
1
 94
63
  0
MLINESTYLE
  5
22
102
{ACAD_REACTORS
330
10
102
}
330
10
100
AcDbMlineStyle
  2
Standard
 70
0
  3

 62
256
 51
90.0
 52
90.0
 71
2
 49
0.5
 62
256
  6
BYLAYER
 49
-0.5
 62
256
  6
BYLAYER
  0
MLEADERSTYLE
  5
2C
102
{ACAD_REACTORS
330
F
102
}
330
F
100
AcDbMLeaderStyle
179
2
170
2
171
1
172
0
 90
2
 40
0.0
 41
0.0
173
1
 91
-1056964608
 92
-2
290
1
 42
2.0
291
1
 43
8.0
  3
Standard
 44
4.0
300

342
29
174
1
175
1
176
0
178
1
 93
-1056964608
 45
4.0
292
0
297
0
 46
4.0
 94
-1056964608
 47
1.0
 49
1.0
140
1.0
294
1
141
0.0
177
0
142
1.0
295
0
296
0
143
3.75
271
0
272
9
273
9
  0
DICTIONARY
  5
2D
330
A
100
AcDbDictionary
280
1
281
1
  3
CREATED_BY_EZDXF
350
2E
  3
WRITTEN_BY_EZDXF
350
6C9
  0
DICTIONARYVAR
  5
2E
330
2D
100
DictionaryVariables
280
0
  1
1.4.4 @ 2026-09-21T14:52:28.607734+00:00
  0
VISUALSTYLE
  5
5A
102
{ACAD_REACTORS
330
16
102
}
330
16
100
AcDbVisualStyle
  2
2dWireframe
 70
4
 90
0
 40
0.6
 62
7
290
0
291
0
  0
VISUALSTYLE
  5
5B
102
{ACAD_REACTORS
330
16
102
}
330
16
100
AcDbVisualStyle
  2
Basic
 70
7
 90
1
 40
0.6
 62
7
290
0
291
1
  0
VISUALSTYLE
  5
5C
102
{ACAD_REACTORS
330
16
102
}
330
16
100
AcDbVisualStyle
  2
Brighten
 70
12
 90
2
 40
0.6
 62
7
290
0
291
1
  0
VISUALSTYLE
  5
5D
102
{ACAD_REACTORS
330
16
102
}
330
16
100
AcDbVisualStyle
  2
ColorChange
 70
16
 90
2
 40
0.6
 62
8
290
0
291
1
  0
VISUALSTYLE
  5
5E
102
{ACAD_REACTORS
330
16
102
}
330
16
100
AcDbVisualStyle
  2
Conceptual
 70
9
 90
3
 40
0.6
 62
7
290
0
291
0
  0
VISUALSTYLE
  5
5F
102
{ACAD_REACTORS
330
16
102
}
330
16
100
AcDbVisualStyle
  2
Dim
 70
11
 90
2
 40
0.6
 62
7
290
0
291
1
  0
VISUALSTYLE
  5
60
102
{ACAD_REACTORS
330
16
102
}
330
16
100
AcDbVisualStyle
  2
EdgeColorOff
 70
22
 90
2
 40
0.6
 62
7
290
0
291
1
  0
VISUALSTYLE
  5
61
102
{ACAD_REACTORS
330
16
102
}
330
16
100
AcDbVisualStyle
  2
Facepattern
 70
15
 90
2
 40
0.6
 62
7
290
0
291
1
  0
VISUALSTYLE
  5
62
102
{ACAD_REACTORS
330
16
102
}
330
16
100
AcDbVisualStyle
  2
Flat
 70
0
 90
2
 40
0.6
 62
7
290
0
291
1
  0
VISUALSTYLE
  5
63
102
{ACAD_REACTORS
330
16
102
}
330
16
100
AcDbVisualStyle
  2
FlatWithEdges
 70
1
 90
2
 40
0.6
 62
7
290
0
291
1
  0
VISUALSTYLE
  5
64
102
{ACAD_REACTORS
330
16
102
}
330
16
100
AcDbVisualStyle
  2
Gouraud
 70
2
 90
2
 40
0.6
 62
7
290
0
291
1
  0
VISUALSTYLE
  5
65
102
{ACAD_REACTORS
330
16
102
}
330
16
100
AcDbVisualStyle
  2
GouraudWithEdges
 70
3
 90
2
 40
0.6
 62
7
290
0
291
1
  0
VISUALSTYLE
  5
66
102
{ACAD_REACTORS
330
16
102
}
330
16
100
AcDbVisualStyle
  2
Hidden
 70
6
 90
1
 40
0.6
 62
7
290
0
291
0
  0
VISUALSTYLE
  5
67
102
{ACAD_REACTORS
330
16
102
}
330
16
100
AcDbVisualStyle
  2
JitterOff
 70
20
 90
2
 40
0.6
 62
7
290
0
291
1
  0
VISUALSTYLE
  5
68
102
{ACAD_REACTORS
330
16
102
}
330
16
100
AcDbVisualStyle
  2
Linepattern
 70
14
 90
2
 40
0.6
 62
7
290
0
291
1
  0
VISUALSTYLE
  5
69
102
{ACAD_REACTORS
330
16
102
}
330
16
100
AcDbVisualStyle
  2
Modeling
 70
10
 90
2
 40
0.6
 62
7
290
0
291
0
  0
VISUALSTYLE
  5
6A
102
{ACAD_REACTORS
330
16
102
}
330
16
100
AcDbVisualStyle
  2
OverhangOff
 70
21
 90
2
 40
0.6
 62
7
290
0
291
1
  0
VISUALSTYLE
  5
6B
102
{ACAD_REACTORS
330
16
102
}
330
16
100
AcDbVisualStyle
  2
Realistic
 70
8
 90
2
 40
0.6
 62
7
290
0
291
0
  0
VISUALSTYLE
  5
6C
102
{ACAD_REACTORS
330
16
102
}
330
16
100
AcDbVisualStyle
  2
Shaded
 70
27
 90
2
 40
0.6
 62
7
290
0
291
0
  0
VISUALSTYLE
  5
6D
102
{ACAD_REACTORS
330
16
102
}
330
16
100
AcDbVisualStyle
  2
Shaded with edges
 70
26
 90
2
 40
0.6
 62
7
290
0
291
0
  0
VISUALSTYLE
  5
6E
102
{ACAD_REACTORS
330
16
102
}
330
16
100
AcDbVisualStyle
  2
Shades of Gray
 70
23
 90
2
 40
0.6
 62
7
290
0
291
0
  0
VISUALSTYLE
  5
6F
102
{ACAD_REACTORS
330
16
102
}
330
16
100
AcDbVisualStyle
  2
Sketchy
 70
24
 90
1
 40
0.6
 62
7
290
0
291
0
  0
VISUALSTYLE
  5
70
102
{ACAD_REACTORS
330
16
102
}
330
16
100
AcDbVisualStyle
  2
Thicken
 70
13
 90
2
 40
0.6
 62
7
290
0
291
1
  0
VISUALSTYLE
  5
71
102
{ACAD_REACTORS
330
16
102
}
330
16
100
AcDbVisualStyle
  2
Wireframe
 70
5
 90
0
 40
0.6
 62
7
290
0
291
0
  0
VISUALSTYLE
  5
72
102
{ACAD_REACTORS
330
16
102
}
330
16
100
AcDbVisualStyle
  2
X-Ray
 70
25
 90
2
 40
0.5
 62
7
290
0
291
0
  0
DICTIONARYVAR
  5
6C9
330
2D
100
DictionaryVariables
280
0
  1
1.4.4 @ 2026-09-21T14:52:28.885490+00:00
  0
ENDSEC
  0
EOF
