  0
SECTION
  2
HEADER
  9
$ACADVER
  1
AC1024
  9
$ACADMAINTVER
 70
6
  9
$DWGCODEPAGE
  3
ANSI_1252
  9
$LASTSAVEDBY
  1
ezdxf
  9
$INSBASE
 10
0.0
 20
0.0
 30
0.0
  9
$EXTMIN
 10
1e+20
 20
1e+20
 30
1e+20
  9
$EXTMAX
 10
-1e+20
 20
-1e+20
 30
-1e+20
  9
$LIMMIN
 10
0.0
 20
0.0
  9
$LIMMAX
 10
420.0
 20
297.0
  9
$ORTHOMODE
 70
0
  9
$REGENMODE
 70
1
  9
$FILLMODE
 70
1
  9
$QTEXTMODE
 70
0
  9
$MIRRTEXT
 70
1
  9
$LTSCALE
 40
1.0
  9
$ATTMODE
 70
1
  9
$TEXTSIZE
 40
2.5
  9
$TRACEWID
 40
1.0
  9
$TEXTSTYLE
  7
Standard
  9
$CLAYER
  8
0
  9
$CELTYPE
  6
ByLayer
  9
$CECOLOR
 62
256
  9
$CELTSCALE
 40
1.0
  9
$DISPSILH
 70
0
  9
$DIMSCALE
 40
1.0
  9
$DIMASZ
 40
2.5
  9
$DIMEXO
 40
0.625
  9
$DIMDLI
 40
3.75
  9
$DIMRND
 40
0.0
  9
$DIMDLE
 40
0.0
  9
$DIMEXE
 40
1.25
  9
$DIMTP
 40
0.0
  9
$DIMTM
 40
0.0
  9
$DIMTXT
 40
10.734294842008218
  9
$DIMCEN
 40
2.5
  9
$DIMTSZ
 40
0.0
  9
$DIMTOL
 70
0
  9
$DIMLIM
 70
0
  9
$DIMTIH
 70
0
  9
$DIMTOH
 70
0
  9
$DIMSE1
 70
0
  9
$DIMSE2
 70
0
  9
$DIMTAD
 70
1
  9
$DIMZIN
 70
8
  9
$DIMBLK
  1

  9
$DIMASO
 70
1
  9
$DIMSHO
 70
1
  9
$DIMPOST
  1

  9
$DIMAPOST
  1

  9
$DIMALT
 70
0
  9
$DIMALTD
 70
3
  9
$DIMALTF
 40
1.0
  9
$DIMLFAC
 40
1.0
  9
$DIMTOFL
 70
1
  9
$DIMTVP
 40
0.0
  9
$DIMTIX
 70
0
  9
$DIMSOXD
 70
0
  9
$DIMSAH
 70
0
  9
$DIMBLK1
  1

  9
$DIMBLK2
  1

  9
$DIMSTYLE
  2
PF_MM
  9
$DIMCLRD
 70
0
  9
$DIMCLRE
 70
0
  9
$DIMCLRT
 70
0
  9
$DIMTFAC
 40
1.0
  9
$DIMGAP
 40
0.625
  9
$DIMJUST
 70
0
  9
$DIMSD1
 70
0
  9
$DIMSD2
 70
0
  9
$DIMTOLJ
 70
0
  9
$DIMTZIN
 70
8
  9
$DIMALTZ
 70
0
  9
$DIMALTTZ
 70
0
  9
$DIMUPT
 70
0
  9
$DIMDEC
 70
2
  9
$DIMTDEC
 70
2
  9
$DIMALTU
 70
2
  9
$DIMALTTD
 70
3
  9
$DIMTXSTY
  7
Standard
  9
$DIMAUNIT
 70
0
  9
$DIMADEC
 70
0
  9
$DIMALTRND
 40
0.0
  9
$DIMAZIN
 70
0
  9
$DIMDSEP
 70
44
  9
$DIMATFIT
 70
3
  9
$DIMFRAC
 70
0
  9
$DIMLDRBLK
  1

  9
$DIMLUNIT
 70
2
  9
$DIMLWD
 70
-2
  9
$DIMLWE
 70
-2
  9
$DIMTMOVE
 70
0
  9
$DIMFXL
 40
1.0
  9
$DIMFXLON
 70
0
  9
$DIMJOGANG
 40
0.785398163397
  9
$DIMTFILL
 70
0
  9
$DIMTFILLCLR
 70
0
  9
$DIMARCSYM
 70
0
  9
$DIMLTYPE
  6

  9
$DIMLTEX1
  6

  9
$DIMLTEX2
  6

  9
$DIMTXTDIRECTION
 70
0
  9
$LUNITS
 70
2
  9
$LUPREC
 70
4
  9
$SKETCHINC
 40
1.0
  9
$FILLETRAD
 40
10.0
  9
$AUNITS
 70
0
  9
$AUPREC
 70
2
  9
$MENU
  1
.
  9
$ELEVATION
 40
0.0
  9
$PELEVATION
 40
0.0
  9
$THICKNESS
 40
0.0
  9
$LIMCHECK
 70
0
  9
$CHAMFERA
 40
0.0
  9
$CHAMFERB
 40
0.0
  9
$CHAMFERC
 40
0.0
  9
$CHAMFERD
 40
0.0
  9
$SKPOLY
 70
0
  9
$TDCREATE
 40
2461307.875925926
  9
$TDUCREATE
 40
2458532.153996898
  9
$TDUPDATE
 40
2461307.875925926
  9
$TDUUPDATE
 40
2458532.1544311
  9
$TDINDWG
 40
0.0
  9
$TDUSRTIMER
 40
0.0
  9
$USRTIMER
 70
1
  9
$ANGBASE
 50
0.0
  9
$ANGDIR
 70
0
  9
$PDMODE
 70
0
  9
$PDSIZE
 40
0.0
  9
$PLINEWID
 40
0.0
  9
$SPLFRAME
 70
0
  9
$SPLINETYPE
 70
6
  9
$SPLINESEGS
 70
8
  9
$HANDSEED
  5
485
  9
$SURFTAB1
 70
6
  9
$SURFTAB2
 70
6
  9
$SURFTYPE
 70
6
  9
$SURFU
 70
6
  9
$SURFV
 70
6
  9
$UCSBASE
  2

  9
$UCSNAME
  2

  9
$UCSORG
 10
0.0
 20
0.0
 30
0.0
  9
$UCSXDIR
 10
1.0
 20
0.0
 30
0.0
  9
$UCSYDIR
 10
0.0
 20
1.0
 30
0.0
  9
$UCSORTHOREF
  2

  9
$UCSORTHOVIEW
 70
0
  9
$UCSORGTOP
 10
0.0
 20
0.0
 30
0.0
  9
$UCSORGBOTTOM
 10
0.0
 20
0.0
 30
0.0
  9
$UCSORGLEFT
 10
0.0
 20
0.0
 30
0.0
  9
$UCSORGRIGHT
 10
0.0
 20
0.0
 30
0.0
  9
$UCSORGFRONT
 10
0.0
 20
0.0
 30
0.0
  9
$UCSORGBACK
 10
0.0
 20
0.0
 30
0.0
  9
$PUCSBASE
  2

  9
$PUCSNAME
  2

  9
$PUCSORG
 10
0.0
 20
0.0
 30
0.0
  9
$PUCSXDIR
 10
1.0
 20
0.0
 30
0.0
  9
$PUCSYDIR
 10
0.0
 20
1.0
 30
0.0
  9
$PUCSORTHOREF
  2

  9
$PUCSORTHOVIEW
 70
0
  9
$PUCSORGTOP
 10
0.0
 20
0.0
 30
0.0
  9
$PUCSORGBOTTOM
 10
0.0
 20
0.0
 30
0.0
  9
$PUCSORGLEFT
 10
0.0
 20
0.0
 30
0.0
  9
$PUCSORGRIGHT
 10
0.0
 20
0.0
 30
0.0
  9
$PUCSORGFRONT
 10
0.0
 20
0.0
 30
0.0
  9
$PUCSORGBACK
 10
0.0
 20
0.0
 30
0.0
  9
$USERI1
 70
0
  9
$USERI2
 70
0
  9
$USERI3
 70
0
  9
$USERI4
 70
0
  9
$USERI5
 70
0
  9
$USERR1
 40
0.0
  9
$USERR2
 40
0.0
  9
$USERR3
 40
0.0
  9
$USERR4
 40
0.0
  9
$USERR5
 40
0.0
  9
$WORLDVIEW
 70
1
  9
$SHADEDGE
 70
3
  9
$SHADEDIF
 70
70
  9
$TILEMODE
 70
1
  9
$MAXACTVP
 70
64
  9
$PINSBASE
 10
0.0
 20
0.0
 30
0.0
  9
$PLIMCHECK
 70
0
  9
$PEXTMIN
 10
1e+20
 20
1e+20
 30
1e+20
  9
$PEXTMAX
 10
-1e+20
 20
-1e+20
 30
-1e+20
  9
$PLIMMIN
 10
0.0
 20
0.0
  9
$PLIMMAX
 10
420.0
 20
297.0
  9
$UNITMODE
 70
0
  9
$VISRETAIN
 70
1
  9
$PLINEGEN
 70
0
  9
$PSLTSCALE
 70
1
  9
$TREEDEPTH
 70
3020
  9
$CMLSTYLE
  2
Standard
  9
$CMLJUST
 70
0
  9
$CMLSCALE
 40
20.0
  9
$PROXYGRAPHICS
 70
1
  9
$MEASUREMENT
 70
1
  9
$CELWEIGHT
370
-1
  9
$ENDCAPS
280
0
  9
$JOINSTYLE
280
0
  9
$LWDISPLAY
290
1
  9
$INSUNITS
 70
4
  9
$HYPERLINKBASE
  1

  9
$STYLESHEET
  1

  9
$XEDIT
290
1
  9
$CEPSNTYPE
380
0
  9
$PSTYLEMODE
290
1
  9
$FINGERPRINTGUID
  2
{E562F748-7215-48FA-A8F9-5C6F2457A13C}
  9
$VERSIONGUID
  2
{3376E9F5-3115-4CFE-B05C-8E724816EA27}
  9
$EXTNAMES
290
1
  9
$PSVPSCALE
 40
0.0
  9
$OLESTARTUP
290
0
  9
$SORTENTS
280
127
  9
$INDEXCTL
280
0
  9
$HIDETEXT
280
1
  9
$XCLIPFRAME
280
1
  9
$HALOGAP
280
0
  9
$OBSCOLOR
 70
257
  9
$OBSLTYPE
280
0
  9
$INTERSECTIONDISPLAY
280
0
  9
$INTERSECTIONCOLOR
 70
257
  9
$DIMASSOC
280
2
  9
$PROJECTNAME
  1

  9
$CAMERADISPLAY
290
0
  9
$LENSLENGTH
 40
50.0
  9
$CAMERAHEIGHT
 40
0.0
  9
$STEPSPERSEC
 40
24.0
  9
$STEPSIZE
 40
100.0
  9
$3DDWFPREC
 40
2.0
  9
$PSOLWIDTH
 40
0.005
  9
$PSOLHEIGHT
 40
0.08
  9
$LOFTANG1
 40
1.570796326795
  9
$LOFTANG2
 40
1.570796326795
  9
$LOFTMAG1
 40
0.0
  9
$LOFTMAG2
 40
0.0
  9
$LOFTPARAM
 70
7
  9
$LOFTNORMALS
280
1
  9
$LATITUDE
 40
37.795
  9
$LONGITUDE
 40
-122.394
  9
$NORTHDIRECTION
 40
0.0
  9
$TIMEZONE
 70
-8000
  9
$LIGHTGLYPHDISPLAY
280
1
  9
$TILEMODELIGHTSYNCH
280
1
  9
$CMATERIAL
347
20
  9
$SOLIDHIST
280
0
  9
$SHOWHIST
280
1
  9
$DWFFRAME
280
2
  9
$DGNFRAME
280
2
  9
$REALWORLDSCALE
290
1
  9
$INTERFERECOLOR
 62
256
  9
$CSHADOW
280
0
  9
$SHADOWPLANELOCATION
 40
0.0
  0
ENDSEC
  0
SECTION
  2
CLASSES
  0
CLASS
  1
ACDBDICTIONARYWDFLT
  2
AcDbDictionaryWithDefault
  3
ObjectDBX Classes
 90
0
 91
0
280
0
281
0
  0
CLASS
  1
SUN
  2
AcDbSun
  3
SCENEOE
 90
1153
 91
0
280
0
281
0
  0
CLASS
  1
VISUALSTYLE
  2
AcDbVisualStyle
  3
ObjectDBX Classes
 90
4095
 91
0
280
0
281
0
  0
CLASS
  1
MATERIAL
  2
AcDbMaterial
  3
ObjectDBX Classes
 90
1153
 91
0
280
0
281
0
  0
CLASS
  1
SCALE
  2
AcDbScale
  3
ObjectDBX Classes
 90
1153
 91
0
280
0
281
0
  0
CLASS
  1
TABLESTYLE
  2
AcDbTableStyle
  3
ObjectDBX Classes
 90
4095
 91
0
280
0
281
0
  0
CLASS
  1
MLEADERSTYLE
  2
AcDbMLeaderStyle
  3
ACDB_MLEADERSTYLE_CLASS
 90
4095
 91
0
280
0
281
0
  0
CLASS
  1
DICTIONARYVAR
  2
AcDbDictionaryVar
  3
ObjectDBX Classes
 90
0
 91
0
280
0
281
0
  0
CLASS
  1
CELLSTYLEMAP
  2
AcDbCellStyleMap
  3
ObjectDBX Classes
 90
1152
 91
0
280
0
281
0
  0
CLASS
  1
MENTALRAYRENDERSETTINGS
  2
AcDbMentalRayRenderSettings
  3
SCENEOE
 90
1024
 91
0
280
0
281
0
  0
CLASS
  1
ACDBDETAILVIEWSTYLE
  2
AcDbDetailViewStyle
  3
ObjectDBX Classes
 90
1025
 91
0
280
0
281
0
  0
CLASS
  1
ACDBSECTIONVIEWSTYLE
  2
AcDbSectionViewStyle
  3
ObjectDBX Classes
 90
1025
 91
0
280
0
281
0
  0
CLASS
  1
RASTERVARIABLES
  2
AcDbRasterVariables
  3
ISM
 90
0
 91
0
280
0
281
0
  0
CLASS
  1
LAYOUT
  2
AcDbLayout
  3
ObjectDBX Classes
 90
0
 91
0
280
0
281
0
  0
CLASS
  1
ACDBPLACEHOLDER
  2
AcDbPlaceHolder
  3
ObjectDBX Classes
 90
0
 91
0
280
0
281
0
  0
ENDSEC
  0
SECTION
  2
TABLES
  0
TABLE
  2
VPORT
  5
8
330
0
100
AcDbSymbolTable
 70
1
  0
VPORT
  5
23
330
8
100
AcDbSymbolTableRecord
100
AcDbViewportTableRecord
  2
*Active
 70
0
 10
0.0
 20
0.0
 11
1.0
 21
1.0
 12
0.0
 22
0.0
 13
0.0
 23
0.0
 14
0.5
 24
0.5
 15
0.5
 25
0.5
 16
0.0
 26
0.0
 36
1.0
 17
0.0
 27
0.0
 37
0.0
 40
1000.0
 41
1.34
 42
50.0
 43
0.0
 44
0.0
 50
0.0
 51
0.0
 71
0
 72
1000
 73
1
 74
3
 75
0
 76
0
 77
0
 78
0
281
0
 65
0
146
0.0
  0
ENDTAB
  0
TABLE
  2
LTYPE
  5
2
330
0
100
AcDbSymbolTable
 70
5
  0
LTYPE
  5
24
330
2
100
AcDbSymbolTableRecord
100
AcDbLinetypeTableRecord
  2
ByBlock
 70
0
  3

 72
65
 73
0
 40
0.0
  0
LTYPE
  5
25
330
2
100
AcDbSymbolTableRecord
100
AcDbLinetypeTableRecord
  2
ByLayer
 70
0
  3

 72
65
 73
0
 40
0.0
  0
LTYPE
  5
26
330
2
100
AcDbSymbolTableRecord
100
AcDbLinetypeTableRecord
  2
Continuous
 70
0
  3

 72
65
 73
0
 40
0.0
  0
LTYPE
  5
36
330
2
100
AcDbSymbolTableRecord
100
AcDbLinetypeTableRecord
  2
KESIK
 70
0
  3

 72
65
 73
2
 40
3.0
 49
2.0
 74
0
 49
-1.0
 74
0
  0
LTYPE
  5
37
330
2
100
AcDbSymbolTableRecord
100
AcDbLinetypeTableRecord
  2
EKSENCIZGI
 70
0
  3

 72
65
 73
4
 40
12.0
 49
8.0
 74
0
 49
-2.0
 74
0
 49
0.0
 74
0
 49
-2.0
 74
0
  0
ENDTAB
  0
TABLE
  2
LAYER
  5
1
330
0
100
AcDbSymbolTable
 70
10
  0
LAYER
  5
27
330
1
100
AcDbSymbolTableRecord
100
AcDbLayerTableRecord
  2
0
 70
0
 62
7
  6
Continuous
370
-3
390
13
347
21
  0
LAYER
  5
28
330
1
100
AcDbSymbolTableRecord
100
AcDbLayerTableRecord
  2
Defpoints
 70
0
 62
7
  6
Continuous
290
0
370
-3
390
13
347
21
  0
LAYER
  5
2F
330
1
100
AcDbSymbolTableRecord
100
AcDbLayerTableRecord
  2
GORUNEN
 70
0
 62
7
  6
Continuous
370
9
390
13
347
21
  0
LAYER
  5
30
330
1
100
AcDbSymbolTableRecord
100
AcDbLayerTableRecord
  2
GIZLI
 70
0
 62
8
  6
KESIK
370
9
390
13
347
21
  0
LAYER
  5
31
330
1
100
AcDbSymbolTableRecord
100
AcDbLayerTableRecord
  2
EKSEN
 70
0
 62
1
  6
EKSENCIZGI
370
9
390
13
347
21
  0
LAYER
  5
32
330
1
100
AcDbSymbolTableRecord
100
AcDbLayerTableRecord
  2
OLCU
 70
0
 62
4
  6
Continuous
370
9
390
13
347
21
  0
LAYER
  5
33
330
1
100
AcDbSymbolTableRecord
100
AcDbLayerTableRecord
  2
YAZI
 70
0
 62
3
  6
Continuous
370
9
390
13
347
21
  0
LAYER
  5
34
330
1
100
AcDbSymbolTableRecord
100
AcDbLayerTableRecord
  2
CERCEVE
 70
0
 62
5
  6
Continuous
370
9
390
13
347
21
  0
LAYER
  5
35
330
1
100
AcDbSymbolTableRecord
100
AcDbLayerTableRecord
  2
TARAMA
 70
0
 62
5
  6
Continuous
370
9
390
13
347
21
  0
LAYER
  5
47A
330
1
100
AcDbSymbolTableRecord
100
AcDbLayerTableRecord
  2
PI3D_GORUNUS_ALANI
 70
0
 62
-8
  6
Continuous
290
0
370
-3
390
13
347
21
  0
ENDTAB
  0
TABLE
  2
STYLE
  5
5
330
0
100
AcDbSymbolTable
 70
1
  0
STYLE
  5
29
330
5
100
AcDbSymbolTableRecord
100
AcDbTextStyleTableRecord
  2
Standard
 70
0
 40
0.0
 41
1.0
 50
0.0
 71
0
 42
2.5
  3
txt
  4

  0
ENDTAB
  0
TABLE
  2
VIEW
  5
7
330
0
100
AcDbSymbolTable
 70
0
  0
ENDTAB
  0
TABLE
  2
UCS
  5
6
330
0
100
AcDbSymbolTable
 70
0
  0
ENDTAB
  0
TABLE
  2
APPID
  5
3
330
0
100
AcDbSymbolTable
 70
4
  0
APPID
  5
2A
330
3
100
AcDbSymbolTableRecord
100
AcDbRegAppTableRecord
  2
ACAD
 70
0
  0
APPID
  5
47B
330
3
100
AcDbSymbolTableRecord
100
AcDbRegAppTableRecord
  2
PI3D
 70
0
  0
APPID
  5
482
330
3
100
AcDbSymbolTableRecord
100
AcDbRegAppTableRecord
  2
HATCHBACKGROUNDCOLOR
 70
0
  0
APPID
  5
483
330
3
100
AcDbSymbolTableRecord
100
AcDbRegAppTableRecord
  2
EZDXF
 70
0
  0
ENDTAB
  0
TABLE
  2
DIMSTYLE
  5
4
330
0
100
AcDbSymbolTable
 70
2
100
AcDbDimStyleTable
  0
DIMSTYLE
105
2B
330
4
100
AcDbSymbolTableRecord
100
AcDbDimStyleTableRecord
  2
Standard
 70
0
 40
1.0
 41
2.5
 42
0.625
 43
3.75
 44
1.25
 45
0.0
 46
0.0
 47
0.0
 48
0.0
 49
2.5
140
2.5
141
2.5
142
0.0
143
0.03937007874
144
1.0
145
0.0
146
1.0
147
0.625
148
0.0
 69
0
 70
0
 71
0
 72
0
 73
0
 74
0
 75
0
 76
0
 77
1
 78
8
 79
3
170
0
171
3
172
1
173
0
174
0
175
0
176
0
177
0
178
0
179
2
271
2
272
2
273
2
274
3
275
0
276
0
277
2
278
44
279
0
280
0
281
0
282
0
283
0
284
8
285
0
286
0
288
0
289
3
290
0
371
-2
372
-2
  0
DIMSTYLE
105
38
330
4
100
AcDbSymbolTableRecord
100
AcDbDimStyleTableRecord
  2
PF_MM
 70
0
 40
1.0
 41
8.587435873606575
 42
5.367147421004109
 43
3.75
 44
6.440576905204931
 45
0.0
 46
0.0
 47
0.0
 48
0.0
 49
2.5
140
10.734294842008218
141
2.5
142
0.0
143
0.03937007874
144
1.0
145
0.0
146
1.0
147
3.757003194702876
148
0.0
 69
0
 70
0
 71
0
 72
0
 73
0
 74
0
 75
0
 76
0
 77
1
 78
8
 79
3
170
0
171
3
172
1
173
0
174
0
175
0
176
4
177
4
178
3
179
2
271
1
272
2
273
2
274
3
275
0
276
0
277
2
278
44
279
0
280
0
281
0
282
0
283
0
284
8
285
0
286
0
288
0
289
3
290
0
371
-2
372
-2
  0
ENDTAB
  0
TABLE
  2
BLOCK_RECORD
  5
9
330
0
100
AcDbSymbolTable
 70
23
  0
BLOCK_RECORD
  5
17
330
9
100
AcDbSymbolTableRecord
100
AcDbBlockTableRecord
  2
*Model_Space
340
1A
 70
0
280
1
281
0
  0
BLOCK_RECORD
  5
1B
330
9
100
AcDbSymbolTableRecord
100
AcDbBlockTableRecord
  2
*Paper_Space
340
1E
 70
0
280
1
281
0
  0
BLOCK_RECORD
  5
C7
330
9
100
AcDbSymbolTableRecord
100
AcDbBlockTableRecord
  2
*D1
340
0
 70
0
280
1
281
0
  0
BLOCK_RECORD
  5
CC
330
9
100
AcDbSymbolTableRecord
100
AcDbBlockTableRecord
  2
_CLOSEDFILLED
340
0
 70
0
280
1
281
0
  0
BLOCK_RECORD
  5
DA
330
9
100
AcDbSymbolTableRecord
100
AcDbBlockTableRecord
  2
*D2
340
0
 70
0
280
1
281
0
  0
BLOCK_RECORD
  5
1BB
330
9
100
AcDbSymbolTableRecord
100
AcDbBlockTableRecord
  2
*D3
340
0
 70
0
280
1
281
0
  0
BLOCK_RECORD
  5
1CA
330
9
100
AcDbSymbolTableRecord
100
AcDbBlockTableRecord
  2
*D4
340
0
 70
0
280
1
281
0
  0
BLOCK_RECORD
  5
296
330
9
100
AcDbSymbolTableRecord
100
AcDbBlockTableRecord
  2
*D5
340
0
 70
0
280
1
281
0
  0
BLOCK_RECORD
  5
2A5
330
9
100
AcDbSymbolTableRecord
100
AcDbBlockTableRecord
  2
*D6
340
0
 70
0
280
1
281
0
  0
BLOCK_RECORD
  5
327
330
9
100
AcDbSymbolTableRecord
100
AcDbBlockTableRecord
  2
*D7
340
0
 70
0
280
1
281
0
  0
BLOCK_RECORD
  5
336
330
9
100
AcDbSymbolTableRecord
100
AcDbBlockTableRecord
  2
*D8
340
0
 70
0
280
1
281
0
  0
BLOCK_RECORD
  5
34D
330
9
100
AcDbSymbolTableRecord
100
AcDbBlockTableRecord
  2
*D9
340
0
 70
0
280
1
281
0
  0
BLOCK_RECORD
  5
365
330
9
100
AcDbSymbolTableRecord
100
AcDbBlockTableRecord
  2
*D11
340
0
 70
0
280
1
281
0
  0
BLOCK_RECORD
  5
371
330
9
100
AcDbSymbolTableRecord
100
AcDbBlockTableRecord
  2
*D12
340
0
 70
0
280
1
281
0
  0
BLOCK_RECORD
  5
37D
330
9
100
AcDbSymbolTableRecord
100
AcDbBlockTableRecord
  2
*D13
340
0
 70
0
280
1
281
0
  0
BLOCK_RECORD
  5
395
330
9
100
AcDbSymbolTableRecord
100
AcDbBlockTableRecord
  2
*D15
340
0
 70
0
280
1
281
0
  0
BLOCK_RECORD
  5
3A1
330
9
100
AcDbSymbolTableRecord
100
AcDbBlockTableRecord
  2
*D16
340
0
 70
0
280
1
281
0
  0
BLOCK_RECORD
  5
3AD
330
9
100
AcDbSymbolTableRecord
100
AcDbBlockTableRecord
  2
*D17
340
0
 70
0
280
1
281
0
  0
BLOCK_RECORD
  5
3B9
330
9
100
AcDbSymbolTableRecord
100
AcDbBlockTableRecord
  2
*D18
340
0
 70
0
280
1
281
0
  0
BLOCK_RECORD
  5
3D1
330
9
100
AcDbSymbolTableRecord
100
AcDbBlockTableRecord
  2
*D20
340
0
 70
0
280
1
281
0
  0
BLOCK_RECORD
  5
3F5
330
9
100
AcDbSymbolTableRecord
100
AcDbBlockTableRecord
  2
*D23
340
0
 70
0
280
1
281
0
  0
BLOCK_RECORD
  5
454
330
9
100
AcDbSymbolTableRecord
100
AcDbBlockTableRecord
  2
*D24
340
0
 70
0
280
1
281
0
  0
BLOCK_RECORD
  5
463
330
9
100
AcDbSymbolTableRecord
100
AcDbBlockTableRecord
  2
*D25
340
0
 70
0
280
1
281
0
  0
ENDTAB
  0
ENDSEC
  0
SECTION
  2
BLOCKS
  0
BLOCK
  5
18
330
17
100
AcDbEntity
  8
0
100
AcDbBlockBegin
  2
*Model_Space
 70
0
 10
0.0
 20
0.0
 30
0.0
  3
*Model_Space
  1

  0
ENDBLK
  5
19
330
17
100
AcDbEntity
  8
0
100
AcDbBlockEnd
  0
BLOCK
  5
1C
330
1B
100
AcDbEntity
  8
0
100
AcDbBlockBegin
  2
*Paper_Space
 70
0
 10
0.0
 20
0.0
 30
0.0
  3
*Paper_Space
  1

  0
ENDBLK
  5
1D
330
1B
100
AcDbEntity
  8
0
100
AcDbBlockEnd
  0
BLOCK
  5
C8
330
C7
100
AcDbEntity
  8
0
100
AcDbBlockBegin
  2
*D1
 70
1
 10
0.0
 20
0.0
 30
0.0
  3
*D1
  1

  0
LINE
  5
CA
330
C7
100
AcDbEntity
  8
0
 62
4
100
AcDbLine
 10
0.0
 20
-5.367147421004108
 30
0.0
 11
0.0
 21
-49.3777562732378
 31
0.0
  0
LINE
  5
CB
330
C7
100
AcDbEntity
  8
0
 62
4
100
AcDbLine
 10
483.04188756202325
 20
-5.367147421004108
 30
0.0
 11
483.04188756202325
 21
-49.3777562732378
 31
0.0
  0
INSERT
  5
D0
330
C7
100
AcDbEntity
  8
OLCU
 62
4
100
AcDbBlockReference
  2
_CLOSEDFILLED
 10
0.0
 20
-42.93717936803287
 30
0.0
 41
8.587435873606575
 42
8.587435873606575
 50
180.0
  0
INSERT
  5
D2
330
C7
100
AcDbEntity
  8
OLCU
 62
4
100
AcDbBlockReference
  2
_CLOSEDFILLED
 10
483.04188756202325
 20
-42.93717936803287
 30
0.0
 41
8.587435873606575
 42
8.587435873606575
  0
LINE
  5
D4
330
C7
100
AcDbEntity
  8
0
 62
4
100
AcDbLine
 10
8.587435873606575
 20
-42.93717936803287
 30
0.0
 11
474.45445168841667
 21
-42.93717936803287
 31
0.0
  0
MTEXT
  5
D5
330
C7
100
AcDbEntity
  8
OLCU
 62
3
100
AcDbMText
 10
241.52094378101162
 20
-33.81302875232589
 30
0.0
 40
10.734294842008218
 71
5
  1
483
  0
POINT
  5
D6
330
C7
100
AcDbEntity
  8
Defpoints
100
AcDbPoint
 10
0.0
 20
-42.93717936803287
 30
0.0
  0
POINT
  5
D7
330
C7
100
AcDbEntity
  8
Defpoints
100
AcDbPoint
 10
0.0
 20
0.0
 30
0.0
  0
POINT
  5
D8
330
C7
100
AcDbEntity
  8
Defpoints
100
AcDbPoint
 10
483.04188756202325
 20
0.0
 30
0.0
  0
ENDBLK
  5
C9
330
C7
100
AcDbEntity
  8
0
100
AcDbBlockEnd
  0
BLOCK
  5
CD
330
CC
100
AcDbEntity
  8
0
100
AcDbBlockBegin
  2
_CLOSEDFILLED
 70
0
 10
0.0
 20
0.0
 30
0.0
  3
_CLOSEDFILLED
  1

  0
SOLID
  5
CF
330
CC
100
AcDbEntity
  8
0
  6
BYBLOCK
 62
0
100
AcDbTrace
 10
-1.0
 20
0.16439898372402537
 30
0.0
 11
0.0
 21
0.0
 31
0.0
 12
-1.0
 22
-0.16439898372402537
 32
0.0
 13
-1.0
 23
-0.16439898372402537
 33
0.0
  0
ENDBLK
  5
CE
330
CC
100
AcDbEntity
  8
0
100
AcDbBlockEnd
  0
BLOCK
  5
DB
330
DA
100
AcDbEntity
  8
0
100
AcDbBlockBegin
  2
*D2
 70
1
 10
0.0
 20
0.0
 30
0.0
  3
*D2
  1

  0
LINE
  5
DD
330
DA
100
AcDbEntity
  8
0
 62
4
100
AcDbLine
 10
-5.367147421004108
 20
0.0
 30
0.0
 11
-49.3777562732378
 21
0.0
 31
0.0
  0
LINE
  5
DE
330
DA
100
AcDbEntity
  8
0
 62
4
100
AcDbLine
 10
-5.367147421004108
 20
32.00000000002592
 30
0.0
 11
-49.3777562732378
 21
32.00000000002592
 31
0.0
  0
INSERT
  5
DF
330
DA
100
AcDbEntity
  8
OLCU
 62
4
100
AcDbBlockReference
  2
_CLOSEDFILLED
 10
-42.93717936803287
 20
0.0
 30
0.0
 41
8.587435873606575
 42
8.587435873606575
 50
270.0
  0
INSERT
  5
E1
330
DA
100
AcDbEntity
  8
OLCU
 62
4
100
AcDbBlockReference
  2
_CLOSEDFILLED
 10
-42.93717936803287
 20
32.00000000002592
 30
0.0
 41
8.587435873606575
 42
8.587435873606575
 50
90.0
  0
LINE
  5
E3
330
DA
100
AcDbEntity
  8
0
 62
4
100
AcDbLine
 10
-42.93717936803287
 20
8.587435873606575
 30
0.0
 11
-42.93717936803287
 21
23.412564126419348
 31
0.0
  0
MTEXT
  5
E4
330
DA
100
AcDbEntity
  8
OLCU
 62
3
100
AcDbMText
 10
-52.06132998373985
 20
16.00000000001296
 30
0.0
 40
10.734294842008218
 71
5
  1
32
 50
90.0
  0
POINT
  5
E5
330
DA
100
AcDbEntity
  8
Defpoints
100
AcDbPoint
 10
-42.93717936803287
 20
0.0
 30
0.0
  0
POINT
  5
E6
330
DA
100
AcDbEntity
  8
Defpoints
100
AcDbPoint
 10
0.0
 20
0.0
 30
0.0
  0
POINT
  5
E7
330
DA
100
AcDbEntity
  8
Defpoints
100
AcDbPoint
 10
0.0
 20
32.00000000002592
 30
0.0
  0
ENDBLK
  5
DC
330
DA
100
AcDbEntity
  8
0
100
AcDbBlockEnd
  0
BLOCK
  5
1BC
330
1BB
100
AcDbEntity
  8
0
100
AcDbBlockBegin
  2
*D3
 70
1
 10
0.0
 20
0.0
 30
0.0
  3
*D3
  1

  0
LINE
  5
1BE
330
1BB
100
AcDbEntity
  8
0
 62
4
100
AcDbLine
 10
-275.08583490555725
 20
-5.367147421004108
 30
0.0
 11
-275.08583490555725
 21
-49.3777562732378
 31
0.0
  0
LINE
  5
1BF
330
1BB
100
AcDbEntity
  8
0
 62
4
100
AcDbLine
 10
-198.5858349054986
 20
-5.367147421004108
 30
0.0
 11
-198.5858349054986
 21
-49.3777562732378
 31
0.0
  0
INSERT
  5
1C0
330
1BB
100
AcDbEntity
  8
OLCU
 62
4
100
AcDbBlockReference
  2
_CLOSEDFILLED
 10
-275.08583490555725
 20
-42.93717936803287
 30
0.0
 41
8.587435873606575
 42
8.587435873606575
 50
180.0
  0
INSERT
  5
1C2
330
1BB
100
AcDbEntity
  8
OLCU
 62
4
100
AcDbBlockReference
  2
_CLOSEDFILLED
 10
-198.5858349054986
 20
-42.93717936803287
 30
0.0
 41
8.587435873606575
 42
8.587435873606575
  0
LINE
  5
1C4
330
1BB
100
AcDbEntity
  8
0
 62
4
100
AcDbLine
 10
-266.49839903195067
 20
-42.93717936803287
 30
0.0
 11
-207.17327077910517
 21
-42.93717936803287
 31
0.0
  0
MTEXT
  5
1C5
330
1BB
100
AcDbEntity
  8
OLCU
 62
3
100
AcDbMText
 10
-236.83583490552792
 20
-33.81302875232589
 30
0.0
 40
10.734294842008218
 71
5
  1
76,5
  0
POINT
  5
1C6
330
1BB
100
AcDbEntity
  8
Defpoints
100
AcDbPoint
 10
-275.08583490555725
 20
-42.93717936803287
 30
0.0
  0
POINT
  5
1C7
330
1BB
100
AcDbEntity
  8
Defpoints
100
AcDbPoint
 10
-275.08583490555725
 20
0.0
 30
0.0
  0
POINT
  5
1C8
330
1BB
100
AcDbEntity
  8
Defpoints
100
AcDbPoint
 10
-198.5858349054986
 20
0.0
 30
0.0
  0
ENDBLK
  5
1BD
330
1BB
100
AcDbEntity
  8
0
100
AcDbBlockEnd
  0
BLOCK
  5
1CB
330
1CA
100
AcDbEntity
  8
0
100
AcDbBlockBegin
  2
*D4
 70
1
 10
0.0
 20
0.0
 30
0.0
  3
*D4
  1

  0
LINE
  5
1CD
330
1CA
100
AcDbEntity
  8
0
 62
4
100
AcDbLine
 10
-280.45298232656137
 20
0.0
 30
0.0
 11
-324.463591178795
 21
0.0
 31
0.0
  0
LINE
  5
1CE
330
1CA
100
AcDbEntity
  8
0
 62
4
100
AcDbLine
 10
-280.45298232656137
 20
32.00000000002592
 30
0.0
 11
-324.463591178795
 21
32.00000000002592
 31
0.0
  0
INSERT
  5
1CF
330
1CA
100
AcDbEntity
  8
OLCU
 62
4
100
AcDbBlockReference
  2
_CLOSEDFILLED
 10
-318.0230142735901
 20
0.0
 30
0.0
 41
8.587435873606575
 42
8.587435873606575
 50
270.0
  0
INSERT
  5
1D1
330
1CA
100
AcDbEntity
  8
OLCU
 62
4
100
AcDbBlockReference
  2
_CLOSEDFILLED
 10
-318.0230142735901
 20
32.00000000002592
 30
0.0
 41
8.587435873606575
 42
8.587435873606575
 50
90.0
  0
LINE
  5
1D3
330
1CA
100
AcDbEntity
  8
0
 62
4
100
AcDbLine
 10
-318.0230142735901
 20
8.587435873606575
 30
0.0
 11
-318.0230142735901
 21
23.412564126419348
 31
0.0
  0
MTEXT
  5
1D4
330
1CA
100
AcDbEntity
  8
OLCU
 62
3
100
AcDbMText
 10
-327.1471648892971
 20
16.00000000001296
 30
0.0
 40
10.734294842008218
 71
5
  1
32
 50
90.0
  0
POINT
  5
1D5
330
1CA
100
AcDbEntity
  8
Defpoints
100
AcDbPoint
 10
-318.0230142735901
 20
0.0
 30
0.0
  0
POINT
  5
1D6
330
1CA
100
AcDbEntity
  8
Defpoints
100
AcDbPoint
 10
-275.08583490555725
 20
0.0
 30
0.0
  0
POINT
  5
1D7
330
1CA
100
AcDbEntity
  8
Defpoints
100
AcDbPoint
 10
-275.08583490555725
 20
32.00000000002592
 30
0.0
  0
ENDBLK
  5
1CC
330
1CA
100
AcDbEntity
  8
0
100
AcDbBlockEnd
  0
BLOCK
  5
297
330
296
100
AcDbEntity
  8
0
100
AcDbBlockBegin
  2
*D5
 70
1
 10
0.0
 20
0.0
 30
0.0
  3
*D5
  1

  0
LINE
  5
299
330
296
100
AcDbEntity
  8
0
 62
4
100
AcDbLine
 10
681.6277224675218
 20
-5.367147421004108
 30
0.0
 11
681.6277224675218
 21
-49.3777562732378
 31
0.0
  0
LINE
  5
29A
330
296
100
AcDbEntity
  8
0
 62
4
100
AcDbLine
 10
758.1277224675805
 20
-5.367147421004108
 30
0.0
 11
758.1277224675805
 21
-49.3777562732378
 31
0.0
  0
INSERT
  5
29B
330
296
100
AcDbEntity
  8
OLCU
 62
4
100
AcDbBlockReference
  2
_CLOSEDFILLED
 10
681.6277224675218
 20
-42.93717936803287
 30
0.0
 41
8.587435873606575
 42
8.587435873606575
 50
180.0
  0
INSERT
  5
29D
330
296
100
AcDbEntity
  8
OLCU
 62
4
100
AcDbBlockReference
  2
_CLOSEDFILLED
 10
758.1277224675805
 20
-42.93717936803287
 30
0.0
 41
8.587435873606575
 42
8.587435873606575
  0
LINE
  5
29F
330
296
100
AcDbEntity
  8
0
 62
4
100
AcDbLine
 10
690.2151583411284
 20
-42.93717936803287
 30
0.0
 11
749.540286593974
 21
-42.93717936803287
 31
0.0
  0
MTEXT
  5
2A0
330
296
100
AcDbEntity
  8
OLCU
 62
3
100
AcDbMText
 10
719.8777224675512
 20
-33.81302875232589
 30
0.0
 40
10.734294842008218
 71
5
  1
76,5
  0
POINT
  5
2A1
330
296
100
AcDbEntity
  8
Defpoints
100
AcDbPoint
 10
681.6277224675218
 20
-42.93717936803287
 30
0.0
  0
POINT
  5
2A2
330
296
100
AcDbEntity
  8
Defpoints
100
AcDbPoint
 10
681.6277224675218
 20
0.0
 30
0.0
  0
POINT
  5
2A3
330
296
100
AcDbEntity
  8
Defpoints
100
AcDbPoint
 10
758.1277224675805
 20
0.0
 30
0.0
  0
ENDBLK
  5
298
330
296
100
AcDbEntity
  8
0
100
AcDbBlockEnd
  0
BLOCK
  5
2A6
330
2A5
100
AcDbEntity
  8
0
100
AcDbBlockBegin
  2
*D6
 70
1
 10
0.0
 20
0.0
 30
0.0
  3
*D6
  1

  0
LINE
  5
2A8
330
2A5
100
AcDbEntity
  8
0
 62
4
100
AcDbLine
 10
676.2605750465177
 20
0.0
 30
0.0
 11
632.2499661942841
 21
0.0
 31
0.0
  0
LINE
  5
2A9
330
2A5
100
AcDbEntity
  8
0
 62
4
100
AcDbLine
 10
676.2605750465177
 20
32.00000000002592
 30
0.0
 11
632.2499661942841
 21
32.00000000002592
 31
0.0
  0
INSERT
  5
2AA
330
2A5
100
AcDbEntity
  8
OLCU
 62
4
100
AcDbBlockReference
  2
_CLOSEDFILLED
 10
638.690543099489
 20
0.0
 30
0.0
 41
8.587435873606575
 42
8.587435873606575
 50
270.0
  0
INSERT
  5
2AC
330
2A5
100
AcDbEntity
  8
OLCU
 62
4
100
AcDbBlockReference
  2
_CLOSEDFILLED
 10
638.690543099489
 20
32.00000000002592
 30
0.0
 41
8.587435873606575
 42
8.587435873606575
 50
90.0
  0
LINE
  5
2AE
330
2A5
100
AcDbEntity
  8
0
 62
4
100
AcDbLine
 10
638.690543099489
 20
8.587435873606575
 30
0.0
 11
638.690543099489
 21
23.412564126419348
 31
0.0
  0
MTEXT
  5
2AF
330
2A5
100
AcDbEntity
  8
OLCU
 62
3
100
AcDbMText
 10
629.566392483782
 20
16.00000000001296
 30
0.0
 40
10.734294842008218
 71
5
  1
32
 50
90.0
  0
POINT
  5
2B0
330
2A5
100
AcDbEntity
  8
Defpoints
100
AcDbPoint
 10
638.690543099489
 20
0.0
 30
0.0
  0
POINT
  5
2B1
330
2A5
100
AcDbEntity
  8
Defpoints
100
AcDbPoint
 10
681.6277224675218
 20
0.0
 30
0.0
  0
POINT
  5
2B2
330
2A5
100
AcDbEntity
  8
Defpoints
100
AcDbPoint
 10
681.6277224675218
 20
32.00000000002592
 30
0.0
  0
ENDBLK
  5
2A7
330
2A5
100
AcDbEntity
  8
0
100
AcDbBlockEnd
  0
BLOCK
  5
328
330
327
100
AcDbEntity
  8
0
100
AcDbBlockBegin
  2
*D7
 70
1
 10
0.0
 20
0.0
 30
0.0
  3
*D7
  1

  0
LINE
  5
32A
330
327
100
AcDbEntity
  8
0
 62
4
100
AcDbLine
 10
0.0
 20
-280.45298232656137
 30
0.0
 11
0.0
 21
-324.463591178795
 31
0.0
  0
LINE
  5
32B
330
327
100
AcDbEntity
  8
0
 62
4
100
AcDbLine
 10
483.0418875620232
 20
-280.45298232656137
 30
0.0
 11
483.0418875620232
 21
-324.463591178795
 31
0.0
  0
INSERT
  5
32C
330
327
100
AcDbEntity
  8
OLCU
 62
4
100
AcDbBlockReference
  2
_CLOSEDFILLED
 10
0.0
 20
-318.0230142735901
 30
0.0
 41
8.587435873606575
 42
8.587435873606575
 50
180.0
  0
INSERT
  5
32E
330
327
100
AcDbEntity
  8
OLCU
 62
4
100
AcDbBlockReference
  2
_CLOSEDFILLED
 10
483.0418875620232
 20
-318.0230142735901
 30
0.0
 41
8.587435873606575
 42
8.587435873606575
  0
LINE
  5
330
330
327
100
AcDbEntity
  8
0
 62
4
100
AcDbLine
 10
8.587435873606575
 20
-318.0230142735901
 30
0.0
 11
474.4544516884166
 21
-318.0230142735901
 31
0.0
  0
MTEXT
  5
331
330
327
100
AcDbEntity
  8
OLCU
 62
3
100
AcDbMText
 10
241.5209437810116
 20
-308.8988636578831
 30
0.0
 40
10.734294842008218
 71
5
  1
483
  0
POINT
  5
332
330
327
100
AcDbEntity
  8
Defpoints
100
AcDbPoint
 10
0.0
 20
-318.0230142735901
 30
0.0
  0
POINT
  5
333
330
327
100
AcDbEntity
  8
Defpoints
100
AcDbPoint
 10
0.0
 20
-275.08583490555725
 30
0.0
  0
POINT
  5
334
330
327
100
AcDbEntity
  8
Defpoints
100
AcDbPoint
 10
483.0418875620232
 20
-275.08583490555725
 30
0.0
  0
ENDBLK
  5
329
330
327
100
AcDbEntity
  8
0
100
AcDbBlockEnd
  0
BLOCK
  5
337
330
336
100
AcDbEntity
  8
0
100
AcDbBlockBegin
  2
*D8
 70
1
 10
0.0
 20
0.0
 30
0.0
  3
*D8
  1

  0
LINE
  5
339
330
336
100
AcDbEntity
  8
0
 62
4
100
AcDbLine
 10
-5.367147421004108
 20
-275.08583490555725
 30
0.0
 11
-49.3777562732378
 21
-275.08583490555725
 31
0.0
  0
LINE
  5
33A
330
336
100
AcDbEntity
  8
0
 62
4
100
AcDbLine
 10
-5.367147421004108
 20
-198.58583490553355
 30
0.0
 11
-49.3777562732378
 21
-198.58583490553355
 31
0.0
  0
INSERT
  5
33B
330
336
100
AcDbEntity
  8
OLCU
 62
4
100
AcDbBlockReference
  2
_CLOSEDFILLED
 10
-42.93717936803287
 20
-275.08583490555725
 30
0.0
 41
8.587435873606575
 42
8.587435873606575
 50
270.0
  0
INSERT
  5
33D
330
336
100
AcDbEntity
  8
OLCU
 62
4
100
AcDbBlockReference
  2
_CLOSEDFILLED
 10
-42.93717936803287
 20
-198.58583490553355
 30
0.0
 41
8.587435873606575
 42
8.587435873606575
 50
90.0
  0
LINE
  5
33F
330
336
100
AcDbEntity
  8
0
 62
4
100
AcDbLine
 10
-42.93717936803287
 20
-266.49839903195067
 30
0.0
 11
-42.93717936803287
 21
-207.17327077914013
 31
0.0
  0
MTEXT
  5
340
330
336
100
AcDbEntity
  8
OLCU
 62
3
100
AcDbMText
 10
-52.06132998373985
 20
-236.8358349055454
 30
0.0
 40
10.734294842008218
 71
5
  1
76,5
 50
90.0
  0
POINT
  5
341
330
336
100
AcDbEntity
  8
Defpoints
100
AcDbPoint
 10
-42.93717936803287
 20
-275.08583490555725
 30
0.0
  0
POINT
  5
342
330
336
100
AcDbEntity
  8
Defpoints
100
AcDbPoint
 10
0.0
 20
-275.08583490555725
 30
0.0
  0
POINT
  5
343
330
336
100
AcDbEntity
  8
Defpoints
100
AcDbPoint
 10
0.0
 20
-198.58583490553355
 30
0.0
  0
ENDBLK
  5
338
330
336
100
AcDbEntity
  8
0
100
AcDbBlockEnd
  0
BLOCK
  5
34E
330
34D
100
AcDbEntity
  8
0
100
AcDbBlockBegin
  2
*D9
 70
1
 10
0.0
 20
0.0
 30
0.0
  3
*D9
  1

  0
INSERT
  5
350
330
34D
100
AcDbEntity
  8
OLCU
 62
4
100
AcDbBlockReference
  2
_CLOSEDFILLED
 10
182.7116204370561
 20
20.211620437056098
 30
0.0
 41
8.587435873606575
 42
8.587435873606575
 50
225.0
  0
LINE
  5
352
330
34D
100
AcDbEntity
  8
0
 62
4
100
AcDbLine
 10
178.99930983582672
 20
16.499309835826722
 30
0.0
 11
182.7116204370561
 21
20.211620437056098
 31
0.0
  0
LINE
  5
353
330
34D
100
AcDbEntity
  8
0
 62
4
100
AcDbLine
 10
188.78385457628792
 20
26.28385457628793
 30
0.0
 11
206.24152772657945
 21
43.74152772657945
 31
0.0
  0
LINE
  5
354
330
34D
100
AcDbEntity
  8
0
 62
4
100
AcDbLine
 10
206.24152772657945
 20
43.74152772657945
 30
0.0
 11
214.82896360018603
 21
43.74152772657945
 31
0.0
  0
MTEXT
  5
355
330
34D
100
AcDbEntity
  8
OLCU
 62
3
100
AcDbMText
 10
252.39899554721478
 20
43.74152772657945
 30
0.0
 40
10.734294842008218
 71
5
  1
%%c10.5
  0
POINT
  5
356
330
34D
100
AcDbEntity
  8
Defpoints
100
AcDbPoint
 10
178.99930983582672
 20
16.499309835826722
 30
0.0
  0
POINT
  5
357
330
34D
100
AcDbEntity
  8
Defpoints
100
AcDbPoint
 10
182.7116204370561
 20
20.211620437056098
 30
0.0
  0
ENDBLK
  5
34F
330
34D
100
AcDbEntity
  8
0
100
AcDbBlockEnd
  0
BLOCK
  5
366
330
365
100
AcDbEntity
  8
0
100
AcDbBlockBegin
  2
*D11
 70
1
 10
0.0
 20
0.0
 30
0.0
  3
*D11
  1

  0
INSERT
  5
368
330
365
100
AcDbEntity
  8
OLCU
 62
4
100
AcDbBlockReference
  2
_CLOSEDFILLED
 10
467.0612903511662
 20
24.681290351166183
 30
0.0
 41
8.587435873606575
 42
8.587435873606575
 50
224.99999999999974
  0
LINE
  5
36A
330
365
100
AcDbEntity
  8
0
 62
4
100
AcDbLine
 10
463.8793098358267
 20
21.499309835826722
 30
0.0
 11
467.0612903511662
 21
24.681290351166183
 31
0.0
  0
LINE
  5
36B
330
365
100
AcDbEntity
  8
0
 62
4
100
AcDbLine
 10
473.13352449039803
 20
30.753524490397986
 30
0.0
 11
490.59119764068953
 21
48.211197640689534
 31
0.0
  0
LINE
  5
36C
330
365
100
AcDbEntity
  8
0
 62
4
100
AcDbLine
 10
490.59119764068953
 20
48.211197640689534
 30
0.0
 11
499.1786335142961
 21
48.211197640689534
 31
0.0
  0
MTEXT
  5
36D
330
365
100
AcDbEntity
  8
OLCU
 62
3
100
AcDbMText
 10
536.7486654613249
 20
48.211197640689534
 30
0.0
 40
10.734294842008218
 71
5
  1
2x %%c9
  0
POINT
  5
36E
330
365
100
AcDbEntity
  8
Defpoints
100
AcDbPoint
 10
463.8793098358267
 20
21.499309835826722
 30
0.0
  0
POINT
  5
36F
330
365
100
AcDbEntity
  8
Defpoints
100
AcDbPoint
 10
467.0612903511662
 20
24.681290351166183
 30
0.0
  0
ENDBLK
  5
367
330
365
100
AcDbEntity
  8
0
100
AcDbBlockEnd
  0
BLOCK
  5
372
330
371
100
AcDbEntity
  8
0
100
AcDbBlockBegin
  2
*D12
 70
1
 10
0.0
 20
0.0
 30
0.0
  3
*D12
  1

  0
INSERT
  5
374
330
371
100
AcDbEntity
  8
OLCU
 62
4
100
AcDbBlockReference
  2
_CLOSEDFILLED
 10
69.99930983582672
 20
13.999309835826722
 30
0.0
 41
8.587435873606575
 42
8.587435873606575
 50
270.0
  0
LINE
  5
376
330
371
100
AcDbEntity
  8
0
 62
4
100
AcDbLine
 10
69.99930983582672
 20
10.999309835826722
 30
0.0
 11
69.99930983582672
 21
13.999309835826722
 31
0.0
  0
LINE
  5
377
330
371
100
AcDbEntity
  8
0
 62
4
100
AcDbLine
 10
69.99930983582672
 20
22.586745709433295
 30
0.0
 11
69.99930983582672
 21
47.2756238460522
 31
0.0
  0
LINE
  5
378
330
371
100
AcDbEntity
  8
0
 62
4
100
AcDbLine
 10
69.99930983582672
 20
47.2756238460522
 30
0.0
 11
61.41187396222015
 21
47.2756238460522
 31
0.0
  0
MTEXT
  5
379
330
371
100
AcDbEntity
  8
OLCU
 62
3
100
AcDbMText
 10
50.67757912021193
 20
47.2756238460522
 30
0.0
 40
10.734294842008218
 71
5
  1
R3
  0
POINT
  5
37A
330
371
100
AcDbEntity
  8
Defpoints
100
AcDbPoint
 10
69.99930983582672
 20
10.999309835826722
 30
0.0
  0
POINT
  5
37B
330
371
100
AcDbEntity
  8
Defpoints
100
AcDbPoint
 10
69.99930983582672
 20
13.999309835826722
 30
0.0
  0
ENDBLK
  5
373
330
371
100
AcDbEntity
  8
0
100
AcDbBlockEnd
  0
BLOCK
  5
37E
330
37D
100
AcDbEntity
  8
0
100
AcDbBlockBegin
  2
*D13
 70
1
 10
0.0
 20
0.0
 30
0.0
  3
*D13
  1

  0
INSERT
  5
380
330
37D
100
AcDbEntity
  8
OLCU
 62
4
100
AcDbBlockReference
  2
_CLOSEDFILLED
 10
476.42930983582676
 20
17.739309835826724
 30
0.0
 41
8.587435873606575
 42
8.587435873606575
 50
270.0
  0
LINE
  5
382
330
37D
100
AcDbEntity
  8
0
 62
4
100
AcDbLine
 10
476.42930983582676
 20
15.239309835826724
 30
0.0
 11
476.42930983582676
 21
17.739309835826724
 31
0.0
  0
LINE
  5
383
330
37D
100
AcDbEntity
  8
0
 62
4
100
AcDbLine
 10
476.42930983582676
 20
26.326745709433297
 30
0.0
 11
476.42930983582676
 21
51.0156238460522
 31
0.0
  0
LINE
  5
384
330
37D
100
AcDbEntity
  8
0
 62
4
100
AcDbLine
 10
476.42930983582676
 20
51.0156238460522
 30
0.0
 11
467.8418739622202
 21
51.0156238460522
 31
0.0
  0
MTEXT
  5
385
330
37D
100
AcDbEntity
  8
OLCU
 62
3
100
AcDbMText
 10
446.37328427820376
 20
51.0156238460522
 30
0.0
 40
10.734294842008218
 71
5
  1
%%c5
  0
POINT
  5
386
330
37D
100
AcDbEntity
  8
Defpoints
100
AcDbPoint
 10
476.42930983582676
 20
15.239309835826724
 30
0.0
  0
POINT
  5
387
330
37D
100
AcDbEntity
  8
Defpoints
100
AcDbPoint
 10
476.42930983582676
 20
17.739309835826724
 30
0.0
  0
ENDBLK
  5
37F
330
37D
100
AcDbEntity
  8
0
100
AcDbBlockEnd
  0
BLOCK
  5
396
330
395
100
AcDbEntity
  8
0
100
AcDbBlockBegin
  2
*D15
 70
1
 10
0.0
 20
0.0
 30
0.0
  3
*D15
  1

  0
INSERT
  5
398
330
395
100
AcDbEntity
  8
OLCU
 62
4
100
AcDbBlockReference
  2
_CLOSEDFILLED
 10
82.70641661701328
 20
25.706416617013268
 30
0.0
 41
8.587435873606575
 42
8.587435873606575
 50
224.99999999999972
  0
LINE
  5
39A
330
395
100
AcDbEntity
  8
0
 62
4
100
AcDbLine
 10
81.99930983582672
 20
24.999309835826722
 30
0.0
 11
82.70641661701328
 21
25.706416617013268
 31
0.0
  0
LINE
  5
39B
330
395
100
AcDbEntity
  8
0
 62
4
100
AcDbLine
 10
88.77865075624514
 20
31.77865075624507
 30
0.0
 11
116.10370438278835
 21
59.10370438278835
 31
0.0
  0
LINE
  5
39C
330
395
100
AcDbEntity
  8
0
 62
4
100
AcDbLine
 10
116.10370438278835
 20
59.10370438278835
 30
0.0
 11
124.69114025639493
 21
59.10370438278835
 31
0.0
  0
MTEXT
  5
39D
330
395
100
AcDbEntity
  8
OLCU
 62
3
100
AcDbMText
 10
151.52687736141547
 20
59.10370438278835
 30
0.0
 40
10.734294842008218
 71
5
  1
4x R1
  0
POINT
  5
39E
330
395
100
AcDbEntity
  8
Defpoints
100
AcDbPoint
 10
81.99930983582672
 20
24.999309835826722
 30
0.0
  0
POINT
  5
39F
330
395
100
AcDbEntity
  8
Defpoints
100
AcDbPoint
 10
82.70641661701328
 20
25.706416617013268
 30
0.0
  0
ENDBLK
  5
397
330
395
100
AcDbEntity
  8
0
100
AcDbBlockEnd
  0
BLOCK
  5
3A2
330
3A1
100
AcDbEntity
  8
0
100
AcDbBlockBegin
  2
*D16
 70
1
 10
0.0
 20
0.0
 30
0.0
  3
*D16
  1

  0
INSERT
  5
3A4
330
3A1
100
AcDbEntity
  8
OLCU
 62
4
100
AcDbBlockReference
  2
_CLOSEDFILLED
 10
-269.08652506973056
 20
8.999309835826722
 30
0.0
 41
8.587435873606575
 42
8.587435873606575
 50
270.0
  0
LINE
  5
3A6
330
3A1
100
AcDbEntity
  8
0
 62
4
100
AcDbLine
 10
-269.08652506973056
 20
5.999309835826722
 30
0.0
 11
-269.08652506973056
 21
8.999309835826722
 31
0.0
  0
LINE
  5
3A7
330
3A1
100
AcDbEntity
  8
0
 62
4
100
AcDbLine
 10
-269.08652506973056
 20
17.586745709433295
 30
0.0
 11
-269.08652506973056
 21
70.18479043527357
 31
0.0
  0
LINE
  5
3A8
330
3A1
100
AcDbEntity
  8
0
 62
4
100
AcDbLine
 10
-269.08652506973056
 20
70.18479043527357
 30
0.0
 11
-277.67396094333714
 21
70.18479043527357
 31
0.0
  0
MTEXT
  5
3A9
330
3A1
100
AcDbEntity
  8
OLCU
 62
3
100
AcDbMText
 10
-304.5096980483577
 20
70.18479043527357
 30
0.0
 40
10.734294842008218
 71
5
  1
4x R3
  0
POINT
  5
3AA
330
3A1
100
AcDbEntity
  8
Defpoints
100
AcDbPoint
 10
-269.08652506973056
 20
5.999309835826722
 30
0.0
  0
POINT
  5
3AB
330
3A1
100
AcDbEntity
  8
Defpoints
100
AcDbPoint
 10
-269.08652506973056
 20
8.999309835826722
 30
0.0
  0
ENDBLK
  5
3A3
330
3A1
100
AcDbEntity
  8
0
100
AcDbBlockEnd
  0
BLOCK
  5
3AE
330
3AD
100
AcDbEntity
  8
0
100
AcDbBlockBegin
  2
*D17
 70
1
 10
0.0
 20
0.0
 30
0.0
  3
*D17
  1

  0
INSERT
  5
3B0
330
3AD
100
AcDbEntity
  8
OLCU
 62
4
100
AcDbBlockReference
  2
_CLOSEDFILLED
 10
-268.67231150735745
 20
15.363523398199817
 30
0.0
 41
8.587435873606575
 42
8.587435873606575
 50
224.99999999999977
  0
LINE
  5
3B2
330
3AD
100
AcDbEntity
  8
0
 62
4
100
AcDbLine
 10
-270.08652506973056
 20
13.949309835826721
 30
0.0
 11
-268.67231150735745
 21
15.363523398199817
 31
0.0
  0
LINE
  5
3B3
330
3AD
100
AcDbEntity
  8
0
 62
4
100
AcDbLine
 10
-262.6000773681256
 20
21.435757537431623
 30
0.0
 11
-215.54026278907892
 21
68.49557211647836
 31
0.0
  0
LINE
  5
3B4
330
3AD
100
AcDbEntity
  8
0
 62
4
100
AcDbLine
 10
-215.54026278907892
 20
68.49557211647836
 30
0.0
 11
-206.95282691547234
 21
68.49557211647836
 31
0.0
  0
MTEXT
  5
3B5
330
3AD
100
AcDbEntity
  8
OLCU
 62
3
100
AcDbMText
 10
-180.1170898104518
 20
68.49557211647836
 30
0.0
 40
10.734294842008218
 71
5
  1
4x R2
  0
POINT
  5
3B6
330
3AD
100
AcDbEntity
  8
Defpoints
100
AcDbPoint
 10
-270.08652506973056
 20
13.949309835826721
 30
0.0
  0
POINT
  5
3B7
330
3AD
100
AcDbEntity
  8
Defpoints
100
AcDbPoint
 10
-268.67231150735745
 20
15.363523398199817
 30
0.0
  0
ENDBLK
  5
3AF
330
3AD
100
AcDbEntity
  8
0
100
AcDbBlockEnd
  0
BLOCK
  5
3BA
330
3B9
100
AcDbEntity
  8
0
100
AcDbBlockBegin
  2
*D18
 70
1
 10
0.0
 20
0.0
 30
0.0
  3
*D18
  1

  0
INSERT
  5
3BC
330
3B9
100
AcDbEntity
  8
OLCU
 62
4
100
AcDbBlockReference
  2
_CLOSEDFILLED
 10
-203.9729716791373
 20
8.852863226419995
 30
0.0
 41
8.587435873606575
 42
8.587435873606575
 50
224.99999999999972
  0
LINE
  5
3BE
330
3B9
100
AcDbEntity
  8
0
 62
4
100
AcDbLine
 10
-204.32652506973056
 20
8.499309835826722
 30
0.0
 11
-203.9729716791373
 21
8.852863226419995
 31
0.0
  0
LINE
  5
3BF
330
3B9
100
AcDbEntity
  8
0
 62
4
100
AcDbLine
 10
-197.90073753990544
 20
14.925097365651798
 30
0.0
 11
-170.5756839133622
 21
42.250150992195074
 31
0.0
  0
LINE
  5
3C0
330
3B9
100
AcDbEntity
  8
0
 62
4
100
AcDbLine
 10
-170.5756839133622
 20
42.250150992195074
 30
0.0
 11
-161.98824803975563
 21
42.250150992195074
 31
0.0
  0
MTEXT
  5
3C1
330
3B9
100
AcDbEntity
  8
OLCU
 62
3
100
AcDbMText
 10
-124.41821609272688
 20
42.250150992195074
 30
0.0
 40
10.734294842008218
 71
5
  1
4x R0.5
  0
POINT
  5
3C2
330
3B9
100
AcDbEntity
  8
Defpoints
100
AcDbPoint
 10
-204.32652506973056
 20
8.499309835826722
 30
0.0
  0
POINT
  5
3C3
330
3B9
100
AcDbEntity
  8
Defpoints
100
AcDbPoint
 10
-203.9729716791373
 20
8.852863226419995
 30
0.0
  0
ENDBLK
  5
3BB
330
3B9
100
AcDbEntity
  8
0
100
AcDbBlockEnd
  0
BLOCK
  5
3D2
330
3D1
100
AcDbEntity
  8
0
100
AcDbBlockBegin
  2
*D20
 70
1
 10
0.0
 20
0.0
 30
0.0
  3
*D20
  1

  0
INSERT
  5
3D4
330
3D1
100
AcDbEntity
  8
OLCU
 62
4
100
AcDbBlockReference
  2
_CLOSEDFILLED
 10
70.99930983582672
 20
-264.856525069748
 30
0.0
 41
8.587435873606575
 42
8.587435873606575
 50
90.0
  0
LINE
  5
3D6
330
3D1
100
AcDbEntity
  8
0
 62
4
100
AcDbLine
 10
70.99930983582672
 20
-262.856525069748
 30
0.0
 11
70.99930983582672
 21
-264.856525069748
 31
0.0
  0
LINE
  5
3D7
330
3D1
100
AcDbEntity
  8
0
 62
4
100
AcDbLine
 10
70.99930983582672
 20
-273.44396094335457
 30
0.0
 11
70.99930983582671
 21
-353.9511722584162
 31
0.0
  0
LINE
  5
3D8
330
3D1
100
AcDbEntity
  8
0
 62
4
100
AcDbLine
 10
70.99930983582671
 20
-353.9511722584162
 30
0.0
 11
62.411873962220135
 21
-353.9511722584162
 31
0.0
  0
MTEXT
  5
3D9
330
3D1
100
AcDbEntity
  8
OLCU
 62
3
100
AcDbMText
 10
35.576136857199586
 20
-353.9511722584162
 30
0.0
 40
10.734294842008218
 71
5
  1
2x R2
  0
POINT
  5
3DA
330
3D1
100
AcDbEntity
  8
Defpoints
100
AcDbPoint
 10
70.99930983582672
 20
-262.856525069748
 30
0.0
  0
POINT
  5
3DB
330
3D1
100
AcDbEntity
  8
Defpoints
100
AcDbPoint
 10
70.99930983582672
 20
-264.856525069748
 30
0.0
  0
ENDBLK
  5
3D3
330
3D1
100
AcDbEntity
  8
0
100
AcDbBlockEnd
  0
BLOCK
  5
3F6
330
3F5
100
AcDbEntity
  8
0
100
AcDbBlockBegin
  2
*D23
 70
1
 10
0.0
 20
0.0
 30
0.0
  3
*D23
  1

  0
INSERT
  5
3F8
330
3F5
100
AcDbEntity
  8
OLCU
 62
4
100
AcDbBlockReference
  2
_CLOSEDFILLED
 10
220.99930983582672
 20
-257.836525069748
 30
0.0
 41
8.587435873606575
 42
8.587435873606575
 50
270.0
  0
LINE
  5
3FA
330
3F5
100
AcDbEntity
  8
0
 62
4
100
AcDbLine
 10
220.99930983582672
 20
-258.836525069748
 30
0.0
 11
220.99930983582672
 21
-257.836525069748
 31
0.0
  0
LINE
  5
3FB
330
3F5
100
AcDbEntity
  8
0
 62
4
100
AcDbLine
 10
220.99930983582672
 20
-249.24908919614143
 30
0.0
 11
220.99930983582672
 21
-168.7418778810798
 31
0.0
  0
LINE
  5
3FC
330
3F5
100
AcDbEntity
  8
0
 62
4
100
AcDbLine
 10
220.99930983582672
 20
-168.7418778810798
 30
0.0
 11
212.41187396222014
 21
-168.7418778810798
 31
0.0
  0
MTEXT
  5
3FD
330
3F5
100
AcDbEntity
  8
OLCU
 62
3
100
AcDbMText
 10
185.5761368571996
 20
-168.7418778810798
 30
0.0
 40
10.734294842008218
 71
5
  1
2x R1
  0
POINT
  5
3FE
330
3F5
100
AcDbEntity
  8
Defpoints
100
AcDbPoint
 10
220.99930983582672
 20
-258.836525069748
 30
0.0
  0
POINT
  5
3FF
330
3F5
100
AcDbEntity
  8
Defpoints
100
AcDbPoint
 10
220.99930983582672
 20
-257.836525069748
 30
0.0
  0
ENDBLK
  5
3F7
330
3F5
100
AcDbEntity
  8
0
100
AcDbBlockEnd
  0
BLOCK
  5
455
330
454
100
AcDbEntity
  8
0
100
AcDbBlockBegin
  2
*D24
 70
1
 10
0.0
 20
0.0
 30
0.0
  3
*D24
  1

  0
LINE
  5
457
330
454
100
AcDbEntity
  8
0
 62
4
100
AcDbLine
 10
956.7135573730792
 20
-5.367147421004108
 30
0.0
 11
956.7135573730792
 21
-49.3777562732378
 31
0.0
  0
LINE
  5
458
330
454
100
AcDbEntity
  8
0
 62
4
100
AcDbLine
 10
1439.7554449351023
 20
-5.367147421004108
 30
0.0
 11
1439.7554449351023
 21
-49.3777562732378
 31
0.0
  0
INSERT
  5
459
330
454
100
AcDbEntity
  8
OLCU
 62
4
100
AcDbBlockReference
  2
_CLOSEDFILLED
 10
956.7135573730792
 20
-42.93717936803287
 30
0.0
 41
8.587435873606575
 42
8.587435873606575
 50
180.0
  0
INSERT
  5
45B
330
454
100
AcDbEntity
  8
OLCU
 62
4
100
AcDbBlockReference
  2
_CLOSEDFILLED
 10
1439.7554449351023
 20
-42.93717936803287
 30
0.0
 41
8.587435873606575
 42
8.587435873606575
  0
LINE
  5
45D
330
454
100
AcDbEntity
  8
0
 62
4
100
AcDbLine
 10
965.3009932466857
 20
-42.93717936803287
 30
0.0
 11
1431.1680090614957
 21
-42.93717936803287
 31
0.0
  0
MTEXT
  5
45E
330
454
100
AcDbEntity
  8
OLCU
 62
3
100
AcDbMText
 10
1198.2345011540908
 20
-33.81302875232589
 30
0.0
 40
10.734294842008218
 71
5
  1
483
  0
POINT
  5
45F
330
454
100
AcDbEntity
  8
Defpoints
100
AcDbPoint
 10
956.7135573730792
 20
-42.93717936803287
 30
0.0
  0
POINT
  5
460
330
454
100
AcDbEntity
  8
Defpoints
100
AcDbPoint
 10
956.7135573730792
 20
0.0
 30
0.0
  0
POINT
  5
461
330
454
100
AcDbEntity
  8
Defpoints
100
AcDbPoint
 10
1439.7554449351023
 20
0.0
 30
0.0
  0
ENDBLK
  5
456
330
454
100
AcDbEntity
  8
0
100
AcDbBlockEnd
  0
BLOCK
  5
464
330
463
100
AcDbEntity
  8
0
100
AcDbBlockBegin
  2
*D25
 70
1
 10
0.0
 20
0.0
 30
0.0
  3
*D25
  1

  0
LINE
  5
466
330
463
100
AcDbEntity
  8
0
 62
4
100
AcDbLine
 10
951.3464099520751
 20
0.0
 30
0.0
 11
907.3358010998414
 21
0.0
 31
0.0
  0
LINE
  5
467
330
463
100
AcDbEntity
  8
0
 62
4
100
AcDbLine
 10
951.3464099520751
 20
32.00000000002592
 30
0.0
 11
907.3358010998414
 21
32.00000000002592
 31
0.0
  0
INSERT
  5
468
330
463
100
AcDbEntity
  8
OLCU
 62
4
100
AcDbBlockReference
  2
_CLOSEDFILLED
 10
913.7763780050464
 20
0.0
 30
0.0
 41
8.587435873606575
 42
8.587435873606575
 50
270.0
  0
INSERT
  5
46A
330
463
100
AcDbEntity
  8
OLCU
 62
4
100
AcDbBlockReference
  2
_CLOSEDFILLED
 10
913.7763780050464
 20
32.00000000002592
 30
0.0
 41
8.587435873606575
 42
8.587435873606575
 50
90.0
  0
LINE
  5
46C
330
463
100
AcDbEntity
  8
0
 62
4
100
AcDbLine
 10
913.7763780050464
 20
8.587435873606575
 30
0.0
 11
913.7763780050464
 21
23.412564126419348
 31
0.0
  0
MTEXT
  5
46D
330
463
100
AcDbEntity
  8
OLCU
 62
3
100
AcDbMText
 10
904.6522273893394
 20
16.00000000001296
 30
0.0
 40
10.734294842008218
 71
5
  1
32
 50
90.0
  0
POINT
  5
46E
330
463
100
AcDbEntity
  8
Defpoints
100
AcDbPoint
 10
913.7763780050464
 20
0.0
 30
0.0
  0
POINT
  5
46F
330
463
100
AcDbEntity
  8
Defpoints
100
AcDbPoint
 10
956.7135573730792
 20
0.0
 30
0.0
  0
POINT
  5
470
330
463
100
AcDbEntity
  8
Defpoints
100
AcDbPoint
 10
956.7135573730792
 20
32.00000000002592
 30
0.0
  0
ENDBLK
  5
465
330
463
100
AcDbEntity
  8
0
100
AcDbBlockEnd
  0
ENDSEC
  0
SECTION
  2
ENTITIES
  0
LWPOLYLINE
  5
39
330
17
100
AcDbEntity
  8
GORUNEN
100
AcDbPolyline
 90
2
 70
0
 10
68.0
 20
3.000000000000007
 10
71.0
 20
3.000000000000007
  0
LWPOLYLINE
  5
3A
330
17
100
AcDbEntity
  8
GORUNEN
100
AcDbPolyline
 90
2
 70
0
 10
73.00000000000001
 20
3.000000000000014
 10
71.00000000000001
 20
3.000000000000014
  0
LWPOLYLINE
  5
3B
330
17
100
AcDbEntity
  8
GORUNEN
100
AcDbPolyline
 90
2
 70
0
 10
221.0
 20
3.000000000000007
 10
220.0
 20
3.000000000000007
  0
LWPOLYLINE
  5
3C
330
17
100
AcDbEntity
  8
GORUNEN
100
AcDbPolyline
 90
2
 70
0
 10
221.0
 20
3.000000000000007
 10
225.0
 20
3.000000000000007
  0
LWPOLYLINE
  5
3D
330
17
100
AcDbEntity
  8
GORUNEN
100
AcDbPolyline
 90
44
 70
0
 10
225.0
 20
3.000000000000007
 10
225.0000069296217
 20
3.0000001642102143
 10
225.0000138592426
 20
3.000000656840819
 10
225.000020788862
 20
3.000001477891766
 10
225.00002771847915
 20
3.000002627362966
 10
225.00003464809322
 20
3.0000041052542934
 10
225.00004157770354
 20
3.000005911565586
 10
225.0000485073093
 20
3.000008046296646
 10
225.00005543690972
 20
3.0000105094472405
 10
225.0000623665041
 20
3.000013301017099
 10
225.00006929609162
 20
3.000016421005916
 10
225.0000762256716
 20
3.00001986941335
 10
225.0000831552432
 20
3.0000236462390237
 10
225.00009008480572
 20
3.000027751482524
 10
225.00009701435835
 20
3.000032185143401
 10
225.00010394390037
 20
3.0000369472211688
 10
225.00011087343103
 20
3.000042037715307
 10
225.00011780294955
 20
3.0000474566252584
 10
225.00012473245516
 20
3.000053203950429
 10
225.0001339717746
 20
3.0000613779176826
 10
225.00014436597772
 20
3.000071271509858
 10
225.00015476014528
 20
3.0000819040304028
 10
225.00016515427473
 20
3.000093275476698
 10
225.00017554836347
 20
3.000105385845943
 10
225.000185942409
 20
3.000118235135155
 10
225.00019980106467
 20
3.000136516946333
 10
225.00021539194742
 20
3.0001586541720973
 10
225.0002309827108
 20
3.0001824539382222
 10
225.00024657334617
 20
3.000207916231518
 10
225.00026736064592
 20
3.0002444520847646
 10
225.00029074604225
 20
3.0002890877148576
 10
225.00031413107604
 20
3.000337463897899
 10
225.00034531050673
 20
3.0004077840082726
 10
225.00038038644777
 20
3.0004948424839553
 10
225.0004154613216
 20
3.000590316625396
 10
225.00046222598976
 20
3.0007307060498873
 10
225.00051483347403
 20
3.0009065259949077
 10
225.00058497167333
 20
3.0011704031580733
 10
225.0006638692612
 20
3.001507493115703
 10
225.00076905118325
 20
3.002023196408501
 10
225.00092678682518
 20
3.0029386884884266
 10
225.00116328875967
 20
3.0046311782420876
 10
225.01521521644656
 20
3.9384339184521693
 10
225.0209437808939
 20
6.000000000010006
  0
LWPOLYLINE
  5
3E
330
17
100
AcDbEntity
  8
GORUNEN
100
AcDbPolyline
 90
2
 70
0
 10
225.0209437810002
 20
6.000000000010008
 10
225.0209437809998
 20
32.00000000000001
  0
LWPOLYLINE
  5
3F
330
17
100
AcDbEntity
  8
GORUNEN
100
AcDbPolyline
 90
2
 70
0
 10
476.41619030327263
 20
12.73849403406739
 10
476.42316782
 20
12.738533037900012
  0
LWPOLYLINE
  5
40
330
17
100
AcDbEntity
  8
GORUNEN
100
AcDbPolyline
 90
34
 70
0
 10
476.42316782
 20
12.738533037900012
 10
476.54238487656744
 20
12.742203888572513
 10
476.66129799368764
 20
12.751548464224449
 10
476.7796315089637
 20
12.766551613853395
 10
476.89711252118036
 20
12.787183314185556
 10
477.0134713103279
 20
12.813399095615257
 10
477.12844175762416
 20
12.845140468144399
 10
477.24176176553897
 20
12.882335347321941
 10
477.35317367781613
 20
12.924898480183376
 10
477.46242469949743
 20
12.972731871190199
 10
477.5692673169451
 20
13.025725208169378
 10
477.6734597178654
 20
13.083756288252834
 10
477.77476621133155
 20
13.146691443816914
 10
477.87295764780674
 20
13.214385968421857
 10
477.96781183916755
 20
13.28668454275127
 10
478.05911397872694
 20
13.363421660551609
 10
478.1466570612572
 20
13.444422054571643
 10
478.2302423030135
 20
13.52950112250193
 10
478.30967956175664
 20
13.61846535291429
 10
478.3847877567762
 20
13.711112751201282
 10
478.4553952889138
 20
13.807233265515672
 10
478.52134046058654
 20
13.906609212709906
 10
478.58247189580925
 20
14.009015704275592
 10
478.6386489602186
 20
14.114221072282959
 10
478.68974218109554
 20
14.221987295320346
 10
478.7356336673888
 20
14.332070424433661
 10
478.7762175297379
 20
14.444221009065863
 10
478.81140030049596
 20
14.558184522996436
 10
478.84110135375374
 20
14.673701790280852
 10
478.86525332536166
 20
14.790509411190058
 10
478.8838025329536
 20
14.90834018814994
 10
478.8967093959699
 20
15.026923551680799
 10
478.90377245575996
 20
15.141325665387555
 10
478.90559325000004
 20
15.255925265400009
  0
LWPOLYLINE
  5
41
330
17
100
AcDbEntity
  8
GORUNEN
100
AcDbPolyline
 90
34
 70
0
 10
478.90559325000004
 20
15.255925265400009
 10
478.90196871528053
 20
15.374296620442685
 10
478.89275107533535
 20
15.492370286086553
 10
478.8779550022256
 20
15.60987641576051
 10
478.8576096265208
 20
15.72654784047593
 10
478.8317581263284
 20
15.84212047410958
 10
478.8004573163215
 20
15.956333718686562
 10
478.76377723676717
 20
16.068930869663244
 10
478.7218007425555
 20
16.179659521210187
 10
478.6746230922273
 20
16.28827197149508
 10
478.6223515370028
 20
16.394525627965677
 10
478.56510490981043
 20
16.498183412632724
 10
478.50301321431436
 20
16.599014167352884
 10
478.436217213944
 20
16.69679305911168
 10
478.3648680209212
 20
16.791301985306433
 10
478.28912668529006
 20
16.882329979029173
 10
478.20916378394384
 20
16.969673614349585
 10
478.12515900965457
 20
17.053137411597945
 10
478.03730076010083
 20
17.132534242648035
 10
477.9457857268965
 20
17.207685736200098
 10
477.8508184846188
 20
17.278422683063752
 10
477.75261107983704
 20
17.344585441440923
 10
477.6513826201409
 20
17.40602434220879
 10
477.5473588631686
 20
17.462600094202706
 10
477.440771805636
 20
17.514184189499137
 10
477.3318592723641
 20
17.560659308698582
 10
477.2208645053082
 20
17.601919726208518
 10
477.1080357525858
 20
17.63787171552633
 10
476.99362585750555
 20
17.668433954522236
 10
476.87789184759515
 20
17.693537930722222
 10
476.7610945236297
 20
17.713128346590985
 10
476.64349804866094
 20
17.72716352481484
 10
476.52999441988936
 20
17.735390447554575
 10
476.4162387376523
 20
17.738450397690603
  0
LWPOLYLINE
  5
42
330
17
100
AcDbEntity
  8
GORUNEN
100
AcDbPolyline
 90
68
 70
0
 10
463.861416876
 20
17.000000000000007
 10
464.07478529263756
 20
17.00506180097949
 10
464.2876733017546
 20
17.020236452853887
 10
464.49960185875204
 20
17.045490114365748
 10
464.7100943035499
 20
17.080765651905704
 10
464.91867734796654
 20
17.125983048508214
 10
465.12488206309627
 20
17.1810398128473
 10
465.32824486668846
 20
17.24581138823227
 10
465.5283085105258
 20
17.32015156160347
 10
465.72462306780255
 20
17.403892872528015
 10
465.91674692050356
 20
17.496847022195524
 10
466.1042477467819
 20
17.598805282413856
 10
466.28670350833806
 20
17.709538904604848
 10
466.46370343779836
 20
17.828799528800047
 10
466.63484902609264
 20
17.956319592636454
 10
466.7997550098338
 20
18.091812740352253
 10
466.95805035869535
 20
18.23497423178256
 10
467.1093792266455
 20
18.38548138935017
 10
467.25340091222427
 20
18.542995233947085
 10
467.3897907383006
 20
18.707161693345583
 10
467.5182418788645
 20
18.877611432692493
 10
467.63846584471014
 20
19.053960769883027
 10
467.7501928924207
 20
19.235812662963852
 10
467.85317243335396
 20
19.422757697536134
 10
467.947173442627
 20
19.61437507415861
 10
468.0319848681023
 20
19.810233595750624
 10
468.1074160393721
 20
20.009892654995205
 10
468.173297076744
 20
20.21290322174211
 10
468.22947930022656
 20
20.41880883041089
 10
468.27583563851385
 20
20.627146567393932
 10
468.312261037971
 20
20.83744805845954
 10
468.33867287161956
 20
21.04924045615497
 10
468.3550113481226
 20
21.262047427209495
 10
468.3612399207699
 20
21.475390139937463
 10
468.3573452743018
 20
21.688788272560707
 10
468.3433356368888
 20
21.90176132686739
 10
468.31924213819855
 20
22.113830035164046
 10
468.2851192459061
 20
22.324517400482723
 10
468.2410443576356
 20
22.53334968399004
 10
468.18711739197465
 20
22.739857392390185
 10
468.1234603794893
 20
22.943576265327913
 10
468.0502170537385
 20
23.144048262791557
 10
467.96755244228916
 20
23.340822552516034
 10
467.8756524577309
 20
23.533456497385846
 10
467.7747234886908
 20
23.72151664283808
 10
467.66499199084774
 20
23.904579704265412
 10
467.546704077948
 20
24.08223355441913
 10
467.42012511281916
 20
24.254078210812107
 10
467.2855392983853
 20
24.41972682312183
 10
467.143249268682
 20
24.578806660593397
 10
466.9935756646264
 20
24.730960084750738
 10
466.8368557078535
 20
24.87584466660647
 10
466.6734416844398
 20
25.013133739536958
 10
466.50370120264336
 20
25.142518382174018
 10
466.3280163314611
 20
25.263707963243007
 10
466.1467826132508
 20
25.37643055055857
 10
465.9604080763521
 20
25.48043332002033
 10
465.7693122477086
 20
25.575482964608636
 10
465.57392516548873
 20
25.661366103380256
 10
465.3746863917079
 20
25.737889690464105
 10
465.1720440248496
 20
25.80488142405697
 10
464.96645371248746
 20
25.862190155419206
 10
464.7583776639061
 20
25.90968629787049
 10
464.5482836627233
 20
25.947262235785498
 10
464.3366440795112
 20
25.974832733589654
 10
464.12393488441785
 20
25.99233534475483
 10
463.9927318624152
 20
25.998083476719447
 10
463.861416876
 20
26.000000000000007
  0
LWPOLYLINE
  5
43
330
17
100
AcDbEntity
  8
GORUNEN
100
AcDbPolyline
 90
2
 70
0
 10
225.02094378055347
 20
32.0
 10
225.04188756144728
 20
32.0
  0
LWPOLYLINE
  5
44
330
17
100
AcDbEntity
  8
GORUNEN
100
AcDbPolyline
 90
2
 70
0
 10
225.0418875620002
 20
6.000000000010008
 10
225.0418875619998
 20
32.00000000000001
  0
LWPOLYLINE
  5
45
330
17
100
AcDbEntity
  8
GORUNEN
100
AcDbPolyline
 90
2
 70
0
 10
225.04188756199997
 20
32.0
 10
478.077036703
 20
32.0
  0
LWPOLYLINE
  5
46
330
17
100
AcDbEntity
  8
GORUNEN
100
AcDbPolyline
 90
33
 70
0
 10
483.04188756202325
 20
27.035028148000166
 10
483.0338944496383
 20
27.284877321905828
 10
483.01342422493906
 20
27.534014738080188
 10
482.98052805407315
 20
27.7818176675595
 10
482.9352881623389
 20
28.02766671698304
 10
482.8778176286602
 20
28.270947376791643
 10
482.80826010294095
 20
28.511051557218995
 10
482.7267894470061
 20
28.747379108236395
 10
482.63360930002807
 20
28.97933931965182
 10
482.52895256952115
 20
29.206352397613742
 10
482.4130808491806
 20
29.427850913829104
 10
482.28628376501877
 20
29.643281223873114
 10
482.14887825143273
 20
29.852104851045674
 10
482.0012077590146
 20
30.053799832315487
 10
481.8436413960827
 20
30.247862022987608
 10
481.67657300608073
 20
30.43380635683331
 10
481.5004201831499
 20
30.611168058532574
 10
481.315623228336
 20
30.77950380539866
 10
481.1226440490391
 20
30.938392835480933
 10
480.92196500445766
 20
31.087437999276226
 10
480.71408769991206
 20
31.22626675241996
 10
480.4995317330622
 20
31.35453208687573
 10
480.27883339515233
 20
31.471913398295793
 10
480.0525443305296
 20
31.57811728738451
 10
479.82123015778654
 20
31.672878293261647
 10
479.58546905597507
 20
31.755959556992483
 10
479.3458503194249
 20
31.827153413626235
 10
479.10297288477807
 20
31.88628191126291
 10
478.85744383392364
 20
31.93319725585123
 10
478.6098768765713
 20
31.967782180605795
 10
478.36089081626017
 20
31.989950239120102
 10
478.2190351353597
 20
31.996991215487263
 10
478.0770367030002
 20
32.00000000002592
  0
LWPOLYLINE
  5
47
330
17
100
AcDbEntity
  8
GORUNEN
100
AcDbPolyline
 90
2
 70
0
 10
483.04188756199983
 20
27.03502814800001
 10
483.04188756200017
 20
9.94889391477001
  0
LWPOLYLINE
  5
48
330
17
100
AcDbEntity
  8
GORUNEN
100
AcDbPolyline
 90
29
 70
0
 10
478.18692696548294
 20
6.000536508778187
 10
478.4367698835098
 20
6.008439304737088
 10
478.6859055973947
 20
6.028819470062056
 10
478.9337113975997
 20
6.0616260649535105
 10
479.17956789867844
 20
6.106777090009477
 10
479.42286058741706
 20
6.164159691181395
 10
479.6629813587974
 20
6.233630441850464
 10
479.89933003594297
 20
6.315015701319494
 10
480.1313158702483
 20
6.408112048824217
 10
480.3583590179428
 20
6.512686791979264
 10
480.57989198939845
 20
6.628478548387941
 10
480.79536106755813
 20
6.755197898962099
 10
481.00422769194006
 20
6.892528111319127
 10
481.2059698047583
 20
7.0401259314479585
 10
481.4000831557955
 20
7.1976224416653345
 10
481.586082562766
 20
7.364623982717888
 10
481.76350312401826
 20
7.540713137725266
 10
481.93190138054774
 20
7.725449775504936
 10
482.09085642441266
 20
7.91837215067094
 10
482.23997095078516
 20
8.118998057756876
 10
482.3788722510061
 20
8.326826036478447
 10
482.5072131441632
 20
8.541336625123016
 10
482.6246728448617
 20
8.761993658933353
 10
482.73095776502157
 20
8.988245610240302
 10
482.825802247694
 20
9.219526966994733
 10
482.9089692310662
 20
9.455259646253145
 10
482.9802508409921
 20
9.694854439083969
 10
483.0127296575772
 20
9.82147128655938
 10
483.0418875613299
 20
9.948893914914049
  0
LWPOLYLINE
  5
49
330
17
100
AcDbEntity
  8
GORUNEN
100
AcDbPolyline
 90
2
 70
0
 10
478.110127689
 20
6.0000000000100115
 10
478.18693051699995
 20
6.0000000000100115
  0
LWPOLYLINE
  5
4A
330
17
100
AcDbEntity
  8
GORUNEN
100
AcDbPolyline
 90
2
 70
0
 10
478.110127689
 20
6.000000000020009
 10
462.99188102200003
 20
5.863120923490008
  0
LWPOLYLINE
  5
4B
330
17
100
AcDbEntity
  8
GORUNEN
100
AcDbPolyline
 90
2
 70
0
 10
462.99188102200003
 20
5.863120923490008
 10
463.0
 20
7.105427357601002e-15
  0
LWPOLYLINE
  5
4C
330
17
100
AcDbEntity
  8
GORUNEN
100
AcDbPolyline
 90
2
 70
0
 10
463.00000000000057
 20
7.105427357601002e-15
 10
225.00000000000023
 20
7.105427357601002e-15
  0
LWPOLYLINE
  5
4D
330
17
100
AcDbEntity
  8
GORUNEN
100
AcDbPolyline
 90
44
 70
0
 10
225.0
 20
7.105427357601002e-15
 10
225.00001344302464
 20
3.089904829778334e-07
 10
225.00002688604792
 20
1.2359618786206283e-06
 10
225.0000403290684
 20
2.7809140989987213e-06
 10
225.00005377208478
 20
4.943846984239997e-06
 10
225.00006721509558
 20
7.72476031229985e-06
 10
225.00008065809948
 20
1.1123653796296651e-05
 10
225.00009410109504
 20
1.5140527086288103e-05
 10
225.00010754408092
 20
1.977537976927124e-05
 10
225.00012098705574
 20
2.5028211366517894e-05
 10
225.00013443001808
 20
3.0899021338015586e-05
 10
225.00014787296658
 20
3.7387809078026635e-05
 10
225.00016131589985
 20
4.4494573919529046e-05
 10
225.0001747588165
 20
5.221931512977562e-05
 10
225.00018820171516
 20
6.056203191384668e-05
 10
225.00020164459445
 20
6.952272341109733e-05
 10
225.00021508745294
 20
7.910138870048655e-05
 10
225.0002285302893
 20
8.929802679347176e-05
 10
225.0002419731021
 20
0.00010011263664111425
 10
225.0002598968135
 20
0.00011549340389915841
 10
225.0002800609318
 20
0.00013410995115226143
 10
225.00030022498518
 20
0.00015411692445255198
 10
225.00032038896902
 20
0.00017551431916373872
 10
225.00034055287855
 20
0.0001983021303280097
 10
225.00036071670922
 20
0.00022248035266336785
 10
225.0003876016859
 20
0.0002568808345344564
 10
225.00041784709325
 20
0.00029853597074236404
 10
225.0004480922827
 20
0.00034331947974486354
 10
225.00047833723852
 20
0.00039123133819352063
 10
225.00051866345558
 20
0.0004599800940683352
 10
225.0005640298732
 20
0.0005439700541369774
 10
225.0006093956291
 20
0.0006349985646725287
 10
225.00066988218236
 20
0.0007673185825591844
 10
225.0007379278784
 20
0.0009311349497069799
 10
225.00080597162653
 20
0.0011107870314690516
 10
225.00089669328355
 20
0.0013749556486599701
 10
225.0009987500966
 20
0.0017057936743718471
 10
225.00113481651522
 20
0.0022023285007835014
 10
225.00128787684204
 20
0.0028366283101233236
 10
225.00149193015244
 20
0.0038070263004721383
 10
225.00179794214569
 20
0.00552971426414306
 10
225.00225677482555
 20
0.008714511598156172
 10
225.03040640251226
 20
1.8732319454343456
 10
225.04188756178777
 20
6.0000000000100036
  0
LWPOLYLINE
  5
4E
330
17
100
AcDbEntity
  8
GORUNEN
100
AcDbPolyline
 90
34
 70
0
 10
476.40920615099947
 20
17.73841119146645
 10
476.28999473135093
 20
17.734733719828593
 10
476.1710943719571
 20
17.72537452550808
 10
476.0527757010516
 20
17.710354910898275
 10
475.93530802289115
 20
17.689709062033547
 10
475.8189587047942
 20
17.663483970778667
 10
475.7039925685882
 20
17.631739327870996
 10
475.5906712878501
 20
17.594547387058814
 10
475.4792527923138
 20
17.5519928006451
 10
475.3699906807976
 20
17.50417242681106
 10
475.26313364399016
 20
17.45119510915792
 10
475.158924898407
 20
17.39318142896881
 10
475.05760163280775
 20
17.33026343075459
 10
474.959394468332
 20
17.262584321708324
 10
474.8645269335848
 20
17.190298145752415
 10
474.7732149558642
 20
17.113569432920382
 10
474.6856663696914
 20
17.032572824871263
 10
474.6020804437593
 20
16.94749267738901
 10
474.5226474273795
 20
16.858522640771664
 10
474.44754811745634
 20
16.7658652190653
 10
474.3769534469769
 20
16.669731309146094
 10
474.31102409595155
 20
16.57033972069947
 10
474.2499101256914
 20
16.467916678188992
 10
474.1937506372544
 20
16.362695305948534
 10
474.1426734548397
 20
16.254915097569683
 10
474.09679483484626
 20
16.144821370792148
 10
474.05621920126373
 20
16.032664709137844
 10
474.02103890799333
 20
15.918700391559602
 10
473.991334028642
 20
15.8031878114026
 10
473.9671721742669
 20
15.686389886001086
 10
473.94860833948735
 20
15.568572458254168
 10
473.93568477731117
 20
15.45000369154275
 10
473.9286077522123
 20
15.33561340553253
 10
473.92678072098875
 20
15.22101896389993
  0
LWPOLYLINE
  5
4F
330
17
100
AcDbEntity
  8
GORUNEN
100
AcDbPolyline
 90
34
 70
0
 10
478.926537031012
 20
15.255925265400094
 10
478.922888573505
 20
15.374610236153867
 10
478.91360884778965
 20
15.492988091630524
 10
478.89871878808697
 20
15.610791782105116
 10
478.87825198502367
 20
15.727755553116957
 10
478.8522546098545
 20
15.84361554498763
 10
478.82078531030425
 20
15.958110388064537
 10
478.7839150782637
 20
16.070981792347165
 10
478.7417270896384
 20
16.181975130165945
 10
478.6943165167113
 20
16.290840010599233
 10
478.6417903134428
 20
16.39733084433254
 10
478.58426697419225
 20
16.50120739768582
 10
478.521876266405
 20
16.60223533455888
 10
478.45475893786977
 20
16.700186745072408
 10
478.38306639920313
 20
16.794840659712047
 10
478.3069603822821
 20
16.8859835478156
 10
478.22661257539073
 20
16.97340979927886
 10
478.14220423590734
 20
17.056922188393422
 10
478.053925781404
 20
17.136332318770005
 10
477.9619763600822
 20
17.21146104834365
 10
477.8665634015118
 20
17.282138893502008
 10
477.7679021486897
 20
17.348206411425025
 10
477.66621517247006
 20
17.4095145597735
 10
477.56173186946535
 20
17.46592503291512
 10
477.454687944548
 20
17.517310573929443
 10
477.3453248791218
 20
17.563555261687984
 10
477.2338893863613
 20
17.604554772361794
 10
477.1206328546498
 20
17.640216614766572
 10
477.00581078046946
 20
17.670460339014394
 10
476.88968219202457
 20
17.695217718001388
 10
476.77250906489724
 20
17.7144329013219
 10
476.6545557310543
 20
17.728062541261945
 10
476.5407261041082
 20
17.735868365456888
 10
476.42665887519183
 20
17.73847211470001
  0
LWPOLYLINE
  5
50
330
17
100
AcDbEntity
  8
GORUNEN
100
AcDbPolyline
 90
2
 70
0
 10
476.42665887519183
 20
17.73847211470001
 10
476.40920615099947
 20
17.73841119146645
  0
LWPOLYLINE
  5
51
330
17
100
AcDbEntity
  8
GORUNEN
100
AcDbPolyline
 90
34
 70
0
 10
476.4441116009999
 20
12.73853303793356
 10
476.5633230206454
 20
12.74221050957122
 10
476.68222338003613
 20
12.751569703891251
 10
476.8005420509387
 20
12.766589318500285
 10
476.9180097290963
 20
12.787235167363963
 10
477.0343590471905
 20
12.813460258617514
 10
477.1493251833939
 20
12.845204901523587
 10
477.2626464641294
 20
12.882396842333911
 10
477.3740649596632
 20
12.92495142874551
 10
477.4833270711771
 20
12.97277180257719
 10
477.5901841079825
 20
13.025749120227736
 10
477.69439285356384
 20
13.08376280041403
 10
477.7957161191614
 20
13.146680798625221
 10
477.8939232836357
 20
13.21435990766827
 10
477.98879081838174
 20
13.286646083620782
 10
478.0801027961013
 20
13.363374796449254
 10
478.16765138227356
 20
13.444371404494662
 10
478.2512373082052
 20
13.529451551973073
 10
478.33067032458484
 20
13.618421588586473
 10
478.40576963450815
 20
13.711079010288797
 10
478.4763643049881
 20
13.807212920203895
 10
478.5422936560143
 20
13.90660450864636
 10
478.6034076262757
 20
14.009027551152647
 10
478.65956711471404
 20
14.114248923388907
 10
478.71064429713067
 20
14.222029131763573
 10
478.7565229171262
 20
14.33212285853696
 10
478.7970985507112
 20
14.44427952018717
 10
478.83227884398434
 20
14.558243837761397
 10
478.8619837233389
 20
14.673756417914488
 10
478.88614557771734
 20
14.790554343312214
 10
478.90470941250055
 20
14.908371771055489
 10
478.91763297468094
 20
15.026940537763432
 10
478.924709999784
 20
15.141330823770476
 10
478.926537031012
 20
15.255925265400093
  0
LWPOLYLINE
  5
52
330
17
100
AcDbEntity
  8
GORUNEN
100
AcDbPolyline
 90
34
 70
0
 10
473.92678072098875
 20
15.22101896389993
 10
473.9304291785003
 20
15.102333993149337
 10
473.93970890421986
 20
14.983956137676063
 10
473.9545989639265
 20
14.866152447205037
 10
473.97506576699357
 20
14.749188676196923
 10
474.001063142166
 20
14.63332868433011
 10
474.03253244171935
 20
14.518833841257182
 10
474.0694026737625
 20
14.405962436978628
 10
474.1115906623902
 20
14.294969099163989
 10
474.15900123531924
 20
14.186104218734897
 10
474.2115274385894
 20
14.079613385005805
 10
474.26905077784147
 20
13.97573683165675
 10
474.3314414856296
 20
13.874708894787902
 10
474.39855881416565
 20
13.776757484278544
 10
474.47025135283263
 20
13.682103569643017
 10
474.54635736975365
 20
13.590960681543503
 10
474.6267051766449
 20
13.503534430084178
 10
474.71111351612785
 20
13.420022040973436
 10
474.7993919706304
 20
13.340611910600538
 10
474.8913413919512
 20
13.265483181030424
 10
474.9867543505202
 20
13.19480533587543
 10
475.08541560334083
 20
13.128737817955592
 10
475.18710257955865
 20
13.067429669610096
 10
475.29158588256144
 20
13.01101919647124
 10
475.3986298074767
 20
12.959633655459456
 10
475.50799287290056
 20
12.913388967703213
 10
475.61942836565856
 20
12.872389457031453
 10
475.73268489736745
 20
12.836727614628469
 10
475.84750697154504
 20
12.806483890382175
 10
475.9636355599871
 20
12.781726511396437
 10
476.08080868711147
 20
12.762511328076902
 10
476.19876202095145
 20
12.748881688137546
 10
476.3125916478946
 20
12.741075863943
 10
476.4266588768081
 20
12.73847211470001
  0
LWPOLYLINE
  5
53
330
17
100
AcDbEntity
  8
GORUNEN
100
AcDbPolyline
 90
2
 70
0
 10
476.4266588768081
 20
12.73847211470001
 10
476.4441116009999
 20
12.73853303793356
  0
LWPOLYLINE
  5
54
330
17
100
AcDbEntity
  8
GORUNEN
100
AcDbPolyline
 90
2
 70
0
 10
439.8829455200006
 20
26.000000000000007
 10
463.88236065700016
 20
26.000000000000007
  0
LWPOLYLINE
  5
55
330
17
100
AcDbEntity
  8
GORUNEN
100
AcDbPolyline
 90
68
 70
0
 10
463.88236065700005
 20
17.000000000000007
 10
464.0957291631461
 20
17.005061550852446
 10
464.3086176801613
 20
17.020234817055524
 10
464.52054729868814
 20
17.045485665161028
 10
464.73104126648593
 20
17.08075729141262
 10
464.9396260609227
 20
17.12597034953034
 10
465.1458324542011
 20
17.181023129206253
 10
465.34919656892293
 20
17.24579178490973
 10
465.54926092161793
 20
17.32013061448767
 10
465.74557545188827
 20
17.403872386932868
 10
465.9376985348549
 20
17.496828718583224
 10
466.1251979746271
 20
17.598790496905544
 10
466.3076519765607
 20
17.7095283509105
 10
466.48465009611823
 20
17.828793167140606
 10
466.65579416219623
 20
17.95631665007042
 10
466.8206991728422
 20
18.09181192565828
 10
466.978994161346
 20
18.2349741866919
 10
467.1303230307593
 20
18.385481378476
 10
467.2743453549631
 20
18.542994923319526
 10
467.4107371444826
 20
18.707160482192627
 10
467.53919157532755
 20
18.877608751839983
 10
467.65941967921606
 20
19.053956295557366
 10
467.77115099363186
 20
19.235806405762446
 10
467.8741341702506
 20
19.422749996419526
 10
467.9681375403677
 20
19.61436652331054
 10
468.05294963605513
 20
19.81022493008214
 10
468.12837966587483
 20
20.009884617940664
 10
468.1942579440796
 20
20.21289643681354
 10
468.2504362723337
 20
20.418803695747492
 10
468.2967882730969
 20
20.62714319027053
 10
468.3332096739209
 20
20.83744624440661
 10
468.359618542018
 20
21.049239764998873
 10
468.37595546857517
 20
21.262047305969674
 10
468.38218370239963
 20
21.47539014012328
 10
468.37828923259224
 20
21.688788336080105
 10
468.3642808200675
 20
21.901761837919853
 10
468.34018997784403
 20
22.113831545104844
 10
468.3060709001545
 20
22.324520390254115
 10
468.26200034053056
 20
22.533354412343765
 10
468.20807743914065
 20
22.73986382291934
 10
468.1444234997657
 20
22.943584062921666
 10
468.07118171691764
 20
23.14405684774877
 10
467.98851685371096
 20
23.34083119820291
 10
467.89661487121646
 20
23.53346445500351
 10
467.79568251012654
 20
23.72152327458383
 10
467.68594682567584
 20
23.90458460393118
 10
467.5676546768632
 20
24.082236632277738
 10
467.44107217112264
 20
24.254079717501046
 10
467.30648406569424
 20
24.419727285150223
 10
467.1641931270399
 20
24.578806698075383
 10
467.01451944974724
 20
24.730960094704038
 10
466.8577997364514
 20
24.87584519407867
 10
466.69438654039584
 20
25.01313606584451
 10
466.52464747233716
 20
25.142523863455324
 10
466.3489643735752
 20
25.26371751894787
 10
466.1677324569713
 20
25.376444397722032
 10
465.9813594178863
 20
25.480450911853648
 10
465.79026451703805
 20
25.575503090560385
 10
465.59487763734126
 20
25.661387106537283
 10
465.3956383168527
 20
25.73790975697799
 10
465.1929947599956
 20
25.804898898199596
 10
464.98740282928895
 20
25.86220383289327
 10
464.77932501984947
 20
25.90969564912966
 10
464.569229418972
 20
25.947267510356337
 10
464.3575886531311
 20
25.974834895734986
 10
464.1448788247707
 20
25.99233579027762
 10
464.01367566533634
 20
25.998083539478195
 10
463.88236065699994
 20
26.000000000000007
  0
LWPOLYLINE
  5
56
330
17
100
AcDbEntity
  8
GORUNEN
100
AcDbPolyline
 90
2
 70
0
 10
463.88236065700016
 20
17.000000000000007
 10
439.8829455199999
 20
17.000000000000007
  0
LWPOLYLINE
  5
57
330
17
100
AcDbEntity
  8
GORUNEN
100
AcDbPolyline
 90
68
 70
0
 10
439.88294552
 20
26.000000000000007
 10
439.669577013854
 20
25.99493844914757
 10
439.45668849683875
 20
25.97976518294449
 10
439.2447588783119
 20
25.954514334838986
 10
439.03426491051414
 20
25.91924270858739
 10
438.82568011607736
 20
25.874029650469673
 10
438.61947372279894
 20
25.81897687079376
 10
438.41610960807714
 20
25.75420821509028
 10
438.21604525538214
 20
25.67986938551234
 10
438.0197307251118
 20
25.596127613067146
 10
437.82760764214504
 20
25.503171281416787
 10
437.64010820237297
 20
25.401209503094467
 10
437.4576542004394
 20
25.29047164908951
 10
437.28065608088184
 20
25.171206832859404
 10
437.1095120148037
 20
25.04368334992959
 10
436.9446070041579
 20
24.908188074341727
 10
436.78631201565406
 20
24.765025813308107
 10
436.63498314624076
 20
24.614518621524006
 10
436.490960822037
 20
24.457005076680478
 10
436.3545690325175
 20
24.29283951780738
 10
436.2261146016725
 20
24.122391248160028
 10
436.105886497784
 20
23.94604370444265
 10
435.9941551833682
 20
23.764193594237575
 10
435.89117200674946
 20
23.5772500035805
 10
435.79716863663236
 20
23.38563347668949
 10
435.71235654094494
 20
23.189775069917893
 10
435.63692651112524
 20
22.990115382059376
 10
435.5710482329205
 20
22.787103563186506
 10
435.5148699046664
 20
22.581196304252558
 10
435.46851790390315
 20
22.372856809729523
 10
435.43209650307915
 20
22.16255375559345
 10
435.4056876349821
 20
21.950760235001194
 10
435.3893507084249
 20
21.737952694030398
 10
435.38312247460044
 20
21.524609859876794
 10
435.38701694440783
 20
21.311211663919977
 10
435.40102535693256
 20
21.098238162080232
 10
435.42511619915604
 20
20.886168454895245
 10
435.45923527684556
 20
20.67547960974598
 10
435.5033058364695
 20
20.466645587656334
 10
435.5572287378594
 20
20.260136177080764
 10
435.62088267723425
 20
20.05641593707844
 10
435.69412446008243
 20
19.855943152251335
 10
435.776789323289
 20
19.6591688017972
 10
435.8686913057835
 20
19.466535544996603
 10
435.96962366687353
 20
19.278476725416283
 10
436.07935935132423
 20
19.095415396068933
 10
436.19765150013677
 20
18.917763367722376
 10
436.3242340058773
 20
18.745920282499068
 10
436.4588221113057
 20
18.58027271484989
 10
436.6011130499601
 20
18.42119330192473
 10
436.7507867272527
 20
18.269039905296076
 10
436.9075064405487
 20
18.12415480592144
 10
437.0709196366041
 20
17.986863934155597
 10
437.2406587046628
 20
17.85747613654478
 10
437.41634180342476
 20
17.73628248105223
 10
437.59757372002866
 20
17.623555602278064
 10
437.78394675911363
 20
17.51954908814644
 10
437.9750416599619
 20
17.4244969094397
 10
438.1704285396586
 20
17.338612893462795
 10
438.36966786014716
 20
17.26209024302208
 10
438.57231141700436
 20
17.195101101800468
 10
438.7779033477109
 20
17.13779616710679
 10
438.9859811571504
 20
17.090304350870394
 10
439.19607675802786
 20
17.052732489643706
 10
439.40771752386877
 20
17.02516510426505
 10
439.62042735222917
 20
17.007664209722403
 10
439.7516305116633
 20
17.00191646052183
 10
439.88294551999945
 20
17.000000000000007
  0
LWPOLYLINE
  5
58
330
17
100
AcDbEntity
  8
GORUNEN
100
AcDbPolyline
 90
68
 70
0
 10
463.861416876
 20
26.000000000000014
 10
464.07478538214593
 20
25.994938449147575
 10
464.2876738991612
 20
25.979765182944494
 10
464.4996035176881
 20
25.95451433483899
 10
464.7100974854859
 20
25.919242708587394
 10
464.9186822799227
 20
25.874029650469673
 10
465.124888673201
 20
25.818976870793758
 10
465.3282527879228
 20
25.75420821509028
 10
465.5283171406178
 20
25.679869385512337
 10
465.72463167088824
 20
25.59612761306714
 10
465.9167547538549
 20
25.50317128141678
 10
466.10425419362707
 20
25.40120950309446
 10
466.28670819556055
 20
25.290471649089504
 10
466.4637063151182
 20
25.171206832859394
 10
466.6348503811962
 20
25.04368334992958
 10
466.79975539184215
 20
24.908188074341716
 10
466.958050380346
 20
24.765025813308096
 10
467.1093792497593
 20
24.614518621523995
 10
467.25340157396306
 20
24.457005076680467
 10
467.38979336348257
 20
24.292839517807366
 10
467.5182477943275
 20
24.12239124816001
 10
467.63847589821603
 20
23.946043704442634
 10
467.75020721263184
 20
23.764193594237558
 10
467.8531903892506
 20
23.57725000358048
 10
467.9471937593677
 20
23.385633476689474
 10
468.0320058550551
 20
23.189775069917875
 10
468.1074358848749
 20
22.990115382059358
 10
468.17331416307957
 20
22.787103563186484
 10
468.22949249133364
 20
22.581196304252536
 10
468.2758444920969
 20
22.372856809729505
 10
468.3122658929209
 20
22.16255375559343
 10
468.33867476101796
 20
21.950760235001173
 10
468.35501168757526
 20
21.737952694030376
 10
468.3612399213996
 20
21.524609859876776
 10
468.3573454515923
 20
21.311211663919956
 10
468.3433370390675
 20
21.098238162080214
 10
468.3192461968441
 20
20.886168454895223
 10
468.2851271191545
 20
20.67547960974596
 10
468.24105655953065
 20
20.466645587656316
 10
468.18713365814074
 20
20.260136177080746
 10
468.1234797187659
 20
20.05641593707842
 10
468.0502379359177
 20
19.855943152251317
 10
467.96757307271105
 20
19.659168801797183
 10
467.87567109021666
 20
19.466535544996585
 10
467.7747387291266
 20
19.27847672541627
 10
467.6650030446759
 20
19.09541539606892
 10
467.5467108958634
 20
18.917763367722362
 10
467.42012839012284
 20
18.745920282499053
 10
467.28554028469443
 20
18.580272714849876
 10
467.1432493460401
 20
18.421193301924717
 10
466.99357566874744
 20
18.26903990529606
 10
466.8368559554516
 20
18.124154805921428
 10
466.67344275939615
 20
17.986863934155586
 10
466.5037036913375
 20
17.857476136544772
 10
466.3280205925754
 20
17.73628248105222
 10
466.1467886759715
 20
17.623555602278056
 10
465.9604156368865
 20
17.519549088146434
 10
465.76932073603837
 20
17.424496909439693
 10
465.57393385634157
 20
17.33861289346279
 10
465.374694535853
 20
17.26209024302208
 10
465.1720509789959
 20
17.195101101800468
 10
464.96645904828927
 20
17.13779616710679
 10
464.7583812388498
 20
17.090304350870394
 10
464.5482856379723
 20
17.05273248964371
 10
464.3366448721314
 20
17.025165104265053
 10
464.123935043771
 20
17.007664209722407
 10
463.99282518756377
 20
17.0019191854752
 10
463.86160356201697
 20
17.00000000387261
  0
LWPOLYLINE
  5
59
330
17
100
AcDbEntity
  8
GORUNEN
100
AcDbPolyline
 90
34
 70
0
 10
476.4161869855002
 20
17.738450181436686
 10
476.53456112853337
 20
17.735149484823985
 10
476.6526461613671
 20
17.726246637545895
 10
476.7701771197919
 20
17.711761616189058
 10
476.88689028285444
 20
17.69172692285927
 10
477.0025237646049
 20
17.666187512251888
 10
477.1168181017283
 20
17.635200690780565
 10
477.22951683573945
 20
17.598835987990682
 10
477.34036708843473
 20
17.557175000546025
 10
477.44912012931195
 20
17.5103112091387
 10
477.5555319336812
 20
17.4583497687332
 10
477.65936373021896
 20
17.40140727261524
 10
477.7603825367323
 20
17.339611490774782
 10
477.8583616829353
 20
17.273101083210307
 10
477.9530813190604
 20
17.202025288797632
 10
478.04432890916723
 20
17.12654359042138
 10
478.13189970803967
 20
17.046825357120518
 10
478.21559722060215
 20
16.96304946405091
 10
478.2952336428227
 20
16.875403891117664
 10
478.37063028311695
 20
16.78408530117781
 10
478.44161796330275
 20
16.689298598759883
 10
478.5080373982099
 20
16.591256470290393
 10
478.5697395530909
 20
16.490178906859025
 10
478.62658597803147
 20
16.38629271059329
 10
478.67844911861016
 20
16.279830985750255
 10
478.7252126021107
 20
16.171032615667364
 10
478.7667714986435
 20
16.060141726745826
 10
478.8030325565926
 20
15.947407140669444
 10
478.8339144118569
 20
15.83308181608797
 10
478.8593477704185
 20
15.717422281017733
 10
478.87927556382783
 20
15.600688057233192
 10
478.8936530772563
 20
15.483141077940969
 10
478.90220935337834
 20
15.369669082358525
 10
478.905593250012
 20
15.255925265400093
  0
LWPOLYLINE
  5
5A
330
17
100
AcDbEntity
  8
GORUNEN
100
AcDbPolyline
 90
34
 70
0
 10
105.00000000000001
 20
25.999999999899998
 10
105.0476948372081
 20
25.99886195357713
 10
105.09528111654797
 20
25.995450404907388
 10
105.14265052723918
 20
25.989773118891613
 10
105.18969525211445
 20
25.98184301755875
 10
105.23630821302145
 20
25.971678150554123
 10
105.28238331454264
 20
25.95930165405677
 10
105.32781568547834
 20
25.944741698119344
 10
105.37250191754316
 20
25.92803142255048
 10
105.41634030073294
 20
25.909208861485507
 10
105.4592310548261
 20
25.888316856817237
 10
105.50107655649266
 20
25.865402960683852
 10
105.54178156149406
 20
25.84051932723583
 10
105.58125342146772
 20
25.813722593928254
 10
105.61940229480349
 20
25.785073752608742
 10
105.6561413511313
 20
25.75463801069433
 10
105.69138696895521
 20
25.722484642753347
 10
105.72505892598375
 20
25.68868683283011
 10
105.75708058172313
 20
25.653321507871226
 10
105.78737905191821
 20
25.616469162632743
 10
105.81588537444381
 20
25.578213676466643
 10
105.84253466626888
 20
25.53864212240364
 10
105.86726627113626
 20
25.497844568966922
 10
105.89002389762202
 20
25.455913875167834
 10
105.91075574725987
 20
25.412945479150153
 10
105.92941463243932
 20
25.369037180964064
 10
105.94595808380903
 20
25.32428891996415
 10
105.96034844694101
 20
25.278802547338184
 10
105.97255296803556
 20
25.23268159428438
 10
105.98254386847196
 20
25.1860310363648
 10
105.99029840803523
 20
25.13895705457124
 10
105.99579893667489
 20
25.091566793647473
 10
105.99894918205956
 20
25.045831557396593
 10
106.00000000000001
 20
24.999999999899998
  0
LWPOLYLINE
  5
5B
330
17
100
AcDbEntity
  8
GORUNEN
100
AcDbPolyline
 90
34
 70
0
 10
106.00000000000001
 20
20.999999999899998
 10
105.99886195367715
 20
20.952305162691918
 10
105.9954504050074
 20
20.904718883352043
 10
105.98977311899162
 20
20.85734947266082
 10
105.98184301765876
 20
20.810304747785562
 10
105.97167815065414
 20
20.76369178687857
 10
105.95930165415679
 20
20.717616685357363
 10
105.94474169821936
 20
20.672184314421667
 10
105.92803142265049
 20
20.627498082356848
 10
105.90920886158553
 20
20.583659699167068
 10
105.88831685691726
 20
20.540768945073914
 10
105.86540296078387
 20
20.498923443407342
 10
105.84051932733584
 20
20.458218438405957
 10
105.81372259402828
 20
20.418746578432284
 10
105.78507375270875
 20
20.380597705096523
 10
105.75463801079434
 20
20.34385864876872
 10
105.72248464285336
 20
20.30861303094479
 10
105.68868683293013
 20
20.27494107391626
 10
105.65332150797124
 20
20.24291941817689
 10
105.61646916273276
 20
20.212620947981808
 10
105.57821367656666
 20
20.184114625456207
 10
105.53864212250366
 20
20.157465333631144
 10
105.49784456906694
 20
20.132733728763753
 10
105.45591387526785
 20
20.109976102277994
 10
105.41294547925017
 20
20.089244252640142
 10
105.36903718106409
 20
20.070585367460694
 10
105.32428892006416
 20
20.05404191609098
 10
105.2788025474382
 20
20.039651552959004
 10
105.2326815943844
 20
20.027447031864455
 10
105.18603103646481
 20
20.017456131428045
 10
105.13895705467125
 20
20.009701591864776
 10
105.09156679374749
 20
20.004201063225125
 10
105.04583155749661
 20
20.00105081784045
 10
105.00000000000001
 20
19.999999999899998
  0
LWPOLYLINE
  5
5C
330
17
100
AcDbEntity
  8
GORUNEN
100
AcDbPolyline
 90
34
 70
0
 10
81.00000000000001
 20
24.999999999899998
 10
81.00113804632288
 20
25.04769483710808
 10
81.00454959499262
 20
25.095281116447953
 10
81.0102268810084
 20
25.142650527139175
 10
81.01815698234127
 20
25.189695252014435
 10
81.02832184934589
 20
25.236308212921426
 10
81.04069834584324
 20
25.282383314442633
 10
81.05525830178067
 20
25.32781568537833
 10
81.07196857734954
 20
25.37250191744315
 10
81.0907911384145
 20
25.41634030063293
 10
81.11168314308277
 20
25.459231054726082
 10
81.13459703921616
 20
25.501076556392654
 10
81.15948067266419
 20
25.54178156139404
 10
81.18627740597175
 20
25.581253421367713
 10
81.21492624729127
 20
25.619402294703473
 10
81.24536198920569
 20
25.656141351031277
 10
81.27751535714667
 20
25.691386968855205
 10
81.3113131670699
 20
25.725058925883737
 10
81.34667849202879
 20
25.757080581623107
 10
81.38353083726727
 20
25.78737905181819
 10
81.42178632343337
 20
25.81588537434379
 10
81.46135787749637
 20
25.842534666168852
 10
81.50215543093309
 20
25.867266271036243
 10
81.54408612473217
 20
25.890023897522003
 10
81.58705452074986
 20
25.910755747159854
 10
81.63096281893594
 20
25.929414632339302
 10
81.67571107993587
 20
25.945958083709016
 10
81.72119745256182
 20
25.960348446840992
 10
81.76731840561563
 20
25.972552967935542
 10
81.81396896353522
 20
25.982543868371952
 10
81.86104294532878
 20
25.99029840793522
 10
81.90843320625254
 20
25.99579893657487
 10
81.95416844250342
 20
25.998949181959546
 10
82.00000000000001
 20
25.999999999899998
  0
LWPOLYLINE
  5
5D
330
17
100
AcDbEntity
  8
GORUNEN
100
AcDbPolyline
 90
34
 70
0
 10
82.00000000000001
 20
19.999999999899998
 10
81.95230516279193
 20
20.001138046222867
 10
81.90471888345206
 20
20.00454959489261
 10
81.85734947276084
 20
20.010226880908384
 10
81.81030474788558
 20
20.018156982241248
 10
81.76369178697858
 20
20.028321849245874
 10
81.71761668545739
 20
20.040698345743227
 10
81.67218431452169
 20
20.055258301680652
 10
81.62749808245687
 20
20.071968577249518
 10
81.58365969926709
 20
20.09079113831449
 10
81.54076894517392
 20
20.11168314298276
 10
81.49892344350737
 20
20.134597039116144
 10
81.45821843850598
 20
20.159480672564165
 10
81.4187465785323
 20
20.18627740587174
 10
81.38059770519654
 20
20.21492624719125
 10
81.34385864886873
 20
20.245361989105668
 10
81.30861303104481
 20
20.277515357046646
 10
81.27494107401628
 20
20.31131316696988
 10
81.24291941827691
 20
20.346678491928767
 10
81.21262094808182
 20
20.38353083716725
 10
81.18411462555622
 20
20.42178632333335
 10
81.15746533373117
 20
20.461357877396352
 10
81.13273372886377
 20
20.502155430833067
 10
81.10997610237801
 20
20.54408612463216
 10
81.08924425274016
 20
20.587054520649836
 10
81.07058536756071
 20
20.630962818835926
 10
81.054041916191
 20
20.67571107983584
 10
81.03965155305902
 20
20.721197452461805
 10
81.02744703196447
 20
20.76731840551561
 10
81.01745613152806
 20
20.81396896343519
 10
81.0097015919648
 20
20.861042945228746
 10
81.00420106332514
 20
20.908433206152512
 10
81.00105081794047
 20
20.9541684424034
 10
81.00000000000001
 20
20.999999999899998
  0
LWPOLYLINE
  5
5E
330
17
100
AcDbEntity
  8
GORUNEN
100
AcDbPolyline
 90
34
 70
0
 10
478.905593250012
 20
15.255925265400093
 10
478.9035806777654
 20
15.13667121559823
 10
478.8958827320347
 20
15.017648874074188
 10
478.88251693405766
 20
14.89912914670424
 10
478.86351370562863
 20
14.78138179536828
 10
478.8389162998561
 20
14.66467482394679
 10
478.80878070271467
 20
14.54927386831918
 10
478.7731755056152
 20
14.435441591751914
 10
478.732181749285
 20
14.32343708705259
 10
478.6858927393114
 20
14.213515286850688
 10
478.6344138337696
 20
14.105926383347304
 10
478.5778622034179
 20
14.000915258854512
 10
478.51636656500636
 20
13.898720928420538
 10
478.4500668883053
 20
13.799575995809363
 10
478.3791140775213
 20
13.703706124073008
 10
478.3036696278251
 20
13.611329521921524
 10
478.22390525777405
 20
13.522656447059747
 10
478.14000251846426
 20
13.437888727621282
 10
478.05215238030337
 20
13.357219302788979
 10
477.96055479834513
 20
13.280831783647466
 10
477.8654182571721
 20
13.208900035267325
 10
477.76695929636605
 20
13.141587780972069
 10
477.6654020176436
 20
13.079048229688697
 10
477.56097757478005
 20
13.02142372722998
 10
477.4539236474818
 20
12.968845432302206
 10
477.34448390040563
 20
12.921433017975806
 10
477.232907428555
 20
12.879294399298367
 10
477.11944819031703
 20
12.842525487669981
 10
477.00436442942953
 20
12.811209972540015
 10
476.8879180871942
 20
12.785419130922165
 10
476.77037420627437
 20
12.765211665161374
 10
476.65200032743303
 20
12.750633569321863
 10
476.53772278977044
 20
12.741959923828478
 10
476.4231678199999
 20
12.73853303793356
  0
LWPOLYLINE
  5
5F
330
17
100
AcDbEntity
  8
GORUNEN
100
AcDbPolyline
 90
35
 70
0
 10
70.0
 20
14.000000000000007
 10
70.1411181489768
 20
13.99667910661609
 10
70.28192387240207
 20
13.986723778686247
 10
70.42210543641227
 20
13.970156056598922
 10
70.56135248898839
 20
13.94701262011322
 10
70.69935674705336
 20
13.917344707152548
 10
70.8358126789888
 20
13.881218000367484
 10
70.97041818106035
 20
13.838712481719055
 10
71.10287524625382
 20
13.78992225540437
 10
71.23289062404157
 20
13.734955339516608
 10
71.36017646961835
 20
13.67393342690064
 10
71.48445098116918
 20
13.606991615733715
 10
71.6054390237586
 20
13.534278110427714
 10
71.72287273845983
 20
13.455953893515094
 10
71.83649213537541
 20
13.37219236924502
 10
71.94604566923633
 20
13.283178979678677
 10
72.05129079630541
 20
13.189110794133722
 10
72.15199451135184
 20
13.090196072886833
 10
72.24793386350831
 20
12.986653806100252
 10
72.33889644986823
 20
12.87871322899313
 10
72.42468088573081
 20
12.766613314331044
 10
72.50509725045235
 20
12.65060224335729
 10
72.57996750791716
 20
12.530936856337242
 10
72.64912590069679
 20
12.407882083932256
 10
72.71241931702524
 20
12.281710360662025
 10
72.76970762977747
 20
12.152701021753913
 10
72.82086400670096
 20
12.021139684714615
 10
72.86577519121325
 20
11.887317616993302
 10
72.90434175314402
 20
11.751531091136185
 10
72.93647830886636
 20
11.61408072886016
 10
72.96211371033006
 20
11.47527083549769
 10
72.98119120257842
 20
11.335408726286442
 10
72.99366854939953
 20
11.19480404599517
 10
72.99841671955372
 20
11.097453455047521
 10
73.0
 20
11.000000000000009
  0
LWPOLYLINE
  5
60
330
17
100
AcDbEntity
  8
GORUNEN
100
AcDbPolyline
 90
2
 70
0
 10
225.0209437810002
 20
6.000000000010008
 10
225.0209437809998
 20
32.00000000000001
  0
LWPOLYLINE
  5
61
330
17
100
AcDbEntity
  8
GORUNEN
100
AcDbPolyline
 90
2
 70
0
 10
439.88244571337475
 20
17.000000000000007
 10
463.86141687600025
 20
17.000000000000007
  0
LWPOLYLINE
  5
62
330
17
100
AcDbEntity
  8
GORUNEN
100
AcDbPolyline
 90
68
 70
0
 10
439.88294551999945
 20
17.000000000000007
 10
439.6695770138534
 20
17.005061550852478
 10
439.4566884968382
 20
17.02023481705559
 10
439.24475887831136
 20
17.045485665161127
 10
439.03426491051357
 20
17.080757291412755
 10
438.8256801160768
 20
17.12597034953051
 10
438.6194737227985
 20
17.18102312920645
 10
438.4161096080767
 20
17.24579178490996
 10
438.2160452553817
 20
17.320130614487933
 10
438.01973072511123
 20
17.40387238693316
 10
437.8276076421446
 20
17.496828718583547
 10
437.6401082023724
 20
17.5987904969059
 10
437.4576542004389
 20
17.70952835091088
 10
437.2806560808814
 20
17.828793167141015
 10
437.1095120148034
 20
17.956316650070853
 10
436.94460700415743
 20
18.091811925658742
 10
436.7863120156536
 20
18.234974186692384
 10
436.6349831462403
 20
18.38548137847651
 10
436.49096082203664
 20
18.54299492332006
 10
436.35456903251713
 20
18.70716048219318
 10
436.2261146016722
 20
18.877608751840558
 10
436.1058864977837
 20
19.05395629555796
 10
435.994155183368
 20
19.235806405763057
 10
435.89117200674923
 20
19.42274999642015
 10
435.79716863663214
 20
19.61436652331118
 10
435.7123565409447
 20
19.810224930082796
 10
435.636926511125
 20
20.00988461794133
 10
435.57104823292025
 20
20.212896436814216
 10
435.5148699046663
 20
20.418803695748178
 10
435.46851790390303
 20
20.627143190271223
 10
435.43209650307904
 20
20.83744624440731
 10
435.4056876349821
 20
21.049239764999577
 10
435.3893507084248
 20
21.26204730597038
 10
435.38312247460044
 20
21.475390140123988
 10
435.38701694440783
 20
21.68878833608081
 10
435.4010253569327
 20
21.901761837920557
 10
435.42511619915604
 20
22.113831545105548
 10
435.4592352768457
 20
22.32452039025481
 10
435.5033058364696
 20
22.53335441234445
 10
435.55722873785965
 20
22.739863822920018
 10
435.6208826772345
 20
22.943584062922337
 10
435.69412446008266
 20
23.144056847749432
 10
435.77678932328934
 20
23.340831198203556
 10
435.86869130578384
 20
23.53346445500414
 10
435.9696236668739
 20
23.721523274584445
 10
436.07935935132457
 20
23.904584603931777
 10
436.1976515001372
 20
24.082236632278317
 10
436.32423400587777
 20
24.254079717501607
 10
436.4588221113062
 20
24.419727285150763
 10
436.60111304996053
 20
24.578806698075898
 10
436.75078672725317
 20
24.73096009470453
 10
436.9075064405491
 20
24.875845194079137
 10
437.0709196366047
 20
25.01313606584495
 10
437.24065870466336
 20
25.142523863455736
 10
437.4163418034253
 20
25.263717518948255
 10
437.59757372002935
 20
25.376444397722388
 10
437.7839467591143
 20
25.48045091185398
 10
437.97504165996247
 20
25.575503090560687
 10
438.17042853965927
 20
25.661387106537553
 10
438.36966786014784
 20
25.737909756978233
 10
438.57231141700504
 20
25.804898898199802
 10
438.7779033477117
 20
25.862203832893442
 10
438.9859811571512
 20
25.909695649129798
 10
439.19607675802865
 20
25.947267510356447
 10
439.40771752386956
 20
25.97483489573506
 10
439.62042735222997
 20
25.992335790277664
 10
439.75163051166396
 20
25.998083539478205
 10
439.88294552
 20
26.000000000000007
  0
LWPOLYLINE
  5
63
330
17
100
AcDbEntity
  8
GORUNEN
100
AcDbPolyline
 90
2
 70
0
 10
220.0
 20
7.105427357601002e-15
 10
220.0
 20
6.000000000010007
  0
LWPOLYLINE
  5
64
330
17
100
AcDbEntity
  8
GORUNEN
100
AcDbPolyline
 90
2
 70
0
 10
73.00000000000001
 20
1.4210854715202004e-14
 10
73.00000000000001
 20
6.000000000010014
  0
LWPOLYLINE
  5
65
330
17
100
AcDbEntity
  8
GORUNEN
100
AcDbPolyline
 90
2
 70
0
 10
221.0
 20
7.105427357601002e-15
 10
220.0
 20
7.105427357601002e-15
  0
LWPOLYLINE
  5
66
330
17
100
AcDbEntity
  8
GORUNEN
100
AcDbPolyline
 90
2
 70
0
 10
225.0
 20
7.105427357601002e-15
 10
221.0
 20
7.105427357601002e-15
  0
LWPOLYLINE
  5
67
330
17
100
AcDbEntity
  8
GORUNEN
100
AcDbPolyline
 90
2
 70
0
 10
225.0
 20
7.105427357601002e-15
 10
225.0
 20
3.000000000000007
  0
LWPOLYLINE
  5
68
330
17
100
AcDbEntity
  8
GORUNEN
100
AcDbPolyline
 90
2
 70
0
 10
73.00000000000001
 20
1.4210854715202004e-14
 10
71.00000000000001
 20
1.4210854715202004e-14
  0
LWPOLYLINE
  5
69
330
17
100
AcDbEntity
  8
GORUNEN
100
AcDbPolyline
 90
2
 70
0
 10
73.00000000000001
 20
0.0
 10
220.00000000000003
 20
0.0
  0
LWPOLYLINE
  5
6A
330
17
100
AcDbEntity
  8
GORUNEN
100
AcDbPolyline
 90
2
 70
0
 10
68.00000000000001
 20
1.4210854715202004e-14
 10
71.00000000000001
 20
1.4210854715202004e-14
  0
LWPOLYLINE
  5
6B
330
17
100
AcDbEntity
  8
GORUNEN
100
AcDbPolyline
 90
34
 70
0
 10
106.00000000000001
 20
24.999999999900012
 10
105.99886195367715
 20
25.047694837108093
 10
105.9954504050074
 20
25.095281116447968
 10
105.98977311899162
 20
25.14265052713919
 10
105.98184301765876
 20
25.18969525201445
 10
105.97167815065414
 20
25.23630821292144
 10
105.95930165415679
 20
25.282383314442647
 10
105.94474169821936
 20
25.327815685378344
 10
105.92803142265049
 20
25.372501917443163
 10
105.90920886158553
 20
25.416340300632942
 10
105.88831685691726
 20
25.459231054726096
 10
105.86540296078387
 20
25.50107655639267
 10
105.84051932733584
 20
25.541781561394053
 10
105.81372259402828
 20
25.581253421367727
 10
105.78507375270875
 20
25.619402294703487
 10
105.75463801079434
 20
25.65614135103129
 10
105.72248464285336
 20
25.69138696885522
 10
105.68868683293013
 20
25.72505892588375
 10
105.65332150797124
 20
25.75708058162312
 10
105.61646916273276
 20
25.787379051818203
 10
105.57821367656666
 20
25.815885374343804
 10
105.53864212250366
 20
25.842534666168866
 10
105.49784456906694
 20
25.867266271036257
 10
105.45591387526785
 20
25.890023897522017
 10
105.41294547925017
 20
25.910755747159868
 10
105.36903718106409
 20
25.929414632339316
 10
105.32428892006416
 20
25.94595808370903
 10
105.2788025474382
 20
25.960348446841007
 10
105.2326815943844
 20
25.972552967935556
 10
105.18603103646481
 20
25.982543868371966
 10
105.13895705467125
 20
25.990298407935235
 10
105.09156679374749
 20
25.995798936574886
 10
105.04583155749661
 20
25.99894918195956
 10
105.00000000000001
 20
25.999999999900012
  0
LWPOLYLINE
  5
6C
330
17
100
AcDbEntity
  8
GORUNEN
100
AcDbPolyline
 90
2
 70
0
 10
106.00000000000001
 20
20.999999999900012
 10
106.00000000000001
 20
24.999999999900012
  0
LWPOLYLINE
  5
6D
330
17
100
AcDbEntity
  8
GORUNEN
100
AcDbPolyline
 90
34
 70
0
 10
105.00000000000001
 20
19.999999999900012
 10
105.0476948372081
 20
20.00113804622288
 10
105.09528111654797
 20
20.004549594892623
 10
105.14265052723918
 20
20.010226880908398
 10
105.18969525211445
 20
20.018156982241262
 10
105.23630821302145
 20
20.028321849245888
 10
105.28238331454264
 20
20.04069834574324
 10
105.32781568547834
 20
20.055258301680666
 10
105.37250191754316
 20
20.07196857724953
 10
105.41634030073294
 20
20.090791138314504
 10
105.4592310548261
 20
20.111683142982773
 10
105.50107655649266
 20
20.13459703911616
 10
105.54178156149406
 20
20.159480672564182
 10
105.58125342146772
 20
20.186277405871756
 10
105.61940229480349
 20
20.21492624719127
 10
105.6561413511313
 20
20.24536198910568
 10
105.69138696895521
 20
20.277515357046664
 10
105.72505892598375
 20
20.3113131669699
 10
105.75708058172313
 20
20.346678491928785
 10
105.78737905191821
 20
20.383530837167267
 10
105.81588537444381
 20
20.421786323333368
 10
105.84253466626888
 20
20.46135787739637
 10
105.86726627113626
 20
20.50215543083309
 10
105.89002389762202
 20
20.544086124632177
 10
105.91075574725987
 20
20.587054520649858
 10
105.92941463243932
 20
20.630962818835947
 10
105.94595808380903
 20
20.67571107983586
 10
105.96034844694101
 20
20.721197452461826
 10
105.97255296803556
 20
20.76731840551563
 10
105.98254386847196
 20
20.81396896343521
 10
105.99029840803523
 20
20.86104294522877
 10
105.99579893667489
 20
20.908433206152537
 10
105.99894918205956
 20
20.954168442403418
 10
106.00000000000001
 20
20.999999999900012
  0
LWPOLYLINE
  5
6E
330
17
100
AcDbEntity
  8
GORUNEN
100
AcDbPolyline
 90
2
 70
0
 10
105.00000000000001
 20
19.999999999900005
 10
82.00000000000001
 20
19.999999999900005
  0
LWPOLYLINE
  5
6F
330
17
100
AcDbEntity
  8
GORUNEN
100
AcDbPolyline
 90
34
 70
0
 10
81.00000000000001
 20
20.999999999900005
 10
81.00113804632288
 20
20.952305162691925
 10
81.00454959499262
 20
20.90471888335205
 10
81.0102268810084
 20
20.85734947266083
 10
81.01815698234127
 20
20.81030474778557
 10
81.02832184934589
 20
20.763691786878578
 10
81.04069834584324
 20
20.71761668535737
 10
81.05525830178067
 20
20.672184314421674
 10
81.07196857734954
 20
20.627498082356855
 10
81.0907911384145
 20
20.583659699167075
 10
81.11168314308277
 20
20.54076894507392
 10
81.13459703921616
 20
20.49892344340735
 10
81.15948067266419
 20
20.458218438405964
 10
81.18627740597175
 20
20.41874657843229
 10
81.21492624729127
 20
20.38059770509653
 10
81.24536198920569
 20
20.343858648768727
 10
81.27751535714667
 20
20.308613030944798
 10
81.3113131670699
 20
20.274941073916267
 10
81.34667849202879
 20
20.242919418176896
 10
81.38353083726727
 20
20.212620947981815
 10
81.42178632343337
 20
20.184114625456214
 10
81.46135787749637
 20
20.15746533363115
 10
81.50215543093309
 20
20.13273372876376
 10
81.54408612473217
 20
20.109976102278
 10
81.58705452074986
 20
20.08924425264015
 10
81.63096281893594
 20
20.0705853674607
 10
81.67571107993587
 20
20.054041916090988
 10
81.72119745256182
 20
20.03965155295901
 10
81.76731840561563
 20
20.02744703186446
 10
81.81396896353522
 20
20.01745613142805
 10
81.86104294532878
 20
20.009701591864783
 10
81.90843320625254
 20
20.004201063225132
 10
81.95416844250342
 20
20.001050817840458
 10
82.00000000000001
 20
19.999999999900005
  0
LWPOLYLINE
  5
70
330
17
100
AcDbEntity
  8
GORUNEN
100
AcDbPolyline
 90
34
 70
0
 10
179.0
 20
21.749999999900012
 10
178.74392787500736
 20
21.74375123988096
 10
178.48846532458867
 20
21.725019834872107
 10
178.23422047223784
 20
21.693850374608584
 10
177.98179854274278
 20
21.650317057367378
 10
177.73180042146012
 20
21.594523513339837
 10
177.48482122391937
 20
21.526602557942052
 10
177.24144887916248
 20
21.44671587565042
 10
177.0022627301905
 20
21.355053635114984
 10
176.76783215484906
 20
21.251834036466757
 10
176.53871521043584
 20
21.13730279189668
 10
176.31545730525633
 20
21.011732540742656
 10
176.0985899002903
 20
20.875422200477065
 10
175.88862924405947
 20
20.728696255139692
 10
175.68607514370834
 20
20.57190398290996
 10
175.49140977522313
 20
20.405418624657194
 10
175.3050965356217
 20
20.229636495448233
 10
175.12757893984593
 20
20.044976041127278
 10
174.95927956498358
 20
19.851876842213976
 10
174.80059904433168
 20
19.65079856749076
 10
174.65191511369719
 20
19.442219879770498
 10
174.51358171220443
 20
19.22663729644925
 10
174.38592813974992
 20
19.004564007556528
 10
174.2692582731108
 20
18.77652865411668
 10
174.16384984257206
 20
18.543074069729524
 10
174.06995377079517
 20
18.30475598836579
 10
173.9877935755017
 20
18.06214172145354
 10
173.91756483739405
 20
17.815808807404625
 10
173.85943473457917
 20
17.566343636796077
 10
173.81354164460458
 20
17.31434005647903
 10
173.7799948150535
 20
17.060397955938186
 10
173.75887410348298
 20
16.80512183926689
 10
173.7522189948172
 20
16.652625429114195
 10
173.75
 20
16.499999999900012
  0
LWPOLYLINE
  5
71
330
17
100
AcDbEntity
  8
GORUNEN
100
AcDbPolyline
 90
34
 70
0
 10
184.25
 20
16.499999999900012
 10
184.24375123998095
 20
16.75607212489265
 10
184.2250198349721
 20
17.011534675311328
 10
184.19385037470857
 20
17.265779527662172
 10
184.15031705746736
 20
17.51820145715721
 10
184.09452351343984
 20
17.76819957843989
 10
184.02660255804204
 20
18.015178775980644
 10
183.9467158757504
 20
18.258551120737515
 10
183.85505363521497
 20
18.497737269709493
 10
183.75183403656675
 20
18.732167845050938
 10
183.6373027919967
 20
18.96128478946416
 10
183.51173254084264
 20
19.18454269464366
 10
183.37542220057708
 20
19.40141009960969
 10
183.2286962552397
 20
19.611370755840515
 10
183.07190398300997
 20
19.813924856191655
 10
182.9054186247572
 20
20.00859022467684
 10
182.72963649554825
 20
20.194903464278287
 10
182.5449760412273
 20
20.372421060054037
 10
182.351876842314
 20
20.54072043491641
 10
182.15079856759078
 20
20.699400955568308
 10
181.94221987987055
 20
20.848084886202784
 10
181.72663729654928
 20
20.98641828769556
 10
181.50456400765657
 20
21.114071860150048
 10
181.27652865421675
 20
21.230741726789162
 10
181.04307406982957
 20
21.33615015732792
 10
180.80475598846587
 20
21.43004622910483
 10
180.56214172155362
 20
21.51220642439826
 10
180.3158088075047
 20
21.58243516250593
 10
180.06634363689616
 20
21.640565265320838
 10
179.8143400565791
 20
21.686458355295407
 10
179.5603979560383
 20
21.72000518484649
 10
179.305121839367
 20
21.741125896417028
 10
179.15262542921423
 20
21.74778100508279
 10
179.0
 20
21.749999999900012
  0
LWPOLYLINE
  5
72
330
17
100
AcDbEntity
  8
GORUNEN
100
AcDbPolyline
 90
34
 70
0
 10
179.0
 20
11.249999999900012
 10
179.25607212499264
 20
11.256248759919064
 10
179.51153467541133
 20
11.274980164927918
 10
179.76577952776216
 20
11.306149625191441
 10
180.0182014572572
 20
11.349682942432645
 10
180.26819957853988
 20
11.405476486460184
 10
180.51517877608063
 20
11.473397441857971
 10
180.7585511208375
 20
11.5532841241496
 10
180.99773726980948
 20
11.644946364685037
 10
181.23216784515094
 20
11.748165963333262
 10
181.46128478956416
 20
11.862697207903336
 10
181.68454269474364
 20
11.988267459057358
 10
181.9014100997097
 20
12.124577799322946
 10
182.1113707559405
 20
12.271303744660315
 10
182.31392485629164
 20
12.428096016890047
 10
182.50859022477684
 20
12.594581375142804
 10
182.69490346437829
 20
12.770363504351764
 10
182.872421060154
 20
12.955023958672712
 10
183.0407204350164
 20
13.148123157586008
 10
183.1994009556683
 20
13.349201432309219
 10
183.3480848863028
 20
13.557780120029475
 10
183.48641828779554
 20
13.773362703350717
 10
183.61407186025005
 20
13.995435992243436
 10
183.73074172688916
 20
14.223471345683278
 10
183.8361501574279
 20
14.456925930070428
 10
183.9300462292048
 20
14.695244011434154
 10
184.01220642449826
 20
14.9378582783464
 10
184.08243516260592
 20
15.184191192395307
 10
184.14056526542083
 20
15.433656363003852
 10
184.1864583553954
 20
15.685659943320895
 10
184.22000518494647
 20
15.939602043861731
 10
184.24112589651702
 20
16.194878160533023
 10
184.2477810051828
 20
16.347374570685776
 10
184.25
 20
16.499999999900012
  0
LWPOLYLINE
  5
73
330
17
100
AcDbEntity
  8
GORUNEN
100
AcDbPolyline
 90
34
 70
0
 10
173.75
 20
16.499999999900012
 10
173.75624876001905
 20
16.243927874907374
 10
173.7749801650279
 20
15.988465324488695
 10
173.80614962529143
 20
15.734220472137851
 10
173.84968294253264
 20
15.481798542642812
 10
173.90547648656016
 20
15.231800421360134
 10
173.97339744195796
 20
14.984821223819381
 10
174.0532841242496
 20
14.74144887906251
 10
174.14494636478503
 20
14.50226273009053
 10
174.24816596343325
 20
14.267832154749085
 10
174.3626972080033
 20
14.038715210335864
 10
174.48826745915736
 20
13.815457305156364
 10
174.62457779942292
 20
13.598589900190332
 10
174.7713037447603
 20
13.38862924395951
 10
174.92809601699003
 20
13.18607514360837
 10
175.0945813752428
 20
12.991409775123184
 10
175.27036350445175
 20
12.805096535521738
 10
175.4550239587727
 20
12.627578939745987
 10
175.648123157686
 20
12.459279564883616
 10
175.84920143240922
 20
12.300599044231715
 10
176.05778012012945
 20
12.151915113597237
 10
176.27336270345072
 20
12.013581712104463
 10
176.49543599234343
 20
11.885928139649977
 10
176.72347134578325
 20
11.769258273010863
 10
176.95692593017043
 20
11.663849842472104
 10
177.19524401153413
 20
11.569953770695196
 10
177.43785827844638
 20
11.487793575401763
 10
177.6841911924953
 20
11.417564837294094
 10
177.93365636310384
 20
11.359434734479189
 10
178.1856599434209
 20
11.313541644504618
 10
178.4396020439617
 20
11.279994814953536
 10
178.694878160633
 20
11.258874103382997
 10
178.84737457078577
 20
11.252218994717234
 10
179.0
 20
11.249999999900012
  0
LWPOLYLINE
  5
74
330
17
100
AcDbEntity
  8
GORUNEN
100
AcDbPolyline
 90
2
 70
0
 10
220.00000000000003
 20
32.00000000000001
 10
1.4210854715202004e-14
 20
32.00000000000001
  0
LWPOLYLINE
  5
75
330
17
100
AcDbEntity
  8
GORUNEN
100
AcDbPolyline
 90
2
 70
0
 10
220.0
 20
6.000000000010008
 10
220.0
 20
32.00000000000001
  0
LWPOLYLINE
  5
76
330
17
100
AcDbEntity
  8
GORUNEN
100
AcDbPolyline
 90
2
 70
0
 10
82.00000000000001
 20
25.999999999900005
 10
105.00000000000001
 20
25.999999999900005
  0
LWPOLYLINE
  5
77
330
17
100
AcDbEntity
  8
GORUNEN
100
AcDbPolyline
 90
2
 70
0
 10
81.00000000000001
 20
20.999999999900005
 10
81.00000000000001
 20
24.999999999900005
  0
LWPOLYLINE
  5
78
330
17
100
AcDbEntity
  8
GORUNEN
100
AcDbPolyline
 90
34
 70
0
 10
82.00000000000001
 20
25.999999999900005
 10
81.95230516279193
 20
25.998861953577137
 10
81.90471888345206
 20
25.995450404907395
 10
81.85734947276084
 20
25.98977311889162
 10
81.81030474788558
 20
25.981843017558756
 10
81.76369178697858
 20
25.97167815055413
 10
81.71761668545739
 20
25.959301654056777
 10
81.67218431452169
 20
25.94474169811935
 10
81.62749808245687
 20
25.928031422550486
 10
81.58365969926709
 20
25.909208861485514
 10
81.54076894517392
 20
25.888316856817244
 10
81.49892344350737
 20
25.86540296068386
 10
81.45821843850598
 20
25.84051932723584
 10
81.4187465785323
 20
25.813722593928265
 10
81.38059770519654
 20
25.785073752608753
 10
81.34385864886873
 20
25.754638010694336
 10
81.30861303104481
 20
25.722484642753358
 10
81.27494107401628
 20
25.688686832830122
 10
81.24291941827691
 20
25.653321507871237
 10
81.21262094808182
 20
25.616469162632754
 10
81.18411462555622
 20
25.578213676466653
 10
81.15746533373117
 20
25.53864212240365
 10
81.13273372886377
 20
25.497844568966936
 10
81.10997610237801
 20
25.455913875167845
 10
81.08924425274016
 20
25.412945479150167
 10
81.07058536756071
 20
25.369037180964078
 10
81.054041916191
 20
25.324288919964165
 10
81.03965155305902
 20
25.2788025473382
 10
81.02744703196447
 20
25.232681594284394
 10
81.01745613152806
 20
25.186031036364813
 10
81.0097015919648
 20
25.138957054571257
 10
81.00420106332514
 20
25.09156679364749
 10
81.00105081794047
 20
25.045831557396603
 10
81.00000000000001
 20
24.999999999900005
  0
LWPOLYLINE
  5
79
330
17
100
AcDbEntity
  8
GORUNEN
100
AcDbPolyline
 90
35
 70
0
 10
73.00000000000001
 20
11.000000000000005
 10
72.9966791066161
 20
11.141118148976805
 10
72.98672377868625
 20
11.281923872402079
 10
72.97015605659892
 20
11.422105436412266
 10
72.94701262011323
 20
11.56135248898839
 10
72.91734470715255
 20
11.699356747053363
 10
72.8812180003675
 20
11.835812678988809
 10
72.83871248171906
 20
11.970418181060358
 10
72.78992225540438
 20
12.102875246253827
 10
72.73495533951662
 20
12.232890624041584
 10
72.67393342690065
 20
12.36017646961836
 10
72.60699161573372
 20
12.48445098116919
 10
72.53427811042772
 20
12.605439023758608
 10
72.4559538935151
 20
12.722872738459841
 10
72.37219236924503
 20
12.836492135375417
 10
72.28317897967868
 20
12.946045669236335
 10
72.18911079413373
 20
13.051290796305409
 10
72.09019607288684
 20
13.151994511351857
 10
71.98665380610026
 20
13.247933863508319
 10
71.87871322899313
 20
13.338896449868242
 10
71.76661331433105
 20
13.424680885730808
 10
71.6506022433573
 20
13.505097250452351
 10
71.53093685633725
 20
13.579967507917164
 10
71.40788208393226
 20
13.649125900696799
 10
71.28171036066203
 20
13.712419317025242
 10
71.15270102175393
 20
13.769707629777471
 10
71.02113968471463
 20
13.820864006700958
 10
70.88731761699331
 20
13.865775191213256
 10
70.75153109113619
 20
13.904341753144024
 10
70.61408072886016
 20
13.936478308866358
 10
70.4752708354977
 20
13.96211371033007
 10
70.33540872628645
 20
13.981191202578419
 10
70.19480404599517
 20
13.993668549399542
 10
70.09745345504753
 20
13.99841671955373
 10
70.00000000000001
 20
14.000000000000007
  0
LWPOLYLINE
  5
7A
330
17
100
AcDbEntity
  8
GORUNEN
100
AcDbPolyline
 90
2
 70
0
 10
73.00000000000001
 20
11.000000000000012
 10
73.00000000000001
 20
6.000000000010012
  0
LWPOLYLINE
  5
7B
330
17
100
AcDbEntity
  8
GORUNEN
100
AcDbPolyline
 90
2
 70
0
 10
220.00000000000003
 20
7.105427357601002e-15
 10
73.00000000000001
 20
7.105427357601002e-15
  0
LWPOLYLINE
  5
7C
330
17
100
AcDbEntity
  8
GORUNEN
100
AcDbPolyline
 90
2
 70
0
 10
1.0658141036401503e-14
 20
32.00000000000001
 10
1.0658141036401503e-14
 20
13.949232512900007
  0
LWPOLYLINE
  5
7D
330
17
100
AcDbEntity
  8
GORUNEN
100
AcDbPolyline
 90
2
 70
0
 10
68.0
 20
7.105427357601002e-15
 10
7.105427357601002e-15
 20
7.105427357601002e-15
  0
LWPOLYLINE
  5
7E
330
17
100
AcDbEntity
  8
GORUNEN
100
AcDbPolyline
 90
2
 70
0
 10
7.068781324170992e-15
 20
4.564221286263603
 10
7.105427357601002e-15
 20
7.105427357601002e-15
  0
LWPOLYLINE
  5
7F
330
17
100
AcDbEntity
  8
GORUNEN
100
AcDbPolyline
 90
2
 70
0
 10
70.00000000000001
 20
14.000000000000007
 10
68.00000000000001
 20
14.000000000000007
  0
LWPOLYLINE
  5
80
330
17
100
AcDbEntity
  8
GORUNEN
100
AcDbPolyline
 90
2
 70
0
 10
68.00000000000001
 20
14.000000000000007
 10
68.00000000000001
 20
13.949232512900007
  0
LWPOLYLINE
  5
81
330
17
100
AcDbEntity
  8
GORUNEN
100
AcDbPolyline
 90
2
 70
0
 10
7.105427357601002e-15
 20
8.949232512900004
 10
7.068672903953743e-15
 20
13.949232512900002
  0
LWPOLYLINE
  5
82
330
17
100
AcDbEntity
  8
GORUNEN
100
AcDbPolyline
 90
2
 70
0
 10
68.00000000000001
 20
1.4210854715202004e-14
 10
68.00000000000001
 20
4.56422128626361
  0
LWPOLYLINE
  5
83
330
17
100
AcDbEntity
  8
GORUNEN
100
AcDbPolyline
 90
2
 70
0
 10
7.106728400207984e-15
 20
4.564221286265448
 10
7.104126314994019e-15
 20
8.543577871373326
  0
LWPOLYLINE
  5
84
330
17
100
AcDbEntity
  8
GORUNEN
100
AcDbPolyline
 90
2
 70
0
 10
68.00000000000001
 20
13.94923251290001
 10
68.00000000000001
 20
8.94923251290001
  0
LWPOLYLINE
  5
85
330
17
100
AcDbEntity
  8
GORUNEN
100
AcDbPolyline
 90
2
 70
0
 10
68.00000000000001
 20
4.564221286265455
 10
68.00000000000001
 20
8.543577871373333
  0
LWPOLYLINE
  5
86
330
17
100
AcDbEntity
  8
GORUNEN
100
AcDbPolyline
 90
2
 70
0
 10
7.10705366085973e-15
 20
8.94923251290001
 10
7.109113644987453e-15
 20
8.54357787137402
  0
LWPOLYLINE
  5
87
330
17
100
AcDbEntity
  8
GORUNEN
100
AcDbPolyline
 90
2
 70
0
 10
68.00000000000001
 20
8.94923251290001
 10
68.00000000000001
 20
8.543577871374026
  0
LWPOLYLINE
  5
88
330
17
100
AcDbEntity
  8
GORUNEN
100
AcDbPolyline
 90
2
 70
0
 10
1.4210854715202004e-14
 20
8.94923251290001
 10
68.00000000000001
 20
8.94923251290001
  0
LWPOLYLINE
  5
89
330
17
100
AcDbEntity
  8
GIZLI
100
AcDbPolyline
 90
2
 70
0
 10
68.0
 20
12.000000000000007
 10
7.105427357601002e-15
 20
12.000000000000007
  0
LWPOLYLINE
  5
8A
330
17
100
AcDbEntity
  8
GIZLI
100
AcDbPolyline
 90
2
 70
0
 10
68.0
 20
12.000000000000014
 10
7.105427357601002e-15
 20
12.000000000000014
  0
LWPOLYLINE
  5
8B
330
17
100
AcDbEntity
  8
GIZLI
100
AcDbPolyline
 90
2
 70
0
 10
7.105427357601002e-15
 20
3.000000000000007
 10
68.0
 20
3.000000000000007
  0
LWPOLYLINE
  5
8C
330
17
100
AcDbEntity
  8
GIZLI
100
AcDbPolyline
 90
2
 70
0
 10
225.0
 20
3.000000000000007
 10
463.0
 20
3.000000000000007
  0
LWPOLYLINE
  5
8D
330
17
100
AcDbEntity
  8
GIZLI
100
AcDbPolyline
 90
2
 70
0
 10
73.00000000000001
 20
3.0
 10
220.0
 20
3.0
  0
LWPOLYLINE
  5
8E
330
17
100
AcDbEntity
  8
GIZLI
100
AcDbPolyline
 90
2
 70
0
 10
0.0
 20
3.000000000000007
 10
68.0
 20
3.000000000000007
  0
LWPOLYLINE
  5
8F
330
17
100
AcDbEntity
  8
GIZLI
100
AcDbPolyline
 90
2
 70
0
 10
73.00000000000001
 20
3.000000000000007
 10
220.0
 20
3.000000000000007
  0
LWPOLYLINE
  5
90
330
17
100
AcDbEntity
  8
GIZLI
100
AcDbPolyline
 90
2
 70
0
 10
463.0
 20
3.000000000000007
 10
225.0
 20
3.000000000000007
  0
LWPOLYLINE
  5
91
330
17
100
AcDbEntity
  8
GIZLI
100
AcDbPolyline
 90
2
 70
0
 10
462.970942691
 20
5.93156046175001
 10
462.9715662863366
 20
5.862936321186502
  0
LWPOLYLINE
  5
92
330
17
100
AcDbEntity
  8
GIZLI
100
AcDbPolyline
 90
2
 70
0
 10
482.97033240332576
 20
27.711125918465186
 10
482.95929322629866
 20
27.7783295365696
  0
LWPOLYLINE
  5
93
330
17
100
AcDbEntity
  8
GIZLI
100
AcDbPolyline
 90
2
 70
0
 10
482.93746170823863
 20
27.911234099902767
 10
482.89649951577394
 20
28.10983929801539
  0
LWPOLYLINE
  5
94
330
17
100
AcDbEntity
  8
GIZLI
100
AcDbPolyline
 90
2
 70
0
 10
482.7257900050463
 20
28.693371715666483
 10
482.7078771110291
 20
28.74013458559499
  0
LWPOLYLINE
  5
95
330
17
100
AcDbEntity
  8
GIZLI
100
AcDbPolyline
 90
2
 70
0
 10
482.65325822089596
 20
28.882721040496495
 10
482.57310217044926
 20
29.068968063520288
  0
LWPOLYLINE
  5
96
330
17
100
AcDbEntity
  8
GIZLI
100
AcDbPolyline
 90
2
 70
0
 10
482.5113011955842
 20
29.197890967708144
 10
482.48545540450016
 20
29.251807826703555
  0
LWPOLYLINE
  5
97
330
17
100
AcDbEntity
  8
GIZLI
100
AcDbPolyline
 90
2
 70
0
 10
482.1790914434141
 20
29.77692390660283
 10
482.06306152306206
 20
29.94320758590694
  0
LWPOLYLINE
  5
98
330
17
100
AcDbEntity
  8
GIZLI
100
AcDbPolyline
 90
2
 70
0
 10
481.98714737397506
 20
30.043116253034537
 10
481.9403885041186
 20
30.104654403958186
  0
LWPOLYLINE
  5
99
330
17
100
AcDbEntity
  8
GIZLI
100
AcDbPolyline
 90
3
 70
0
 10
481.5345903348176
 20
30.557372030675996
 10
481.38747408753363
 20
30.696911741000743
 10
481.23482769689383
 20
30.83037807067468
  0
LWPOLYLINE
  5
9A
330
17
100
AcDbEntity
  8
GIZLI
100
AcDbPolyline
 90
2
 70
0
 10
480.57406983590954
 20
31.299261454986855
 10
480.3976887832249
 20
31.399266029810917
  0
LWPOLYLINE
  5
9B
330
17
100
AcDbEntity
  8
GIZLI
100
AcDbPolyline
 90
2
 70
0
 10
480.27415856678215
 20
31.462828059754493
 10
480.2173972682274
 20
31.492034382403858
  0
LWPOLYLINE
  5
9C
330
17
100
AcDbEntity
  8
GIZLI
100
AcDbPolyline
 90
2
 70
0
 10
479.6560383377623
 20
31.72543859358336
 10
479.46311238891815
 20
31.787841201692363
  0
LWPOLYLINE
  5
9D
330
17
100
AcDbEntity
  8
GIZLI
100
AcDbPolyline
 90
2
 70
0
 10
479.34414675474864
 20
31.821050788751695
 10
479.2678073977396
 20
31.84236113219954
  0
LWPOLYLINE
  5
9E
330
17
100
AcDbEntity
  8
GIZLI
100
AcDbPolyline
 90
2
 70
0
 10
478.6708548995946
 20
31.957799851214464
 10
478.4692901045904
 20
31.980036113185225
  0
LWPOLYLINE
  5
9F
330
17
100
AcDbEntity
  8
GIZLI
100
AcDbPolyline
 90
2
 70
0
 10
478.8416808552752
 20
6.050881946209981
 10
478.93301894031026
 20
6.065851231466301
  0
LWPOLYLINE
  5
A0
330
17
100
AcDbEntity
  8
GIZLI
100
AcDbPolyline
 90
2
 70
0
 10
479.0416745115979
 20
6.083658658025189
 10
479.2401721858024
 20
6.124517287151201
  0
LWPOLYLINE
  5
A1
330
17
100
AcDbEntity
  8
GIZLI
100
AcDbPolyline
 90
2
 70
0
 10
479.8234393805534
 20
6.294851672307252
 10
479.89637487119296
 20
6.322743330478114
  0
LWPOLYLINE
  5
A2
330
17
100
AcDbEntity
  8
GIZLI
100
AcDbPolyline
 90
2
 70
0
 10
480.0127226110069
 20
6.367236503272108
 10
480.19891547156067
 20
6.447235235744437
  0
LWPOLYLINE
  5
A3
330
17
100
AcDbEntity
  8
GIZLI
100
AcDbPolyline
 90
2
 70
0
 10
480.73593131127325
 20
6.731525861056897
 10
480.78890066004544
 20
6.765323094078685
  0
LWPOLYLINE
  5
A4
330
17
100
AcDbEntity
  8
GIZLI
100
AcDbPolyline
 90
2
 70
0
 10
480.90677194656837
 20
6.840531180066618
 10
481.0730580660064
 20
6.9563670317108475
  0
LWPOLYLINE
  5
A5
330
17
100
AcDbEntity
  8
GIZLI
100
AcDbPolyline
 90
2
 70
0
 10
481.6873224395017
 20
7.484042696328893
 10
481.8269064547062
 20
7.630962262238888
  0
LWPOLYLINE
  5
A6
330
17
100
AcDbEntity
  8
GIZLI
100
AcDbPolyline
 90
2
 70
0
 10
481.9193132383938
 20
7.7364743831002984
 10
481.9604238114986
 20
7.7834153498239065
  0
LWPOLYLINE
  5
A7
330
17
100
AcDbEntity
  8
GIZLI
100
AcDbPolyline
 90
2
 70
0
 10
482.32242468351046
 20
8.271440105042057
 10
482.36306205671656
 20
8.33667484903562
  0
LWPOLYLINE
  5
A8
330
17
100
AcDbEntity
  8
GIZLI
100
AcDbPolyline
 90
2
 70
0
 10
482.4295767210847
 20
8.443450133940736
 10
482.5296667697671
 20
8.619664783238257
  0
LWPOLYLINE
  5
A9
330
17
100
AcDbEntity
  8
GIZLI
100
AcDbPolyline
 90
2
 70
0
 10
482.7859745716536
 20
9.170614376056037
 10
482.80668469669376
 20
9.22659902796465
  0
LWPOLYLINE
  5
AA
330
17
100
AcDbEntity
  8
GIZLI
100
AcDbPolyline
 90
2
 70
0
 10
482.8562891732969
 20
9.360692344656137
 10
482.9188424096328
 20
9.553465446900155
  0
LWPOLYLINE
  5
AB
330
17
100
AcDbEntity
  8
GIZLI
100
AcDbPolyline
 90
2
 70
0
 10
476.40571495623783
 20
12.738471943440945
 10
476.41619030327263
 20
12.73849403406739
  0
LWPOLYLINE
  5
AC
330
17
100
AcDbEntity
  8
GIZLI
100
AcDbPolyline
 90
2
 70
0
 10
476.4057152339741
 20
17.738472285859082
 10
476.38826237
 20
17.73841119140001
  0
LWPOLYLINE
  5
AD
330
17
100
AcDbEntity
  8
GIZLI
100
AcDbPolyline
 90
2
 70
0
 10
483.0418875614473
 20
9.9488939147634
 10
483.0209437805528
 20
9.948893914756628
  0
LWPOLYLINE
  5
AE
330
17
100
AcDbEntity
  8
GIZLI
100
AcDbPolyline
 90
2
 70
0
 10
462.99188102200003
 20
5.863120923490008
 10
462.970942691
 20
5.93156046175001
  0
LWPOLYLINE
  5
AF
330
17
100
AcDbEntity
  8
GIZLI
100
AcDbPolyline
 90
2
 70
0
 10
476.38826236999944
 20
17.73841119146645
 10
476.405715094298
 20
17.73847211470001
  0
LWPOLYLINE
  5
B0
330
17
100
AcDbEntity
  8
GIZLI
100
AcDbPolyline
 90
2
 70
0
 10
483.0209437805528
 20
9.948893914766625
 10
483.0418875614473
 20
9.948893914773397
  0
LWPOLYLINE
  5
B1
330
17
100
AcDbEntity
  8
GIZLI
100
AcDbPolyline
 90
2
 70
0
 10
478.30629393589504
 20
31.992000909165675
 10
478.3607091000175
 20
31.987668093066315
  0
LWPOLYLINE
  5
B2
330
17
100
AcDbEntity
  8
GIZLI
100
AcDbPolyline
 90
2
 70
0
 10
478.5308943310507
 20
31.974117066973065
 10
478.60946911052645
 20
31.964463267079005
  0
LWPOLYLINE
  5
B3
330
17
100
AcDbEntity
  8
GIZLI
100
AcDbPolyline
 90
2
 70
0
 10
478.73216603390927
 20
31.949388563034546
 10
478.9322669639438
 20
31.916517847716424
  0
LWPOLYLINE
  5
B4
330
17
100
AcDbEntity
  8
GIZLI
100
AcDbPolyline
 90
2
 70
0
 10
479.52224224953284
 20
31.76963289252246
 10
479.5831539336823
 20
31.749093742354727
  0
LWPOLYLINE
  5
B5
330
17
100
AcDbEntity
  8
GIZLI
100
AcDbPolyline
 90
2
 70
0
 10
479.7143766776919
 20
31.704846014151606
 10
479.90371939937177
 20
31.632314174385865
  0
LWPOLYLINE
  5
B6
330
17
100
AcDbEntity
  8
GIZLI
100
AcDbPolyline
 90
3
 70
0
 10
480.62704932739825
 20
31.267341565208454
 10
480.7978923936811
 20
31.158146834219394
 10
480.96417084565394
 20
31.04211671895487
  0
LWPOLYLINE
  5
B7
330
17
100
AcDbEntity
  8
GIZLI
100
AcDbPolyline
 90
2
 70
0
 10
481.4329378935996
 20
30.654989245560266
 10
481.48953033093767
 20
30.59996736413629
  0
LWPOLYLINE
  5
B8
330
17
100
AcDbEntity
  8
GIZLI
100
AcDbPolyline
 90
2
 70
0
 10
481.5783173818983
 20
30.513644335482375
 10
481.717853432992
 20
30.366527661834215
  0
LWPOLYLINE
  5
B9
330
17
100
AcDbEntity
  8
GIZLI
100
AcDbPolyline
 90
2
 70
0
 10
482.0991534247796
 20
29.893005952046643
 10
482.13387622895584
 20
29.841910054354713
  0
LWPOLYLINE
  5
BA
330
17
100
AcDbEntity
  8
GIZLI
100
AcDbPolyline
 90
2
 70
0
 10
482.2131176947804
 20
29.72530329039134
 10
482.3201903320745
 20
29.553120257322355
  0
LWPOLYLINE
  5
BB
330
17
100
AcDbEntity
  8
GIZLI
100
AcDbPolyline
 90
2
 70
0
 10
482.67618234790814
 20
28.82531459744774
 10
482.7463645501375
 20
28.635083403057788
  0
LWPOLYLINE
  5
BC
330
17
100
AcDbEntity
  8
GIZLI
100
AcDbPolyline
 90
2
 70
0
 10
482.7885458107836
 20
28.504674875337244
 10
482.80876782101825
 20
28.442156056746946
  0
LWPOLYLINE
  5
BD
330
17
100
AcDbEntity
  8
GIZLI
100
AcDbPolyline
 90
2
 70
0
 10
482.94833983077694
 20
27.850389623771733
 10
482.9592242116197
 20
27.778588216448146
  0
LWPOLYLINE
  5
BE
330
17
100
AcDbEntity
  8
GIZLI
100
AcDbPolyline
 90
2
 70
0
 10
482.9787333261505
 20
27.64989170176446
 10
483.0009723444423
 20
27.448324843658558
  0
LWPOLYLINE
  5
BF
330
17
100
AcDbEntity
  8
GIZLI
100
AcDbPolyline
 90
2
 70
0
 10
462.99188102200003
 20
5.863120923490008
 10
462.970942691
 20
5.93156046175001
  0
LWPOLYLINE
  5
C0
330
17
100
AcDbEntity
  8
GIZLI
100
AcDbPolyline
 90
2
 70
0
 10
462.970942691
 20
5.93156046175001
 10
462.9715662863457
 20
5.862936321183911
  0
LWPOLYLINE
  5
C1
330
17
100
AcDbEntity
  8
GIZLI
100
AcDbPolyline
 90
2
 70
0
 10
68.0
 20
12.000000000000007
 10
7.105427357601002e-15
 20
12.000000000000007
  0
LWPOLYLINE
  5
C2
330
17
100
AcDbEntity
  8
GIZLI
100
AcDbPolyline
 90
2
 70
0
 10
68.0
 20
12.000000000000007
 10
7.105427357601002e-15
 20
12.000000000000007
  0
LWPOLYLINE
  5
C3
330
17
100
AcDbEntity
  8
GIZLI
100
AcDbPolyline
 90
2
 70
0
 10
1.4210854715202004e-14
 20
11.949232512900004
 10
68.00000000000001
 20
11.949232512900004
  0
LWPOLYLINE
  5
C4
330
17
100
AcDbEntity
  8
GIZLI
100
AcDbPolyline
 90
2
 70
0
 10
1.4210854715202004e-14
 20
11.94923251290001
 10
68.00000000000001
 20
11.94923251290001
  0
TEXT
  5
C5
330
17
100
AcDbEntity
  8
YAZI
100
AcDbText
 10
0.0
 20
39.51400638943167
 30
0.0
 40
13.954583294610684
  1
ÖN
 11
0.0
 21
39.51400638943167
 31
0.0
100
AcDbText
  0
DIMENSION
  5
C6
330
17
100
AcDbEntity
  8
OLCU
100
AcDbDimension
280
0
  2
*D1
  3
PF_MM
 10
0.0
 20
-42.93717936803287
 30
0.0
 11
241.52094378101162
 21
-33.81302875232589
 31
0.0
 70
32
 71
5
  1
<>
100
AcDbAlignedDimension
 13
0.0
 23
0.0
 33
0.0
 14
483.04188756202325
 24
0.0
 34
0.0
 50
0.0
100
AcDbRotatedDimension
  0
DIMENSION
  5
D9
330
17
100
AcDbEntity
  8
OLCU
100
AcDbDimension
280
0
  2
*D2
  3
PF_MM
 10
-42.93717936803287
 20
0.0
 30
0.0
 11
-52.06132998373985
 21
16.00000000001296
 31
0.0
 70
32
 71
5
  1
<>
100
AcDbAlignedDimension
 13
0.0
 23
0.0
 33
0.0
 14
0.0
 24
32.00000000002592
 34
0.0
 50
90.0
100
AcDbRotatedDimension
  0
LWPOLYLINE
  5
E8
330
17
100
AcDbEntity
  8
GORUNEN
100
AcDbPolyline
 90
2
 70
0
 10
-204.33139846422796
 20
12.000000000000014
 10
-206.84027134682793
 20
12.000000000000014
  0
LWPOLYLINE
  5
E9
330
17
100
AcDbEntity
  8
GORUNEN
100
AcDbPolyline
 90
2
 70
0
 10
-206.84027134682793
 20
9.000000000000014
 10
-204.33139846422796
 20
9.000000000000014
  0
LWPOLYLINE
  5
EA
330
17
100
AcDbEntity
  8
GORUNEN
100
AcDbPolyline
 90
4
 70
0
 10
-204.33139846422793
 20
9.000000000000007
 10
-204.30874361620678
 20
8.999486494172912
 10
-204.2861353017715
 20
8.99794703144456
 10
-204.26361995892694
 20
8.995384773907283
  0
LWPOLYLINE
  5
EB
330
17
100
AcDbEntity
  8
GORUNEN
100
AcDbPolyline
 90
4
 70
0
 10
-204.33139846422793
 20
12.000000000000007
 10
-204.17281452801387
 20
11.996405459207342
 10
-204.0145563269014
 20
11.985629220099925
 10
-203.85694892692464
 20
11.967693417324078
  0
LWPOLYLINE
  5
EC
330
17
100
AcDbEntity
  8
GORUNEN
100
AcDbPolyline
 90
36
 70
0
 10
-203.85694892692825
 20
11.967693417297761
 10
-203.76003534487586
 20
11.956833404555747
 10
-203.66270759334137
 20
11.95071041147897
 10
-203.56519707348883
 20
11.949338995762472
 10
-203.4677356210223
 20
11.952722418009607
 10
-203.370554954986
 20
11.960852633979815
 10
-203.27388612684152
 20
11.973710313714166
 10
-203.1779589711325
 20
11.991264887493223
 10
-203.0830015590427
 20
12.01347461851794
 10
-202.9892396561462
 20
12.0402867021408
 10
-202.89689618563935
 20
12.07163739141128
 10
-202.80619069833105
 20
12.10745214863712
 10
-202.71733885065044
 20
12.14764582260109
 10
-202.63055189191397
 20
12.192122851011886
 10
-202.54603616207055
 20
12.240777487707835
 10
-202.4639926011189
 20
12.293494054073202
 10
-202.38461627136354
 20
12.350147214069386
 10
-202.30809589364537
 20
12.410602272227056
 10
-202.23461339864906
 20
12.474715493890757
 10
-202.16434349435474
 20
12.542334446954621
 10
-202.09745325066183
 20
12.61329836427663
 10
-202.03410170217262
 20
12.687438525909824
 10
-201.9744394700802
 20
12.764578660241673
 10
-201.91860840406002
 20
12.844535363087852
 10
-201.86674124501553
 20
12.927118533744059
 10
-201.81896130948064
 20
13.012131826959093
 10
-201.7753821964293
 20
13.099373119754643
 10
-201.7361075171885
 20
13.188634991981875
 10
-201.70123064909762
 20
13.27970521947228
 10
-201.6708345134998
 20
13.372367278610321
 10
-201.64499137859247
 20
13.46640086112818
 10
-201.62376268760642
 20
13.561582397898711
 10
-201.60719891272174
 20
13.657685590481224
 10
-201.595339435068
 20
13.75448194915634
 10
-201.58821245109368
 20
13.851741336170711
 10
-201.58583490552795
 20
13.949232512900004
  0
LWPOLYLINE
  5
ED
330
17
100
AcDbEntity
  8
GORUNEN
100
AcDbPolyline
 90
12
 70
0
 10
-201.5858349055062
 20
9.366656817953654
 10
-201.81630165207974
 20
9.272828759486373
 10
-202.05115108135
 20
9.190582960788962
 10
-202.28980153115947
 20
9.12012312373485
 10
-202.53166192519183
 20
9.061623759375507
 10
-202.77613323691747
 20
9.015229755721062
 10
-203.02260997322927
 20
8.981056018889635
 10
-203.27048167409475
 20
8.959187188514196
 10
-203.51913442450993
 20
8.949677428111762
 10
-203.76795237501017
 20
8.952550290934173
 10
-204.0163192669724
 20
8.967798661632706
 10
-204.26361995893055
 20
8.995384773880966
  0
LWPOLYLINE
  5
EE
330
17
100
AcDbEntity
  8
GORUNEN
100
AcDbPolyline
 90
31
 70
0
 10
-207.33836869587378
 20
8.543577871374026
 10
-207.33560570517304
 20
8.568145971581936
 10
-207.3316316701811
 20
8.592547461522539
 10
-207.32645630702672
 20
8.616722681928128
 10
-207.32009226896906
 20
8.640612526737982
 10
-207.3125551154617
 20
8.66415858760694
 10
-207.30386327411128
 20
8.687303296708107
 10
-207.29403799562388
 20
8.709990067480597
 10
-207.28310330184902
 20
8.732163432978162
 10
-207.27108592704863
 20
8.753769181480477
 10
-207.25801525253434
 20
8.77475448903552
 10
-207.24392323483306
 20
8.79506804860899
 10
-207.22884432755635
 20
8.814660195525018
 10
-207.21281539716477
 20
8.83348302889146
 10
-207.19587563283295
 20
8.851490528712915
 10
-207.1780664506357
 20
8.868638668405138
 10
-207.15943139229003
 20
8.884885522435752
 10
-207.1400160186997
 20
8.900191368828095
 10
-207.11986779856323
 20
8.914518786277576
 10
-207.09903599231774
 20
8.927832745643142
 10
-207.0775715317017
 20
8.940100695590099
 10
-207.05552689523205
 20
8.951292642174968
 10
-207.0329559798991
 20
8.961381222177755
 10
-207.00991396939392
 20
8.970341770002355
 10
-206.98645719918926
 20
8.978152377981543
 10
-206.96264301880507
 20
8.98479394993908
 10
-206.9385296515943
 20
8.99025024787801
 10
-206.91417605239272
 20
8.994507931680975
 10
-206.88964176337976
 20
8.997556591725518
 10
-206.86498676850397
 20
8.999388774334577
 10
-206.84027134682793
 20
9.000000000000014
  0
LWPOLYLINE
  5
EF
330
17
100
AcDbEntity
  8
GORUNEN
100
AcDbPolyline
 90
9
 70
0
 10
-208.08598112131165
 20
11.770811391345559
 10
-207.93596484044184
 20
11.824072166492812
 10
-207.7836818966802
 20
11.870456428204871
 10
-207.6294473179973
 20
11.909868221284954
 10
-207.47358016971396
 20
11.942226014493354
 10
-207.31640289445056
 20
11.967462869211232
 10
-207.15824064508905
 20
11.985526577916662
 10
-206.99942061212897
 20
11.996379772186401
 10
-206.84027134682793
 20
12.000000000000014
  0
LWPOLYLINE
  5
F0
330
17
100
AcDbEntity
  8
GORUNEN
100
AcDbPolyline
 90
2
 70
0
 10
-210.5723624369595
 20
6.000000000017612
 10
-210.57231549750202
 20
6.00053652047177
  0
LWPOLYLINE
  5
F1
330
17
100
AcDbEntity
  8
GORUNEN
100
AcDbPolyline
 90
2
 70
0
 10
-207.68651728519012
 20
4.564221286265455
 10
-207.33836869586588
 20
8.543577871373333
  0
LWPOLYLINE
  5
F2
330
17
100
AcDbEntity
  8
GORUNEN
100
AcDbPolyline
 90
8
 70
0
 10
-208.0849150806721
 20
3.000000000000006
 10
-207.99722073184938
 20
3.214341096909953
 10
-207.91954549553734
 20
3.4325129610534817
 10
-207.8520560081241
 20
3.6540475491626396
 10
-207.79489705454955
 20
3.8784696039305775
 10
-207.74819125769886
 20
4.105297673579238
 10
-207.71203881533978
 20
4.334045144716016
 10
-207.68651728516903
 20
4.564221286263607
  0
LWPOLYLINE
  5
F3
330
17
100
AcDbEntity
  8
GORUNEN
100
AcDbPolyline
 90
2
 70
0
 10
-204.58583490552795
 20
3.000000000000007
 10
-208.8898091093937
 20
3.000000000000007
  0
LWPOLYLINE
  5
F4
330
17
100
AcDbEntity
  8
GORUNEN
100
AcDbPolyline
 90
2
 70
0
 10
-264.7818607016654
 20
3.000000000000007
 10
-269.0858349055279
 20
3.000000000000007
  0
LWPOLYLINE
  5
F5
330
17
100
AcDbEntity
  8
GORUNEN
100
AcDbPolyline
 90
2
 70
0
 10
-215.74741534802794
 20
3.000000000000007
 10
-257.9242544630279
 20
3.000000000000007
  0
LWPOLYLINE
  5
F6
330
17
100
AcDbEntity
  8
GORUNEN
100
AcDbPolyline
 90
34
 70
0
 10
-260.92374965192795
 20
5.93156046175001
 10
-260.9172147837682
 20
5.790658746672959
 10
-260.9040735968475
 20
5.650211879210923
 10
-260.88434841772226
 20
5.510535859701636
 10
-260.8580783079311
 20
5.371943383300945
 10
-260.82531858641397
 20
5.234743373163679
 10
-260.78614035193027
 20
5.09924051362451
 10
-260.7406300054777
 20
4.965734783378812
 10
-260.6888887727108
 20
4.8345209886635265
 10
-260.6310322263596
 20
4.7058882964380215
 10
-260.5671898086478
 20
4.580119767564957
 10
-260.4975043537119
 20
4.457491889991146
 10
-260.42213161001956
 20
4.338274111928412
 10
-260.3412397627879
 20
4.222728375034459
 10
-260.2550089564025
 20
4.111108647593725
 10
-260.16363081683585
 20
4.003660457698254
 10
-260.06730797406567
 20
3.9006204264285484
 10
-259.966253584494
 20
3.8022158010344365
 10
-259.86069085336516
 20
3.7086639881159336
 10
-259.7508525571849
 20
3.6201720868041023
 10
-259.6369805661386
 20
3.5369364219419177
 10
-259.51932536651003
 20
3.4591420772651267
 10
-259.39814558309985
 20
3.3869624285831117
 10
-259.27370750164425
 20
3.3205586769597506
 10
-259.14628459123344
 20
3.2600793818942826
 10
-259.0161570267303
 20
3.2056599945021653
 10
-258.88361121118896
 20
3.1574223906959413
 10
-258.74893929827346
 20
3.1154744043660987
 10
-258.612438714676
 20
3.07990936056193
 10
-258.4744116825359
 20
3.0508056086724
 10
-258.3351647418581
 20
3.0282260556070035
 10
-258.19500827293143
 20
3.0122176989766283
 10
-258.0597659905594
 20
3.0030546790522314
 10
-257.9242544630279
 20
3.000000000000007
  0
LWPOLYLINE
  5
F7
330
17
100
AcDbEntity
  8
GORUNEN
100
AcDbPolyline
 90
2
 70
0
 10
-260.81898348502796
 20
6.0000000000100115
 10
-260.92374965192795
 20
5.93156046175001
  0
LWPOLYLINE
  5
F8
330
17
100
AcDbEntity
  8
GORUNEN
100
AcDbPolyline
 90
2
 70
0
 10
-260.78455274652794
 20
27.035028148000006
 10
-260.81921450742794
 20
32.0
  0
LWPOLYLINE
  5
F9
330
17
100
AcDbEntity
  8
GORUNEN
100
AcDbPolyline
 90
2
 70
0
 10
-260.78455274654834
 20
9.948893914760006
 10
-260.7845527465098
 20
27.035028148000006
  0
LWPOLYLINE
  5
FA
330
17
100
AcDbEntity
  8
GORUNEN
100
AcDbPolyline
 90
23
 70
0
 10
-260.81844730382795
 20
6.000536520470014
 10
-260.81842490120226
 20
6.0005587925166095
 10
-260.81840249866434
 20
6.000583120622287
 10
-260.81838009622356
 20
6.0006095048095
 10
-260.8183576938893
 20
6.0006379450997125
 10
-260.81833529167096
 20
6.000668441513397
 10
-260.8183128895778
 20
6.000700994070038
 10
-260.81828302033136
 20
6.000747595955315
 10
-260.8182494177428
 20
6.000804392470261
 10
-260.81821581551685
 20
6.000865815454069
 10
-260.81818221368513
 20
6.000931864955541
 10
-260.81813741191075
 20
6.001027127837753
 10
-260.8180870109128
 20
6.001144130134146
 10
-260.81803661107443
 20
6.001271542410911
 10
-260.8179694132782
 20
6.001457618882399
 10
-260.81789381876285
 20
6.001689076428966
 10
-260.81779303162716
 20
6.002034121984172
 10
-260.8176796546595
 20
6.002472071400429
 10
-260.81752850149564
 20
6.00313798157899
 10
-260.8173018121458
 20
6.004312504215263
 10
-260.8169618882014
 20
6.006469469152752
 10
-260.79608343191546
 20
7.189339685444733
 10
-260.78455274652794
 20
9.948893914760014
  0
LWPOLYLINE
  5
FB
330
17
100
AcDbEntity
  8
GORUNEN
100
AcDbPolyline
 90
2
 70
0
 10
-265.58568868975726
 20
6.000000000010008
 10
-265.5856886896986
 20
32.00000000000001
  0
LWPOLYLINE
  5
FC
330
17
100
AcDbEntity
  8
GORUNEN
100
AcDbPolyline
 90
2
 70
0
 10
-265.5856886897237
 20
32.0
 10
-263.8191413995252
 20
32.0
  0
LWPOLYLINE
  5
FD
330
17
100
AcDbEntity
  8
GORUNEN
100
AcDbPolyline
 90
2
 70
0
 10
-263.8191413995318
 20
32.00000000000339
 10
-260.81921450743107
 20
31.999999999996618
  0
LWPOLYLINE
  5
FE
330
17
100
AcDbEntity
  8
GORUNEN
100
AcDbPolyline
 90
2
 70
0
 10
-263.78447963868
 20
27.035028148000166
 10
-263.81914139953886
 20
32.00000000002592
  0
LWPOLYLINE
  5
FF
330
17
100
AcDbEntity
  8
GORUNEN
100
AcDbPolyline
 90
2
 70
0
 10
-263.7844796387318
 20
9.9488939147634
 10
-260.78455274653106
 20
9.948893914756628
  0
LWPOLYLINE
  5
100
330
17
100
AcDbEntity
  8
GORUNEN
100
AcDbPolyline
 90
2
 70
0
 10
-263.7844796386087
 20
27.03502814800001
 10
-263.7844796386472
 20
9.94889391477001
  0
LWPOLYLINE
  5
101
330
17
100
AcDbEntity
  8
GORUNEN
100
AcDbPolyline
 90
23
 70
0
 10
-263.8183742082925
 20
6.000536508778187
 10
-263.8183518056691
 20
6.000558781441639
 10
-263.8183294031502
 20
6.000583113641904
 10
-263.8183070007449
 20
6.000609505368958
 10
-263.81828459846247
 20
6.000637956611931
 10
-263.8182621963121
 20
6.000668467359102
 10
-263.8182397943031
 20
6.000701037597904
 10
-263.8182099251935
 20
6.000747668213309
 10
-263.8181763227924
 20
6.000804504004107
 10
-263.81814272078884
 20
6.000865973524795
 10
-263.81810911921394
 20
6.000932076718401
 10
-263.81806431783485
 20
6.001027422139017
 10
-263.81801391735246
 20
6.001144531965245
 10
-263.8179635181032
 20
6.001272066973646
 10
-263.81789632120416
 20
6.001458330138756
 10
-263.8178207278468
 20
6.001690028281014
 10
-263.81771994249107
 20
6.002035443081884
 10
-263.817606567835
 20
6.00247387106927
 10
-263.8174554182346
 20
6.00314051726013
 10
-263.8172287351839
 20
6.004316336621087
 10
-263.81688882258953
 20
6.006475626386448
 10
-263.79601006852613
 20
7.189294054514951
 10
-263.78447963864085
 20
9.948893914914047
  0
LWPOLYLINE
  5
102
330
17
100
AcDbEntity
  8
GORUNEN
100
AcDbPolyline
 90
2
 70
0
 10
-263.81891037712126
 20
6.0000000000100115
 10
-263.8183741835207
 20
6.0000000000100115
  0
LWPOLYLINE
  5
103
330
17
100
AcDbEntity
  8
GORUNEN
100
AcDbPolyline
 90
2
 70
0
 10
-263.81891037712484
 20
6.000000000013396
 10
-260.8189834850241
 20
6.000000000006626
  0
LWPOLYLINE
  5
104
330
17
100
AcDbEntity
  8
GORUNEN
100
AcDbPolyline
 90
2
 70
0
 10
-260.8184473038311
 20
6.000536520466628
 10
-263.8183741959378
 20
6.0005365204734
  0
LWPOLYLINE
  5
105
330
17
100
AcDbEntity
  8
GORUNEN
100
AcDbPolyline
 90
2
 70
0
 10
-263.92289579972794
 20
5.863120923490008
 10
-260.92374965192795
 20
5.93156046175001
  0
LWPOLYLINE
  5
106
330
17
100
AcDbEntity
  8
GORUNEN
100
AcDbPolyline
 90
2
 70
0
 10
-263.81891037712796
 20
6.000000000020009
 10
-263.92289579972794
 20
5.863120923490008
  0
LWPOLYLINE
  5
107
330
17
100
AcDbEntity
  8
GORUNEN
100
AcDbPolyline
 90
35
 70
0
 10
-263.92289579972794
 20
5.863120923490008
 10
-263.91038087230027
 20
5.589178750121123
 10
-263.8853801576584
 20
5.3160794305232555
 10
-263.84793337757156
 20
5.044403720487695
 10
-263.79811018493774
 20
4.774726519423304
 10
-263.73600933482004
 20
4.5076160600749535
 10
-263.66175785548256
 20
4.243633098241978
 10
-263.57551021942675
 20
3.9833301024966126
 10
-263.4774475144273
 20
3.727250443902441
 10
-263.36777661456847
 20
3.475927585732838
 10
-263.2467293512802
 20
3.2298842731894157
 10
-263.1145616843739
 20
2.9896317231204654
 10
-262.97155287307913
 20
2.755668813739407
 10
-262.8180046470793
 20
2.5284812743432266
 10
-262.65424037754804
 20
2.308540875030926
 10
-262.480604248185
 20
2.0963046164219676
 10
-262.29746042625237
 20
1.8922139193747145
 10
-262.1051922336108
 20
1.6966938147048776
 10
-261.9042013177555
 20
1.5101521329039622
 10
-261.6949068228525
 20
1.332978693857708
 10
-261.4777445607745
 20
1.1655444965645367
 10
-261.25316618213753
 20
1.008200908853996
 10
-261.0216383473363
 20
0.8612788571052024
 10
-260.78364189758116
 20
0.725088015965289
 10
-260.5396710259335
 20
0.5999159980678463
 10
-260.2902324483424
 20
0.4860275437513675
 10
-260.0358445746804
 20
0.38366371077769656
 10
-259.77703667978
 20
0.2930410640504659
 10
-259.51434807446924
 20
0.21435086533355108
 10
-259.24832727660845
 20
0.1477582629695
 10
-258.97953118212587
 20
0.09340148159799533
 10
-258.7085242360541
 20
0.0513910118742853
 10
-258.4358776035659
 20
0.021808800187630872
 10
-258.18029242856403
 20
0.0054524578303318805
 10
-257.9242544630279
 20
7.105427357601002e-15
  0
LWPOLYLINE
  5
108
330
17
100
AcDbEntity
  8
GORUNEN
100
AcDbPolyline
 90
2
 70
0
 10
-257.9242544631037
 20
7.105427357601002e-15
 10
-259.58583490556214
 20
7.105427357601002e-15
  0
LWPOLYLINE
  5
109
330
17
100
AcDbEntity
  8
GORUNEN
100
AcDbPolyline
 90
36
 70
0
 10
-259.5858349055279
 20
7.105427357601002e-15
 10
-259.8595944319744
 20
0.006248915005911293
 10
-260.13278372508324
 20
0.02498264371070924
 10
-260.40483373929675
 20
0.056162164288258154
 10
-260.6751778021429
 20
0.09972253068055625
 10
-260.943252794598
 20
0.15557300787853112
 10
-261.2085003240476
 20
0.22359726092050103
 10
-261.47036788740274
 20
0.3036535972145975
 10
-261.72831002194806
 20
0.39557526168042667
 10
-261.98178944152517
 20
0.49917078409517224
 10
-262.2302781556844
 20
0.6142243779206469
 10
-262.47325856947424
 20
0.740496389780537
 10
-262.71022456157675
 20
0.8777237986515987
 10
-262.94068253854397
 20
1.0256207637289902
 10
-263.164152462939
 20
1.1838792198245818
 10
-263.38016885324055
 20
1.352169519058001
 10
-263.5882817534277
 20
1.5301411175038417
 10
-263.7880576702254
 20
1.7174233053647168
 10
-263.979080476059
 20
1.9136259791492742
 10
-264.1609522758358
 20
2.1183404542467086
 10
-264.3332942357496
 20
2.3311403162052344
 10
-264.4957473723805
 20
2.5515823089413012
 10
-264.6479733004475
 20
2.779207258029463
 10
-264.7896549376552
 20
3.0135410271496936
 10
-264.92049716516726
 20
3.2540955056999126
 10
-265.0402274423308
 20
3.5003696255165355
 10
-265.1485963743705
 20
3.751850404585267
 10
-265.2453782318713
 20
4.008014015568101
 10
-265.3303714209659
 20
4.268326876920824
 10
-265.40339890324935
 20
4.532246764328257
 10
-265.46430856454515
 20
4.799223940142142
 10
-265.51297353175437
 20
5.068702298469086
 10
-265.54929243712905
 20
5.3401205235233835
 10
-265.5731896294183
 20
5.612913258831896
 10
-265.58256311055135
 20
5.80635575188999
 10
-265.58568868976033
 20
6.0000000000100036
  0
LWPOLYLINE
  5
10A
330
17
100
AcDbEntity
  8
GORUNEN
100
AcDbPolyline
 90
22
 70
0
 10
-263.8307852425077
 20
17.73841119146645
 10
-263.83079695261586
 20
17.73839891832002
 10
-263.83080866266386
 20
17.73838551972755
 10
-263.8308203726465
 20
17.738370995695085
 10
-263.8308320825584
 20
17.738355346229152
 10
-263.83084379239443
 20
17.738338571336804
 10
-263.83085550214923
 20
17.738320671025587
 10
-263.83087111502016
 20
17.7382950533064
 10
-263.83088867930064
 20
17.738263841900004
 10
-263.83090624335296
 20
17.738230098376977
 10
-263.8309296617036
 20
17.73818116822429
 10
-263.83095600677285
 20
17.73812074123768
 10
-263.83098235117524
 20
17.738054617315388
 10
-263.83101747590393
 20
17.737957590448048
 10
-263.8310569895018
 20
17.737836330047077
 10
-263.8311096711243
 20
17.737654712627926
 10
-263.8311689330627
 20
17.73742315974197
 10
-263.8312479397891
 20
17.73706957225656
 10
-263.83136642689107
 20
17.736443098366358
 10
-263.8315440949996
 20
17.73528723845843
 10
-263.84335408135075
 20
16.954725487582778
 10
-263.8481161229519
 20
15.22101896389993
  0
LWPOLYLINE
  5
10B
330
17
100
AcDbEntity
  8
GORUNEN
100
AcDbPolyline
 90
2
 70
0
 10
-263.813210672104
 20
15.255925265400094
 10
-263.8306633975223
 20
17.73847211470001
  0
LWPOLYLINE
  5
10C
330
17
100
AcDbEntity
  8
GORUNEN
100
AcDbPolyline
 90
23
 70
0
 10
-263.8306633975223
 20
17.73847211470001
 10
-263.83066847443786
 20
17.738472008930078
 10
-263.830673551353
 20
17.73847169162029
 10
-263.83067862826726
 20
17.73847116277068
 10
-263.83068370518026
 20
17.738470422381283
 10
-263.8306887820915
 20
17.738469470452166
 10
-263.83069385900063
 20
17.738468306983414
 10
-263.83069893590715
 20
17.73846693197512
 10
-263.8307040128107
 20
17.738465345427397
 10
-263.8307090897108
 20
17.738463547340388
 10
-263.83071416660704
 20
17.738461537714237
 10
-263.83071924349895
 20
17.738459316549122
 10
-263.8307243203862
 20
17.738456883845224
 10
-263.8307293972682
 20
17.738454239602753
 10
-263.8307344741447
 20
17.738451383821932
 10
-263.83073955101514
 20
17.738448316503
 10
-263.83074462787914
 20
17.73844503764622
 10
-263.8307497047363
 20
17.738441547251867
 10
-263.8307564738677
 20
17.738436564334798
 10
-263.83076408912376
 20
17.73843050903732
 10
-263.83077170436064
 20
17.73842397778308
 10
-263.8307784734428
 20
17.73841777265611
 10
-263.8307852425077
 20
17.73841119146645
  0
LWPOLYLINE
  5
10D
330
17
100
AcDbEntity
  8
GORUNEN
100
AcDbPolyline
 90
22
 70
0
 10
-263.8305415525482
 20
12.73853303793356
 10
-263.83052984244006
 20
12.738545311079994
 10
-263.83051813239206
 20
12.73855870967246
 10
-263.8305064224094
 20
12.738573233704926
 10
-263.83049471249745
 20
12.738588883170857
 10
-263.8304830026615
 20
12.738605658063207
 10
-263.8304712929067
 20
12.738623558374421
 10
-263.83045568003575
 20
12.73864917609361
 10
-263.83043811575527
 20
12.738680387499999
 10
-263.83042055170296
 20
12.738714131023023
 10
-263.83039713335234
 20
12.738763061175709
 10
-263.83037078828306
 20
12.738823488162314
 10
-263.8303444438807
 20
12.738889612084606
 10
-263.830309319152
 20
12.738986638951939
 10
-263.8302698055541
 20
12.739107899352904
 10
-263.8302171239316
 20
12.739289516772047
 10
-263.8301578619932
 20
12.73952106965799
 10
-263.8300788552668
 20
12.73987465714338
 10
-263.82996036816485
 20
12.740501131033549
 10
-263.82978270005634
 20
12.74165699094142
 10
-263.8179727137054
 20
13.522218741779659
 10
-263.813210672104
 20
15.255925265400094
  0
LWPOLYLINE
  5
10E
330
17
100
AcDbEntity
  8
GORUNEN
100
AcDbPolyline
 90
2
 70
0
 10
-263.8481161229519
 20
15.22101896389993
 10
-263.8306633975336
 20
12.73847211470001
  0
LWPOLYLINE
  5
10F
330
17
100
AcDbEntity
  8
GORUNEN
100
AcDbPolyline
 90
23
 70
0
 10
-263.8306633975336
 20
12.73847211470001
 10
-263.830658320618
 20
12.73847222046994
 10
-263.8306532437029
 20
12.738472537779726
 10
-263.83064816678865
 20
12.73847306662934
 10
-263.83064308987565
 20
12.738473807018735
 10
-263.83063801296436
 20
12.73847475894785
 10
-263.8306329360553
 20
12.738475922416605
 10
-263.8306278591487
 20
12.7384772974249
 10
-263.8306227822452
 20
12.73847888397262
 10
-263.8306177053451
 20
12.738480682059631
 10
-263.8306126284489
 20
12.73848269168578
 10
-263.8306075515569
 20
12.738484912850897
 10
-263.8306024746697
 20
12.738487345554793
 10
-263.83059739778764
 20
12.738489989797264
 10
-263.8305923209112
 20
12.738492845578087
 10
-263.83058724404077
 20
12.738495912897017
 10
-263.8305821671767
 20
12.738499191753796
 10
-263.8305770903196
 20
12.738502682148148
 10
-263.8305703211882
 20
12.738507665065217
 10
-263.83056270593215
 20
12.738513720362693
 10
-263.8305550906952
 20
12.738520251616935
 10
-263.83054832161304
 20
12.738526456743903
 10
-263.8305415525482
 20
12.73853303793356
  0
LWPOLYLINE
  5
110
330
17
100
AcDbEntity
  8
GORUNEN
100
AcDbPolyline
 90
2
 70
0
 10
-264.08579079000026
 20
26.000000000000007
 10
-263.91824054284865
 20
26.000000000000007
  0
LWPOLYLINE
  5
111
330
17
100
AcDbEntity
  8
GORUNEN
100
AcDbPolyline
 90
79
 70
0
 10
-263.91824054283813
 20
17.000000000000007
 10
-263.91823006503733
 20
17.00000025028229
 10
-263.9182195872378
 20
17.00000100112912
 10
-263.9182091094405
 20
17.00000225254041
 10
-263.91819863164676
 20
17.000004004516015
 10
-263.91818815385767
 20
17.000006257055748
 10
-263.9181776760744
 20
17.000009010159353
 10
-263.9181671982981
 20
17.000012263826527
 10
-263.91815672052996
 20
17.00001601805691
 10
-263.9181462427712
 20
17.00002027285008
 10
-263.9181357650229
 20
17.000025028205567
 10
-263.9181252872862
 20
17.00003028412284
 10
-263.9181148095624
 20
17.000036040601312
 10
-263.91810433185253
 20
17.00004229764035
 10
-263.91809385415786
 20
17.000049055239252
 10
-263.9180833764795
 20
17.000056313397266
 10
-263.9180728988186
 20
17.000064072113588
 10
-263.91806242117633
 20
17.00007233138735
 10
-263.9180519435539
 20
17.00008109121764
 10
-263.9180379734235
 20
17.00009354963315
 10
-263.9180222570748
 20
17.00010862902806
 10
-263.91800654078077
 20
17.000124834666053
 10
-263.91799082454526
 20
17.000142166543075
 10
-263.9179751083723
 20
17.000160624654782
 10
-263.91795939226574
 20
17.00018020899656
 10
-263.91793843756716
 20
17.000208073357193
 10
-263.9179148636924
 20
17.000241813975876
 10
-263.91789129000097
 20
17.00027808856643
 10
-263.9178677165063
 20
17.000316897108423
 10
-263.9178362855089
 20
17.000372583495345
 10
-263.91780092612214
 20
17.000440615211218
 10
-263.91776556729246
 20
17.00051434811157
 10
-263.91771842313005
 20
17.00062152699205
 10
-263.91766538735845
 20
17.000754217748593
 10
-263.91761235322656
 20
17.000899735274487
 10
-263.91754164386265
 20
17.00111371067236
 10
-263.9174621000801
 20
17.001381687638435
 10
-263.9173560495589
 20
17.001783877354562
 10
-263.91723675483905
 20
17.00229765444624
 10
-263.9170777180458
 20
17.003083665211957
 10
-263.9168392200724
 20
17.004479013504152
 10
-263.9164816290978
 20
17.00705861765897
 10
-263.91594568552017
 20
17.012022138334974
 10
-263.9131636988593
 20
25.9408518631708
 10
-263.9156937382239
 20
25.985188590475808
 10
-263.9163295214852
 20
25.99166658109521
 10
-263.9168068894975
 20
25.99531181862711
 10
-263.9171651394059
 20
25.997362697600074
 10
-263.91738284759987
 20
25.99832259954627
 10
-263.917529824579
 20
25.998848297449474
 10
-263.91762904303664
 20
25.999147442690333
 10
-263.9177117297881
 20
25.999362434380206
 10
-263.91777374728787
 20
25.999503216482214
 10
-263.91782542993786
 20
25.999607136932166
 10
-263.91786849967724
 20
25.9996844329428
 10
-263.91790439166436
 20
25.999742384807526
 10
-263.9179313109453
 20
25.999781993797974
 10
-263.91796074743814
 20
25.99982152412575
 10
-263.91798527803763
 20
25.99985144790113
 10
-263.91800799169476
 20
25.999876708635213
 10
-263.9180250270181
 20
25.99989411043438
 10
-263.9180436552164
 20
25.999911624714656
 10
-263.9180609036102
 20
25.999926430866655
 10
-263.91807642721096
 20
25.99993859658049
 10
-263.9180919508518
 20
25.99994966351158
 10
-263.9181059221597
 20
25.99995868428808
 10
-263.9181184963597
 20
25.99996604202159
 10
-263.9181310705792
 20
25.999972678839345
 10
-263.9181436448162
 20
25.999978594740277
 10
-263.9181562190688
 20
25.99998378972344
 10
-263.9181675359077
 20
25.999987848822904
 10
-263.9181777210709
 20
25.999991002739808
 10
-263.91818790624063
 20
25.999993683661256
 10
-263.91819809141595
 20
25.999995891586966
 10
-263.9182082765957
 20
25.99999762651671
 10
-263.9182184617789
 20
25.9999988884503
 10
-263.91822864696434
 20
25.99999967738761
 10
-263.918234594891
 20
25.999999919346905
 10
-263.9182405428178
 20
26.000000000000007
  0
LWPOLYLINE
  5
112
330
17
100
AcDbEntity
  8
GORUNEN
100
AcDbPolyline
 90
2
 70
0
 10
-263.91824054284865
 20
17.000000000000007
 10
-264.08579079000026
 20
17.000000000000007
  0
LWPOLYLINE
  5
113
330
17
100
AcDbEntity
  8
GORUNEN
100
AcDbPolyline
 90
79
 70
0
 10
-264.0857907899178
 20
26.000000000000007
 10
-264.0858012677185
 20
25.999999749717723
 10
-264.08581174551813
 20
25.999998998870893
 10
-264.0858222233154
 20
25.999997747459606
 10
-264.08583270110915
 20
25.999995995484
 10
-264.08584317889824
 20
25.999993742944266
 10
-264.08585365668154
 20
25.99999098984066
 10
-264.0858641344578
 20
25.999987736173487
 10
-264.08587461222595
 20
25.999983981943103
 10
-264.08588508998474
 20
25.999979727149935
 10
-264.085895567733
 20
25.999974971794447
 10
-264.0859060454697
 20
25.999969715877175
 10
-264.08591652319353
 20
25.999963959398702
 10
-264.0859270009033
 20
25.999957702359666
 10
-264.08593747859805
 20
25.999950944760762
 10
-264.0859479562764
 20
25.999943686602748
 10
-264.0859584339373
 20
25.999935927886426
 10
-264.0859689115796
 20
25.999927668612663
 10
-264.085979389202
 20
25.999918908782373
 10
-264.0859933593324
 20
25.999906450366865
 10
-264.0860090756811
 20
25.999891370971955
 10
-264.08602479197515
 20
25.99987516533396
 10
-264.0860405082106
 20
25.99985783345694
 10
-264.0860562243836
 20
25.999839375345232
 10
-264.08607194049017
 20
25.999819791003453
 10
-264.08609289518876
 20
25.99979192664282
 10
-264.08611646906354
 20
25.99975818602414
 10
-264.0861400427549
 20
25.999721911433586
 10
-264.0861636162496
 20
25.99968310289159
 10
-264.08619504724703
 20
25.99962741650467
 10
-264.0862304066338
 20
25.999559384788796
 10
-264.08626576546345
 20
25.999485651888445
 10
-264.08631290962586
 20
25.999378473007965
 10
-264.08636594539746
 20
25.99924578225142
 10
-264.08641897952936
 20
25.999100264725527
 10
-264.0864896888932
 20
25.998886289327654
 10
-264.0865692326758
 20
25.99861831236158
 10
-264.086675283197
 20
25.998216122645452
 10
-264.0867945779168
 20
25.997702345553773
 10
-264.0869536147101
 20
25.99691633478806
 10
-264.0871921126835
 20
25.995520986495862
 10
-264.08754970365806
 20
25.992941382341048
 10
-264.0880856472357
 20
25.98797786166505
 10
-264.0908676338966
 20
17.059148136830466
 10
-264.08833759453205
 20
17.014811409524548
 10
-264.08770181127073
 20
17.008333418905007
 10
-264.08722444325844
 20
17.004688181373027
 10
-264.08686619335003
 20
17.002637302400014
 10
-264.08664848515605
 20
17.001677400453794
 10
-264.0865015081769
 20
17.00115170255058
 10
-264.0864022897193
 20
17.000852557309713
 10
-264.0863196029678
 20
17.000637565619833
 10
-264.08625758546805
 20
17.000496783517818
 10
-264.086205902818
 20
17.000392863067866
 10
-264.0861628330787
 20
17.00031556705723
 10
-264.08612694109155
 20
17.000257615192503
 10
-264.08610002181064
 20
17.00021800620205
 10
-264.08607058531777
 20
17.00017847587427
 10
-264.0860460547183
 20
17.000148552098892
 10
-264.08602334106115
 20
17.000123291364808
 10
-264.08600630573784
 20
17.000105889565642
 10
-264.08598767753944
 20
17.000088375285365
 10
-264.08597042914573
 20
17.000073569133363
 10
-264.08595490554495
 20
17.00006140341953
 10
-264.0859393819041
 20
17.00005033648844
 10
-264.0859254105962
 20
17.000041315711936
 10
-264.08591283639623
 20
17.000033957978424
 10
-264.0859002621767
 20
17.000027321160672
 10
-264.0858876879397
 20
17.000021405259737
 10
-264.0858751136871
 20
17.000016210276577
 10
-264.08586379684823
 20
17.00001215117711
 10
-264.085853611685
 20
17.00000899726021
 10
-264.0858434265153
 20
17.000006316338762
 10
-264.08583324133997
 20
17.00000410841305
 10
-264.08582305616017
 20
17.000002373483305
 10
-264.085812870977
 20
17.000001111549714
 10
-264.0858026857915
 20
17.000000322612404
 10
-264.08579673786494
 20
17.00000008065311
 10
-264.08579078993813
 20
17.000000000000007
  0
LWPOLYLINE
  5
114
330
17
100
AcDbEntity
  8
GORUNEN
100
AcDbPolyline
 90
79
 70
0
 10
-209.7534292682381
 20
26.000000000000014
 10
-209.75343974603885
 20
25.99999974971773
 10
-209.75345022383846
 20
25.9999989988709
 10
-209.7534607016357
 20
25.999997747459613
 10
-209.75347117942948
 20
25.999995995484007
 10
-209.75348165721857
 20
25.999993742944273
 10
-209.75349213500184
 20
25.99999098984067
 10
-209.7535026127781
 20
25.999987736173495
 10
-209.75351309054622
 20
25.99998398194311
 10
-209.753523568305
 20
25.99997972714994
 10
-209.75353404605335
 20
25.999974971794455
 10
-209.75354452378997
 20
25.99996971587718
 10
-209.7535550015138
 20
25.99996395939871
 10
-209.75356547922365
 20
25.999957702359673
 10
-209.75357595691835
 20
25.999950944760773
 10
-209.75358643459674
 20
25.99994368660276
 10
-209.75359691225762
 20
25.999935927886437
 10
-209.75360738989986
 20
25.99992766861267
 10
-209.75361786752228
 20
25.999918908782384
 10
-209.7536318376527
 20
25.999906450366872
 10
-209.7536475540014
 20
25.99989137097196
 10
-209.75366327029545
 20
25.999875165333968
 10
-209.75367898653093
 20
25.999857833456947
 10
-209.7536947027039
 20
25.99983937534524
 10
-209.75371041881047
 20
25.99981979100346
 10
-209.75373137350908
 20
25.999791926642825
 10
-209.75375494738387
 20
25.999758186024145
 10
-209.75377852107522
 20
25.999721911433593
 10
-209.75380209456995
 20
25.9996831028916
 10
-209.7538335255673
 20
25.999627416504676
 10
-209.75386888495404
 20
25.999559384788803
 10
-209.75390424378378
 20
25.999485651888453
 10
-209.75395138794616
 20
25.999378473007972
 10
-209.75400442371773
 20
25.99924578225143
 10
-209.75405745784963
 20
25.999100264725534
 10
-209.75412816721354
 20
25.99888628932766
 10
-209.75420771099607
 20
25.998618312361586
 10
-209.75431376151727
 20
25.99821612264546
 10
-209.75443305623713
 20
25.997702345553776
 10
-209.7545920930304
 20
25.996916334788065
 10
-209.75483059100378
 20
25.995520986495865
 10
-209.75518818197835
 20
25.992941382341048
 10
-209.75572412555596
 20
25.987977861665044
 10
-209.75850611217652
 20
17.059148136829215
 10
-209.75597607281173
 20
17.014811409524214
 10
-209.75534028955045
 20
17.008333418904808
 10
-209.75486292153812
 20
17.00468818137291
 10
-209.75450467162972
 20
17.002637302399947
 10
-209.75428696343573
 20
17.001677400453747
 10
-209.7541399864566
 20
17.001151702550548
 10
-209.75404076799893
 20
17.00085255730969
 10
-209.7539580812475
 20
17.000637565619815
 10
-209.75389606374773
 20
17.000496783517804
 10
-209.75384438109768
 20
17.00039286306785
 10
-209.75380131135836
 20
17.00031556705722
 10
-209.75376541937123
 20
17.000257615192496
 10
-209.75373850009032
 20
17.000218006202047
 10
-209.75370906359746
 20
17.00017847587427
 10
-209.75368453299797
 20
17.000148552098892
 10
-209.75366181934083
 20
17.000123291364808
 10
-209.75364478401752
 20
17.000105889565642
 10
-209.75362615581912
 20
17.000088375285365
 10
-209.75360890742542
 20
17.000073569133367
 10
-209.75359338382464
 20
17.000061403419537
 10
-209.75357786018378
 20
17.000050336488442
 10
-209.75356388887587
 20
17.00004131571194
 10
-209.75355131467592
 20
17.00003395797843
 10
-209.7535387404564
 20
17.000027321160676
 10
-209.7535261662194
 20
17.000021405259744
 10
-209.7535135919668
 20
17.00001621027658
 10
-209.7535022751279
 20
17.000012151177117
 10
-209.7534920899647
 20
17.000008997260213
 10
-209.75348190479494
 20
17.000006316338766
 10
-209.75347171961965
 20
17.000004108413055
 10
-209.75346153443985
 20
17.000002373483312
 10
-209.7534513492567
 20
17.00000111154972
 10
-209.75344116407123
 20
17.00000032261241
 10
-209.75343521614462
 20
17.000000080653116
 10
-209.7534292682178
 20
17.000000000000014
  0
LWPOLYLINE
  5
115
330
17
100
AcDbEntity
  8
GORUNEN
100
AcDbPolyline
 90
19
 70
0
 10
-209.84088456854818
 20
17.73841119146645
 10
-209.84089472215203
 20
17.73842092222749
 10
-209.84090487579374
 20
17.738429806846423
 10
-209.84091401410072
 20
17.738437079549467
 10
-209.84092223859875
 20
17.73844303898275
 10
-209.84093046311546
 20
17.738448443257287
 10
-209.84093786519497
 20
17.738452832442636
 10
-209.8409445270771
 20
17.73845639823277
 10
-209.84095118896826
 20
17.738459599781297
 10
-209.84095785086748
 20
17.73846243708775
 10
-209.84096451277372
 20
17.738464910151716
 10
-209.84097117468613
 20
17.738467018972838
 10
-209.8409771704117
 20
17.738468605483956
 10
-209.84098256656767
 20
17.738469781087208
 10
-209.84098796272593
 20
17.738470717710264
 10
-209.84099335888595
 20
17.738471415353033
 10
-209.84099875504722
 20
17.738471874015442
 10
-209.84100258429032
 20
17.738472054528867
 10
-209.8410064135336
 20
17.73847211470001
  0
LWPOLYLINE
  5
116
330
17
100
AcDbEntity
  8
GORUNEN
100
AcDbPolyline
 90
44
 70
0
 10
-209.8410064135336
 20
17.73847211470001
 10
-209.84101224272123
 20
17.738471975262886
 10
-209.84101807190822
 20
17.73847155695153
 10
-209.8410239010939
 20
17.738470859765986
 10
-209.84102973027765
 20
17.738469883706337
 10
-209.8410355594588
 20
17.73846862877269
 10
-209.84104138863665
 20
17.73846709496518
 10
-209.84104721781065
 20
17.738465282283986
 10
-209.8410530469801
 20
17.738463190729306
 10
-209.8410588761443
 20
17.73846082030137
 10
-209.8410647053027
 20
17.73845817100045
 10
-209.84107053445456
 20
17.738455242826834
 10
-209.8410763635993
 20
17.738452035780856
 10
-209.84108219273622
 20
17.738448549862866
 10
-209.8410880218647
 20
17.73844478507326
 10
-209.84109385098407
 20
17.738440741412454
 10
-209.84109968009366
 20
17.7384364188809
 10
-209.84110550919286
 20
17.73843181747908
 10
-209.84111133828102
 20
17.738426937207507
 10
-209.84111911038025
 20
17.738419996382294
 10
-209.84112785396508
 20
17.738411595358585
 10
-209.8411365975194
 20
17.738402566883014
 10
-209.84114534104108
 20
17.738392910957852
 10
-209.8411540845279
 20
17.738382627585516
 10
-209.84116282797766
 20
17.73837171676859
 10
-209.8411744858492
 20
17.738356192992526
 10
-209.84118760086477
 20
17.738337395439185
 10
-209.84120071577803
 20
17.738317186161098
 10
-209.84121383058158
 20
17.738295565169672
 10
-209.8412313168028
 20
17.738264541203804
 10
-209.84125098853093
 20
17.7382266394163
 10
-209.8412706599483
 20
17.738185561389027
 10
-209.84129688797816
 20
17.73812584995938
 10
-209.8413263937245
 20
17.73805192537143
 10
-209.84135589855606
 20
17.73797085474444
 10
-209.84139523676268
 20
17.73785164491793
 10
-209.84143948987298
 20
17.737702349782385
 10
-209.8414984896375
 20
17.737478282151248
 10
-209.8415648576127
 20
17.73719204707299
 10
-209.8416533355076
 20
17.73675414544954
 10
-209.84178602042874
 20
17.73597677041849
 10
-209.8419849607857
 20
17.73453962455349
 10
-209.85364697431027
 20
16.962298311402783
 10
-209.85845913895193
 20
15.255925265400094
  0
LWPOLYLINE
  5
117
330
17
100
AcDbEntity
  8
GORUNEN
100
AcDbPolyline
 90
2
 70
0
 10
-198.58583490562796
 20
32.0
 10
-201.58583490562796
 20
32.0
  0
LWPOLYLINE
  5
118
330
17
100
AcDbEntity
  8
GORUNEN
100
AcDbPolyline
 90
2
 70
0
 10
-201.58583490549861
 20
6.000000000010008
 10
-201.58583490555728
 20
32.00000000000001
  0
LWPOLYLINE
  5
119
330
17
100
AcDbEntity
  8
GORUNEN
100
AcDbPolyline
 90
2
 70
0
 10
-198.58583490549861
 20
6.000000000010008
 10
-198.58583490555728
 20
32.00000000000001
  0
LWPOLYLINE
  5
11A
330
17
100
AcDbEntity
  8
GORUNEN
100
AcDbPolyline
 90
2
 70
0
 10
-209.85845913895193
 20
15.255925265400094
 10
-209.84112825850772
 20
12.73853303793356
  0
LWPOLYLINE
  5
11B
330
17
100
AcDbEntity
  8
GORUNEN
100
AcDbPolyline
 90
19
 70
0
 10
-209.84112825850772
 20
12.73853303793356
 10
-209.84111810490384
 20
12.738523307172523
 10
-209.8411079512622
 20
12.738514422553592
 10
-209.84109881295518
 20
12.738507149850548
 10
-209.84109058845718
 20
12.738501190417264
 10
-209.84108236394047
 20
12.738495786142732
 10
-209.84107496186095
 20
12.73849139695738
 10
-209.84106829997882
 20
12.738487831167248
 10
-209.84106163808764
 20
12.738484629618721
 10
-209.84105497618845
 20
12.738481792312268
 10
-209.84104831428215
 20
12.7384793192483
 10
-209.84104165236977
 20
12.738477210427181
 10
-209.8410356566442
 20
12.738475623916063
 10
-209.84103026048822
 20
12.73847444831281
 10
-209.84102486432997
 20
12.738473511689755
 10
-209.84101946816995
 20
12.738472814046988
 10
-209.84101407200868
 20
12.738472355384575
 10
-209.8410102427656
 20
12.738472174871152
 10
-209.8410064135223
 20
12.73847211470001
  0
LWPOLYLINE
  5
11C
330
17
100
AcDbEntity
  8
GORUNEN
100
AcDbPolyline
 90
44
 70
0
 10
-209.8410064135223
 20
12.73847211470001
 10
-209.84100058433467
 20
12.738472254137132
 10
-209.84099475514768
 20
12.73847267244849
 10
-209.840988925962
 20
12.73847336963403
 10
-209.84098309677825
 20
12.738474345693682
 10
-209.8409772675971
 20
12.738475600627329
 10
-209.84097143841922
 20
12.738477134434836
 10
-209.84096560924525
 20
12.738478947116032
 10
-209.84095978007582
 20
12.738481038670713
 10
-209.84095395091157
 20
12.738483409098647
 10
-209.8409481217532
 20
12.738486058399568
 10
-209.8409422926013
 20
12.738488986573183
 10
-209.84093646345661
 20
12.738492193619162
 10
-209.8409306343197
 20
12.738495679537149
 10
-209.8409248051912
 20
12.738499444326756
 10
-209.84091897607186
 20
12.738503487987561
 10
-209.84091314696224
 20
12.738507810519117
 10
-209.84090731786304
 20
12.738512411920937
 10
-209.84090148877488
 20
12.73851729219251
 10
-209.84089371667568
 20
12.73852423301772
 10
-209.84088497309085
 20
12.73853263404143
 10
-209.8408762295365
 20
12.738541662517
 10
-209.84086748601482
 20
12.738551318442163
 10
-209.840858742528
 20
12.738561601814498
 10
-209.84084999907827
 20
12.738572512631423
 10
-209.84083834120673
 20
12.738588036407487
 10
-209.84082522619116
 20
12.738606833960826
 10
-209.84081211127787
 20
12.738627043238914
 10
-209.84079899647435
 20
12.738648664230338
 10
-209.84078151025312
 20
12.738679688196203
 10
-209.840761838525
 20
12.738717589983706
 10
-209.84074216710763
 20
12.738758668010975
 10
-209.84071593907777
 20
12.73881837944062
 10
-209.84068643333143
 20
12.738892304028566
 10
-209.84065692849987
 20
12.73897337465555
 10
-209.84061759029322
 20
12.739092584482055
 10
-209.84057333718292
 20
12.739241879617595
 10
-209.84051433741843
 20
12.739465947248721
 10
-209.84044796944323
 20
12.739752182326963
 10
-209.84035949154833
 20
12.740190083950388
 10
-209.8402268066272
 20
12.740967458981402
 10
-209.84002786627022
 20
12.742404604846326
 10
-209.8283658527459
 20
13.514645917959735
 10
-209.82355368810397
 20
15.22101896389993
  0
LWPOLYLINE
  5
11D
330
17
100
AcDbEntity
  8
GORUNEN
100
AcDbPolyline
 90
2
 70
0
 10
-209.887190172415
 20
9.948893914914049
 10
-209.85329560274243
 20
6.00053650875833
  0
LWPOLYLINE
  5
11E
330
17
100
AcDbEntity
  8
GORUNEN
100
AcDbPolyline
 90
2
 70
0
 10
-212.88711706452483
 20
9.948893914766625
 10
-209.8871901723241
 20
9.948893914773397
  0
LWPOLYLINE
  5
11F
330
17
100
AcDbEntity
  8
GORUNEN
100
AcDbPolyline
 90
2
 70
0
 10
-212.88711706451483
 20
9.948893914694624
 10
-212.8532225072381
 20
6.00053652041257
  0
LWPOLYLINE
  5
120
330
17
100
AcDbEntity
  8
GORUNEN
100
AcDbPolyline
 90
2
 70
0
 10
-212.88711706450752
 20
9.948893914760014
 10
-212.8871170645461
 20
27.035028148000013
  0
LWPOLYLINE
  5
121
330
17
100
AcDbEntity
  8
GORUNEN
100
AcDbPolyline
 90
22
 70
0
 10
-212.85245530362795
 20
32.0
 10
-212.85247897765578
 20
31.999975178565784
 10
-212.85250265159718
 20
31.999948063522545
 10
-212.852526325441
 20
31.999918654828008
 10
-212.85254999917606
 20
31.9998869524412
 10
-212.85257367279115
 20
31.999852956322407
 10
-212.85259734627513
 20
31.99981666643322
 10
-212.85262891069715
 20
31.999764711762985
 10
-212.85266442033654
 20
31.999701388313035
 10
-212.8526999295845
 20
31.99963290357521
 10
-212.85274727457443
 20
31.99953356173608
 10
-212.85280053666492
 20
31.999410833907177
 10
-212.8528537975496
 20
31.99927649233148
 10
-212.852924809967
 20
31.99907930393196
 10
-212.85300469572869
 20
31.998832786496457
 10
-212.85311120407738
 20
31.99846344532606
 10
-212.8532310166087
 20
31.997992402820483
 10
-212.85339074881585
 20
31.997272877818123
 10
-212.85363030195046
 20
31.995997588871916
 10
-212.85398950714472
 20
31.99364368319193
 10
-212.87743008318918
 20
30.45697980658726
 10
-212.88711706452796
 20
27.035028148000006
  0
LWPOLYLINE
  5
122
330
17
100
AcDbEntity
  8
GORUNEN
100
AcDbPolyline
 90
2
 70
0
 10
-209.82355368810397
 20
15.22101896389993
 10
-209.84088456854818
 20
17.73841119146645
  0
LWPOLYLINE
  5
123
330
17
100
AcDbEntity
  8
GORUNEN
100
AcDbPolyline
 90
2
 70
0
 10
-209.75342926820724
 20
26.000000000000103
 10
-209.58587902105563
 20
25.99999999999991
  0
LWPOLYLINE
  5
124
330
17
100
AcDbEntity
  8
GORUNEN
100
AcDbPolyline
 90
22
 70
0
 10
-209.85252841151703
 20
32.00000000002592
 10
-209.8525520524496
 20
31.999975211696757
 10
-209.85257569325952
 20
31.999948129849997
 10
-209.85259933393598
 20
31.999918754498076
 10
-209.85262297446812
 20
31.999887085654464
 10
-209.8526466148451
 20
31.999853123333686
 10
-209.85267025505607
 20
31.999816867551317
 10
-209.85270177506038
 20
31.999764958930143
 10
-209.8527372346574
 20
31.999701688213776
 10
-209.85277269378741
 20
31.99963325736539
 10
-209.85281997183765
 20
31.999533989484995
 10
-209.8528731584659
 20
31.999411348217272
 10
-209.85292634372766
 20
31.999277097327976
 10
-209.85299725507085
 20
31.999080037273664
 10
-209.85307702680117
 20
31.998833675949236
 10
-209.85318338259646
 20
31.99846456545508
 10
-209.85330302283887
 20
31.997993818378205
 10
-209.85346252429656
 20
31.997274756890544
 10
-209.85370172928577
 20
31.996000341620455
 10
-209.85406040831373
 20
31.993648240045616
 10
-209.87750312482217
 20
30.457185935073994
 10
-209.88719017237588
 20
27.035028148000166
  0
LWPOLYLINE
  5
125
330
17
100
AcDbEntity
  8
GORUNEN
100
AcDbPolyline
 90
2
 70
0
 10
-209.88719017244722
 20
27.03502814800001
 10
-209.88719017240868
 20
9.94889391477001
  0
LWPOLYLINE
  5
126
330
17
100
AcDbEntity
  8
GORUNEN
100
AcDbPolyline
 90
2
 70
0
 10
-209.85329562751426
 20
6.0000000000100115
 10
-209.85275943393464
 20
6.0000000000100115
  0
LWPOLYLINE
  5
127
330
17
100
AcDbEntity
  8
GORUNEN
100
AcDbPolyline
 90
2
 70
0
 10
-208.0859811212986
 20
6.000000000010008
 10
-208.0859811213573
 20
32.00000000000001
  0
LWPOLYLINE
  5
128
330
17
100
AcDbEntity
  8
GORUNEN
100
AcDbPolyline
 90
2
 70
0
 10
-209.85252841153067
 20
32.0
 10
-208.08598112133217
 20
32.0
  0
LWPOLYLINE
  5
129
330
17
100
AcDbEntity
  8
GORUNEN
100
AcDbPolyline
 90
79
 70
0
 10
-209.58587902111776
 20
17.000000000000007
 10
-209.58586854331702
 20
17.00000025028229
 10
-209.5858580655174
 20
17.00000100112912
 10
-209.5858475877202
 20
17.00000225254041
 10
-209.58583710992642
 20
17.000004004516015
 10
-209.5858266321373
 20
17.000006257055748
 10
-209.58581615435406
 20
17.000009010159356
 10
-209.58580567657776
 20
17.00001226382653
 10
-209.58579519880965
 20
17.00001601805691
 10
-209.58578472105086
 20
17.000020272850083
 10
-209.58577424330252
 20
17.00002502820557
 10
-209.5857637655659
 20
17.000030284122843
 10
-209.58575328784207
 20
17.000036040601316
 10
-209.58574281013222
 20
17.000042297640352
 10
-209.58573233243754
 20
17.000049055239252
 10
-209.58572185475913
 20
17.000056313397266
 10
-209.58571137709825
 20
17.000064072113588
 10
-209.58570089945601
 20
17.000072331387354
 10
-209.5856904218336
 20
17.000081091217645
 10
-209.5856764517032
 20
17.000093549633156
 10
-209.5856607353545
 20
17.000108629028066
 10
-209.58564501906045
 20
17.00012483466606
 10
-209.58562930282494
 20
17.00014216654308
 10
-209.58561358665196
 20
17.00016062465479
 10
-209.58559787054543
 20
17.000180208996568
 10
-209.58557691584681
 20
17.0002080733572
 10
-209.58555334197203
 20
17.000241813975883
 10
-209.58552976828065
 20
17.00027808856644
 10
-209.58550619478595
 20
17.00031689710843
 10
-209.58547476378857
 20
17.000372583495352
 10
-209.58543940440182
 20
17.000440615211225
 10
-209.5854040455721
 20
17.00051434811158
 10
-209.58535690140974
 20
17.00062152699206
 10
-209.58530386563814
 20
17.000754217748607
 10
-209.58525083150624
 20
17.0008997352745
 10
-209.58518012214233
 20
17.001113710672374
 10
-209.5851005783598
 20
17.001381687638453
 10
-209.5849945278386
 20
17.001783877354583
 10
-209.58487523311874
 20
17.002297654446263
 10
-209.58471619632547
 20
17.00308366521198
 10
-209.5844776983521
 20
17.00447901350418
 10
-209.58412010737754
 20
17.007058617659006
 10
-209.5835841637999
 20
17.012022138335013
 10
-209.5808021771793
 20
25.940851863169662
 10
-209.5833322165441
 20
25.98518859047552
 10
-209.5839679998054
 20
25.991666581095053
 10
-209.58444536781775
 20
25.99531181862702
 10
-209.58480361772615
 20
25.997362697600025
 10
-209.58502132592014
 20
25.998322599546242
 10
-209.5851683028993
 20
25.998848297449452
 10
-209.58526752135697
 20
25.99914744269032
 10
-209.58535020810837
 20
25.999362434380195
 10
-209.58541222560814
 20
25.999503216482207
 10
-209.5854639082582
 20
25.99960713693216
 10
-209.5855069779975
 20
25.999684432942797
 10
-209.58554286998466
 20
25.999742384807522
 10
-209.58556978926555
 20
25.99978199379797
 10
-209.58559922575841
 20
25.999821524125746
 10
-209.5856237563579
 20
25.99985144790113
 10
-209.58564647001506
 20
25.99987670863521
 10
-209.58566350533835
 20
25.999894110434376
 10
-209.58568213353675
 20
25.999911624714656
 10
-209.58569938193045
 20
25.99992643086665
 10
-209.58571490553123
 20
25.999938596580485
 10
-209.5857304291721
 20
25.99994966351158
 10
-209.58574440048
 20
25.99995868428808
 10
-209.58575697467995
 20
25.99996604202159
 10
-209.58576954889946
 20
25.999972678839345
 10
-209.5857821231365
 20
25.999978594740277
 10
-209.58579469738908
 20
25.99998378972344
 10
-209.585806014228
 20
25.999987848822904
 10
-209.58581619939116
 20
25.999991002739808
 10
-209.58582638456096
 20
25.999993683661252
 10
-209.58583656973624
 20
25.999995891586966
 10
-209.58584675491602
 20
25.99999762651671
 10
-209.58585694009918
 20
25.9999988884503
 10
-209.58586712528466
 20
25.99999967738761
 10
-209.58587307321127
 20
25.999999919346905
 10
-209.5858790211381
 20
26.000000000000007
  0
LWPOLYLINE
  5
12A
330
17
100
AcDbEntity
  8
GORUNEN
100
AcDbPolyline
 90
2
 70
0
 10
-209.75342926820724
 20
17.000000000000007
 10
-209.58587902105563
 20
17.000000000000007
  0
LWPOLYLINE
  5
12B
330
17
100
AcDbEntity
  8
GORUNEN
100
AcDbPolyline
 90
2
 70
0
 10
-209.85275943392793
 20
6.000000000020009
 10
-209.74877401132795
 20
5.863120923490008
  0
LWPOLYLINE
  5
12C
330
17
100
AcDbEntity
  8
GORUNEN
100
AcDbPolyline
 90
2
 70
0
 10
-212.85268632602794
 20
6.0000000000100115
 10
-212.74792015912794
 20
5.93156046175001
  0
LWPOLYLINE
  5
12D
330
17
100
AcDbEntity
  8
GORUNEN
100
AcDbPolyline
 90
2
 70
0
 10
-209.74877401132795
 20
5.863120923490008
 10
-212.74792015912794
 20
5.93156046175001
  0
LWPOLYLINE
  5
12E
330
17
100
AcDbEntity
  8
GORUNEN
100
AcDbPolyline
 90
2
 70
0
 10
-209.75342930448502
 20
17.000000000003013
 10
-209.58587902102408
 20
17.000000000003393
  0
LWPOLYLINE
  5
12F
330
17
100
AcDbEntity
  8
GORUNEN
100
AcDbPolyline
 90
35
 70
0
 10
-209.74877401132795
 20
5.863120923490008
 10
-209.7612889387556
 20
5.589178750121121
 10
-209.78628965339746
 20
5.316079430523252
 10
-209.82373643348433
 20
5.04440372048769
 10
-209.87355962611812
 20
4.774726519423296
 10
-209.93566047623585
 20
4.507616060074945
 10
-210.0099119555733
 20
4.2436330982419666
 10
-210.09615959162915
 20
3.9833301024966006
 10
-210.1942222966286
 20
3.7272504439024274
 10
-210.3038931964874
 20
3.4759275857328236
 10
-210.4249404597757
 20
3.2298842731893997
 10
-210.557108126682
 20
2.9896317231204486
 10
-210.70011693797676
 20
2.755668813739389
 10
-210.8536651639766
 20
2.528481274343208
 10
-211.01742943350789
 20
2.3085408750309067
 10
-211.1910655628709
 20
2.0963046164219477
 10
-211.37420938480355
 20
1.8922139193746945
 10
-211.5664775774451
 20
1.696693814704858
 10
-211.7674684933004
 20
1.5101521329039427
 10
-211.97676298820343
 20
1.3329786938576893
 10
-212.19392525028138
 20
1.165544496564519
 10
-212.41850362891842
 20
1.0082009088539792
 10
-212.65003146371959
 20
0.8612788571051873
 10
-212.8880279134748
 20
0.725088015965274
 10
-213.13199878512242
 20
0.5999159980678321
 10
-213.38143736271354
 20
0.48602754375135504
 10
-213.6358252363755
 20
0.383663710777685
 10
-213.89463313127595
 20
0.29304106405045705
 10
-214.15732173658665
 20
0.2143508653335422
 10
-214.42334253444747
 20
0.1477582629694938
 10
-214.69213862893005
 20
0.09340148159799089
 10
-214.96314557500187
 20
0.051391011874280856
 10
-215.23579220749002
 20
0.021808800187628208
 10
-215.49137738249192
 20
0.0054524578303318805
 10
-215.74741534802794
 20
7.105427357601002e-15
  0
LWPOLYLINE
  5
130
330
17
100
AcDbEntity
  8
GORUNEN
100
AcDbPolyline
 90
34
 70
0
 10
-212.74792015912794
 20
5.93156046175001
 10
-212.75445503533786
 20
5.790658745975758
 10
-212.76759624335634
 20
5.650211877667076
 10
-212.7873214524958
 20
5.5105358587095665
 10
-212.81359159765637
 20
5.3719433854078025
 10
-212.84635135687364
 20
5.234743381699856
 10
-212.88552962886678
 20
5.099240532371823
 10
-212.93104001058649
 20
4.965734816272351
 10
-212.98278127476277
 20
4.834521039527167
 10
-213.04063784745316
 20
4.705888368753603
 10
-213.10448028559037
 20
4.580119864275121
 10
-213.17416575453046
 20
4.457492013335845
 10
-213.24953850560075
 20
4.338274263315083
 10
-213.33043035364767
 20
4.222728554941858
 10
-213.4166611545848
 20
4.111108855509431
 10
-213.5080392829408
 20
4.003660692089831
 10
-213.60436210940742
 20
3.9006206847483784
 10
-213.70541647838726
 20
3.8022160797582156
 10
-213.81097918554198
 20
3.708664282814833
 10
-213.92081745534003
 20
3.6201723922505935
 10
-214.03468941860476
 20
3.536936732249262
 10
-214.15234459006223
 20
3.459142386060531
 10
-214.27352434588929
 20
3.3869627292145483
 10
-214.39796240126142
 20
3.3205589627364427
 10
-214.5253852879008
 20
3.260079646360853
 10
-214.65551283162415
 20
3.2056602317464518
 10
-214.7880586298907
 20
3.157422595690475
 10
-214.92273052935022
 20
3.115474573343248
 10
-215.05923110339086
 20
3.079909491422711
 10
-215.19725812968719
 20
3.0508057014289496
 10
-215.33650506774808
 20
3.028226112858717
 10
-215.47666153646475
 20
3.0122177264199648
 10
-215.61190381980265
 20
3.003054686599246
 10
-215.74741534802794
 20
3.000000000000007
  0
LWPOLYLINE
  5
131
330
17
100
AcDbEntity
  8
GORUNEN
100
AcDbPolyline
 90
36
 70
0
 10
-214.08583490552795
 20
7.105427357601002e-15
 10
-213.81207537908148
 20
0.006248915005911293
 10
-213.53888608597265
 20
0.02498264371070924
 10
-213.26683607175912
 20
0.05616216428825904
 10
-212.99649200891298
 20
0.09972253068055625
 10
-212.72841701645794
 20
0.15557300787853112
 10
-212.46316948700832
 20
0.22359726092050014
 10
-212.20130192365312
 20
0.3036535972145966
 10
-211.9433597891078
 20
0.3955752616804258
 10
-211.68988036953073
 20
0.49917078409517135
 10
-211.4413916553715
 20
0.614224377920646
 10
-211.19841124158165
 20
0.7404963897805379
 10
-210.96144524947914
 20
0.8777237986515978
 10
-210.73098727251192
 20
1.0256207637289902
 10
-210.50751734811692
 20
1.1838792198245809
 10
-210.29150095781534
 20
1.352169519058001
 10
-210.0833880576282
 20
1.5301411175038409
 10
-209.88361214083048
 20
1.7174233053647168
 10
-209.6925893349969
 20
1.9136259791492742
 10
-209.51071753522007
 20
2.118340454246709
 10
-209.33837557530632
 20
2.3311403162052344
 10
-209.17592243867537
 20
2.5515823089413012
 10
-209.02369651060837
 20
2.7792072580294622
 10
-208.8820148734007
 20
3.013541027149693
 10
-208.75117264588863
 20
3.254095505699912
 10
-208.6314423687251
 20
3.500369625516535
 10
-208.52307343668537
 20
3.7518504045852668
 10
-208.42629157918458
 20
4.0080140155681
 10
-208.34129839009
 20
4.268326876920823
 10
-208.2682709078065
 20
4.5322467643282565
 10
-208.20736124651074
 20
4.7992239401421415
 10
-208.15869627930152
 20
5.068702298469086
 10
-208.12237737392684
 20
5.3401205235233835
 10
-208.09848018163754
 20
5.612913258831895
 10
-208.08910670050454
 20
5.806355751889989
 10
-208.08598112129556
 20
6.000000000010008
  0
LWPOLYLINE
  5
132
330
17
100
AcDbEntity
  8
GORUNEN
100
AcDbPolyline
 90
2
 70
0
 10
-212.85245530362482
 20
31.999999999996618
 10
-209.85252841152408
 20
32.00000000000338
  0
LWPOLYLINE
  5
133
330
17
100
AcDbEntity
  8
GORUNEN
100
AcDbPolyline
 90
33
 70
0
 10
-204.58583490552795
 20
3.0
 10
-204.4386318825454
 20
3.003613631384498
 10
-204.29178348453866
 20
3.0144458199834707
 10
-204.14564348216095
 20
3.0324704701057943
 10
-204.00056393947835
 20
3.0576441587905525
 10
-203.85689436581663
 20
3.089906240416748
 10
-203.71498087376278
 20
3.1291789928039178
 10
-203.5751653453492
 20
3.1753678044516747
 10
-203.43778460843038
 20
3.2283614024670966
 10
-203.30316962523455
 20
3.2880321206308727
 10
-203.17164469504718
 20
3.3542362069564082
 10
-203.04352667294535
 20
3.4268141700009513
 10
-202.91912420646602
 20
3.505591163094448
 10
-202.7987369920474
 20
3.590377405560486
 10
-202.6826550530336
 20
3.680968639914565
 10
-202.57115804098342
 20
3.777146623938271
 10
-202.46451456196476
 20
3.8786796564438935
 10
-202.3629815294595
 20
3.985323135462882
 10
-202.26680354543618
 20
4.096820147513412
 10
-202.17621231108248
 20
4.212902086527469
 10
-202.09142606861684
 20
4.333289300946388
 10
-202.01264907552377
 20
4.4576917674259615
 10
-201.94007111247964
 20
4.585809789528067
 10
-201.87386702615453
 20
4.717334719715646
 10
-201.8141963079912
 20
4.851949702911654
 10
-201.76120270997626
 20
4.989330439830688
 10
-201.71501389832895
 20
5.129145968244379
 10
-201.67574114594225
 20
5.271059460298383
 10
-201.64347906431655
 20
5.414729033960185
 10
-201.61830537563227
 20
5.559808576642866
 10
-201.60028072551046
 20
5.705948579020634
 10
-201.58944853691196
 20
5.852796977027406
 10
-201.58583490552795
 20
6.000000000009999
  0
LWPOLYLINE
  5
134
330
17
100
AcDbEntity
  8
GORUNEN
100
AcDbPolyline
 90
33
 70
0
 10
-204.58583490552795
 20
0.0
 10
-204.29142885956313
 20
0.007227262768981113
 10
-203.99773206354996
 20
0.028891639966880156
 10
-203.70545205879483
 20
0.0649409402114518
 10
-203.41529297342993
 20
0.11528831758086167
 10
-203.12795382610685
 20
0.17981248083311652
 10
-202.84412684199935
 20
0.25835798560729284
 10
-202.56449578517257
 20
0.3507356089026139
 10
-202.2897343113351
 20
0.45672280493323925
 10
-202.0205043449437
 20
0.5760642412605455
 10
-201.7574544845692
 20
0.7084724139113465
 10
-201.50121844036568
 20
0.8536283400001397
 10
-201.2524135074072
 20
1.0111823261868178
 10
-201.01163907857006
 20
1.1807548111185575
 10
-200.77947520054266
 20
1.3619372798263614
 10
-200.55648117644233
 20
1.5542932478734022
 10
-200.34319421840513
 20
1.75735931288426
 10
-200.1401281533946
 20
1.9706462709218364
 10
-199.94777218534796
 20
2.1936402950224867
 10
-199.7665897166405
 20
2.425804173050182
 10
-199.59701723170917
 20
2.6665786018875974
 10
-199.43946324552292
 20
2.915383534846314
 10
-199.29430731943455
 20
3.1716195790500943
 10
-199.1618991467842
 20
3.434669439424823
 10
-199.04255771045734
 20
3.7038994058164096
 10
-198.9365705144272
 20
3.978660879654056
 10
-198.8441928911323
 20
4.258291936481022
 10
-198.76564738635864
 20
4.542118920588624
 10
-198.70112322310683
 20
4.829458067911837
 10
-198.65077584573794
 20
5.119617153276819
 10
-198.61472654549385
 20
5.411897158031993
 10
-198.59306216829646
 20
5.705593954045195
 10
-198.58583490552795
 20
6.0000000000099964
  0
LWPOLYLINE
  5
135
330
17
100
AcDbEntity
  8
GORUNEN
100
AcDbPolyline
 90
2
 70
0
 10
-263.91824050650746
 20
17.000000000003013
 10
-264.0857907900318
 20
17.000000000003393
  0
LWPOLYLINE
  5
136
330
17
100
AcDbEntity
  8
GORUNEN
100
AcDbPolyline
 90
2
 70
0
 10
-212.8532225072318
 20
6.000536520466621
 10
-209.85329561513902
 20
6.000536520473393
  0
LWPOLYLINE
  5
137
330
17
100
AcDbEntity
  8
GORUNEN
100
AcDbPolyline
 90
2
 70
0
 10
-209.85275943392793
 20
6.000000000020009
 10
-212.85268632602794
 20
6.0000000000100115
  0
LWPOLYLINE
  5
138
330
17
100
AcDbEntity
  8
GORUNEN
100
AcDbPolyline
 90
33
 70
0
 10
-269.0858349055279
 20
7.105427357601002e-15
 10
-269.38024095149274
 20
0.0072272627689882185
 10
-269.67393774750593
 20
0.028891639966886373
 10
-269.96621775226106
 20
0.06494094021145891
 10
-270.2563768376259
 20
0.11528831758086788
 10
-270.543715984949
 20
0.17981248083312273
 10
-270.8275429690565
 20
0.25835798560729817
 10
-271.1071740258833
 20
0.35073560890261923
 10
-271.3819354997208
 20
0.4567228049332428
 10
-271.65116546611216
 20
0.5760642412605499
 10
-271.91421532648667
 20
0.7084724139113501
 10
-272.1704513706902
 20
0.8536283400001414
 10
-272.4192563036487
 20
1.0111823261868187
 10
-272.6600307324858
 20
1.1807548111185575
 10
-272.8921946105132
 20
1.3619372798263605
 10
-273.1151886346135
 20
1.5542932478734004
 10
-273.32847559265076
 20
1.7573593128842573
 10
-273.53154165766125
 20
1.9706462709218329
 10
-273.72389762570793
 20
2.193640295022483
 10
-273.9050800944153
 20
2.425804173050177
 10
-274.07465257934666
 20
2.6665786018875917
 10
-274.2322065655329
 20
2.915383534846307
 10
-274.3773624916213
 20
3.1716195790500854
 10
-274.5097706642717
 20
3.4346694394248125
 10
-274.62911210059855
 20
3.703899405816398
 10
-274.7350992966287
 20
3.9786608796540426
 10
-274.8274769199235
 20
4.258291936481008
 10
-274.90602242469726
 20
4.5421189205886074
 10
-274.970546587949
 20
4.829458067911818
 10
-275.02089396531795
 20
5.119617153276799
 10
-275.05694326556204
 20
5.411897158031971
 10
-275.07860764275944
 20
5.705593954045172
 10
-275.0858349055279
 20
6.000000000010007
  0
LWPOLYLINE
  5
139
330
17
100
AcDbEntity
  8
GORUNEN
100
AcDbPolyline
 90
33
 70
0
 10
-269.0858349055279
 20
3.000000000000007
 10
-269.2330379285105
 20
3.003613631384505
 10
-269.37988632651724
 20
3.014445819983478
 10
-269.52602632889494
 20
3.0324704701058014
 10
-269.67110587157754
 20
3.0576441587905596
 10
-269.81477544523926
 20
3.089906240416755
 10
-269.9566889372931
 20
3.129178992803925
 10
-270.09650446570663
 20
3.1753678044516818
 10
-270.2338852026255
 20
3.2283614024671037
 10
-270.36850018582135
 20
3.2880321206308794
 10
-270.5000251160087
 20
3.354236206956415
 10
-270.62814313811054
 20
3.4268141700009584
 10
-270.75254560458984
 20
3.505591163094455
 10
-270.8729328190085
 20
3.590377405560493
 10
-270.9890147580223
 20
3.680968639914572
 10
-271.10051177007244
 20
3.777146623938278
 10
-271.2071552490911
 20
3.8786796564439006
 10
-271.3086882815964
 20
3.9853231354628886
 10
-271.4048662656197
 20
4.096820147513419
 10
-271.4954574999734
 20
4.212902086527476
 10
-271.58024374243905
 20
4.333289300946397
 10
-271.6590207355321
 20
4.457691767425972
 10
-271.73159869857625
 20
4.585809789528078
 10
-271.79780278490136
 20
4.717334719715659
 10
-271.8574735030647
 20
4.851949702911668
 10
-271.91046710107963
 20
4.989330439830704
 10
-271.95665591272694
 20
5.129145968244396
 10
-271.99592866511364
 20
5.271059460298401
 10
-272.0281907467393
 20
5.414729033960206
 10
-272.0533644354236
 20
5.5598085766428875
 10
-272.07138908554543
 20
5.7059485790206566
 10
-272.08222127414393
 20
5.852796977027431
 10
-272.0858349055279
 20
6.000000000010007
  0
LWPOLYLINE
  5
13A
330
17
100
AcDbEntity
  8
GORUNEN
100
AcDbPolyline
 90
2
 70
0
 10
-214.08583490549375
 20
7.105427357601002e-15
 10
-215.7474153479522
 20
7.105427357601002e-15
  0
LWPOLYLINE
  5
13B
330
17
100
AcDbEntity
  8
GORUNEN
100
AcDbPolyline
 90
2
 70
0
 10
-257.9242786010255
 20
7.105427357601002e-15
 10
-258.8358349055279
 20
7.105427357601002e-15
  0
LWPOLYLINE
  5
13C
330
17
100
AcDbEntity
  8
GORUNEN
100
AcDbPolyline
 90
2
 70
0
 10
-269.0858349055279
 20
7.105427357601002e-15
 10
-258.8358349055279
 20
7.105427357601002e-15
  0
LWPOLYLINE
  5
13D
330
17
100
AcDbEntity
  8
GORUNEN
100
AcDbPolyline
 90
2
 70
0
 10
-214.83583490552795
 20
7.105427357601002e-15
 10
-204.58583490552795
 20
7.105427357601002e-15
  0
LWPOLYLINE
  5
13E
330
17
100
AcDbEntity
  8
GORUNEN
100
AcDbPolyline
 90
2
 70
0
 10
-214.83583490552795
 20
7.105427357601002e-15
 10
-215.74739121695632
 20
7.105427357601002e-15
  0
LWPOLYLINE
  5
13F
330
17
100
AcDbEntity
  8
GORUNEN
100
AcDbPolyline
 90
2
 70
0
 10
-215.74741534802794
 20
7.105427357601002e-15
 10
-257.9242544630279
 20
7.105427357601002e-15
  0
LWPOLYLINE
  5
140
330
17
100
AcDbEntity
  8
GORUNEN
100
AcDbPolyline
 90
2
 70
0
 10
-272.08583490542793
 20
31.999999999996625
 10
-275.08583490542793
 20
32.00000000000339
  0
LWPOLYLINE
  5
141
330
17
100
AcDbEntity
  8
GORUNEN
100
AcDbPolyline
 90
2
 70
0
 10
-275.08583490555725
 20
6.000000000010008
 10
-275.0858349054986
 20
32.00000000000001
  0
LWPOLYLINE
  5
142
330
17
100
AcDbEntity
  8
GORUNEN
100
AcDbPolyline
 90
2
 70
0
 10
-272.08583490555725
 20
6.000000000010008
 10
-272.0858349054986
 20
32.00000000000001
  0
LWPOLYLINE
  5
143
330
17
100
AcDbEntity
  8
GORUNEN
100
AcDbPolyline
 90
8
 70
0
 10
-265.58675473038375
 20
3.0000000000000067
 10
-265.67444907920645
 20
3.2143410969099526
 10
-265.75212431551853
 20
3.4325129610534804
 10
-265.81961380293177
 20
3.6540475491626365
 10
-265.8767727565063
 20
3.878469603930574
 10
-265.92347855335703
 20
4.1052976735792335
 10
-265.9596309957161
 20
4.3340451447160095
 10
-265.98515252588686
 20
4.56422128626361
  0
LWPOLYLINE
  5
144
330
17
100
AcDbEntity
  8
GORUNEN
100
AcDbPolyline
 90
36
 70
0
 10
-272.0858349055279
 20
13.94923251290001
 10
-272.0834573599622
 20
13.851741336170708
 10
-272.0763303759879
 20
13.754481949156338
 10
-272.06447089833415
 20
13.657685590481222
 10
-272.0479071234495
 20
13.56158239789871
 10
-272.0266784324634
 20
13.46640086112818
 10
-272.0008352975561
 20
13.372367278610321
 10
-271.97043916195827
 20
13.279705219472282
 10
-271.9355622938674
 20
13.188634991981875
 10
-271.8962876146266
 20
13.099373119754645
 10
-271.85270850157525
 20
13.012131826959095
 10
-271.80492856604036
 20
12.92711853374406
 10
-271.7530614069958
 20
12.844535363087854
 10
-271.69723034097564
 20
12.764578660241675
 10
-271.6375681088833
 20
12.687438525909826
 10
-271.574216560394
 20
12.613298364276632
 10
-271.5073263167011
 20
12.542334446954625
 10
-271.43705641240683
 20
12.474715493890761
 10
-271.3635739174105
 20
12.410602272227058
 10
-271.28705353969235
 20
12.35014721406939
 10
-271.207677209937
 20
12.293494054073205
 10
-271.12563364898534
 20
12.240777487707838
 10
-271.0411179191419
 20
12.192122851011892
 10
-270.95433096040546
 20
12.147645822601095
 10
-270.8654791127248
 20
12.107452148637124
 10
-270.7747736254165
 20
12.071637391411285
 10
-270.6824301549097
 20
12.040286702140806
 10
-270.5886682520131
 20
12.013474618517945
 10
-270.4937108399233
 20
11.99126488749323
 10
-270.39778368421435
 20
11.973710313714173
 10
-270.3011148560699
 20
11.960852633979822
 10
-270.2039341900336
 20
11.952722418009614
 10
-270.10647273756706
 20
11.94933899576248
 10
-270.0089622177145
 20
11.950710411478978
 10
-269.91163446618003
 20
11.956833404555754
 10
-269.8147208841276
 20
11.967693417297768
  0
LWPOLYLINE
  5
145
330
17
100
AcDbEntity
  8
GORUNEN
100
AcDbPolyline
 90
2
 70
0
 10
-263.0993543135539
 20
6.000536520471777
 10
-263.0993073740959
 20
6.000000000011773
  0
LWPOLYLINE
  5
146
330
17
100
AcDbEntity
  8
GORUNEN
100
AcDbPolyline
 90
12
 70
0
 10
-272.0858349055497
 20
9.366656817953661
 10
-271.85536815897615
 20
9.27282875948638
 10
-271.62051872970585
 20
9.19058296078897
 10
-271.3818682798964
 20
9.120123123734857
 10
-271.14000788586407
 20
9.061623759375514
 10
-270.8955365741384
 20
9.01522975572107
 10
-270.6490598378266
 20
8.981056018889642
 10
-270.40118813696114
 20
8.959187188514203
 10
-270.15253538654594
 20
8.94967742811177
 10
-269.9037174360457
 20
8.95255029093418
 10
-269.6553505440835
 20
8.967798661632713
 10
-269.4080498521253
 20
8.995384773880973
  0
LWPOLYLINE
  5
147
330
17
100
AcDbEntity
  8
GORUNEN
100
AcDbPolyline
 90
2
 70
0
 10
-265.9851525258658
 20
4.564221286265455
 10
-266.33330111519
 20
8.543577871373333
  0
LWPOLYLINE
  5
148
330
17
100
AcDbEntity
  8
GORUNEN
100
AcDbPolyline
 90
4
 70
0
 10
-269.81472088413125
 20
11.967693417324078
 10
-269.6571134841545
 20
11.985629220099925
 10
-269.498855283042
 20
11.996405459207342
 10
-269.34027134682793
 20
12.000000000000007
  0
LWPOLYLINE
  5
149
330
17
100
AcDbEntity
  8
GORUNEN
100
AcDbPolyline
 90
9
 70
0
 10
-266.83139846422796
 20
12.000000000000014
 10
-266.67224919892686
 20
11.996379772186401
 10
-266.51342916596684
 20
11.985526577916664
 10
-266.35526691660533
 20
11.967462869211234
 10
-266.19808964134194
 20
11.942226014493356
 10
-266.0422224930586
 20
11.909868221284958
 10
-265.8879879143757
 20
11.870456428204875
 10
-265.73570497061405
 20
11.824072166492817
 10
-265.58568868974425
 20
11.770811391345564
  0
LWPOLYLINE
  5
14A
330
17
100
AcDbEntity
  8
GORUNEN
100
AcDbPolyline
 90
4
 70
0
 10
-269.40804985212895
 20
8.995384773907283
 10
-269.38553450928435
 20
8.99794703144456
 10
-269.3629261948491
 20
8.999486494172912
 10
-269.34027134682793
 20
9.000000000000007
  0
LWPOLYLINE
  5
14B
330
17
100
AcDbEntity
  8
GORUNEN
100
AcDbPolyline
 90
31
 70
0
 10
-266.83139846422796
 20
9.000000000000014
 10
-266.8066830425519
 20
8.999388774334577
 10
-266.7820280476761
 20
8.997556591725516
 10
-266.75749375866314
 20
8.994507931680975
 10
-266.7331401594615
 20
8.99025024787801
 10
-266.7090267922508
 20
8.98479394993908
 10
-266.68521261186663
 20
8.978152377981543
 10
-266.66175584166194
 20
8.970341770002355
 10
-266.63871383115674
 20
8.961381222177755
 10
-266.61614291582384
 20
8.951292642174968
 10
-266.59409827935417
 20
8.940100695590099
 10
-266.57263381873815
 20
8.92783274564314
 10
-266.5518020124926
 20
8.914518786277576
 10
-266.53165379235617
 20
8.900191368828093
 10
-266.51223841876583
 20
8.884885522435752
 10
-266.4936033604202
 20
8.868638668405138
 10
-266.47579417822294
 20
8.851490528712914
 10
-266.45885441389106
 20
8.83348302889146
 10
-266.4428254834995
 20
8.814660195525018
 10
-266.42774657622283
 20
8.79506804860899
 10
-266.41365455852156
 20
8.77475448903552
 10
-266.40058388400723
 20
8.753769181480477
 10
-266.38856650920684
 20
8.732163432978162
 10
-266.377631815432
 20
8.709990067480597
 10
-266.3678065369446
 20
8.687303296708107
 10
-266.3591146955942
 20
8.66415858760694
 10
-266.35157754208683
 20
8.640612526737982
 10
-266.3452135040291
 20
8.616722681928128
 10
-266.34003814087475
 20
8.59254746152254
 10
-266.3360641058828
 20
8.568145971581938
 10
-266.33330111518205
 20
8.543577871374026
  0
LWPOLYLINE
  5
14C
330
17
100
AcDbEntity
  8
GORUNEN
100
AcDbPolyline
 90
2
 70
0
 10
-269.34027134682793
 20
12.000000000000007
 10
-266.83139846422796
 20
12.000000000000007
  0
LWPOLYLINE
  5
14D
330
17
100
AcDbEntity
  8
GORUNEN
100
AcDbPolyline
 90
2
 70
0
 10
-269.34027134682793
 20
9.000000000000007
 10
-266.83139846422796
 20
9.000000000000007
  0
LWPOLYLINE
  5
14E
330
17
100
AcDbEntity
  8
GIZLI
100
AcDbPolyline
 90
25
 70
0
 10
-198.58583490552795
 20
13.949232512900005
 10
-198.59177876944216
 20
13.705504571079576
 10
-198.60959622937756
 20
13.462356103546458
 10
-198.63924492351123
 20
13.220365206861437
 10
-198.68065436072195
 20
12.980107225407867
 10
-198.73372608818588
 20
12.742153383484169
 10
-198.7983339254527
 20
12.507069427192052
 10
-198.87432426444548
 20
12.275414279349361
 10
-198.9615164346706
 20
12.047738710625621
 10
-199.05970313277052
 20
11.824584030059665
 10
-199.16865091539646
 20
11.606480798072736
 10
-199.28810075423098
 20
11.393947565036907
 10
-199.41776865183942
 20
11.187489638397945
 10
-199.55734631688682
 20
10.987597881283833
 10
-199.70650189711458
 20
10.794747545455314
 10
-199.86488076833433
 20
10.609397141373178
 10
-200.03210637756308
 20
10.431987348068752
 10
-200.20778113829522
 20
10.262939965409414
 10
-200.39148737578225
 20
10.102656911250198
 10
-200.58278832007392
 20
9.95151926585578
 10
-200.7812291444584
 20
9.809886365864768
 10
-200.9863380468336
 20
9.678094949950498
 10
-201.19762737143822
 20
9.556458358209472
 10
-201.4145947682755
 20
9.445265787181008
 10
-201.63672438747312
 20
9.344781602269293
  0
LWPOLYLINE
  5
14F
330
17
100
AcDbEntity
  8
GIZLI
100
AcDbPolyline
 90
2
 70
0
 10
-201.81665942196528
 20
9.273734857819102
 10
-201.86348810573998
 20
9.255244709202586
  0
LWPOLYLINE
  5
150
330
17
100
AcDbEntity
  8
GIZLI
100
AcDbPolyline
 90
25
 70
0
 10
-198.58583490552795
 20
13.949232512900005
 10
-198.59166679627907
 20
13.707809861598575
 10
-198.60914886415253
 20
13.466950390508037
 10
-198.6382403277443
 20
13.227215966077104
 10
-198.6788733237595
 20
12.989165830294796
 10
-198.7309530653206
 20
12.753355296115185
 10
-198.79435806308237
 20
12.520334452047587
 10
-198.86894040863677
 20
12.290646878934139
 10
-198.95452611954738
 20
12.064828381908152
 10
-199.05091554520777
 20
11.843405740491322
 10
-199.15788383257797
 20
11.626895479745478
 10
-199.2751814507116
 20
11.415802665345481
 10
-199.40253477285108
 20
11.210619725384106
 10
-199.53964671473165
 20
11.011825301657291
 10
-199.6861974276071
 20
10.819883133109476
 10
-199.84184504437866
 20
10.635240974043665
 10
-200.0062264770876
 20
10.458329549619744
 10
-200.1789582639111
 20
10.289561551077659
 10
-200.3596374636852
 20
10.129330673029326
 10
-200.54784259586825
 20
9.978010695065034
 10
-200.74313462375233
 20
9.835954609816763
 10
-200.94505797862902
 20
9.703493799512398
 10
-201.15314162252
 20
9.580937262941731
 10
-201.36690014699397
 20
9.468570894637612
 10
-201.5858349055062
 20
9.366656817953654
  0
LWPOLYLINE
  5
151
330
17
100
AcDbEntity
  8
GIZLI
100
AcDbPolyline
 90
24
 70
0
 10
-210.3269527901486
 20
8.805045099621822
 10
-210.3079787168229
 20
8.974347547777716
 10
-210.2807887716085
 20
9.142526147157628
 10
-210.24544737433183
 20
9.309182440314176
 10
-210.20203825766154
 20
9.47392157652672
 10
-210.15066426872494
 20
9.636353247302136
 10
-210.09144712543724
 20
9.79609261111392
 10
-210.02452712812106
 20
9.95276120518865
 10
-209.95006282709977
 20
10.105987842179605
 10
-209.86823064705172
 20
10.25540948960303
 10
-209.77922446901584
 20
10.400672129953517
 10
-209.68325517103864
 20
10.541431599460601
 10
-209.58055012855104
 20
10.67735440349939
 10
-209.4713526756586
 20
10.80811850672331
 10
-209.35592152862193
 20
10.933414096046912
 10
-209.23453017289262
 20
11.05294431467109
 10
-209.1074662151573
 20
11.16642596541158
 10
-208.9750307019251
 20
11.273590181664392
 10
-208.8375374062727
 20
11.374183064418498
 10
-208.69531208443664
 20
11.467966283806515
 10
-208.5486917040151
 20
11.554717643768164
 10
-208.39802364560666
 20
11.634231608488701
 10
-208.24366487977818
 20
11.70631978936499
 10
-208.08598112131165
 20
11.770811391345559
  0
LWPOLYLINE
  5
152
330
17
100
AcDbEntity
  8
GIZLI
100
AcDbPolyline
 90
24
 70
0
 10
-210.3269527901486
 20
8.805045099621815
 10
-210.30761185524318
 20
8.977021801077047
 10
-210.27979361029952
 20
9.147832230661116
 10
-210.24356606821874
 20
9.317058773500072
 10
-210.19901780181493
 20
9.48428768716889
 10
-210.14625772726316
 20
9.649110113251425
 10
-210.08541483781016
 20
9.811123076959424
 10
-210.01663788839832
 20
9.969930472366686
 10
-209.9400950319743
 20
10.12514403084947
 10
-209.85597340837148
 20
10.276384270365503
 10
-209.76447868677138
 20
10.423281423250629
 10
-209.6658345628623
 20
10.565476340264754
 10
-209.56028221192543
 20
10.702621368676784
 10
-209.4480796991845
 20
10.834381202241708
 10
-209.32950134886153
 20
10.960433700991732
 10
-209.2048370734809
 20
11.080470678837141
 10
-209.07439166506128
 20
11.194198657051295
 10
-208.93848404992895
 20
11.301339581797539
 10
-208.79744650897388
 20
11.401631503943781
 10
-208.65162386525537
 20
11.494829219502613
 10
-208.5013726409432
 20
11.580704869131196
 10
-208.3470601856556
 20
11.659048495225171
 10
-208.18906377832525
 20
11.729668555244576
 10
-208.027769704789
 20
11.79239239001669
  0
LWPOLYLINE
  5
153
330
17
100
AcDbEntity
  8
GIZLI
100
AcDbPolyline
 90
4
 70
0
 10
-207.93563191408245
 20
11.823072324082549
 10
-207.86357231335654
 20
11.847066645870928
 10
-207.69687305066725
 20
11.893557649573621
 10
-207.62922050622655
 20
11.908865857488705
  0
LWPOLYLINE
  5
154
330
17
100
AcDbEntity
  8
GIZLI
100
AcDbPolyline
 90
2
 70
0
 10
-207.52807948019216
 20
11.931751735146069
 10
-207.47341963858088
 20
11.941307789689562
  0
LWPOLYLINE
  5
155
330
17
100
AcDbEntity
  8
GIZLI
100
AcDbPolyline
 90
2
 70
0
 10
-210.67510137939087
 20
4.8256885144967665
 10
-210.5723624369595
 20
6.000000000017612
  0
LWPOLYLINE
  5
156
330
17
100
AcDbEntity
  8
GIZLI
100
AcDbPolyline
 90
2
 70
0
 10
-210.57231549750202
 20
6.00053652047177
 10
-210.32695279006577
 20
8.805045099614569
  0
LWPOLYLINE
  5
157
330
17
100
AcDbEntity
  8
GIZLI
100
AcDbPolyline
 90
2
 70
0
 10
-210.67510137939087
 20
4.825688514496774
 10
-210.5723624369595
 20
6.000000000017612
  0
LWPOLYLINE
  5
158
330
17
100
AcDbEntity
  8
GIZLI
100
AcDbPolyline
 90
2
 70
0
 10
-210.57231549750202
 20
6.00053652047177
 10
-210.32695279006577
 20
8.805045099614576
  0
LWPOLYLINE
  5
159
330
17
100
AcDbEntity
  8
GIZLI
100
AcDbPolyline
 90
25
 70
0
 10
-212.66749077562793
 20
1.4210854715202004e-14
 10
-212.42606812432552
 20
0.005831890751176516
 10
-212.185208653234
 20
0.023313958624769704
 10
-211.9454742288021
 20
0.05240542221681643
 10
-211.70742409301886
 20
0.09303841823233316
 10
-211.47161355883833
 20
0.14511815979385734
 10
-211.23859271476985
 20
0.20852315755613482
 10
-211.00890514165553
 20
0.28310550311115534
 10
-210.78308664462878
 20
0.3686912140224212
 10
-210.5616640032112
 20
0.46508063968357494
 10
-210.34515374246467
 20
0.5720489270546061
 10
-210.13406092806406
 20
0.6893465451892018
 10
-209.92887798810213
 20
0.8166998673296275
 10
-209.73008356437484
 20
0.9538118092112757
 10
-209.53814139582664
 20
1.1003625220878535
 10
-209.3534992367605
 20
1.2560101388605598
 10
-209.17658781233638
 20
1.4203915715707156
 10
-209.00781981379413
 20
1.593123358395487
 10
-208.8475889357458
 20
1.773802558170868
 10
-208.69626895778157
 20
1.9620076903552217
 10
-208.55421287253347
 20
2.1572997182406626
 10
-208.42175206222936
 20
2.3592230731187116
 10
-208.2991955256591
 20
2.567306717011065
 10
-208.18682915735548
 20
2.78106524148641
 10
-208.0849150806721
 20
3.000000000000006
  0
LWPOLYLINE
  5
15A
330
17
100
AcDbEntity
  8
GIZLI
100
AcDbPolyline
 90
26
 70
0
 10
-212.66749077562793
 20
7.105427357601002e-15
 10
-212.42033655886746
 20
0.006112256654397186
 10
-212.17378661010937
 20
0.024434082745004915
 10
-211.9284437199797
 20
0.05492068319045096
 10
-211.68490772796355
 20
0.09749752122016098
 10
-211.443774055856
 20
0.1520605006095046
 10
-211.20563225201388
 20
0.21847622018494128
 10
-210.97106454996725
 20
0.29658229997689745
 10
-210.74064444491523
 20
0.38618777822299144
 10
-210.51493529158594
 20
0.48707357825095077
 10
-210.2944889268892
 20
0.5989930440997542
 10
-210.07984432072874
 20
0.7216725435694444
 10
-209.87152625827358
 20
0.8548121372252266
 10
-209.67004405690906
 20
0.9980863117201855
 10
-209.4758903210056
 20
1.151144775643738
 10
-209.28953973754892
 20
1.313613315950033
 10
-209.11144791557655
 20
1.4850947128724243
 10
-208.942050272258
 20
1.6651697110871342
 10
-208.78176096834238
 20
1.853398044751712
 10
-208.63097189557544
 20
2.0493195139121614
 10
-208.49005171856254
 20
2.252455109647039
 10
-208.35934497341964
 20
2.4623081851976347
 10
-208.23917122541576
 20
2.678365670220957
 10
-208.1298242876673
 20
2.9000993251967806
 10
-208.03157150279344
 20
3.126967032921854
 10
-207.9985686538003
 20
3.2148473000209457
  0
LWPOLYLINE
  5
15B
330
17
100
AcDbEntity
  8
GIZLI
100
AcDbPolyline
 90
2
 70
0
 10
-207.9446530892894
 20
3.3584141239336933
 10
-207.92080482639938
 20
3.4329160760405903
  0
LWPOLYLINE
  5
15C
330
17
100
AcDbEntity
  8
GIZLI
100
AcDbPolyline
 90
2
 70
0
 10
-207.86928155421572
 20
3.5938747326234286
 10
-207.8531728086739
 20
3.6543450547035183
  0
LWPOLYLINE
  5
15D
330
17
100
AcDbEntity
  8
GIZLI
100
AcDbPolyline
 90
31
 70
0
 10
-210.67510137944473
 20
4.8256885145014845
 10
-210.68615334224785
 20
4.7274161136699355
 10
-210.70204948221567
 20
4.629810153907625
 10
-210.72275093483327
 20
4.533109272285379
 10
-210.74820708706403
 20
4.437549893046068
 10
-210.77835570109363
 20
4.34336564957035
 10
-210.81312306649534
 20
4.250786813165794
 10
-210.85242418044498
 20
4.160039730075947
 10
-210.8961629555444
 20
4.071346268085801
 10
-210.94423245474604
 20
3.984923274076655
 10
-210.99651515280325
 20
3.9009820438566
 10
-211.05288322360843
 20
3.81972780556283
 10
-211.11319885271521
 20
3.741359217898829
 10
-211.17731457428147
 20
3.6660678844331733
 10
-211.24507363160888
 20
3.5940378851474604
 10
-211.3163103603978
 20
3.5254453263786694
 10
-211.39085059378044
 20
3.460457910256311
 10
-211.46851208814178
 20
3.399234524687042
 10
-211.54910496868752
 20
3.3419248548892027
 10
-211.63243219366953
 20
3.288669017427025
 10
-211.71829003613362
 20
3.2395972176392753
 10
-211.80646858201223
 20
3.19482943129987
 10
-211.89675224334385
 20
3.154475111288792
 10
-211.98892028536454
 20
3.118632919990449
 10
-212.0827473661831
 20
3.0873904880737495
 10
-212.17800408771984
 20
3.0608242002436463
 10
-212.2744575565627
 20
3.0389990084879672
 10
-212.37187195336907
 20
3.02196827327613
 10
-212.4700091094208
 20
3.0097736330979847
 10
-212.5686290889239
 20
3.002444902661763
 10
-212.66749077562793
 20
3.000000000000014
  0
LWPOLYLINE
  5
15E
330
17
100
AcDbEntity
  8
GIZLI
100
AcDbPolyline
 90
31
 70
0
 10
-212.66749077562793
 20
3.000000000000007
 10
-212.56862908892387
 20
3.0024449026617566
 10
-212.47000910942077
 20
3.0097736330979794
 10
-212.37187195336904
 20
3.0219682732761255
 10
-212.2744575565627
 20
3.0389990084879637
 10
-212.1780040877198
 20
3.060824200243643
 10
-212.08274736618307
 20
3.087390488073747
 10
-211.98892028536454
 20
3.1186329199904472
 10
-211.89675224334383
 20
3.1544751112887903
 10
-211.80646858201223
 20
3.194829431299868
 10
-211.71829003613362
 20
3.2395972176392736
 10
-211.6324321936695
 20
3.288669017427024
 10
-211.54910496868752
 20
3.341924854889201
 10
-211.46851208814178
 20
3.3992345246870403
 10
-211.39085059378044
 20
3.460457910256309
 10
-211.3163103603978
 20
3.5254453263786676
 10
-211.24507363160888
 20
3.5940378851474577
 10
-211.17731457428147
 20
3.66606788443317
 10
-211.11319885271521
 20
3.7413592178988253
 10
-211.05288322360843
 20
3.8197278055628265
 10
-210.99651515280325
 20
3.9009820438565965
 10
-210.94423245474604
 20
3.9849232740766523
 10
-210.8961629555444
 20
4.071346268085797
 10
-210.85242418044498
 20
4.160039730075944
 10
-210.81312306649534
 20
4.250786813165791
 10
-210.77835570109363
 20
4.343365649570347
 10
-210.74820708706403
 20
4.437549893046065
 10
-210.72275093483324
 20
4.533109272285376
 10
-210.70204948221567
 20
4.629810153907623
 10
-210.68615334224785
 20
4.727416113669934
 10
-210.67510137944473
 20
4.825688514501477
  0
LWPOLYLINE
  5
15F
330
17
100
AcDbEntity
  8
GIZLI
100
AcDbPolyline
 90
2
 70
0
 10
-212.66749077562793
 20
3.000000000000007
 10
-215.74741534802794
 20
3.000000000000007
  0
LWPOLYLINE
  5
160
330
17
100
AcDbEntity
  8
GIZLI
100
AcDbPolyline
 90
2
 70
0
 10
-257.9242544630279
 20
3.000000000000007
 10
-261.0041790354279
 20
3.000000000000007
  0
LWPOLYLINE
  5
161
330
17
100
AcDbEntity
  8
GIZLI
100
AcDbPolyline
 90
2
 70
0
 10
-214.08583490552795
 20
3.000000000000007
 10
-215.74741534802794
 20
3.000000000000007
  0
LWPOLYLINE
  5
162
330
17
100
AcDbEntity
  8
GIZLI
100
AcDbPolyline
 90
2
 70
0
 10
-214.08583490552795
 20
3.000000000000007
 10
-215.74741534802794
 20
3.000000000000007
  0
LWPOLYLINE
  5
163
330
17
100
AcDbEntity
  8
GIZLI
100
AcDbPolyline
 90
2
 70
0
 10
-214.83583490552795
 20
3.000000000000007
 10
-215.74741534802794
 20
3.000000000000007
  0
LWPOLYLINE
  5
164
330
17
100
AcDbEntity
  8
GIZLI
100
AcDbPolyline
 90
2
 70
0
 10
-208.8898091093937
 20
3.000000000000007
 10
-214.83583490552795
 20
3.000000000000007
  0
LWPOLYLINE
  5
165
330
17
100
AcDbEntity
  8
GIZLI
100
AcDbPolyline
 90
2
 70
0
 10
-208.8898091093937
 20
3.000000000000007
 10
-210.81887950232795
 20
3.000000000000007
  0
LWPOLYLINE
  5
166
330
17
100
AcDbEntity
  8
GIZLI
100
AcDbPolyline
 90
2
 70
0
 10
-212.81887950232795
 20
3.000000000000014
 10
-210.81887950232795
 20
3.000000000000014
  0
LWPOLYLINE
  5
167
330
17
100
AcDbEntity
  8
GIZLI
100
AcDbPolyline
 90
2
 70
0
 10
-212.66749077562793
 20
3.000000000000007
 10
-212.81887950232795
 20
3.000000000000007
  0
LWPOLYLINE
  5
168
330
17
100
AcDbEntity
  8
GIZLI
100
AcDbPolyline
 90
2
 70
0
 10
-260.85279030872795
 20
3.000000000000007
 10
-261.0041790354279
 20
3.000000000000007
  0
LWPOLYLINE
  5
169
330
17
100
AcDbEntity
  8
GIZLI
100
AcDbPolyline
 90
2
 70
0
 10
-262.85279030872795
 20
3.000000000000014
 10
-260.85279030872795
 20
3.000000000000014
  0
LWPOLYLINE
  5
16A
330
17
100
AcDbEntity
  8
GIZLI
100
AcDbPolyline
 90
2
 70
0
 10
-262.85279030872795
 20
3.000000000000007
 10
-264.7818607016654
 20
3.000000000000007
  0
LWPOLYLINE
  5
16B
330
17
100
AcDbEntity
  8
GIZLI
100
AcDbPolyline
 90
2
 70
0
 10
-258.8358349055279
 20
3.000000000000007
 10
-264.7818607016654
 20
3.000000000000007
  0
LWPOLYLINE
  5
16C
330
17
100
AcDbEntity
  8
GIZLI
100
AcDbPolyline
 90
2
 70
0
 10
-257.9242544630279
 20
3.000000000000007
 10
-258.8358349055279
 20
3.000000000000007
  0
LWPOLYLINE
  5
16D
330
17
100
AcDbEntity
  8
GIZLI
100
AcDbPolyline
 90
2
 70
0
 10
-257.9242544630279
 20
3.000000000000007
 10
-259.5858349055279
 20
3.000000000000007
  0
LWPOLYLINE
  5
16E
330
17
100
AcDbEntity
  8
GIZLI
100
AcDbPolyline
 90
2
 70
0
 10
-257.9242544630279
 20
3.000000000000007
 10
-259.5858349055279
 20
3.000000000000007
  0
LWPOLYLINE
  5
16F
330
17
100
AcDbEntity
  8
GIZLI
100
AcDbPolyline
 90
35
 70
0
 10
-259.5858349055279
 20
3.000000000000007
 10
-259.726949615555
 20
3.0033208933839246
 10
-259.8677519076441
 20
3.013276221313766
 10
-260.00793005552845
 20
3.029843943401092
 10
-260.1471737147521
 20
3.052987379886793
 10
-260.2851746097507
 20
3.082655292847464
 10
-260.42162721635134
 20
3.1187819996325286
 10
-260.55622943818173
 20
3.1612875182809557
 10
-260.68868327548995
 20
3.2100777445956394
 10
-260.81869548489465
 20
3.265044660483401
 10
-260.94597822860516
 20
3.3260665730993693
 10
-261.0702497116738
 20
3.3930083842662913
 10
-261.19123480587
 20
3.465721889572292
 10
-261.30866565879444
 20
3.544046106484911
 10
-261.42228228688543
 20
3.6278076307549827
 10
-261.53183315100404
 20
3.7168210203213254
 10
-261.6370757133236
 20
3.8108892058662778
 10
-261.73777697429153
 20
3.909803927113164
 10
-261.8337139884737
 20
4.013346193899744
 10
-261.92467435813955
 20
4.121286771006867
 10
-262.0104567034959
 20
4.233386685668952
 10
-262.0908711085274
 20
4.349397756642707
 10
-262.16573954145684
 20
4.469063143662758
 10
-262.2348962488952
 20
4.592117916067747
 10
-262.29818812280774
 20
4.71828963933798
 10
-262.3554750394842
 20
4.847298978246094
 10
-262.4066301697629
 20
4.978860315285393
 10
-262.4515402598213
 20
5.112682383006709
 10
-262.49010588191214
 20
5.248468908863829
 10
-262.5222416544893
 20
5.3859192711398585
 10
-262.5478764312363
 20
5.524729164502329
 10
-262.5669534585797
 20
5.664591273713581
 10
-262.5794305013367
 20
5.805195954004856
 10
-262.5841785557814
 20
5.902546544957497
 10
-262.5857617976441
 20
6.000000000010006
  0
LWPOLYLINE
  5
170
330
17
100
AcDbEntity
  8
GIZLI
100
AcDbPolyline
 90
2
 70
0
 10
-262.58576179765726
 20
6.000000000010008
 10
-262.5857617975986
 20
32.00000000000001
  0
LWPOLYLINE
  5
171
330
17
100
AcDbEntity
  8
GIZLI
100
AcDbPolyline
 90
2
 70
0
 10
-260.8481892308279
 20
15.221018963900015
 10
-260.8307365063879
 20
12.738471943440933
  0
LWPOLYLINE
  5
172
330
17
100
AcDbEntity
  8
GIZLI
100
AcDbPolyline
 90
23
 70
0
 10
-260.8307365063879
 20
12.738471943440933
 10
-260.83073142939384
 20
12.738472062988437
 10
-260.83072635240336
 20
12.738472393514105
 10
-260.830721275417
 20
12.738472935015743
 10
-260.83071619843514
 20
12.738473687491151
 10
-260.8307111214583
 20
12.738474650938098
 10
-260.8307060444868
 20
12.738475825354332
 10
-260.8307009675212
 20
12.738477210737582
 10
-260.83069589056186
 20
12.738478807085558
 10
-260.8306908136093
 20
12.73848061439594
 10
-260.83068573666384
 20
12.738482632666395
 10
-260.83068065972606
 20
12.738484861894564
 10
-260.8306755827963
 20
12.738487302078065
 10
-260.830670505875
 20
12.738489953214497
 10
-260.8306654289627
 20
12.738492815301436
 10
-260.83066035205974
 20
12.738495888336438
 10
-260.83065527516663
 20
12.738499172317034
 10
-260.8306501982837
 20
12.738502667240738
 10
-260.8306434291233
 20
12.738507655268387
 10
-260.8306358138418
 20
12.738513715040769
 10
-260.83062819858725
 20
12.738520249413215
 10
-260.83062142949586
 20
12.738526456166873
 10
-260.83061466042795
 20
12.738533037900012
  0
LWPOLYLINE
  5
173
330
17
100
AcDbEntity
  8
GIZLI
100
AcDbPolyline
 90
21
 70
0
 10
-260.83061466042795
 20
12.738533037900012
 10
-260.83060295031044
 20
12.738545309441076
 10
-260.83059124023436
 20
12.738558703235052
 10
-260.8305795302051
 20
12.738573219302992
 10
-260.83056782022817
 20
12.73858885766534
 10
-260.8305561103089
 20
12.738605618341918
 10
-260.8305444004528
 20
12.738623501351944
 10
-260.8305287874188
 20
12.738649091249393
 10
-260.8305112229172
 20
12.738680264934734
 10
-260.83049365860427
 20
12.7387139640231
 10
-260.8304702398455
 20
12.73876282463907
 10
-260.8304438942356
 20
12.738823159577729
 10
-260.83041754920777
 20
12.738889177103106
 10
-260.830382423516
 20
12.738986040290435
 10
-260.83034290866254
 20
12.739107087528895
 10
-260.830290225091
 20
12.739288374531137
 10
-260.8302309605983
 20
12.739519495145279
 10
-260.8301519498991
 20
12.739872411742212
 10
-260.83003345570285
 20
12.74049769133755
 10
-260.82985577465286
 20
12.741651383000788
 10
-260.81804618011836
 20
13.522268586931505
  0
LWPOLYLINE
  5
174
330
17
100
AcDbEntity
  8
GIZLI
100
AcDbPolyline
 90
23
 70
0
 10
-260.8307365044665
 20
17.738472285859103
 10
-260.83074158146064
 20
17.73847216631165
 10
-260.8307466584512
 20
17.738471835786036
 10
-260.8307517354376
 20
17.738471294284444
 10
-260.8307568124195
 20
17.73847054180908
 10
-260.83076188939646
 20
17.738469578362174
 10
-260.83076696636795
 20
17.738468403945973
 10
-260.83077204333364
 20
17.738467018562748
 10
-260.830777120293
 20
17.738465422214794
 10
-260.8307821972457
 20
17.738463614904433
 10
-260.83078727419115
 20
17.73846159663399
 10
-260.83079235112905
 20
17.738459367405827
 10
-260.8307974280589
 20
17.73845692722233
 10
-260.83080250498017
 20
17.738454276085896
 10
-260.8308075818926
 20
17.73845141399895
 10
-260.8308126587956
 20
17.738448340963934
 10
-260.8308177356888
 20
17.738445056983316
 10
-260.83082281257174
 20
17.73844156205959
 10
-260.83082958173225
 20
17.7384365740319
 10
-260.8308371970138
 20
17.738430514259466
 10
-260.8308448122685
 20
17.738423979886953
 10
-260.8308515813599
 20
17.73841777313323
 10
-260.83085835042795
 20
17.73841119140001
  0
LWPOLYLINE
  5
175
330
17
100
AcDbEntity
  8
GIZLI
100
AcDbPolyline
 90
21
 70
0
 10
-260.83085835042795
 20
17.73841119140001
 10
-260.83087006054546
 20
17.73839891985895
 10
-260.83088177062155
 20
17.738385526064974
 10
-260.8308934806508
 20
17.73837100999703
 10
-260.83090519062773
 20
17.738355371634686
 10
-260.830916900547
 20
17.738338610958106
 10
-260.8309286104031
 20
17.738320727948082
 10
-260.83094422343703
 20
17.73829513805063
 10
-260.8309617879387
 20
17.73826396436529
 10
-260.8309793522516
 20
17.738230265276922
 10
-260.8310027710104
 20
17.738181404660956
 10
-260.8310291166203
 20
17.738121069722297
 10
-260.8310554616481
 20
17.73805505219692
 10
-260.8310905873398
 20
17.73795818900959
 10
-260.83113010219324
 20
17.73783714177113
 10
-260.8311827857648
 20
17.73765585476889
 10
-260.83124205025734
 20
17.737424734154743
 10
-260.8313210609565
 20
17.737071817557812
 10
-260.83143955515266
 20
17.736446537962472
 10
-260.8316172362023
 20
17.735292846299238
 10
-260.84342683069025
 20
16.95467564236852
  0
LWPOLYLINE
  5
176
330
17
100
AcDbEntity
  8
GIZLI
100
AcDbPolyline
 90
79
 70
0
 10
-261.08586389782795
 20
26.000000000000007
 10
-261.0858743756287
 20
25.999999749717617
 10
-261.08588485342824
 20
25.999998998870055
 10
-261.08589533122546
 20
25.99999774745678
 10
-261.08590580901915
 20
25.999995995477313
 10
-261.08591628680824
 20
25.99999374293122
 10
-261.0859267645914
 20
25.999990989818148
 10
-261.08593724236766
 20
25.999987736137783
 10
-261.0859477201357
 20
25.999983981889876
 10
-261.0859581978944
 20
25.999979727074244
 10
-261.0859686756426
 20
25.999974971690758
 10
-261.0859791533792
 20
25.999969715739343
 10
-261.08598963110285
 20
25.999963959219986
 10
-261.0860001088126
 20
25.99995770213274
 10
-261.0860105865071
 20
25.999950944477707
 10
-261.0860210641853
 20
25.999943686255055
 10
-261.08603154184595
 20
25.999935927465
 10
-261.086042019488
 20
25.999927668107834
 10
-261.0860524971102
 20
25.99991890818389
 10
-261.0860664672402
 20
25.99990644962657
 10
-261.08608218358836
 20
25.999891370047443
 10
-261.0860978998819
 20
25.99987516419725
 10
-261.08611361611673
 20
25.999857832078156
 10
-261.08612933228903
 20
25.999839373692623
 10
-261.08614504839477
 20
25.999819789043396
 10
-261.0861660030922
 20
25.999791924217348
 10
-261.08618957696547
 20
25.999758182994302
 10
-261.08621315065506
 20
25.999721907707986
 10
-261.0862367241478
 20
25.999683098372806
 10
-261.08626815514214
 20
25.999627410766475
 10
-261.08630351452484
 20
25.99955937744181
 10
-261.08633887334986
 20
25.999485642663085
 10
-261.0863860175049
 20
25.999378460825927
 10
-261.08643905326653
 20
25.999245766075056
 10
-261.0864920873866
 20
25.999100243788856
 10
-261.0865627967315
 20
25.998886260750588
 10
-261.08664234048797
 20
25.998618273268498
 10
-261.0867483909657
 20
25.99821606606336
 10
-261.0868676856236
 20
25.997702264093927
 10
-261.0870267223105
 20
25.996916210694906
 10
-261.08726522006725
 20
25.995520775871555
 10
-261.0876228105711
 20
25.992940984739214
 10
-261.08815875306897
 20
25.987977039015117
 10
-261.09094072608826
 20
17.059154136111804
 10
-261.08841069970356
 20
17.014812496580713
 10
-261.08777491793427
 20
17.008333918772692
 10
-261.08729755061074
 20
17.0046884059815
 10
-261.08693930101117
 20
17.00263740166277
 10
-261.0867215929321
 20
17.001677452225028
 10
-261.08657461600467
 20
17.0011517325591
 10
-261.0864753975718
 20
17.000852576663316
 10
-261.08639271083564
 20
17.000637578266726
 10
-261.0863306933444
 20
17.000496792284366
 10
-261.0862790106998
 20
17.00039286927301
 10
-261.08623594096395
 20
17.000315571548484
 10
-261.0862000489791
 20
17.000257618520134
 10
-261.0861731296995
 20
17.000218008801262
 10
-261.08614369320776
 20
17.0001784778067
 10
-261.086119162609
 20
17.000148553570803
 10
-261.08609644895233
 20
17.000123292480882
 10
-261.0860794136293
 20
17.00010589045586
 10
-261.08606078543113
 20
17.0000883759657
 10
-261.0860435370375
 20
17.000073569651217
 10
-261.08602801343676
 20
17.000061403815163
 10
-261.08601248979585
 20
17.000050336782657
 10
-261.0859985184879
 20
17.000041315931107
 10
-261.08598594428787
 20
17.000033958141998
 10
-261.08597337006825
 20
17.000027321278903
 10
-261.08596079583106
 20
17.00002140534186
 10
-261.08594822157835
 20
17.000016210330784
 10
-261.08593690473924
 20
17.000012151212342
 10
-261.0859267195759
 20
17.000008997282688
 10
-261.085916534406
 20
17.000006316352
 10
-261.0859063492305
 20
17.000004108420004
 10
-261.0858961640506
 20
17.000002373486364
 10
-261.0858859788673
 20
17.000001111550695
 10
-261.08587579368157
 20
17.00000032261256
 10
-261.08586984575487
 20
17.000000080653127
 10
-261.08586389782795
 20
17.000000000000007
  0
LWPOLYLINE
  5
177
330
17
100
AcDbEntity
  8
GIZLI
100
AcDbPolyline
 90
2
 70
0
 10
-260.91831365076223
 20
17.000000000000014
 10
-261.08586389791384
 20
17.000000000000014
  0
LWPOLYLINE
  5
178
330
17
100
AcDbEntity
  8
GIZLI
100
AcDbPolyline
 90
79
 70
0
 10
-260.91831365072795
 20
17.000000000000007
 10
-260.9183031729272
 20
17.000000250282397
 10
-260.91829269512766
 20
17.00000100112996
 10
-260.91828221733044
 20
17.000002252543233
 10
-260.91827173953675
 20
17.0000040045227
 10
-260.91826126174766
 20
17.000006257068794
 10
-260.9182507839645
 20
17.000009010181866
 10
-260.91824030618824
 20
17.00001226386223
 10
-260.9182298284202
 20
17.000016018110138
 10
-260.9182193506615
 20
17.00002027292577
 10
-260.9182088729133
 20
17.000025028309256
 10
-260.9181983951767
 20
17.00003028426067
 10
-260.91818791745305
 20
17.000036040780028
 10
-260.9181774397434
 20
17.000042297867274
 10
-260.9181669620488
 20
17.000049055522307
 10
-260.9181564843706
 20
17.00005631374496
 10
-260.91814600670995
 20
17.000064072535015
 10
-260.91813552906797
 20
17.00007233189218
 10
-260.91812505144577
 20
17.000081091816124
 10
-260.91811108131577
 20
17.000093550373442
 10
-260.9180953649676
 20
17.00010862995257
 10
-260.9180796486741
 20
17.000124835802765
 10
-260.9180639324392
 20
17.000142167921858
 10
-260.918048216267
 20
17.00016062630739
 10
-260.91803250016125
 20
17.000180210956618
 10
-260.91801154546386
 20
17.000208075782666
 10
-260.9179879715906
 20
17.000241817005712
 10
-260.917964397901
 20
17.000278092292028
 10
-260.91794082440833
 20
17.000316901627208
 10
-260.91790939341405
 20
17.00037258923354
 10
-260.91787403403134
 20
17.000440622558205
 10
-260.9178386752064
 20
17.00051435733693
 10
-260.9177915310514
 20
17.000621539174087
 10
-260.9177384952899
 20
17.000754233924958
 10
-260.91768546116987
 20
17.000899756211158
 10
-260.9176147518251
 20
17.001113739249426
 10
-260.91753520806884
 20
17.001381726731516
 10
-260.91742915759136
 20
17.001783933936654
 10
-260.91730986293373
 20
17.002297735906083
 10
-260.9171508262473
 20
17.0030837893051
 10
-260.9169123284913
 20
17.004479224128453
 10
-260.91655473798886
 20
17.00705901526079
 10
-260.91601879549336
 20
17.012022960984865
 10
-260.91323682250686
 20
25.94084586384796
 10
-260.91576684888486
 20
25.98518750340921
 10
-260.91640263064903
 20
25.991666081221645
 10
-260.9168799979675
 20
25.99531159401532
 10
-260.9172382475626
 20
25.99736259833545
 10
-260.91745595563856
 20
25.998322547773846
 10
-260.9176029325638
 20
25.99884826744013
 10
-260.91770215099507
 20
25.99914742333612
 10
-260.9177848377299
 20
25.999362421732855
 10
-260.9178468552201
 20
25.99950320771531
 10
-260.9178985378638
 20
25.999607130726737
 10
-260.9179416075989
 20
25.999684428451317
 10
-260.9179774995832
 20
25.999742381479706
 10
-260.9180044188622
 20
25.999781991198606
 10
-260.9180338553534
 20
25.999821522193194
 10
-260.9180583859518
 20
25.999851446429112
 10
-260.918081099608
 20
25.99987670751905
 10
-260.91809813493074
 20
25.999894109544083
 10
-260.9181167631286
 20
25.999911624034258
 10
-260.9181340115219
 20
25.99992643034875
 10
-260.9181495351223
 20
25.99993859618481
 10
-260.9181650587629
 20
25.999949663217322
 10
-260.91817903007063
 20
25.99995868406888
 10
-260.9181916042704
 20
25.999966041857995
 10
-260.9182041784898
 20
25.999972678721093
 10
-260.9182167527267
 20
25.999978594658142
 10
-260.9182293269792
 20
25.999983789669223
 10
-260.9182406438181
 20
25.999987848787665
 10
-260.9182508289812
 20
25.999991002717323
 10
-260.9182610141509
 20
25.99999368364801
 10
-260.91827119932617
 20
25.99999589158001
 10
-260.9182813845059
 20
25.99999762651365
 10
-260.9182915696891
 20
25.99999888844932
 10
-260.9183017548745
 20
25.999999677387457
 10
-260.91830770280114
 20
25.999999919346887
 10
-260.91831365072795
 20
26.000000000000007
  0
LWPOLYLINE
  5
179
330
17
100
AcDbEntity
  8
GIZLI
100
AcDbPolyline
 90
2
 70
0
 10
-260.91831365066224
 20
26.000000000000014
 10
-261.08586389781385
 20
26.000000000000014
  0
LWPOLYLINE
  5
17A
330
17
100
AcDbEntity
  8
GIZLI
100
AcDbPolyline
 90
2
 70
0
 10
-212.7533561603248
 20
25.99999999999663
 10
-209.75342926822407
 20
26.0000000000034
  0
LWPOLYLINE
  5
17B
330
17
100
AcDbEntity
  8
GIZLI
100
AcDbPolyline
 90
79
 70
0
 10
-212.7533561603381
 20
26.000000000000014
 10
-212.75336663813886
 20
25.99999974971773
 10
-212.75337711593843
 20
25.9999989988709
 10
-212.75338759373568
 20
25.999997747459613
 10
-212.75339807152946
 20
25.999995995484007
 10
-212.75340854931855
 20
25.999993742944273
 10
-212.7534190271018
 20
25.99999098984067
 10
-212.7534295048781
 20
25.999987736173495
 10
-212.75343998264623
 20
25.99998398194311
 10
-212.75345046040502
 20
25.99997972714994
 10
-212.75346093815332
 20
25.999974971794455
 10
-212.75347141588998
 20
25.99996971587718
 10
-212.7534818936138
 20
25.99996395939871
 10
-212.75349237132366
 20
25.999957702359673
 10
-212.75350284901833
 20
25.999950944760773
 10
-212.75351332669672
 20
25.99994368660276
 10
-212.7535238043576
 20
25.999935927886437
 10
-212.75353428199986
 20
25.99992766861267
 10
-212.7535447596223
 20
25.999918908782384
 10
-212.75355872975268
 20
25.999906450366872
 10
-212.75357444610137
 20
25.99989137097196
 10
-212.75359016239543
 20
25.999875165333968
 10
-212.75360587863094
 20
25.999857833456947
 10
-212.75362159480392
 20
25.99983937534524
 10
-212.75363731091045
 20
25.99981979100346
 10
-212.75365826560906
 20
25.999791926642825
 10
-212.75368183948385
 20
25.999758186024145
 10
-212.75370541317523
 20
25.999721911433593
 10
-212.75372898666993
 20
25.9996831028916
 10
-212.7537604176673
 20
25.999627416504676
 10
-212.75379577705405
 20
25.999559384788803
 10
-212.75383113588376
 20
25.999485651888453
 10
-212.75387828004614
 20
25.999378473007972
 10
-212.75393131581774
 20
25.99924578225143
 10
-212.75398434994963
 20
25.999100264725534
 10
-212.75405505931354
 20
25.99888628932766
 10
-212.75413460309608
 20
25.998618312361586
 10
-212.75424065361727
 20
25.99821612264546
 10
-212.75435994833714
 20
25.997702345553776
 10
-212.7545189851304
 20
25.996916334788065
 10
-212.7547574831038
 20
25.995520986495865
 10
-212.75511507407833
 20
25.992941382341048
 10
-212.75565101765596
 20
25.987977861665044
 10
-212.75843300427653
 20
17.059148136829215
 10
-212.75590296491174
 20
17.014811409524214
 10
-212.75526718165045
 20
17.008333418904808
 10
-212.75478981363813
 20
17.00468818137291
 10
-212.75443156372972
 20
17.002637302399947
 10
-212.7542138555357
 20
17.001677400453747
 10
-212.75406687855659
 20
17.001151702550548
 10
-212.7539676600989
 20
17.00085255730969
 10
-212.7538849733475
 20
17.000637565619815
 10
-212.75382295584774
 20
17.000496783517804
 10
-212.75377127319769
 20
17.00039286306785
 10
-212.75372820345834
 20
17.00031556705722
 10
-212.7536923114712
 20
17.000257615192496
 10
-212.75366539219033
 20
17.000218006202047
 10
-212.75363595569746
 20
17.00017847587427
 10
-212.75361142509797
 20
17.000148552098892
 10
-212.7535887114408
 20
17.000123291364808
 10
-212.75357167611753
 20
17.000105889565642
 10
-212.75355304791913
 20
17.000088375285365
 10
-212.75353579952542
 20
17.000073569133367
 10
-212.75352027592464
 20
17.000061403419537
 10
-212.7535047522838
 20
17.000050336488442
 10
-212.75349078097588
 20
17.00004131571194
 10
-212.75347820677592
 20
17.00003395797843
 10
-212.7534656325564
 20
17.000027321160676
 10
-212.75345305831937
 20
17.000021405259744
 10
-212.7534404840668
 20
17.00001621027658
 10
-212.75342916722786
 20
17.000012151177117
 10
-212.75341898206472
 20
17.000008997260213
 10
-212.75340879689494
 20
17.000006316338766
 10
-212.75339861171963
 20
17.000004108413055
 10
-212.75338842653986
 20
17.000002373483312
 10
-212.7533782413567
 20
17.00000111154972
 10
-212.7533680561712
 20
17.00000032261241
 10
-212.7533621082446
 20
17.000000080653116
 10
-212.7533561603178
 20
17.000000000000014
  0
LWPOLYLINE
  5
17C
330
17
100
AcDbEntity
  8
GIZLI
100
AcDbPolyline
 90
2
 70
0
 10
-212.7533561603248
 20
16.99999999999663
 10
-209.75343521614462
 20
17.0000000000034
  0
LWPOLYLINE
  5
17D
330
17
100
AcDbEntity
  8
GIZLI
100
AcDbPolyline
 90
19
 70
0
 10
-212.84081146064818
 20
17.73841119146645
 10
-212.8408216142521
 20
17.738420922227547
 10
-212.84083176789383
 20
17.738429806846526
 10
-212.84084090620087
 20
17.738437079549602
 10
-212.84084913069896
 20
17.73844303898291
 10
-212.84085735521572
 20
17.73844844325746
 10
-212.84086475729526
 20
17.738452832442817
 10
-212.84087141917746
 20
17.738456398232955
 10
-212.84087808106864
 20
17.738459599781482
 10
-212.8408847429679
 20
17.73846243708793
 10
-212.8408914048742
 20
17.738464910151883
 10
-212.84089806678665
 20
17.73846701897299
 10
-212.84090406251227
 20
17.73846860548409
 10
-212.84090945866825
 20
17.738469781087325
 10
-212.84091485482656
 20
17.73847071771036
 10
-212.8409202509866
 20
17.738471415353104
 10
-212.8409256471479
 20
17.738471874015488
 10
-212.840929476391
 20
17.73847205452889
 10
-212.84093330563434
 20
17.73847211470001
  0
LWPOLYLINE
  5
17E
330
17
100
AcDbEntity
  8
GIZLI
100
AcDbPolyline
 90
43
 70
0
 10
-212.84093330563434
 20
17.73847211470001
 10
-212.84093913482195
 20
17.73847197526285
 10
-212.84094496400894
 20
17.73847155695146
 10
-212.84095079319465
 20
17.738470859765883
 10
-212.84095662237837
 20
17.738469883706195
 10
-212.8409624515595
 20
17.738468628772512
 10
-212.8409682807374
 20
17.738467094964967
 10
-212.84097410991137
 20
17.738465282283737
 10
-212.84097993908082
 20
17.73846319072902
 10
-212.84098576824505
 20
17.738460820301054
 10
-212.84099159740344
 20
17.738458171000097
 10
-212.8409974265553
 20
17.738455242826447
 10
-212.84100325570003
 20
17.738452035780433
 10
-212.84100908483694
 20
17.738448549862408
 10
-212.8410149139654
 20
17.738444785072765
 10
-212.84102074308478
 20
17.738440741411925
 10
-212.84102657219438
 20
17.738436418880333
 10
-212.8410324012936
 20
17.738431817478478
 10
-212.84103823038174
 20
17.73842693720687
 10
-212.84104600248097
 20
17.738419996381612
 10
-212.8410547460658
 20
17.73841159535785
 10
-212.84106348962015
 20
17.73840256688223
 10
-212.8410722331418
 20
17.73839291095701
 10
-212.84108097662863
 20
17.738382627584624
 10
-212.84108972007837
 20
17.738371716767645
 10
-212.8411013779499
 20
17.73835619299151
 10
-212.8411144929655
 20
17.73833739543809
 10
-212.84112760787875
 20
17.73831718615992
 10
-212.8411407226823
 20
17.73829556516842
 10
-212.84115820890352
 20
17.738264541202447
 10
-212.84117788063165
 20
17.738226639414826
 10
-212.841197552049
 20
17.73818556138744
 10
-212.84122378007888
 20
17.738125849957633
 10
-212.84125328582522
 20
17.738051925369508
 10
-212.84128279065678
 20
17.737970854742343
 10
-212.8413221288634
 20
17.7378516449156
 10
-212.84136638197373
 20
17.737702349779795
 10
-212.8414253817382
 20
17.73747828214831
 10
-212.8414917497134
 20
17.737192047069666
 10
-212.84158022760832
 20
17.7367541454457
 10
-212.84171291252943
 20
17.735976770413885
 10
-212.84191185288643
 20
17.734539624547757
 10
-212.8535738664105
 20
16.962298311365732
  0
LWPOLYLINE
  5
17F
330
17
100
AcDbEntity
  8
GIZLI
100
AcDbPolyline
 90
2
 70
0
 10
-198.58583490552792
 20
25.999999999903384
 10
-201.58583490552792
 20
25.999999999896612
  0
LWPOLYLINE
  5
180
330
17
100
AcDbEntity
  8
GIZLI
100
AcDbPolyline
 90
2
 70
0
 10
-198.58583490552792
 20
25.999999999903384
 10
-201.58583490552792
 20
25.999999999896612
  0
LWPOLYLINE
  5
181
330
17
100
AcDbEntity
  8
GIZLI
100
AcDbPolyline
 90
2
 70
0
 10
-201.58583490552795
 20
11.24999999989662
 10
-198.58583490552795
 20
11.249999999903391
  0
LWPOLYLINE
  5
182
330
17
100
AcDbEntity
  8
GIZLI
100
AcDbPolyline
 90
2
 70
0
 10
-201.58583490552795
 20
21.749999999896627
 10
-198.58583490552795
 20
21.749999999903398
  0
LWPOLYLINE
  5
183
330
17
100
AcDbEntity
  8
GIZLI
100
AcDbPolyline
 90
2
 70
0
 10
-201.58583490552792
 20
19.999999999896612
 10
-198.58583490552792
 20
19.999999999903384
  0
LWPOLYLINE
  5
184
330
17
100
AcDbEntity
  8
GIZLI
100
AcDbPolyline
 90
2
 70
0
 10
-201.58583490552792
 20
19.999999999896612
 10
-198.58583490552792
 20
19.999999999903384
  0
LWPOLYLINE
  5
185
330
17
100
AcDbEntity
  8
GIZLI
100
AcDbPolyline
 90
2
 70
0
 10
-198.58583490552795
 20
14.000000000003393
 10
-201.58583490552795
 20
13.999999999996621
  0
LWPOLYLINE
  5
186
330
17
100
AcDbEntity
  8
GIZLI
100
AcDbPolyline
 90
2
 70
0
 10
-198.58583490552795
 20
14.000000000003393
 10
-201.58583490552795
 20
13.999999999996621
  0
LWPOLYLINE
  5
187
330
17
100
AcDbEntity
  8
GIZLI
100
AcDbPolyline
 90
19
 70
0
 10
-212.8410551506077
 20
12.73853303793356
 10
-212.8410449970039
 20
12.73852330717258
 10
-212.84103484336228
 20
12.738514422553695
 10
-212.84102570505536
 20
12.738507149850683
 10
-212.84101748055738
 20
12.738501190417422
 10
-212.84100925604073
 20
12.738495786142906
 10
-212.84100185396125
 20
12.738491396957563
 10
-212.84099519207916
 20
12.738487831167433
 10
-212.84098853018804
 20
12.738484629618904
 10
-212.84098186828888
 20
12.738481792312445
 10
-212.84097520638264
 20
12.738479319248468
 10
-212.8409685444703
 20
12.738477210427334
 10
-212.84096254874476
 20
12.738475623916198
 10
-212.84095715258883
 20
12.738474448312926
 10
-212.8409517564306
 20
12.73847351168985
 10
-212.8409463602706
 20
12.738472814047059
 10
-212.84094096410936
 20
12.73847235538462
 10
-212.8409371348663
 20
12.738472174871173
 10
-212.84093330562303
 20
12.73847211470001
  0
LWPOLYLINE
  5
188
330
17
100
AcDbEntity
  8
GIZLI
100
AcDbPolyline
 90
43
 70
0
 10
-212.84093330562303
 20
12.73847211470001
 10
-212.8409274764354
 20
12.738472254137097
 10
-212.84092164724842
 20
12.738472672448419
 10
-212.84091581806274
 20
12.738473369633926
 10
-212.840909988879
 20
12.73847434569354
 10
-212.84090415969786
 20
12.738475600627153
 10
-212.84089833051996
 20
12.738477134434625
 10
-212.840892501346
 20
12.738478947115784
 10
-212.84088667217654
 20
12.73848103867043
 10
-212.84088084301231
 20
12.738483409098329
 10
-212.84087501385392
 20
12.738486058399214
 10
-212.84086918470206
 20
12.738488986572793
 10
-212.84086335555733
 20
12.738492193618738
 10
-212.84085752642042
 20
12.73849567953669
 10
-212.84085169729195
 20
12.738499444326262
 10
-212.84084586817258
 20
12.738503487987032
 10
-212.84084003906298
 20
12.738507810518552
 10
-212.84083420996376
 20
12.738512411920336
 10
-212.84082838087562
 20
12.738517292191874
 10
-212.8408206087764
 20
12.738524233017039
 10
-212.84081186519157
 20
12.738532634040695
 10
-212.8408031216372
 20
12.738541662516212
 10
-212.84079437811556
 20
12.738551318441322
 10
-212.84078563462873
 20
12.738561601813606
 10
-212.840776891179
 20
12.738572512630478
 10
-212.84076523330745
 20
12.73858803640647
 10
-212.84075211829187
 20
12.738606833959732
 10
-212.8407390033786
 20
12.738627043237742
 10
-212.84072588857507
 20
12.738648664229085
 10
-212.84070840235384
 20
12.738679688194848
 10
-212.84068873062571
 20
12.738717589982233
 10
-212.84066905920835
 20
12.738758668009384
 10
-212.84064283117849
 20
12.738818379438873
 10
-212.84061332543214
 20
12.738892304026644
 10
-212.84058382060056
 20
12.738973374653455
 10
-212.84054448239397
 20
12.739092584479724
 10
-212.84050022928363
 20
12.739241879615003
 10
-212.84044122951914
 20
12.739465947245783
 10
-212.84037486154395
 20
12.739752182323636
 10
-212.84028638364902
 20
12.740190083946548
 10
-212.8401536987279
 20
12.740967458976797
 10
-212.83995475837094
 20
12.74240460484059
 10
-212.82829274484612
 20
13.514645917922685
  0
LWPOLYLINE
  5
189
330
17
100
AcDbEntity
  8
GIZLI
100
AcDbPolyline
 90
2
 70
0
 10
-211.08590801339858
 20
6.000000000010008
 10
-211.0859080134573
 20
32.00000000000001
  0
LWPOLYLINE
  5
18A
330
17
100
AcDbEntity
  8
GIZLI
100
AcDbPolyline
 90
2
 70
0
 10
-212.58580591314205
 20
17.000000000000007
 10
-212.75335616029363
 20
17.000000000000007
  0
LWPOLYLINE
  5
18B
330
17
100
AcDbEntity
  8
GIZLI
100
AcDbPolyline
 90
79
 70
0
 10
-212.58580591322794
 20
17.000000000000007
 10
-212.585795435427
 20
17.000000250282397
 10
-212.58578495762725
 20
17.00000100112996
 10
-212.5857744798298
 20
17.000002252543233
 10
-212.5857640020359
 20
17.0000040045227
 10
-212.58575352424663
 20
17.000006257068794
 10
-212.5857430464632
 20
17.000009010181866
 10
-212.58573256868675
 20
17.00001226386223
 10
-212.58572209091852
 20
17.000016018110138
 10
-212.5857116131596
 20
17.00002027292577
 10
-212.58570113541117
 20
17.000025028309256
 10
-212.58569065767443
 20
17.00003028426067
 10
-212.58568017995051
 20
17.000036040780028
 10
-212.5856697022406
 20
17.000042297867274
 10
-212.58565922454588
 20
17.000049055522307
 10
-212.5856487468675
 20
17.00005631374496
 10
-212.5856382692066
 20
17.000064072535015
 10
-212.58562779156438
 20
17.00007233189218
 10
-212.585617313942
 20
17.000081091816124
 10
-212.58560334381173
 20
17.000093550373442
 10
-212.5855876274632
 20
17.00010862995257
 10
-212.58557191116944
 20
17.000124835802765
 10
-212.58555619493427
 20
17.000142167921858
 10
-212.58554047876171
 20
17.00016062630739
 10
-212.58552476265567
 20
17.000180210956618
 10
-212.58550380795788
 20
17.000208075782666
 10
-212.58548023408417
 20
17.000241817005712
 10
-212.58545666039413
 20
17.000278092292028
 10
-212.585433086901
 20
17.000316901627208
 10
-212.5854016559061
 20
17.00037258923354
 10
-212.58536629652278
 20
17.000440622558205
 10
-212.5853309376971
 20
17.00051435733693
 10
-212.5852837935413
 20
17.000621539174087
 10
-212.58523075777873
 20
17.000754233924958
 10
-212.5851777236578
 20
17.000899756211158
 10
-212.58510701431175
 20
17.001113739249426
 10
-212.58502747055405
 20
17.001381726731516
 10
-212.58492142007472
 20
17.001783933936654
 10
-212.58480212541508
 20
17.002297735906087
 10
-212.58464308872595
 20
17.003083789305105
 10
-212.58440459096613
 20
17.004479224128456
 10
-212.58404700045827
 20
17.007059015260793
 10
-212.58351105795543
 20
17.012022960984883
 10
-212.58072908500682
 20
25.940845863847958
 10
-212.58325911138485
 20
25.985187503409207
 10
-212.58389489314902
 20
25.99166608122164
 10
-212.5843722604675
 20
25.995311594015316
 10
-212.5847305100626
 20
25.997362598335446
 10
-212.58494821813858
 20
25.998322547773842
 10
-212.5850951950638
 20
25.99884826744013
 10
-212.5851944134951
 20
25.99914742333612
 10
-212.58527710022992
 20
25.999362421732855
 10
-212.5853391177201
 20
25.999503207715307
 10
-212.5853908003638
 20
25.999607130726737
 10
-212.5854338700989
 20
25.999684428451314
 10
-212.58546976208316
 20
25.999742381479702
 10
-212.58549668136223
 20
25.999781991198603
 10
-212.58552611785342
 20
25.999821522193194
 10
-212.58555064845177
 20
25.999851446429112
 10
-212.58557336210802
 20
25.99987670751905
 10
-212.58559039743074
 20
25.999894109544083
 10
-212.58560902562857
 20
25.999911624034254
 10
-212.58562627402188
 20
25.999926430348747
 10
-212.58564179762232
 20
25.99993859618481
 10
-212.58565732126291
 20
25.999949663217322
 10
-212.58567129257062
 20
25.99995868406888
 10
-212.5856838667704
 20
25.999966041857995
 10
-212.5856964409898
 20
25.999972678721093
 10
-212.5857090152267
 20
25.99997859465814
 10
-212.58572158947922
 20
25.99998378966922
 10
-212.58573290631807
 20
25.99998784878766
 10
-212.5857430914812
 20
25.999991002717323
 10
-212.5857532766509
 20
25.99999368364801
 10
-212.5857634618262
 20
25.999995891580006
 10
-212.58577364700594
 20
25.999997626513647
 10
-212.58578383218907
 20
25.999998888449316
 10
-212.58579401737452
 20
25.999999677387454
 10
-212.58579996530113
 20
25.999999919346887
 10
-212.58580591322794
 20
26.000000000000007
  0
LWPOLYLINE
  5
18C
330
17
100
AcDbEntity
  8
GIZLI
100
AcDbPolyline
 90
2
 70
0
 10
-212.58580591324204
 20
26.000000000000007
 10
-212.75335616039365
 20
26.000000000000007
  0
LWPOLYLINE
  5
18D
330
17
100
AcDbEntity
  8
GIZLI
100
AcDbPolyline
 90
2
 70
0
 10
-209.75342926820724
 20
26.000000000003013
 10
-212.58580591322482
 20
25.99999999999662
  0
LWPOLYLINE
  5
18E
330
17
100
AcDbEntity
  8
GIZLI
100
AcDbPolyline
 90
2
 70
0
 10
-212.58580591322482
 20
16.99999999999662
 10
-209.75343521614462
 20
17.000000000003013
  0
LWPOLYLINE
  5
18F
330
17
100
AcDbEntity
  8
GIZLI
100
AcDbPolyline
 90
35
 70
0
 10
-214.08583490552795
 20
3.000000000000007
 10
-213.9447201955009
 20
3.0033208933839246
 10
-213.8039179034118
 20
3.0132762213137654
 10
-213.66373975552742
 20
3.0298439434010915
 10
-213.52449609630375
 20
3.052987379886793
 10
-213.3864952013052
 20
3.082655292847464
 10
-213.25004259470455
 20
3.118781999632528
 10
-213.11544037287416
 20
3.1612875182809557
 10
-212.9829865355659
 20
3.210077744595639
 10
-212.85297432616122
 20
3.265044660483401
 10
-212.7256915824507
 20
3.3260665730993693
 10
-212.60142009938207
 20
3.3930083842662913
 10
-212.48043500518588
 20
3.465721889572292
 10
-212.36300415226145
 20
3.5440461064849105
 10
-212.24938752417043
 20
3.627807630754983
 10
-212.13983666005186
 20
3.7168210203213254
 10
-212.03459409773228
 20
3.8108892058662773
 10
-211.93389283676436
 20
3.9098039271131637
 10
-211.83795582258222
 20
4.013346193899744
 10
-211.74699545291637
 20
4.121286771006864
 10
-211.66121310756
 20
4.233386685668946
 10
-211.5807987025285
 20
4.349397756642696
 10
-211.50593026959908
 20
4.469063143662742
 10
-211.43677356216068
 20
4.592117916067726
 10
-211.37348168824815
 20
4.718289639337954
 10
-211.3161947715717
 20
4.847298978246062
 10
-211.26503964129301
 20
4.978860315285356
 10
-211.2201295512346
 20
5.112682383006666
 10
-211.18156392914375
 20
5.248468908863781
 10
-211.14942815656661
 20
5.385919271139803
 10
-211.12379337981955
 20
5.524729164502268
 10
-211.10471635247623
 20
5.664591273713515
 10
-211.09223930971925
 20
5.805195954004784
 10
-211.08749125527444
 20
5.90254654495746
 10
-211.08590801341177
 20
6.000000000010006
  0
LWPOLYLINE
  5
190
330
17
100
AcDbEntity
  8
GIZLI
100
AcDbPolyline
 90
2
 70
0
 10
-263.918234594891
 20
26.000000000003013
 10
-261.0858638978311
 20
25.99999999999662
  0
LWPOLYLINE
  5
191
330
17
100
AcDbEntity
  8
GIZLI
100
AcDbPolyline
 90
2
 70
0
 10
-263.918234594891
 20
26.000000000003393
 10
-260.9183136507311
 20
25.99999999999662
  0
LWPOLYLINE
  5
192
330
17
100
AcDbEntity
  8
GIZLI
100
AcDbPolyline
 90
2
 70
0
 10
-261.0858638978311
 20
16.99999999999662
 10
-263.91824050650746
 20
17.000000000003013
  0
LWPOLYLINE
  5
193
330
17
100
AcDbEntity
  8
GIZLI
100
AcDbPolyline
 90
2
 70
0
 10
-257.8358349055279
 20
7.105427357601002e-15
 10
-257.8358349055279
 20
3.000000000000007
  0
LWPOLYLINE
  5
194
330
17
100
AcDbEntity
  8
GIZLI
100
AcDbPolyline
 90
2
 70
0
 10
-215.83583490552795
 20
7.105427357601002e-15
 10
-215.83583490552795
 20
3.000000000000007
  0
LWPOLYLINE
  5
195
330
17
100
AcDbEntity
  8
GIZLI
100
AcDbPolyline
 90
2
 70
0
 10
-257.8358349055279
 20
3.000000000000007
 10
-257.8358349055279
 20
7.105427357601002e-15
  0
LWPOLYLINE
  5
196
330
17
100
AcDbEntity
  8
GIZLI
100
AcDbPolyline
 90
2
 70
0
 10
-215.83583490552795
 20
3.000000000000007
 10
-215.83583490552795
 20
7.105427357601002e-15
  0
LWPOLYLINE
  5
197
330
17
100
AcDbEntity
  8
GIZLI
100
AcDbPolyline
 90
2
 70
0
 10
-260.85279030872795
 20
1.4210854715202004e-14
 10
-260.85279030872795
 20
3.000000000000014
  0
LWPOLYLINE
  5
198
330
17
100
AcDbEntity
  8
GIZLI
100
AcDbPolyline
 90
2
 70
0
 10
-212.81887950232795
 20
1.4210854715202004e-14
 10
-212.81887950232795
 20
3.000000000000014
  0
LWPOLYLINE
  5
199
330
17
100
AcDbEntity
  8
GIZLI
100
AcDbPolyline
 90
2
 70
0
 10
-212.81887950232795
 20
1.4210854715202004e-14
 10
-212.81887950232795
 20
3.000000000000014
  0
LWPOLYLINE
  5
19A
330
17
100
AcDbEntity
  8
GIZLI
100
AcDbPolyline
 90
2
 70
0
 10
-260.9183136507311
 20
16.99999999999662
 10
-263.91824050650746
 20
17.000000000003393
  0
LWPOLYLINE
  5
19B
330
17
100
AcDbEntity
  8
GIZLI
100
AcDbPolyline
 90
2
 70
0
 10
-260.85279030872795
 20
1.4210854715202004e-14
 10
-260.85279030872795
 20
3.000000000000014
  0
LWPOLYLINE
  5
19C
330
17
100
AcDbEntity
  8
GIZLI
100
AcDbPolyline
 90
2
 70
0
 10
-272.0858349055279
 20
25.999999999896627
 10
-275.0858349055279
 20
25.999999999903398
  0
LWPOLYLINE
  5
19D
330
17
100
AcDbEntity
  8
GIZLI
100
AcDbPolyline
 90
2
 70
0
 10
-272.0858349055279
 20
19.999999999896627
 10
-275.0858349055279
 20
19.999999999903398
  0
LWPOLYLINE
  5
19E
330
17
100
AcDbEntity
  8
GIZLI
100
AcDbPolyline
 90
2
 70
0
 10
-275.0858349055279
 20
19.99999999990339
 10
-272.0858349055279
 20
19.99999999989662
  0
LWPOLYLINE
  5
19F
330
17
100
AcDbEntity
  8
GIZLI
100
AcDbPolyline
 90
2
 70
0
 10
-272.0858349055279
 20
21.749999999896627
 10
-275.0858349055279
 20
21.749999999903398
  0
LWPOLYLINE
  5
1A0
330
17
100
AcDbEntity
  8
GIZLI
100
AcDbPolyline
 90
2
 70
0
 10
-272.0858349055279
 20
11.249999999896627
 10
-275.0858349055279
 20
11.249999999903398
  0
LWPOLYLINE
  5
1A1
330
17
100
AcDbEntity
  8
GIZLI
100
AcDbPolyline
 90
2
 70
0
 10
-275.0858349055279
 20
25.99999999990339
 10
-272.0858349055279
 20
25.99999999989662
  0
LWPOLYLINE
  5
1A2
330
17
100
AcDbEntity
  8
GIZLI
100
AcDbPolyline
 90
2
 70
0
 10
-272.0858349055279
 20
13.999999999996621
 10
-275.0858349055279
 20
14.000000000003393
  0
LWPOLYLINE
  5
1A3
330
17
100
AcDbEntity
  8
GIZLI
100
AcDbPolyline
 90
31
 70
0
 10
-262.99656843161114
 20
4.8256885145014765
 10
-262.98551646880804
 20
4.727416113669928
 10
-262.9696203288402
 20
4.629810153907619
 10
-262.9489188762226
 20
4.533109272285373
 10
-262.92346272399186
 20
4.4375498930460635
 10
-262.89331410996226
 20
4.343365649570346
 10
-262.85854674456056
 20
4.25078681316579
 10
-262.8192456306109
 20
4.160039730075944
 10
-262.7755068555115
 20
4.071346268085799
 10
-262.72743735630985
 20
3.984923274076654
 10
-262.6751546582526
 20
3.900982043856599
 10
-262.61878658744746
 20
3.81972780556283
 10
-262.55847095834065
 20
3.7413592178988293
 10
-262.4943552367744
 20
3.6660678844331738
 10
-262.426596179447
 20
3.5940378851474613
 10
-262.35535945065806
 20
3.5254453263786707
 10
-262.28081921727545
 20
3.460457910256312
 10
-262.2031577229141
 20
3.399234524687043
 10
-262.1225648423684
 20
3.3419248548892035
 10
-262.0392376173864
 20
3.288669017427026
 10
-261.95337977492227
 20
3.239597217639276
 10
-261.86520122904363
 20
3.194829431299871
 10
-261.77491756771207
 20
3.154475111288792
 10
-261.68274952569135
 20
3.118632919990449
 10
-261.5889224448728
 20
3.0873904880737486
 10
-261.49366572333605
 20
3.060824200243644
 10
-261.3972122544932
 20
3.0389990084879646
 10
-261.2997978576868
 20
3.0219682732761264
 10
-261.2016607016351
 20
3.0097736330979803
 10
-261.103040722132
 20
3.0024449026617566
 10
-261.0041790354279
 20
3.000000000000007
  0
LWPOLYLINE
  5
1A4
330
17
100
AcDbEntity
  8
GIZLI
100
AcDbPolyline
 90
2
 70
0
 10
-265.818497002382
 20
3.6543450547035166
 10
-265.8023882568401
 20
3.593874732623431
  0
LWPOLYLINE
  5
1A5
330
17
100
AcDbEntity
  8
GIZLI
100
AcDbPolyline
 90
2
 70
0
 10
-265.7508649846565
 20
3.432916076040587
 10
-265.72701672176646
 20
3.358414123933694
  0
LWPOLYLINE
  5
1A6
330
17
100
AcDbEntity
  8
GIZLI
100
AcDbPolyline
 90
26
 70
0
 10
-265.6731011572556
 20
3.2148473000209417
 10
-265.64009830826245
 20
3.126967032921854
 10
-265.5418455233886
 20
2.9000993251967797
 10
-265.43249858564013
 20
2.678365670220954
 10
-265.31232483763625
 20
2.46230818519763
 10
-265.1816180924933
 20
2.252455109647032
 10
-265.04069791548045
 20
2.0493195139121534
 10
-264.8899088427135
 20
1.8533980447517027
 10
-264.72961953879786
 20
1.6651697110871249
 10
-264.56022189547934
 20
1.4850947128724155
 10
-264.3821300735069
 20
1.313613315950025
 10
-264.19577949005026
 20
1.15114477564373
 10
-264.0016257541468
 20
0.9980863117201784
 10
-263.8001435527823
 20
0.8548121372252195
 10
-263.59182549032715
 20
0.7216725435694382
 10
-263.3771808841667
 20
0.598993044099748
 10
-263.1567345194699
 20
0.4870735782509463
 10
-262.93102536614066
 20
0.386187778222987
 10
-262.7006052610886
 20
0.2965822999768939
 10
-262.466037559042
 20
0.21847622018493773
 10
-262.2278957551999
 20
0.15206050060950194
 10
-261.98676208309234
 20
0.09749752122015831
 10
-261.74322609107617
 20
0.05492068319044918
 10
-261.4978832009465
 20
0.02443408274500314
 10
-261.25133325218843
 20
0.006112256654397186
 10
-261.0041790354279
 20
7.105427357601002e-15
  0
LWPOLYLINE
  5
1A7
330
17
100
AcDbEntity
  8
GIZLI
100
AcDbPolyline
 90
2
 70
0
 10
-275.0858349055279
 20
14.000000000003393
 10
-272.0858349055279
 20
13.999999999996621
  0
LWPOLYLINE
  5
1A8
330
17
100
AcDbEntity
  8
GIZLI
100
AcDbPolyline
 90
31
 70
0
 10
-261.0041790354279
 20
3.000000000000014
 10
-261.103040722132
 20
3.0024449026617637
 10
-261.2016607016351
 20
3.009773633097987
 10
-261.2997978576868
 20
3.0219682732761326
 10
-261.3972122544932
 20
3.0389990084879708
 10
-261.49366572333605
 20
3.0608242002436503
 10
-261.5889224448728
 20
3.087390488073755
 10
-261.68274952569135
 20
3.1186329199904543
 10
-261.77491756771207
 20
3.154475111288798
 10
-261.86520122904363
 20
3.194829431299876
 10
-261.95337977492227
 20
3.2395972176392815
 10
-262.0392376173864
 20
3.288669017427032
 10
-262.1225648423684
 20
3.341924854889209
 10
-262.2031577229141
 20
3.3992345246870483
 10
-262.28081921727545
 20
3.4604579102563173
 10
-262.35535945065806
 20
3.5254453263786765
 10
-262.426596179447
 20
3.594037885147467
 10
-262.4943552367744
 20
3.66606788443318
 10
-262.55847095834065
 20
3.741359217898835
 10
-262.61878658744746
 20
3.8197278055628363
 10
-262.6751546582526
 20
3.9009820438566054
 10
-262.72743735630985
 20
3.9849232740766602
 10
-262.7755068555115
 20
4.071346268085804
 10
-262.8192456306109
 20
4.16003973007595
 10
-262.85854674456056
 20
4.250786813165797
 10
-262.89331410996226
 20
4.343365649570352
 10
-262.92346272399186
 20
4.437549893046069
 10
-262.9489188762226
 20
4.53310927228538
 10
-262.9696203288402
 20
4.629810153907625
 10
-262.98551646880804
 20
4.727416113669935
 10
-262.99656843161114
 20
4.825688514501484
  0
LWPOLYLINE
  5
1A9
330
17
100
AcDbEntity
  8
GIZLI
100
AcDbPolyline
 90
2
 70
0
 10
-271.80818170531586
 20
9.255244709202564
 10
-271.8550103890906
 20
9.273734857819102
  0
LWPOLYLINE
  5
1AA
330
17
100
AcDbEntity
  8
GIZLI
100
AcDbPolyline
 90
25
 70
0
 10
-272.0349454235827
 20
9.34478160226927
 10
-272.25707504278034
 20
9.445265787180983
 10
-272.4740424396176
 20
9.556458358209444
 10
-272.6853317642222
 20
9.678094949950468
 10
-272.89044066659744
 20
9.809886365864735
 10
-273.0888814909819
 20
9.951519265855742
 10
-273.2801824352736
 20
10.102656911250161
 10
-273.4638886727606
 20
10.262939965409373
 10
-273.63956343349275
 20
10.43198734806871
 10
-273.8067890427215
 20
10.609397141373133
 10
-273.9651679139413
 20
10.794747545455266
 10
-274.114323494169
 20
10.987597881283785
 10
-274.2539011592164
 20
11.187489638397896
 10
-274.38356905682485
 20
11.393947565036857
 10
-274.5030188956594
 20
11.606480798072683
 10
-274.61196667828534
 20
11.824584030059611
 10
-274.7101533763852
 20
12.047738710625564
 10
-274.7973455466104
 20
12.275414279349304
 10
-274.8733358856032
 20
12.507069427191993
 10
-274.93794372287
 20
12.74215338348411
 10
-274.9910154503339
 20
12.980107225407806
 10
-275.03242488754466
 20
13.220365206861379
 10
-275.0620735816783
 20
13.462356103546398
 10
-275.07989104161373
 20
13.705504571079516
 10
-275.0858349055279
 20
13.949232512900002
  0
LWPOLYLINE
  5
1AB
330
17
100
AcDbEntity
  8
GIZLI
100
AcDbPolyline
 90
25
 70
0
 10
-261.0041790354279
 20
1.4210854715202004e-14
 10
-261.24560168673037
 20
0.005831890751176516
 10
-261.48646115782185
 20
0.023313958624769704
 10
-261.72619558225375
 20
0.05240542221681732
 10
-261.96424571803703
 20
0.09303841823233405
 10
-262.20005625221756
 20
0.14511815979385823
 10
-262.43307709628607
 20
0.2085231575561366
 10
-262.66276466940036
 20
0.283105503111158
 10
-262.8885831664271
 20
0.3686912140224239
 10
-263.1100058078447
 20
0.4650806396835776
 10
-263.3265160685912
 20
0.5720489270546105
 10
-263.53760888299183
 20
0.6893465451892071
 10
-263.7427918229538
 20
0.8166998673296337
 10
-263.9415862466811
 20
0.9538118092112837
 10
-264.13352841522925
 20
1.1003625220878623
 10
-264.3181705742954
 20
1.2560101388605696
 10
-264.4950819987195
 20
1.4203915715707272
 10
-264.66384999726176
 20
1.5931233583954998
 10
-264.82408087531013
 20
1.7738025581708818
 10
-264.9754008532743
 20
1.962007690355235
 10
-265.1174569385224
 20
2.157299718240676
 10
-265.24991774882653
 20
2.3592230731187245
 10
-265.3724742853968
 20
2.5673067170110775
 10
-265.4848406537004
 20
2.7810652414864214
 10
-265.58675473038375
 20
3.0000000000000067
  0
LWPOLYLINE
  5
1AC
330
17
100
AcDbEntity
  8
GIZLI
100
AcDbPolyline
 90
2
 70
0
 10
-262.996568431665
 20
4.8256885144967665
 10
-263.0993073740959
 20
6.000000000011773
  0
LWPOLYLINE
  5
1AD
330
17
100
AcDbEntity
  8
GIZLI
100
AcDbPolyline
 90
2
 70
0
 10
-263.0993543135539
 20
6.000536520471777
 10
-263.3447170209901
 20
8.805045099614569
  0
LWPOLYLINE
  5
1AE
330
17
100
AcDbEntity
  8
GIZLI
100
AcDbPolyline
 90
2
 70
0
 10
-263.3447170209901
 20
8.805045099614569
 10
-263.0993543135539
 20
6.000536520471777
  0
LWPOLYLINE
  5
1AF
330
17
100
AcDbEntity
  8
GIZLI
100
AcDbPolyline
 90
2
 70
0
 10
-263.0993073740959
 20
6.000000000011773
 10
-262.996568431665
 20
4.8256885144967665
  0
LWPOLYLINE
  5
1B0
330
17
100
AcDbEntity
  8
GIZLI
100
AcDbPolyline
 90
25
 70
0
 10
-275.0858349055279
 20
13.94923251290001
 10
-275.0800030147768
 20
13.70780986159858
 10
-275.06252094690336
 20
13.466950390508043
 10
-275.0334294833116
 20
13.227215966077107
 10
-274.9927964872964
 20
12.989165830294798
 10
-274.9407167457353
 20
12.753355296115185
 10
-274.8773117479735
 20
12.520334452047587
 10
-274.8027294024191
 20
12.290646878934137
 10
-274.7171436915085
 20
12.06482838190815
 10
-274.6207542658481
 20
11.84340574049132
 10
-274.5137859784779
 20
11.626895479745476
 10
-274.3964883603443
 20
11.415802665345481
 10
-274.2691350382048
 20
11.210619725384106
 10
-274.13202309632425
 20
11.011825301657291
 10
-273.9854723834487
 20
10.819883133109476
 10
-273.82982476667723
 20
10.635240974043665
 10
-273.66544333396826
 20
10.458329549619744
 10
-273.4927115471448
 20
10.28956155107766
 10
-273.3120323473707
 20
10.129330673029326
 10
-273.12382721518765
 20
9.978010695065034
 10
-272.92853518730357
 20
9.835954609816767
 10
-272.72661183242684
 20
9.7034937995124
 10
-272.51852818853587
 20
9.580937262941735
 10
-272.3047696640619
 20
9.468570894637615
 10
-272.0858349055497
 20
9.366656817953661
  0
LWPOLYLINE
  5
1B1
330
17
100
AcDbEntity
  8
GIZLI
100
AcDbPolyline
 90
2
 70
0
 10
-266.198250172475
 20
11.941307789689564
 10
-266.1435903308637
 20
11.931751735146065
  0
LWPOLYLINE
  5
1B2
330
17
100
AcDbEntity
  8
GIZLI
100
AcDbPolyline
 90
4
 70
0
 10
-266.04244930482935
 20
11.90886585748871
 10
-265.9747967603886
 20
11.893557649573617
 10
-265.8080974976993
 20
11.847066645870925
 10
-265.7360378969734
 20
11.823072324082556
  0
LWPOLYLINE
  5
1B3
330
17
100
AcDbEntity
  8
GIZLI
100
AcDbPolyline
 90
24
 70
0
 10
-265.64390010626687
 20
11.792392390016685
 10
-265.4826060327306
 20
11.729668555244569
 10
-265.3246096254003
 20
11.659048495225166
 10
-265.1702971701127
 20
11.580704869131187
 10
-265.02004594580046
 20
11.494829219502604
 10
-264.874223302082
 20
11.401631503943772
 10
-264.73318576112695
 20
11.30133958179753
 10
-264.5972781459946
 20
11.194198657051285
 10
-264.466832737575
 20
11.08047067883713
 10
-264.3421684621943
 20
10.960433700991722
 10
-264.2235901118714
 20
10.834381202241696
 10
-264.1113875991304
 20
10.70262136867677
 10
-264.00583524819353
 20
10.565476340264741
 10
-263.9071911242845
 20
10.423281423250618
 10
-263.81569640268435
 20
10.276384270365492
 10
-263.7315747790816
 20
10.12514403084946
 10
-263.65503192265754
 20
9.969930472366677
 10
-263.5862549732457
 20
9.811123076959419
 10
-263.5254120837927
 20
9.649110113251417
 10
-263.47265200924096
 20
9.484287687168887
 10
-263.42810374283715
 20
9.317058773500067
 10
-263.39187620075637
 20
9.14783223066111
 10
-263.3640579558127
 20
8.977021801077045
 10
-263.34471702090724
 20
8.805045099621815
  0
LWPOLYLINE
  5
1B4
330
17
100
AcDbEntity
  8
GIZLI
100
AcDbPolyline
 90
24
 70
0
 10
-265.58568868974425
 20
11.770811391345564
 10
-265.4280049312777
 20
11.706319789364999
 10
-265.27364616544924
 20
11.634231608488712
 10
-265.1229781070408
 20
11.554717643768175
 10
-264.97635772661926
 20
11.467966283806524
 10
-264.8341324047832
 20
11.374183064418508
 10
-264.6966391091308
 20
11.273590181664401
 10
-264.56420359589856
 20
11.16642596541159
 10
-264.4371396381633
 20
11.052944314671098
 10
-264.31574828243396
 20
10.93341409604692
 10
-264.20031713539726
 20
10.808118506723318
 10
-264.0911196825048
 20
10.677354403499399
 10
-263.98841464001725
 20
10.541431599460608
 10
-263.89244534204005
 20
10.400672129953525
 10
-263.80343916400415
 20
10.25540948960304
 10
-263.7216069839561
 20
10.105987842179614
 10
-263.64714268293477
 20
9.952761205188661
 10
-263.5802226856186
 20
9.79609261111393
 10
-263.5210055423309
 20
9.636353247302148
 10
-263.4696315533943
 20
9.473921576526733
 10
-263.42622243672406
 20
9.30918244031419
 10
-263.3908810394474
 20
9.142526147157644
 10
-263.363691094233
 20
8.974347547777732
 10
-263.34471702090724
 20
8.805045099621822
  0
LWPOLYLINE
  5
1B5
330
17
100
AcDbEntity
  8
GIZLI
100
AcDbPolyline
 90
2
 70
0
 10
-260.8307365054126
 20
12.738472114693238
 10
-263.8306633975336
 20
12.73847211470001
  0
LWPOLYLINE
  5
1B6
330
17
100
AcDbEntity
  8
GIZLI
100
AcDbPolyline
 90
2
 70
0
 10
-260.8307365054418
 20
17.738472114693238
 10
-263.8306633975223
 20
17.73847211470001
  0
LWPOLYLINE
  5
1B7
330
17
100
AcDbEntity
  8
GIZLI
100
AcDbPolyline
 90
2
 70
0
 10
-212.84093330563434
 20
17.738472114693238
 10
-209.8410064135336
 20
17.73847211470001
  0
LWPOLYLINE
  5
1B8
330
17
100
AcDbEntity
  8
GIZLI
100
AcDbPolyline
 90
2
 70
0
 10
-212.84093330562305
 20
12.738472114693238
 10
-209.8410102427656
 20
12.73847211470001
  0
TEXT
  5
1B9
330
17
100
AcDbEntity
  8
YAZI
100
AcDbText
 10
-275.08583490555725
 20
39.51400638943167
 30
0.0
 40
13.954583294610684
  1
SAĞ
 11
-275.08583490555725
 21
39.51400638943167
 31
0.0
100
AcDbText
  0
DIMENSION
  5
1BA
330
17
100
AcDbEntity
  8
OLCU
100
AcDbDimension
280
0
  2
*D3
  3
PF_MM
 10
-275.08583490555725
 20
-42.93717936803287
 30
0.0
 11
-236.83583490552792
 21
-33.81302875232589
 31
0.0
 70
32
 71
5
  1
<>
100
AcDbAlignedDimension
 13
-275.08583490555725
 23
0.0
 33
0.0
 14
-198.5858349054986
 24
0.0
 34
0.0
 50
0.0
100
AcDbRotatedDimension
  0
DIMENSION
  5
1C9
330
17
100
AcDbEntity
  8
OLCU
100
AcDbDimension
280
0
  2
*D4
  3
PF_MM
 10
-318.0230142735901
 20
0.0
 30
0.0
 11
-327.1471648892971
 21
16.00000000001296
 31
0.0
 70
32
 71
5
  1
<>
100
AcDbAlignedDimension
 13
-275.08583490555725
 23
0.0
 33
0.0
 14
-275.08583490555725
 24
32.00000000002592
 34
0.0
 50
90.0
100
AcDbRotatedDimension
  0
LWPOLYLINE
  5
1D8
330
17
100
AcDbEntity
  8
GORUNEN
100
AcDbPolyline
 90
4
 70
0
 10
687.3732860262512
 20
12.0
 10
687.2147020900371
 20
11.996405459207335
 10
687.0564438889246
 20
11.985629220099918
 10
686.8988364889478
 20
11.967693417324071
  0
LWPOLYLINE
  5
1D9
330
17
100
AcDbEntity
  8
GORUNEN
100
AcDbPolyline
 90
2
 70
0
 10
689.8821589088512
 20
12.000000000000007
 10
687.3732860262512
 20
12.000000000000007
  0
LWPOLYLINE
  5
1DA
330
17
100
AcDbEntity
  8
GORUNEN
100
AcDbPolyline
 90
2
 70
0
 10
689.8821589088512
 20
9.000000000000007
 10
687.3732860262512
 20
9.000000000000007
  0
LWPOLYLINE
  5
1DB
330
17
100
AcDbEntity
  8
GORUNEN
100
AcDbPolyline
 90
4
 70
0
 10
687.3732860262512
 20
9.0
 10
687.3506311782301
 20
8.999486494172904
 10
687.3280228637948
 20
8.997947031444554
 10
687.3055075209502
 20
8.995384773907276
  0
LWPOLYLINE
  5
1DC
330
17
100
AcDbEntity
  8
GORUNEN
100
AcDbPolyline
 90
36
 70
0
 10
684.6277224675512
 20
13.949232512900004
 10
684.6301000131169
 20
13.8517413361707
 10
684.6372269970913
 20
13.754481949156329
 10
684.649086474745
 20
13.657685590481213
 10
684.6656502496297
 20
13.561582397898702
 10
684.6868789406158
 20
13.466400861128172
 10
684.7127220755231
 20
13.372367278610312
 10
684.7431182111209
 20
13.279705219472271
 10
684.7779950792117
 20
13.188634991981866
 10
684.8172697584525
 20
13.099373119754635
 10
684.8608488715039
 20
13.012131826959084
 10
684.9086288070388
 20
12.92711853374405
 10
684.9604959660833
 20
12.844535363087843
 10
685.0163270321035
 20
12.764578660241664
 10
685.0759892641959
 20
12.687438525909817
 10
685.1393408126851
 20
12.613298364276622
 10
685.206231056378
 20
12.542334446954614
 10
685.2765009606723
 20
12.474715493890752
 10
685.3499834556686
 20
12.410602272227049
 10
685.4265038333868
 20
12.35014721406938
 10
685.5058801631421
 20
12.293494054073197
 10
685.5879237240938
 20
12.240777487707827
 10
685.6724394539372
 20
12.192122851011883
 10
685.7592264126737
 20
12.147645822601087
 10
685.8480782603543
 20
12.107452148637117
 10
685.9387837476626
 20
12.071637391411278
 10
686.0311272181694
 20
12.040286702140797
 10
686.124889121066
 20
12.013474618517938
 10
686.2198465331558
 20
11.991264887493221
 10
686.3157736888647
 20
11.973710313714164
 10
686.4124425170093
 20
11.960852633979814
 10
686.5096231830456
 20
11.952722418009607
 10
686.607084635512
 20
11.949338995762472
 10
686.7045951553646
 20
11.95071041147897
 10
686.8019229068991
 20
11.956833404555747
 10
686.8988364889515
 20
11.967693417297761
  0
LWPOLYLINE
  5
1DD
330
17
100
AcDbEntity
  8
GORUNEN
100
AcDbPolyline
 90
36
 70
0
 10
681.6277224675512
 20
13.949232512900005
 10
681.6336663314654
 20
13.705504571079576
 10
681.6514837914008
 20
13.462356103546458
 10
681.6811324855345
 20
13.220365206861437
 10
681.7225419227452
 20
12.980107225407867
 10
681.7756136502092
 20
12.742153383484169
 10
681.8402214874759
 20
12.507069427192052
 10
681.9162118264687
 20
12.275414279349361
 10
682.0034039966939
 20
12.047738710625621
 10
682.1015906947938
 20
11.824584030059665
 10
682.2105384774197
 20
11.606480798072736
 10
682.3299883162542
 20
11.393947565036907
 10
682.4596562138627
 20
11.187489638397945
 10
682.5992338789101
 20
10.987597881283833
 10
682.7483894591378
 20
10.794747545455314
 10
682.9067683303576
 20
10.609397141373178
 10
683.0739939395863
 20
10.431987348068752
 10
683.2496687003185
 20
10.262939965409414
 10
683.4333749378055
 20
10.102656911250198
 10
683.6246758820971
 20
9.95151926585578
 10
683.8231167064816
 20
9.809886365864768
 10
684.0282256088568
 20
9.678094949950498
 10
684.2395149334615
 20
9.556458358209472
 10
684.4564823302987
 20
9.445265787181008
 10
684.6786119494964
 20
9.344781602269293
 10
684.9053756677632
 20
9.255244709202586
 10
685.1362343440264
 20
9.176867986023964
 10
685.3706391012641
 20
9.10983777696407
 10
685.608032631485
 20
9.054313449399228
 10
685.847850520754
 20
9.010427014948224
 10
686.0895225911119
 20
8.97828281560868
 10
686.3324742561995
 20
8.957957275679199
 10
686.5761278873628
 20
8.949498720057111
 10
686.8199041869914
 20
8.952927259343827
 10
687.0632235658251
 20
8.968234742030972
 10
687.3055075209538
 20
8.995384773880966
  0
LWPOLYLINE
  5
1DE
330
17
100
AcDbEntity
  8
GORUNEN
100
AcDbPolyline
 90
31
 70
0
 10
690.380256257897
 20
8.54357787137402
 10
690.3774932671963
 20
8.568145971581929
 10
690.3735192322043
 20
8.592547461522532
 10
690.36834386905
 20
8.61672268192812
 10
690.3619798309924
 20
8.640612526737975
 10
690.3544426774849
 20
8.664158587606932
 10
690.3457508361345
 20
8.6873032967081
 10
690.3359255576471
 20
8.70999006748059
 10
690.3249908638722
 20
8.732163432978155
 10
690.3129734890719
 20
8.75376918148047
 10
690.2999028145575
 20
8.774754489035512
 10
690.2858107968563
 20
8.795068048608982
 10
690.2707318895796
 20
8.814660195525011
 10
690.2547029591881
 20
8.833483028891452
 10
690.2377631948561
 20
8.851490528712908
 10
690.219954012659
 20
8.868638668405131
 10
690.2013189543133
 20
8.884885522435745
 10
690.181903580723
 20
8.900191368828088
 10
690.1617553605865
 20
8.914518786277569
 10
690.140923554341
 20
8.927832745643135
 10
690.1194590937249
 20
8.940100695590091
 10
690.0974144572552
 20
8.95129264217496
 10
690.0748435419224
 20
8.961381222177748
 10
690.0518015314171
 20
8.970341770002348
 10
690.0283447612126
 20
8.978152377981536
 10
690.0045305808283
 20
8.984793949939073
 10
689.9804172136176
 20
8.990250247878002
 10
689.9560636144159
 20
8.994507931680968
 10
689.9315293254031
 20
8.99755659172551
 10
689.9068743305272
 20
8.99938877433457
 10
689.8821589088511
 20
9.000000000000007
  0
LWPOLYLINE
  5
1DF
330
17
100
AcDbEntity
  8
GORUNEN
100
AcDbPolyline
 90
31
 70
0
 10
693.3688403521719
 20
8.805045099621815
 10
693.3494994172664
 20
8.977021801077047
 10
693.3216811723228
 20
9.147832230661116
 10
693.285453630242
 20
9.317058773500072
 10
693.2409053638382
 20
9.48428768716889
 10
693.1881452892865
 20
9.649110113251425
 10
693.1273023998334
 20
9.811123076959424
 10
693.0585254504216
 20
9.969930472366686
 10
692.9819825939976
 20
10.12514403084947
 10
692.8978609703947
 20
10.276384270365503
 10
692.8063662487946
 20
10.423281423250629
 10
692.7077221248855
 20
10.565476340264754
 10
692.6021697739486
 20
10.702621368676784
 10
692.4899672612078
 20
10.834381202241708
 10
692.3713889108848
 20
10.960433700991732
 10
692.2467246355042
 20
11.080470678837141
 10
692.1162792270845
 20
11.194198657051295
 10
691.9803716119523
 20
11.301339581797539
 10
691.8393340709971
 20
11.401631503943781
 10
691.6935114272786
 20
11.494829219502613
 10
691.5432602029664
 20
11.580704869131196
 10
691.3889477476788
 20
11.659048495225171
 10
691.2309513403485
 20
11.729668555244576
 10
691.0696572668122
 20
11.79239239001669
 10
690.9054598753798
 20
11.847066645870928
 10
690.7387606126905
 20
11.893557649573621
 10
690.5699670422155
 20
11.931751735146069
 10
690.3994918478043
 20
11.961555521766792
 10
690.2277518247138
 20
11.982896142078552
 10
690.0551668605833
 20
11.995721420341946
 10
689.8821589088511
 20
12.000000000000007
  0
LWPOLYLINE
  5
1E0
330
17
100
AcDbEntity
  8
GORUNEN
100
AcDbPolyline
 90
2
 70
0
 10
690.7284048472134
 20
4.564221286265448
 10
690.3802562578891
 20
8.543577871373326
  0
LWPOLYLINE
  5
1E1
330
17
100
AcDbEntity
  8
GORUNEN
100
AcDbPolyline
 90
2
 70
0
 10
693.7169889414141
 20
4.8256885144967665
 10
693.368840352089
 20
8.805045099614569
  0
LWPOLYLINE
  5
1E2
330
17
100
AcDbEntity
  8
GORUNEN
100
AcDbPolyline
 90
31
 70
0
 10
695.7093783376512
 20
7.105427357601002e-15
 10
695.4622241208907
 20
0.006112256654397186
 10
695.2156741721326
 20
0.024434082745004915
 10
694.9703312820029
 20
0.05492068319045096
 10
694.7267952899867
 20
0.09749752122016098
 10
694.4856616178793
 20
0.1520605006095046
 10
694.2475198140371
 20
0.21847622018494128
 10
694.0129521119906
 20
0.29658229997689745
 10
693.7825320069385
 20
0.38618777822299144
 10
693.5568228536092
 20
0.48707357825095077
 10
693.3363764889124
 20
0.5989930440997542
 10
693.121731882752
 20
0.7216725435694444
 10
692.9134138202968
 20
0.8548121372252266
 10
692.7119316189323
 20
0.9980863117201855
 10
692.5177778830289
 20
1.151144775643738
 10
692.3314272995722
 20
1.313613315950033
 10
692.1533354775997
 20
1.4850947128724243
 10
691.9839378342813
 20
1.6651697110871342
 10
691.8236485303656
 20
1.853398044751712
 10
691.6728594575986
 20
2.0493195139121614
 10
691.5319392805858
 20
2.252455109647039
 10
691.4012325354429
 20
2.4623081851976347
 10
691.281058787439
 20
2.678365670220957
 10
691.1717118496906
 20
2.9000993251967806
 10
691.0734590648167
 20
3.126967032921854
 10
690.9865406513127
 20
3.3584141239336933
 10
690.911169116239
 20
3.5938747326234286
 10
690.8475287356624
 20
3.8327731807221355
 10
690.7957751041188
 20
4.074525384778167
 10
690.7560347541996
 20
4.318540284184343
 10
690.7284048471923
 20
4.5642212862636
  0
LWPOLYLINE
  5
1E3
330
17
100
AcDbEntity
  8
GORUNEN
100
AcDbPolyline
 90
31
 70
0
 10
695.7093783376512
 20
3.000000000000007
 10
695.6105166509471
 20
3.0024449026617566
 10
695.511896671444
 20
3.0097736330979794
 10
695.4137595153923
 20
3.0219682732761255
 10
695.3163451185859
 20
3.0389990084879637
 10
695.2198916497431
 20
3.060824200243643
 10
695.1246349282063
 20
3.087390488073747
 10
695.0308078473878
 20
3.1186329199904472
 10
694.9386398053671
 20
3.1544751112887903
 10
694.8483561440355
 20
3.194829431299868
 10
694.7601775981568
 20
3.2395972176392736
 10
694.6743197556927
 20
3.288669017427024
 10
694.5909925307108
 20
3.341924854889201
 10
694.510399650165
 20
3.3992345246870403
 10
694.4327381558037
 20
3.460457910256309
 10
694.358197922421
 20
3.5254453263786676
 10
694.2869611936321
 20
3.5940378851474577
 10
694.2192021363047
 20
3.66606788443317
 10
694.1550864147384
 20
3.7413592178988253
 10
694.0947707856317
 20
3.8197278055628265
 10
694.0384027148265
 20
3.9009820438565965
 10
693.9861200167693
 20
3.9849232740766523
 10
693.9380505175677
 20
4.071346268085797
 10
693.8943117424682
 20
4.160039730075944
 10
693.8550106285186
 20
4.250786813165791
 10
693.8202432631168
 20
4.343365649570347
 10
693.7900946490872
 20
4.437549893046065
 10
693.7646384968565
 20
4.533109272285376
 10
693.7439370442389
 20
4.629810153907623
 10
693.7280409042711
 20
4.727416113669934
 10
693.716988941468
 20
4.825688514501477
  0
LWPOLYLINE
  5
1E4
330
17
100
AcDbEntity
  8
GORUNEN
100
AcDbPolyline
 90
2
 70
0
 10
695.7093783376512
 20
7.105427357601002e-15
 10
744.0460665974512
 20
7.105427357601002e-15
  0
LWPOLYLINE
  5
1E5
330
17
100
AcDbEntity
  8
GORUNEN
100
AcDbPolyline
 90
2
 70
0
 10
695.7093783376512
 20
3.000000000000007
 10
744.0460665974512
 20
3.000000000000007
  0
LWPOLYLINE
  5
1E6
330
17
100
AcDbEntity
  8
GORUNEN
100
AcDbPolyline
 90
2
 70
0
 10
687.6277224675512
 20
3.000000000000007
 10
691.1268026426953
 20
3.000000000000007
  0
LWPOLYLINE
  5
1E7
330
17
100
AcDbEntity
  8
GORUNEN
100
AcDbPolyline
 90
2
 70
0
 10
748.628642292407
 20
3.000000000000007
 10
752.1277224675512
 20
3.000000000000007
  0
LWPOLYLINE
  5
1E8
330
17
100
AcDbEntity
  8
GORUNEN
100
AcDbPolyline
 90
35
 70
0
 10
742.6277224675512
 20
3.000000000000007
 10
742.7688371775782
 20
3.0033208933839246
 10
742.9096394696674
 20
3.013276221313766
 10
743.0498176175518
 20
3.029843943401092
 10
743.1890612767754
 20
3.0529873798867926
 10
743.327062171774
 20
3.0826552928474635
 10
743.4635147783746
 20
3.1187819996325272
 10
743.598117000205
 20
3.1612875182809543
 10
743.7305708375133
 20
3.2100777445956377
 10
743.8605830469179
 20
3.265044660483399
 10
743.9878657906285
 20
3.326066573099367
 10
744.112137273697
 20
3.3930083842662886
 10
744.2331223678932
 20
3.465721889572289
 10
744.3505532208177
 20
3.544046106484907
 10
744.4641698489087
 20
3.6278076307549787
 10
744.5737207130272
 20
3.71682102032132
 10
744.6789632753469
 20
3.810889205866272
 10
744.7796645363148
 20
3.9098039271131575
 10
744.8756015504969
 20
4.013346193899737
 10
744.9665619201628
 20
4.121286771006857
 10
745.0523442655192
 20
4.23338668566894
 10
745.1327586705506
 20
4.34939775664269
 10
745.20762710348
 20
4.469063143662736
 10
745.2767838109185
 20
4.592117916067721
 10
745.3400756848309
 20
4.71828963933795
 10
745.3973626015074
 20
4.84729897824606
 10
745.4485177317861
 20
4.978860315285354
 10
745.4934278218445
 20
5.112682383006666
 10
745.5319934439353
 20
5.2484689088637815
 10
745.5641292165125
 20
5.385919271139805
 10
745.5897639932596
 20
5.524729164502272
 10
745.6088410206029
 20
5.66459127371352
 10
745.6213180633599
 20
5.80519595400479
 10
745.6260661178047
 20
5.902546544957462
 10
745.6276493596674
 20
6.000000000010007
  0
LWPOLYLINE
  5
1E9
330
17
100
AcDbEntity
  8
GORUNEN
100
AcDbPolyline
 90
34
 70
0
 10
743.9656372139511
 20
5.93156046175001
 10
743.9591023457914
 20
5.790658746672959
 10
743.9459611588708
 20
5.650211879210923
 10
743.9262359797455
 20
5.510535859701636
 10
743.8999658699544
 20
5.371943383300945
 10
743.8672061484372
 20
5.234743373163679
 10
743.8280279139535
 20
5.09924051362451
 10
743.7825175675009
 20
4.965734783378812
 10
743.7307763347341
 20
4.8345209886635265
 10
743.6729197883828
 20
4.7058882964380215
 10
743.609077370671
 20
4.580119767564957
 10
743.5393919157352
 20
4.457491889991146
 10
743.4640191720428
 20
4.338274111928412
 10
743.3831273248111
 20
4.222728375034459
 10
743.2968965184258
 20
4.111108647593725
 10
743.2055183788591
 20
4.003660457698254
 10
743.1091955360889
 20
3.9006204264285484
 10
743.0081411465172
 20
3.8022158010344365
 10
742.9025784153885
 20
3.7086639881159336
 10
742.7927401192081
 20
3.6201720868041023
 10
742.6788681281619
 20
3.5369364219419177
 10
742.5612129285333
 20
3.4591420772651267
 10
742.4400331451232
 20
3.3869624285831117
 10
742.3155950636675
 20
3.3205586769597506
 10
742.1881721532567
 20
3.2600793818942826
 10
742.0580445887535
 20
3.2056599945021653
 10
741.9254987732122
 20
3.1574223906959413
 10
741.7908268602966
 20
3.1154744043660987
 10
741.6543262766992
 20
3.07990936056193
 10
741.5162992445591
 20
3.0508056086724
 10
741.3770523038813
 20
3.0282260556070035
 10
741.2368958349547
 20
3.0122176989766283
 10
741.1016535525827
 20
3.0030546790522314
 10
740.9661420250512
 20
3.000000000000007
  0
LWPOLYLINE
  5
1EA
330
17
100
AcDbEntity
  8
GORUNEN
100
AcDbPolyline
 90
2
 70
0
 10
743.8608710470512
 20
6.0000000000100115
 10
743.9656372139511
 20
5.93156046175001
  0
LWPOLYLINE
  5
1EB
330
17
100
AcDbEntity
  8
GORUNEN
100
AcDbPolyline
 90
2
 70
0
 10
743.8264403085512
 20
27.035028148000006
 10
743.8611020694511
 20
32.0
  0
LWPOLYLINE
  5
1EC
330
17
100
AcDbEntity
  8
GORUNEN
100
AcDbPolyline
 90
2
 70
0
 10
743.8264403085716
 20
9.948893914760006
 10
743.826440308533
 20
27.035028148000006
  0
LWPOLYLINE
  5
1ED
330
17
100
AcDbEntity
  8
GORUNEN
100
AcDbPolyline
 90
23
 70
0
 10
743.8603348658512
 20
6.000536520470014
 10
743.8603124632255
 20
6.0005587925166095
 10
743.8602900606876
 20
6.000583120622287
 10
743.8602676582468
 20
6.0006095048095
 10
743.8602452559126
 20
6.0006379450997125
 10
743.8602228536942
 20
6.000668441513397
 10
743.860200451601
 20
6.000700994070038
 10
743.8601705823546
 20
6.000747595955315
 10
743.860136979766
 20
6.000804392470261
 10
743.8601033775401
 20
6.000865815454069
 10
743.8600697757084
 20
6.000931864955541
 10
743.8600249739341
 20
6.001027127837753
 10
743.859974572936
 20
6.001144130134146
 10
743.8599241730977
 20
6.001271542410911
 10
743.8598569753015
 20
6.001457618882399
 10
743.8597813807861
 20
6.001689076428966
 10
743.8596805936504
 20
6.002034121984172
 10
743.8595672166828
 20
6.002472071400429
 10
743.8594160635189
 20
6.00313798157899
 10
743.8591893741691
 20
6.004312504215263
 10
743.8588494502246
 20
6.006469469152752
 10
743.8379709939387
 20
7.189339685444733
 10
743.8264403085512
 20
9.948893914760014
  0
LWPOLYLINE
  5
1EE
330
17
100
AcDbEntity
  8
GORUNEN
100
AcDbPolyline
 90
2
 70
0
 10
743.8603348658758
 20
6.0000000000100115
 10
743.8608710470703
 20
6.0000000000100115
  0
LWPOLYLINE
  5
1EF
330
17
100
AcDbEntity
  8
GORUNEN
100
AcDbPolyline
 90
2
 70
0
 10
745.6276493596805
 20
6.000000000010008
 10
745.6276493596218
 20
32.00000000000001
  0
LWPOLYLINE
  5
1F0
330
17
100
AcDbEntity
  8
GORUNEN
100
AcDbPolyline
 90
2
 70
0
 10
743.8611020693869
 20
32.0
 10
745.6276493595853
 20
32.0
  0
LWPOLYLINE
  5
1F1
330
17
100
AcDbEntity
  8
GORUNEN
100
AcDbPolyline
 90
2
 70
0
 10
743.8900767928512
 20
15.221018963900015
 10
743.8726240684111
 20
12.738471943440933
  0
LWPOLYLINE
  5
1F2
330
17
100
AcDbEntity
  8
GORUNEN
100
AcDbPolyline
 90
23
 70
0
 10
743.8726240684111
 20
12.738471943440933
 10
743.8726189914171
 20
12.738472062988437
 10
743.8726139144267
 20
12.738472393514105
 10
743.8726088374402
 20
12.738472935015743
 10
743.8726037604584
 20
12.738473687491151
 10
743.8725986834816
 20
12.738474650938098
 10
743.8725936065101
 20
12.738475825354332
 10
743.8725885295445
 20
12.738477210737582
 10
743.8725834525851
 20
12.738478807085558
 10
743.8725783756325
 20
12.73848061439594
 10
743.8725732986871
 20
12.738482632666395
 10
743.8725682217492
 20
12.738484861894564
 10
743.8725631448195
 20
12.738487302078065
 10
743.8725580678982
 20
12.738489953214497
 10
743.8725529909859
 20
12.738492815301436
 10
743.872547914083
 20
12.738495888336438
 10
743.8725428371898
 20
12.738499172317034
 10
743.872537760307
 20
12.738502667240738
 10
743.8725309911465
 20
12.738507655268387
 10
743.8725233758651
 20
12.738513715040769
 10
743.8725157606106
 20
12.738520249413215
 10
743.8725089915191
 20
12.738526456166873
 10
743.8725022224512
 20
12.738533037900012
  0
LWPOLYLINE
  5
1F3
330
17
100
AcDbEntity
  8
GORUNEN
100
AcDbPolyline
 90
22
 70
0
 10
743.8725022224512
 20
12.738533037900012
 10
743.8724905123337
 20
12.738545309441076
 10
743.8724788022575
 20
12.738558703235052
 10
743.8724670922284
 20
12.738573219302992
 10
743.8724553822515
 20
12.73858885766534
 10
743.8724436723322
 20
12.738605618341918
 10
743.8724319624761
 20
12.738623501351944
 10
743.8724163494421
 20
12.738649091249393
 10
743.8723987849404
 20
12.738680264934734
 10
743.8723812206275
 20
12.7387139640231
 10
743.8723578018687
 20
12.73876282463907
 10
743.8723314562588
 20
12.738823159577729
 10
743.8723051112311
 20
12.738889177103106
 10
743.8722699855393
 20
12.738986040290435
 10
743.8722304706858
 20
12.739107087528895
 10
743.8721777871142
 20
12.739288374531137
 10
743.8721185226216
 20
12.739519495145279
 10
743.8720395119224
 20
12.739872411742212
 10
743.8719210177261
 20
12.74049769133755
 10
743.8717433366761
 20
12.741651383000788
 10
743.8599337421416
 20
13.522268586931505
 10
743.8551713420512
 20
15.255925265400009
  0
LWPOLYLINE
  5
1F4
330
17
100
AcDbEntity
  8
GORUNEN
100
AcDbPolyline
 90
2
 70
0
 10
743.8551713420512
 20
15.255925265400009
 10
743.8726240664897
 20
17.738472285859103
  0
LWPOLYLINE
  5
1F5
330
17
100
AcDbEntity
  8
GORUNEN
100
AcDbPolyline
 90
23
 70
0
 10
743.8726240664897
 20
17.738472285859103
 10
743.8726291434839
 20
17.73847216631165
 10
743.8726342204744
 20
17.738471835786036
 10
743.8726392974609
 20
17.738471294284444
 10
743.8726443744428
 20
17.73847054180908
 10
743.8726494514196
 20
17.738469578362174
 10
743.8726545283912
 20
17.738468403945973
 10
743.8726596053568
 20
17.738467018562748
 10
743.8726646823163
 20
17.738465422214794
 10
743.8726697592689
 20
17.738463614904433
 10
743.8726748362144
 20
17.73846159663399
 10
743.8726799131523
 20
17.738459367405827
 10
743.8726849900821
 20
17.73845692722233
 10
743.8726900670034
 20
17.738454276085896
 10
743.8726951439158
 20
17.73845141399895
 10
743.8727002208188
 20
17.738448340963934
 10
743.8727052977121
 20
17.738445056983316
 10
743.8727103745949
 20
17.73844156205959
 10
743.8727171437555
 20
17.7384365740319
 10
743.872724759037
 20
17.738430514259466
 10
743.8727323742917
 20
17.738423979886953
 10
743.8727391433832
 20
17.73841777313323
 10
743.8727459124511
 20
17.73841119140001
  0
LWPOLYLINE
  5
1F6
330
17
100
AcDbEntity
  8
GORUNEN
100
AcDbPolyline
 90
22
 70
0
 10
743.8727459124511
 20
17.73841119140001
 10
743.8727576225688
 20
17.73839891985895
 10
743.8727693326448
 20
17.738385526064974
 10
743.872781042674
 20
17.73837100999703
 10
743.872792752651
 20
17.738355371634686
 10
743.8728044625702
 20
17.738338610958106
 10
743.8728161724264
 20
17.738320727948082
 10
743.8728317854603
 20
17.73829513805063
 10
743.8728493499619
 20
17.73826396436529
 10
743.8728669142748
 20
17.738230265276922
 10
743.8728903330336
 20
17.738181404660956
 10
743.8729166786435
 20
17.738121069722297
 10
743.8729430236713
 20
17.73805505219692
 10
743.872978149363
 20
17.73795818900959
 10
743.8730176642165
 20
17.73783714177113
 10
743.873070347788
 20
17.73765585476889
 10
743.8731296122806
 20
17.737424734154743
 10
743.8732086229797
 20
17.737071817557812
 10
743.8733271171759
 20
17.736446537962472
 10
743.8735047982256
 20
17.735292846299238
 10
743.8853143927136
 20
16.95467564236852
 10
743.8900767928512
 20
15.221018963900015
  0
LWPOLYLINE
  5
1F7
330
17
100
AcDbEntity
  8
GORUNEN
100
AcDbPolyline
 90
79
 70
0
 10
744.1277514598512
 20
26.000000000000007
 10
744.1277619376519
 20
25.999999749717617
 10
744.1277724154514
 20
25.999998998870055
 10
744.1277828932486
 20
25.99999774745678
 10
744.1277933710425
 20
25.999995995477313
 10
744.1278038488315
 20
25.99999374293122
 10
744.1278143266147
 20
25.999990989818148
 10
744.1278248043909
 20
25.999987736137783
 10
744.1278352821589
 20
25.999983981889876
 10
744.1278457599177
 20
25.999979727074244
 10
744.1278562376659
 20
25.999974971690758
 10
744.1278667154024
 20
25.999969715739343
 10
744.1278771931261
 20
25.999963959219986
 10
744.1278876708358
 20
25.99995770213274
 10
744.1278981485303
 20
25.999950944477707
 10
744.1279086262085
 20
25.999943686255055
 10
744.1279191038692
 20
25.999935927465
 10
744.1279295815112
 20
25.999927668107834
 10
744.1279400591334
 20
25.99991890818389
 10
744.1279540292635
 20
25.99990644962657
 10
744.1279697456116
 20
25.999891370047443
 10
744.1279854619052
 20
25.99987516419725
 10
744.12800117814
 20
25.999857832078156
 10
744.1280168943123
 20
25.999839373692623
 10
744.128032610418
 20
25.999819789043396
 10
744.1280535651155
 20
25.999791924217348
 10
744.1280771389887
 20
25.999758182994302
 10
744.1281007126784
 20
25.999721907707986
 10
744.128124286171
 20
25.999683098372806
 10
744.1281557171653
 20
25.999627410766475
 10
744.1281910765481
 20
25.99955937744181
 10
744.1282264353731
 20
25.999485642663085
 10
744.1282735795281
 20
25.999378460825927
 10
744.1283266152898
 20
25.999245766075056
 10
744.1283796494098
 20
25.999100243788856
 10
744.1284503587548
 20
25.998886260750588
 10
744.1285299025112
 20
25.998618273268498
 10
744.1286359529889
 20
25.99821606606336
 10
744.1287552476468
 20
25.997702264093927
 10
744.1289142843337
 20
25.996916210694906
 10
744.1291527820905
 20
25.995520775871555
 10
744.1295103725944
 20
25.992940984739214
 10
744.1300463150922
 20
25.987977039015117
 10
744.1328282881116
 20
17.059154136111804
 10
744.1302982617268
 20
17.014812496580713
 10
744.1296624799575
 20
17.008333918772692
 10
744.129185112634
 20
17.0046884059815
 10
744.1288268630344
 20
17.00263740166277
 10
744.1286091549554
 20
17.001677452225028
 10
744.1284621780279
 20
17.0011517325591
 10
744.128362959595
 20
17.000852576663316
 10
744.1282802728589
 20
17.000637578266726
 10
744.1282182553676
 20
17.000496792284366
 10
744.1281665727231
 20
17.00039286927301
 10
744.1281235029873
 20
17.000315571548484
 10
744.1280876110023
 20
17.000257618520134
 10
744.1280606917228
 20
17.000218008801262
 10
744.128031255231
 20
17.0001784778067
 10
744.1280067246322
 20
17.000148553570803
 10
744.1279840109756
 20
17.000123292480882
 10
744.1279669756525
 20
17.00010589045586
 10
744.1279483474543
 20
17.0000883759657
 10
744.1279310990608
 20
17.000073569651217
 10
744.12791557546
 20
17.000061403815163
 10
744.1279000518191
 20
17.000050336782657
 10
744.1278860805112
 20
17.000041315931107
 10
744.1278735063111
 20
17.000033958141998
 10
744.1278609320915
 20
17.000027321278903
 10
744.1278483578543
 20
17.00002140534186
 10
744.1278357836015
 20
17.000016210330784
 10
744.1278244667625
 20
17.000012151212342
 10
744.1278142815992
 20
17.000008997282688
 10
744.1278040964293
 20
17.000006316352
 10
744.1277939112538
 20
17.000004108420004
 10
744.1277837260739
 20
17.000002373486364
 10
744.1277735408905
 20
17.000001111550695
 10
744.1277633557048
 20
17.00000032261256
 10
744.1277574077782
 20
17.000000080653127
 10
744.1277514598512
 20
17.000000000000007
  0
LWPOLYLINE
  5
1F8
330
17
100
AcDbEntity
  8
GORUNEN
100
AcDbPolyline
 90
2
 70
0
 10
743.9602012127855
 20
17.000000000000014
 10
744.1277514599371
 20
17.000000000000014
  0
LWPOLYLINE
  5
1F9
330
17
100
AcDbEntity
  8
GORUNEN
100
AcDbPolyline
 90
79
 70
0
 10
743.9602012127511
 20
17.000000000000007
 10
743.9601907349505
 20
17.000000250282397
 10
743.9601802571509
 20
17.00000100112996
 10
743.9601697793537
 20
17.000002252543233
 10
743.96015930156
 20
17.0000040045227
 10
743.960148823771
 20
17.000006257068794
 10
743.9601383459877
 20
17.000009010181866
 10
743.9601278682115
 20
17.00001226386223
 10
743.9601173904434
 20
17.000016018110138
 10
743.9601069126848
 20
17.00002027292577
 10
743.9600964349365
 20
17.000025028309256
 10
743.9600859572
 20
17.00003028426067
 10
743.9600754794762
 20
17.000036040780028
 10
743.9600650017666
 20
17.000042297867274
 10
743.9600545240721
 20
17.000049055522307
 10
743.9600440463939
 20
17.00005631374496
 10
743.9600335687333
 20
17.000064072535015
 10
743.9600230910912
 20
17.00007233189218
 10
743.9600126134691
 20
17.000081091816124
 10
743.959998643339
 20
17.000093550373442
 10
743.9599829269908
 20
17.00010862995257
 10
743.9599672106973
 20
17.000124835802765
 10
743.9599514944625
 20
17.000142167921858
 10
743.9599357782902
 20
17.00016062630739
 10
743.9599200621844
 20
17.000180210956618
 10
743.9598991074871
 20
17.000208075782666
 10
743.9598755336139
 20
17.000241817005712
 10
743.9598519599242
 20
17.000278092292028
 10
743.9598283864316
 20
17.000316901627208
 10
743.9597969554372
 20
17.00037258923354
 10
743.9597615960546
 20
17.000440622558205
 10
743.9597262372296
 20
17.00051435733693
 10
743.9596790930747
 20
17.000621539174087
 10
743.9596260573131
 20
17.000754233924958
 10
743.9595730231931
 20
17.000899756211158
 10
743.9595023138484
 20
17.001113739249426
 10
743.9594227700921
 20
17.001381726731516
 10
743.9593167196147
 20
17.001783933936654
 10
743.959197424957
 20
17.002297735906083
 10
743.9590383882705
 20
17.0030837893051
 10
743.9587998905146
 20
17.004479224128453
 10
743.9584423000122
 20
17.00705901526079
 10
743.9579063575167
 20
17.012022960984865
 10
743.9551243845301
 20
25.94084586384796
 10
743.9576544109082
 20
25.98518750340921
 10
743.9582901926723
 20
25.991666081221645
 10
743.9587675599907
 20
25.99531159401532
 10
743.9591258095859
 20
25.99736259833545
 10
743.9593435176619
 20
25.998322547773846
 10
743.959490494587
 20
25.99884826744013
 10
743.9595897130183
 20
25.99914742333612
 10
743.9596723997531
 20
25.999362421732855
 10
743.9597344172433
 20
25.99950320771531
 10
743.9597860998871
 20
25.999607130726737
 10
743.9598291696221
 20
25.999684428451317
 10
743.9598650616064
 20
25.999742381479706
 10
743.9598919808855
 20
25.999781991198606
 10
743.9599214173767
 20
25.999821522193194
 10
743.959945947975
 20
25.999851446429112
 10
743.9599686616313
 20
25.99987670751905
 10
743.9599856969539
 20
25.999894109544083
 10
743.9600043251518
 20
25.999911624034258
 10
743.9600215735451
 20
25.99992643034875
 10
743.9600370971456
 20
25.99993859618481
 10
743.9600526207862
 20
25.999949663217322
 10
743.9600665920939
 20
25.99995868406888
 10
743.9600791662937
 20
25.999966041857995
 10
743.960091740513
 20
25.999972678721093
 10
743.96010431475
 20
25.999978594658142
 10
743.9601168890025
 20
25.999983789669223
 10
743.9601282058413
 20
25.999987848787665
 10
743.9601383910044
 20
25.999991002717323
 10
743.9601485761742
 20
25.99999368364801
 10
743.9601587613495
 20
25.99999589158001
 10
743.9601689465292
 20
25.99999762651365
 10
743.9601791317123
 20
25.99999888844932
 10
743.9601893168978
 20
25.999999677387457
 10
743.9601952648244
 20
25.999999919346887
 10
743.9602012127511
 20
26.000000000000007
  0
LWPOLYLINE
  5
1FA
330
17
100
AcDbEntity
  8
GORUNEN
100
AcDbPolyline
 90
2
 70
0
 10
743.9602012126855
 20
26.000000000000014
 10
744.1277514598371
 20
26.000000000000014
  0
LWPOLYLINE
  5
1FB
330
17
100
AcDbEntity
  8
GORUNEN
100
AcDbPolyline
 90
2
 70
0
 10
745.6276493596544
 20
32.0
 10
748.627576251755
 20
32.0
  0
LWPOLYLINE
  5
1FC
330
17
100
AcDbEntity
  8
GORUNEN
100
AcDbPolyline
 90
2
 70
0
 10
748.6275762517676
 20
11.770811391345557
 10
748.6275762517218
 20
32.00000000000001
  0
LWPOLYLINE
  5
1FD
330
17
100
AcDbEntity
  8
GORUNEN
100
AcDbPolyline
 90
2
 70
0
 10
695.7952437223481
 20
25.99999999999663
 10
695.6276934752511
 20
25.99999999999701
  0
LWPOLYLINE
  5
1FE
330
17
100
AcDbEntity
  8
GORUNEN
100
AcDbPolyline
 90
79
 70
0
 10
695.7952437223613
 20
26.000000000000014
 10
695.795254200162
 20
25.99999974971773
 10
695.7952646779617
 20
25.9999989988709
 10
695.795275155759
 20
25.999997747459613
 10
695.7952856335527
 20
25.999995995484007
 10
695.7952961113418
 20
25.999993742944273
 10
695.7953065891251
 20
25.99999098984067
 10
695.7953170669014
 20
25.999987736173495
 10
695.7953275446695
 20
25.99998398194311
 10
695.7953380224283
 20
25.99997972714994
 10
695.7953485001766
 20
25.999974971794455
 10
695.7953589779132
 20
25.99996971587718
 10
695.795369455637
 20
25.99996395939871
 10
695.7953799333469
 20
25.999957702359673
 10
695.7953904110416
 20
25.999950944760773
 10
695.79540088872
 20
25.99994368660276
 10
695.7954113663809
 20
25.999935927886437
 10
695.7954218440232
 20
25.99992766861267
 10
695.7954323216455
 20
25.999918908782384
 10
695.795446291776
 20
25.999906450366872
 10
695.7954620081247
 20
25.99989137097196
 10
695.7954777244187
 20
25.999875165333968
 10
695.7954934406541
 20
25.999857833456947
 10
695.7955091568272
 20
25.99983937534524
 10
695.7955248729337
 20
25.99981979100346
 10
695.7955458276323
 20
25.999791926642825
 10
695.7955694015071
 20
25.999758186024145
 10
695.7955929751985
 20
25.999721911433593
 10
695.7956165486931
 20
25.9996831028916
 10
695.7956479796906
 20
25.999627416504676
 10
695.7956833390773
 20
25.999559384788803
 10
695.795718697907
 20
25.999485651888453
 10
695.7957658420694
 20
25.999378473007972
 10
695.7958188778409
 20
25.99924578225143
 10
695.7958719119729
 20
25.999100264725534
 10
695.7959426213367
 20
25.99888628932766
 10
695.7960221651193
 20
25.998618312361586
 10
695.7961282156405
 20
25.99821612264546
 10
695.7962475103603
 20
25.99770234555378
 10
695.7964065471537
 20
25.996916334788068
 10
695.796645045127
 20
25.99552098649587
 10
695.7970026361016
 20
25.992941382341055
 10
695.7975385796792
 20
25.98797786166506
 10
695.8003205662998
 20
17.059148136830466
 10
695.797790526935
 20
17.014811409524526
 10
695.7971547436737
 20
17.008333418904986
 10
695.7966773756614
 20
17.00468818137301
 10
695.796319125753
 20
17.0026373024
 10
695.7961014175589
 20
17.001677400453783
 10
695.7959544405799
 20
17.001151702550573
 10
695.7958552221222
 20
17.000852557309706
 10
695.7957725353708
 20
17.00063756561983
 10
695.7957105178709
 20
17.000496783517818
 10
695.7956588352209
 20
17.000392863067862
 10
695.7956157654816
 20
17.00031556705723
 10
695.7955798734945
 20
17.000257615192503
 10
695.7955529542136
 20
17.00021800620205
 10
695.7955235177207
 20
17.000178475874275
 10
695.7954989871212
 20
17.000148552098892
 10
695.795476273464
 20
17.00012329136481
 10
695.7954592381408
 20
17.000105889565646
 10
695.7954406099424
 20
17.000088375285365
 10
695.7954233615487
 20
17.00007356913337
 10
695.7954078379479
 20
17.000061403419537
 10
695.795392314307
 20
17.000050336488442
 10
695.7953783429991
 20
17.00004131571194
 10
695.7953657687992
 20
17.00003395797843
 10
695.7953531945797
 20
17.000027321160676
 10
695.7953406203426
 20
17.000021405259744
 10
695.79532804609
 20
17.00001621027658
 10
695.7953167292511
 20
17.000012151177117
 10
695.7953065440879
 20
17.000008997260213
 10
695.7952963589182
 20
17.00000631633877
 10
695.7952861737429
 20
17.000004108413055
 10
695.7952759885632
 20
17.000002373483312
 10
695.79526580338
 20
17.00000111154972
 10
695.7952556181945
 20
17.00000032261241
 10
695.7952496702678
 20
17.000000080653116
 10
695.7952437223411
 20
17.000000000000014
  0
LWPOLYLINE
  5
1FF
330
17
100
AcDbEntity
  8
GORUNEN
100
AcDbPolyline
 90
19
 70
0
 10
695.8826990226714
 20
17.73841119146645
 10
695.8827091762754
 20
17.738420922227547
 10
695.8827193299171
 20
17.738429806846526
 10
695.8827284682242
 20
17.738437079549602
 10
695.8827366927222
 20
17.73844303898291
 10
695.8827449172389
 20
17.73844844325746
 10
695.8827523193186
 20
17.738452832442817
 10
695.8827589812007
 20
17.738456398232955
 10
695.882765643092
 20
17.738459599781482
 10
695.8827723049911
 20
17.73846243708793
 10
695.8827789668975
 20
17.738464910151883
 10
695.8827856288099
 20
17.73846701897299
 10
695.8827916245355
 20
17.73846860548409
 10
695.8827970206916
 20
17.738469781087325
 10
695.8828024168498
 20
17.73847071771036
 10
695.8828078130099
 20
17.738471415353104
 10
695.8828132091711
 20
17.738471874015488
 10
695.8828170384143
 20
17.73847205452889
 10
695.8828208676575
 20
17.73847211470001
  0
LWPOLYLINE
  5
200
330
17
100
AcDbEntity
  8
GORUNEN
100
AcDbPolyline
 90
44
 70
0
 10
695.8828208676575
 20
17.73847211470001
 10
695.8828266968452
 20
17.73847197526285
 10
695.8828325260322
 20
17.73847155695146
 10
695.8828383552179
 20
17.738470859765883
 10
695.8828441844016
 20
17.738469883706195
 10
695.8828500135828
 20
17.738468628772512
 10
695.8828558427607
 20
17.738467094964967
 10
695.8828616719346
 20
17.738465282283737
 10
695.8828675011041
 20
17.73846319072902
 10
695.8828733302682
 20
17.738460820301054
 10
695.8828791594267
 20
17.738458171000097
 10
695.8828849885786
 20
17.738455242826447
 10
695.8828908177233
 20
17.73845203578043
 10
695.8828966468602
 20
17.738448549862408
 10
695.8829024759887
 20
17.738444785072765
 10
695.882908305108
 20
17.738440741411925
 10
695.8829141342177
 20
17.738436418880333
 10
695.8829199633168
 20
17.738431817478478
 10
695.882925792405
 20
17.73842693720687
 10
695.8829335645042
 20
17.738419996381612
 10
695.882942308089
 20
17.73841159535785
 10
695.8829510516434
 20
17.73840256688223
 10
695.8829597951651
 20
17.73839291095701
 10
695.8829685386519
 20
17.73838262758462
 10
695.8829772821016
 20
17.738371716767645
 10
695.8829889399732
 20
17.73835619299151
 10
695.8830020549888
 20
17.73833739543809
 10
695.883015169902
 20
17.73831718615992
 10
695.8830282847056
 20
17.73829556516842
 10
695.8830457709267
 20
17.738264541202447
 10
695.8830654426549
 20
17.738226639414826
 10
695.8830851140723
 20
17.738185561387436
 10
695.8831113421021
 20
17.738125849957633
 10
695.8831408478485
 20
17.738051925369508
 10
695.88317035268
 20
17.737970854742343
 10
695.8832096908866
 20
17.7378516449156
 10
695.8832539439969
 20
17.73770234977979
 10
695.8833129437614
 20
17.737478282148306
 10
695.8833793117367
 20
17.737192047069662
 10
695.8834677896316
 20
17.7367541454457
 10
695.8836004745527
 20
17.735976770413885
 10
695.8837994149096
 20
17.73453962454775
 10
695.8954614284338
 20
16.962298311365704
 10
695.9002735930752
 20
15.255925265400094
  0
LWPOLYLINE
  5
201
330
17
100
AcDbEntity
  8
GORUNEN
100
AcDbPolyline
 90
2
 70
0
 10
681.6277224676512
 20
32.00000000000338
 10
684.6277224676512
 20
31.999999999996618
  0
LWPOLYLINE
  5
202
330
17
100
AcDbEntity
  8
GORUNEN
100
AcDbPolyline
 90
2
 70
0
 10
681.6277224675715
 20
32.00000000000001
 10
681.6277224675308
 20
13.949232512900007
  0
LWPOLYLINE
  5
203
330
17
100
AcDbEntity
  8
GORUNEN
100
AcDbPolyline
 90
2
 70
0
 10
684.6277224675308
 20
13.949232512900007
 10
684.6277224675715
 20
32.00000000000001
  0
LWPOLYLINE
  5
204
330
17
100
AcDbEntity
  8
GORUNEN
100
AcDbPolyline
 90
2
 70
0
 10
695.9002735930752
 20
15.255925265400094
 10
695.882942712631
 20
12.73853303793356
  0
LWPOLYLINE
  5
205
330
17
100
AcDbEntity
  8
GORUNEN
100
AcDbPolyline
 90
2
 70
0
 10
681.6277224675579
 20
13.94923251290339
 10
681.6277224675512
 20
11.000000000000007
  0
LWPOLYLINE
  5
206
330
17
100
AcDbEntity
  8
GORUNEN
100
AcDbPolyline
 90
2
 70
0
 10
684.6277224675532
 20
9.366656817943312
 10
684.6277224675456
 20
6.000000000010005
  0
LWPOLYLINE
  5
207
330
17
100
AcDbEntity
  8
GORUNEN
100
AcDbPolyline
 90
2
 70
0
 10
681.6277224675569
 20
11.000000000000005
 10
681.6277224675456
 20
6.000000000020005
  0
LWPOLYLINE
  5
208
330
17
100
AcDbEntity
  8
GORUNEN
100
AcDbPolyline
 90
19
 70
0
 10
695.882942712631
 20
12.73853303793356
 10
695.8829325590272
 20
12.73852330717258
 10
695.8829224053856
 20
12.738514422553695
 10
695.8829132670786
 20
12.738507149850683
 10
695.8829050425807
 20
12.738501190417422
 10
695.882896818064
 20
12.738495786142906
 10
695.8828894159846
 20
12.738491396957563
 10
695.8828827541024
 20
12.738487831167433
 10
695.8828760922113
 20
12.738484629618904
 10
695.8828694303121
 20
12.738481792312445
 10
695.8828627684059
 20
12.738479319248468
 10
695.8828561064936
 20
12.738477210427334
 10
695.882850110768
 20
12.738475623916198
 10
695.882844714612
 20
12.738474448312926
 10
695.8828393184539
 20
12.73847351168985
 10
695.8828339222938
 20
12.738472814047059
 10
695.8828285261326
 20
12.73847235538462
 10
695.8828246968895
 20
12.738472174871173
 10
695.8828208676463
 20
12.73847211470001
  0
LWPOLYLINE
  5
209
330
17
100
AcDbEntity
  8
GORUNEN
100
AcDbPolyline
 90
44
 70
0
 10
695.8828208676463
 20
12.73847211470001
 10
695.8828150384586
 20
12.738472254137097
 10
695.8828092092716
 20
12.738472672448419
 10
695.882803380086
 20
12.738473369633926
 10
695.8827975509022
 20
12.73847434569354
 10
695.8827917217211
 20
12.738475600627153
 10
695.8827858925432
 20
12.738477134434625
 10
695.8827800633692
 20
12.738478947115784
 10
695.8827742341998
 20
12.73848103867043
 10
695.8827684050356
 20
12.738483409098329
 10
695.8827625758772
 20
12.738486058399214
 10
695.8827567467254
 20
12.738488986572793
 10
695.8827509175806
 20
12.738492193618738
 10
695.8827450884437
 20
12.73849567953669
 10
695.8827392593151
 20
12.738499444326262
 10
695.8827334301958
 20
12.738503487987032
 10
695.8827276010862
 20
12.738507810518552
 10
695.882721771987
 20
12.738512411920336
 10
695.8827159428988
 20
12.738517292191874
 10
695.8827081707997
 20
12.738524233017039
 10
695.8826994272148
 20
12.738532634040695
 10
695.8826906836605
 20
12.738541662516212
 10
695.8826819401388
 20
12.738551318441322
 10
695.882673196652
 20
12.738561601813604
 10
695.8826644532022
 20
12.738572512630478
 10
695.8826527953307
 20
12.73858803640647
 10
695.8826396803152
 20
12.738606833959732
 10
695.8826265654019
 20
12.738627043237742
 10
695.8826134505983
 20
12.738648664229085
 10
695.8825959643771
 20
12.738679688194848
 10
695.882576292649
 20
12.738717589982233
 10
695.8825566212316
 20
12.738758668009384
 10
695.8825303932017
 20
12.738818379438872
 10
695.8825008874554
 20
12.738892304026644
 10
695.8824713826239
 20
12.738973374653453
 10
695.8824320444172
 20
12.739092584479724
 10
695.8823877913069
 20
12.739241879615003
 10
695.8823287915424
 20
12.739465947245783
 10
695.8822624235672
 20
12.739752182323636
 10
695.8821739456723
 20
12.740190083946548
 10
695.8820412607512
 20
12.740967458976796
 10
695.8818423203942
 20
12.74240460484059
 10
695.8701803068693
 20
13.514645917922685
 10
695.8653681422272
 20
15.22101896389993
  0
LWPOLYLINE
  5
20A
330
17
100
AcDbEntity
  8
GORUNEN
100
AcDbPolyline
 90
2
 70
0
 10
695.929004626538
 20
9.948893914694622
 10
695.8951100692614
 20
6.00053652041257
  0
LWPOLYLINE
  5
20B
330
17
100
AcDbEntity
  8
GORUNEN
100
AcDbPolyline
 90
2
 70
0
 10
694.127795575517
 20
32.0
 10
695.8943428657155
 20
32.0
  0
LWPOLYLINE
  5
20C
330
17
100
AcDbEntity
  8
GORUNEN
100
AcDbPolyline
 90
2
 70
0
 10
694.1277955754218
 20
6.000000000010008
 10
694.1277955754805
 20
32.00000000000001
  0
LWPOLYLINE
  5
20D
330
17
100
AcDbEntity
  8
GORUNEN
100
AcDbPolyline
 90
2
 70
0
 10
695.8945738880321
 20
6.0000000000100115
 10
695.8951100692196
 20
6.0000000000100115
  0
LWPOLYLINE
  5
20E
330
17
100
AcDbEntity
  8
GORUNEN
100
AcDbPolyline
 90
2
 70
0
 10
695.9290046265307
 20
9.948893914760014
 10
695.9290046265693
 20
27.035028148000013
  0
LWPOLYLINE
  5
20F
330
17
100
AcDbEntity
  8
GORUNEN
100
AcDbPolyline
 90
22
 70
0
 10
695.8943428656512
 20
32.0
 10
695.894366539679
 20
31.999975178565784
 10
695.8943902136205
 20
31.999948063522545
 10
695.8944138874642
 20
31.999918654828008
 10
695.8944375611993
 20
31.9998869524412
 10
695.8944612348145
 20
31.999852956322407
 10
695.8944849082984
 20
31.99981666643322
 10
695.8945164727204
 20
31.999764711762985
 10
695.8945519823598
 20
31.999701388313035
 10
695.8945874916078
 20
31.99963290357521
 10
695.8946348365977
 20
31.99953356173608
 10
695.8946880986882
 20
31.999410833907177
 10
695.8947413595729
 20
31.99927649233148
 10
695.8948123719903
 20
31.99907930393196
 10
695.894892257752
 20
31.998832786496457
 10
695.8949987661007
 20
31.99846344532606
 10
695.8951185786319
 20
31.997992402820483
 10
695.8952783108391
 20
31.997272877818123
 10
695.8955178639737
 20
31.995997588871916
 10
695.895877069168
 20
31.99364368319193
 10
695.9193176452125
 20
30.45697980658726
 10
695.9290046265512
 20
27.035028148000006
  0
LWPOLYLINE
  5
210
330
17
100
AcDbEntity
  8
GORUNEN
100
AcDbPolyline
 90
2
 70
0
 10
695.8653681422512
 20
15.221018963900008
 10
695.8826990226512
 20
17.73841119140001
  0
LWPOLYLINE
  5
211
330
17
100
AcDbEntity
  8
GORUNEN
100
AcDbPolyline
 90
2
 70
0
 10
695.6276934751653
 20
17.000000000000007
 10
695.7952437223169
 20
17.000000000000007
  0
LWPOLYLINE
  5
212
330
17
100
AcDbEntity
  8
GORUNEN
100
AcDbPolyline
 90
79
 70
0
 10
695.6276934752511
 20
17.000000000000007
 10
695.6276829974503
 20
17.000000250282397
 10
695.6276725196504
 20
17.00000100112996
 10
695.627662041853
 20
17.000002252543233
 10
695.6276515640591
 20
17.0000040045227
 10
695.6276410862698
 20
17.000006257068794
 10
695.6276306084865
 20
17.000009010181866
 10
695.62762013071
 20
17.00001226386223
 10
695.6276096529417
 20
17.000016018110138
 10
695.6275991751828
 20
17.00002027292577
 10
695.6275886974345
 20
17.000025028309256
 10
695.6275782196976
 20
17.00003028426067
 10
695.6275677419737
 20
17.000036040780028
 10
695.6275572642638
 20
17.000042297867274
 10
695.6275467865692
 20
17.000049055522307
 10
695.6275363088907
 20
17.00005631374496
 10
695.6275258312298
 20
17.000064072535015
 10
695.6275153535877
 20
17.00007233189218
 10
695.6275048759653
 20
17.000081091816124
 10
695.627490905835
 20
17.000093550373442
 10
695.6274751894865
 20
17.00010862995257
 10
695.6274594731926
 20
17.000124835802765
 10
695.6274437569575
 20
17.000142167921858
 10
695.6274280407849
 20
17.00016062630739
 10
695.6274123246789
 20
17.000180210956618
 10
695.6273913699811
 20
17.000208075782666
 10
695.6273677961075
 20
17.000241817005712
 10
695.6273442224174
 20
17.000278092292028
 10
695.6273206489243
 20
17.000316901627208
 10
695.6272892179294
 20
17.00037258923354
 10
695.627253858546
 20
17.000440622558205
 10
695.6272184997204
 20
17.00051435733693
 10
695.6271713555645
 20
17.000621539174087
 10
695.627118319802
 20
17.000754233924958
 10
695.627065285681
 20
17.000899756211158
 10
695.6269945763349
 20
17.001113739249426
 10
695.6269150325774
 20
17.001381726731516
 10
695.6268089820979
 20
17.001783933936654
 10
695.6266896874383
 20
17.002297735906087
 10
695.6265306507491
 20
17.003083789305105
 10
695.6262921529894
 20
17.004479224128456
 10
695.6259345624816
 20
17.007059015260793
 10
695.6253986199787
 20
17.012022960984883
 10
695.6226166470301
 20
25.940845863847958
 10
695.6251466734082
 20
25.985187503409207
 10
695.6257824551723
 20
25.99166608122164
 10
695.6262598224907
 20
25.995311594015316
 10
695.6266180720859
 20
25.997362598335446
 10
695.6268357801619
 20
25.998322547773842
 10
695.626982757087
 20
25.99884826744013
 10
695.6270819755183
 20
25.99914742333612
 10
695.6271646622532
 20
25.999362421732855
 10
695.6272266797433
 20
25.999503207715307
 10
695.6272783623871
 20
25.999607130726737
 10
695.6273214321221
 20
25.999684428451314
 10
695.6273573241064
 20
25.999742381479702
 10
695.6273842433854
 20
25.999781991198603
 10
695.6274136798767
 20
25.999821522193194
 10
695.627438210475
 20
25.999851446429112
 10
695.6274609241312
 20
25.99987670751905
 10
695.6274779594539
 20
25.999894109544083
 10
695.6274965876519
 20
25.999911624034254
 10
695.6275138360451
 20
25.999926430348747
 10
695.6275293596456
 20
25.99993859618481
 10
695.6275448832862
 20
25.999949663217322
 10
695.6275588545939
 20
25.99995868406888
 10
695.6275714287937
 20
25.999966041857995
 10
695.627584003013
 20
25.999972678721093
 10
695.62759657725
 20
25.99997859465814
 10
695.6276091515025
 20
25.99998378966922
 10
695.6276204683413
 20
25.99998784878766
 10
695.6276306535044
 20
25.999991002717323
 10
695.6276408386742
 20
25.99999368364801
 10
695.6276510238495
 20
25.999995891580006
 10
695.6276612090292
 20
25.999997626513647
 10
695.6276713942124
 20
25.999998888449316
 10
695.6276815793977
 20
25.999999677387454
 10
695.6276875273244
 20
25.999999919346887
 10
695.6276934752511
 20
26.000000000000007
  0
LWPOLYLINE
  5
213
330
17
100
AcDbEntity
  8
GORUNEN
100
AcDbPolyline
 90
2
 70
0
 10
695.6276934752652
 20
26.000000000000007
 10
695.7952437224169
 20
26.000000000000007
  0
LWPOLYLINE
  5
214
330
17
100
AcDbEntity
  8
GORUNEN
100
AcDbPolyline
 90
2
 70
0
 10
691.1278686833349
 20
11.770811391345552
 10
691.1278686833805
 20
32.00000000000001
  0
LWPOLYLINE
  5
215
330
17
100
AcDbEntity
  8
GORUNEN
100
AcDbPolyline
 90
2
 70
0
 10
695.8945738880512
 20
6.0000000000100115
 10
695.7898077211512
 20
5.93156046175001
  0
LWPOLYLINE
  5
216
330
17
100
AcDbEntity
  8
GORUNEN
100
AcDbPolyline
 90
34
 70
0
 10
695.7898077211512
 20
5.93156046175001
 10
695.7963425973611
 20
5.790658745975758
 10
695.8094838053796
 20
5.650211877667076
 10
695.829209014519
 20
5.5105358587095665
 10
695.8554791596796
 20
5.3719433854078025
 10
695.8882389188968
 20
5.234743381699856
 10
695.9274171908901
 20
5.099240532371823
 10
695.9729275726097
 20
4.965734816272351
 10
696.0246688367861
 20
4.834521039527167
 10
696.0825254094764
 20
4.705888368753603
 10
696.1463678476136
 20
4.580119864275121
 10
696.2160533165537
 20
4.457492013335845
 10
696.291426067624
 20
4.338274263315083
 10
696.3723179156709
 20
4.222728554941858
 10
696.458548716608
 20
4.111108855509431
 10
696.549926844964
 20
4.003660692089831
 10
696.6462496714306
 20
3.9006206847483784
 10
696.7473040404105
 20
3.8022160797582156
 10
696.8528667475653
 20
3.708664282814833
 10
696.9627050173633
 20
3.6201723922505935
 10
697.076576980628
 20
3.536936732249262
 10
697.1942321520854
 20
3.459142386060531
 10
697.3154119079126
 20
3.3869627292145483
 10
697.4398499632847
 20
3.3205589627364427
 10
697.567272849924
 20
3.260079646360853
 10
697.6974003936474
 20
3.2056602317464518
 10
697.8299461919139
 20
3.157422595690475
 10
697.9646180913735
 20
3.115474573343248
 10
698.1011186654141
 20
3.079909491422711
 10
698.2391456917104
 20
3.0508057014289496
 10
698.3783926297713
 20
3.028226112858717
 10
698.5185490984879
 20
3.0122177264199648
 10
698.6537913818258
 20
3.003054686599246
 10
698.7893029100512
 20
3.000000000000007
  0
LWPOLYLINE
  5
217
330
17
100
AcDbEntity
  8
GORUNEN
100
AcDbPolyline
 90
35
 70
0
 10
697.1277224675512
 20
3.000000000000007
 10
696.9866077575241
 20
3.0033208933839246
 10
696.845805465435
 20
3.0132762213137654
 10
696.7056273175507
 20
3.0298439434010915
 10
696.566383658327
 20
3.0529873798867926
 10
696.4283827633285
 20
3.0826552928474635
 10
696.2919301567279
 20
3.1187819996325272
 10
696.1573279348974
 20
3.1612875182809543
 10
696.0248740975892
 20
3.2100777445956377
 10
695.8948618881844
 20
3.265044660483399
 10
695.767579144474
 20
3.3260665730993675
 10
695.6433076614053
 20
3.3930083842662886
 10
695.5223225672091
 20
3.4657218895722885
 10
695.4048917142848
 20
3.5440461064849065
 10
695.2912750861937
 20
3.6278076307549783
 10
695.1817242220751
 20
3.7168210203213206
 10
695.0764816597556
 20
3.8108892058662716
 10
694.9757803987876
 20
3.909803927113157
 10
694.8798433846055
 20
4.013346193899736
 10
694.7888830149396
 20
4.121286771006857
 10
694.7031006695833
 20
4.233386685668939
 10
694.6226862645518
 20
4.34939775664269
 10
694.5478178316223
 20
4.469063143662736
 10
694.478661124184
 20
4.59211791606772
 10
694.4153692502714
 20
4.71828963933795
 10
694.3580823335949
 20
4.84729897824606
 10
694.3069272033163
 20
4.978860315285354
 10
694.2620171132579
 20
5.112682383006666
 10
694.223451491167
 20
5.2484689088637815
 10
694.1913157185899
 20
5.385919271139805
 10
694.1656809418428
 20
5.524729164502271
 10
694.1466039144995
 20
5.66459127371352
 10
694.1341268717425
 20
5.80519595400479
 10
694.1293788172977
 20
5.902546544957462
 10
694.127795575435
 20
6.000000000010007
  0
LWPOLYLINE
  5
218
330
17
100
AcDbEntity
  8
GORUNEN
100
AcDbPolyline
 90
2
 70
0
 10
691.1278686833473
 20
32.00000000000339
 10
694.1277955754481
 20
31.999999999996618
  0
LWPOLYLINE
  5
219
330
17
100
AcDbEntity
  8
GORUNEN
100
AcDbPolyline
 90
33
 70
0
 10
687.6277224675512
 20
3.000000000000007
 10
687.4805194445686
 20
3.003613631384505
 10
687.3336710465619
 20
3.014445819983478
 10
687.1875310441842
 20
3.0324704701058014
 10
687.0424515015015
 20
3.0576441587905596
 10
686.8987819278399
 20
3.089906240416755
 10
686.756868435786
 20
3.129178992803925
 10
686.6170529073725
 20
3.1753678044516818
 10
686.4796721704536
 20
3.2283614024671037
 10
686.3450571872578
 20
3.28803212063088
 10
686.2135322570705
 20
3.3542362069564153
 10
686.0854142349685
 20
3.4268141700009584
 10
685.9610117684892
 20
3.505591163094455
 10
685.8406245540706
 20
3.590377405560493
 10
685.7245426150569
 20
3.680968639914572
 10
685.6130456030066
 20
3.777146623938278
 10
685.506402123988
 20
3.8786796564439006
 10
685.4048690914827
 20
3.985323135462889
 10
685.3086911074594
 20
4.096820147513419
 10
685.2180998731058
 20
4.212902086527476
 10
685.13331363064
 20
4.3332893009463955
 10
685.054536637547
 20
4.457691767425969
 10
684.981958674503
 20
4.585809789528074
 10
684.9157545881778
 20
4.717334719715653
 10
684.8560838700145
 20
4.851949702911661
 10
684.8030902719995
 20
4.989330439830695
 10
684.7569014603522
 20
5.129145968244386
 10
684.7176287079656
 20
5.27105946029839
 10
684.6853666263398
 20
5.414729033960192
 10
684.6601929376556
 20
5.559808576642873
 10
684.6421682875337
 20
5.7059485790206415
 10
684.6313360989352
 20
5.852796977027413
 10
684.6277224675512
 20
6.000000000010006
  0
LWPOLYLINE
  5
21A
330
17
100
AcDbEntity
  8
GORUNEN
100
AcDbPolyline
 90
33
 70
0
 10
687.6277224675512
 20
7.105427357601002e-15
 10
687.333316421586
 20
0.0072272627690033175
 10
687.0396196255726
 20
0.028891639966948546
 10
686.7473396208172
 20
0.06494094021159569
 10
686.4571805354519
 20
0.11528831758111213
 10
686.1698413881286
 20
0.17981248083350287
 10
685.8860144040208
 20
0.2583579856078426
 10
685.6063833471937
 20
0.3507356089033564
 10
685.3316218733561
 20
0.45672280493420025
 10
685.0623919069644
 20
0.5760642412617525
 10
684.7993420465897
 20
0.7084724139128236
 10
684.5431060023859
 20
0.8536283400019098
 10
684.2943010694273
 20
1.0111823261889032
 10
684.05352664059
 20
1.1807548111209787
 10
683.8213627625626
 20
1.361937279829137
 10
683.5983687384621
 20
1.554293247876549
 10
683.3850817804248
 20
1.757359312887794
 10
683.1820157154143
 20
1.970646270925771
 10
682.9896597473677
 20
2.1936402950268317
 10
682.8084772786602
 20
2.425804173054945
 10
682.638904793729
 20
2.6665786018927844
 10
682.4813508075429
 20
2.9153835348519292
 10
682.3361948814546
 20
3.1716195790561406
 10
682.2037867088044
 20
3.4346694394312998
 10
682.0844452724778
 20
3.703899405823315
 10
681.9784580764479
 20
3.978660879661384
 10
681.8860804531532
 20
4.2582919364887655
 10
681.8075349483798
 20
4.542118920596773
 10
681.7430107851284
 20
4.8294580679203785
 10
681.6926634077598
 20
5.11961715328574
 10
681.6566141075161
 20
5.411897158041275
 10
681.6349497303192
 20
5.70559395405482
 10
681.6277224675512
 20
6.000000000020006
  0
LWPOLYLINE
  5
21B
330
17
100
AcDbEntity
  8
GORUNEN
100
AcDbPolyline
 90
2
 70
0
 10
744.1277514961702
 20
25.999999999996998
 10
743.9602012127543
 20
25.99999999999662
  0
LWPOLYLINE
  5
21C
330
17
100
AcDbEntity
  8
GORUNEN
100
AcDbPolyline
 90
33
 70
0
 10
752.1277224675512
 20
1.4210854715202004e-14
 10
752.422128513516
 20
0.007227262768995324
 10
752.7158253095291
 20
0.02889163996689348
 10
753.0081053142843
 20
0.06494094021146601
 10
753.2982643996492
 20
0.11528831758087499
 10
753.5856035469723
 20
0.17981248083312984
 10
753.8694305310797
 20
0.2583579856073053
 10
754.1490615879065
 20
0.35073560890262634
 10
754.4238230617441
 20
0.4567228049332499
 10
754.6930530281354
 20
0.576064241260557
 10
754.9561028885099
 20
0.7084724139113572
 10
755.2123389327135
 20
0.8536283400001485
 10
755.4611438656719
 20
1.0111823261868258
 10
755.701918294509
 20
1.1807548111185646
 10
755.9340821725365
 20
1.3619372798263676
 10
756.1570761966368
 20
1.5542932478734075
 10
756.370363154674
 20
1.7573593128842644
 10
756.5734292196845
 20
1.97064627092184
 10
756.7657851877311
 20
2.1936402950224902
 10
756.9469676564386
 20
2.4258041730501843
 10
757.1165401413699
 20
2.6665786018875988
 10
757.2740941275562
 20
2.915383534846314
 10
757.4192500536445
 20
3.1716195790500925
 10
757.5516582262949
 20
3.4346694394248196
 10
757.6709996626217
 20
3.703899405816405
 10
757.776986858652
 20
3.9786608796540497
 10
757.8693644819468
 20
4.258291936481015
 10
757.9479099867204
 20
4.5421189205886146
 10
758.0124341499723
 20
4.829458067911825
 10
758.0627815273413
 20
5.119617153276806
 10
758.0988308275853
 20
5.411897158031978
 10
758.1204952047827
 20
5.705593954045179
 10
758.1277224675512
 20
6.000000000010014
  0
LWPOLYLINE
  5
21D
330
17
100
AcDbEntity
  8
GORUNEN
100
AcDbPolyline
 90
33
 70
0
 10
752.1277224675512
 20
3.000000000000014
 10
752.2749254905337
 20
3.0036136313845123
 10
752.4217738885405
 20
3.014445819983485
 10
752.5679138909182
 20
3.0324704701058085
 10
752.7129934336008
 20
3.0576441587905667
 10
752.8566630072625
 20
3.089906240416762
 10
752.9985764993164
 20
3.129178992803932
 10
753.1383920277299
 20
3.175367804451689
 10
753.2757727646488
 20
3.228361402467111
 10
753.4103877478445
 20
3.2880321206308865
 10
753.541912678032
 20
3.354236206956422
 10
753.6700307001338
 20
3.4268141700009656
 10
753.7944331666131
 20
3.5055911630944623
 10
753.9148203810317
 20
3.5903774055605
 10
754.0309023200455
 20
3.680968639914579
 10
754.1423993320957
 20
3.777146623938285
 10
754.2490428111144
 20
3.8786796564439077
 10
754.3505758436196
 20
3.9853231354628957
 10
754.446753827643
 20
4.0968201475134265
 10
754.5373450619967
 20
4.2129020865274835
 10
754.6221313044623
 20
4.333289300946404
 10
754.7009082975554
 20
4.457691767425979
 10
754.7734862605995
 20
4.585809789528085
 10
754.8396903469246
 20
4.717334719715666
 10
754.8993610650879
 20
4.851949702911675
 10
754.9523546631029
 20
4.989330439830711
 10
754.9985434747501
 20
5.129145968244403
 10
755.0378162271369
 20
5.271059460298408
 10
755.0700783087626
 20
5.414729033960213
 10
755.0952519974469
 20
5.559808576642895
 10
755.1132766475687
 20
5.705948579020664
 10
755.1241088361671
 20
5.852796977027438
 10
755.1277224675512
 20
6.000000000010014
  0
LWPOLYLINE
  5
21E
330
17
100
AcDbEntity
  8
GORUNEN
100
AcDbPolyline
 90
2
 70
0
 10
745.8946778707511
 20
1.4210854715202004e-14
 10
752.1277224675512
 20
1.4210854715202004e-14
  0
LWPOLYLINE
  5
21F
330
17
100
AcDbEntity
  8
GORUNEN
100
AcDbPolyline
 90
2
 70
0
 10
745.8946778707511
 20
1.4210854715202004e-14
 10
744.0460665974512
 20
1.4210854715202004e-14
  0
LWPOLYLINE
  5
220
330
17
100
AcDbEntity
  8
GORUNEN
100
AcDbPolyline
 90
2
 70
0
 10
687.6277224675512
 20
1.4210854715202004e-14
 10
693.8607670643512
 20
1.4210854715202004e-14
  0
LWPOLYLINE
  5
221
330
17
100
AcDbEntity
  8
GORUNEN
100
AcDbPolyline
 90
2
 70
0
 10
695.7093783376512
 20
1.4210854715202004e-14
 10
693.8607670643512
 20
1.4210854715202004e-14
  0
LWPOLYLINE
  5
222
330
17
100
AcDbEntity
  8
GORUNEN
100
AcDbPolyline
 90
2
 70
0
 10
755.1277224674512
 20
31.999999999996625
 10
758.1277224674512
 20
32.00000000000339
  0
LWPOLYLINE
  5
223
330
17
100
AcDbEntity
  8
GORUNEN
100
AcDbPolyline
 90
2
 70
0
 10
758.1277224675512
 20
11.000000000000007
 10
758.1277224675446
 20
13.949224354523665
  0
LWPOLYLINE
  5
224
330
17
100
AcDbEntity
  8
GORUNEN
100
AcDbPolyline
 90
2
 70
0
 10
758.1277224675456
 20
11.000000000000012
 10
758.1277224675569
 20
6.000000000010012
  0
LWPOLYLINE
  5
225
330
17
100
AcDbEntity
  8
GORUNEN
100
AcDbPolyline
 90
2
 70
0
 10
755.1277224675492
 20
9.366656817943309
 10
755.1277224675569
 20
6.000000000010012
  0
LWPOLYLINE
  5
226
330
17
100
AcDbEntity
  8
GORUNEN
100
AcDbPolyline
 90
2
 70
0
 10
755.1277224675715
 20
13.949232512900007
 10
755.1277224675308
 20
32.00000000000001
  0
LWPOLYLINE
  5
227
330
17
100
AcDbEntity
  8
GORUNEN
100
AcDbPolyline
 90
2
 70
0
 10
758.1277224675308
 20
32.00000000000001
 10
758.1277224675715
 20
13.949232512900007
  0
LWPOLYLINE
  5
228
330
17
100
AcDbEntity
  8
GORUNEN
100
AcDbPolyline
 90
31
 70
0
 10
746.0384559936344
 20
4.8256885145014765
 10
746.0274040308312
 20
4.727416113669928
 10
746.0115078908634
 20
4.629810153907619
 10
745.9908064382458
 20
4.533109272285373
 10
745.9653502860151
 20
4.4375498930460635
 10
745.9352016719855
 20
4.343365649570346
 10
745.9004343065837
 20
4.25078681316579
 10
745.8611331926342
 20
4.160039730075944
 10
745.8173944175347
 20
4.071346268085799
 10
745.769324918333
 20
3.984923274076654
 10
745.7170422202759
 20
3.900982043856599
 10
745.6606741494707
 20
3.81972780556283
 10
745.6003585203639
 20
3.7413592178988293
 10
745.5362427987976
 20
3.6660678844331738
 10
745.4684837414702
 20
3.5940378851474613
 10
745.3972470126813
 20
3.5254453263786707
 10
745.3227067792986
 20
3.460457910256312
 10
745.2450452849373
 20
3.399234524687043
 10
745.1644524043916
 20
3.3419248548892035
 10
745.0811251794096
 20
3.288669017427026
 10
744.9952673369455
 20
3.239597217639276
 10
744.9070887910669
 20
3.194829431299871
 10
744.8168051297353
 20
3.154475111288792
 10
744.7246370877145
 20
3.118632919990449
 10
744.630810006896
 20
3.0873904880737486
 10
744.5355532853594
 20
3.060824200243644
 10
744.4390998165164
 20
3.0389990084879646
 10
744.3416854197101
 20
3.0219682732761264
 10
744.2435482636583
 20
3.0097736330979803
 10
744.1449282841553
 20
3.0024449026617566
 10
744.0460665974512
 20
3.000000000000007
  0
LWPOLYLINE
  5
229
330
17
100
AcDbEntity
  8
GORUNEN
100
AcDbPolyline
 90
31
 70
0
 10
749.0270400879101
 20
4.564221286263603
 10
748.9994101809027
 20
4.3185402841843485
 10
748.9596698309836
 20
4.0745253847781715
 10
748.90791619944
 20
3.8327731807221386
 10
748.8442758188634
 20
3.593874732623431
 10
748.7689042837898
 20
3.358414123933694
 10
748.6819858702856
 20
3.126967032921854
 10
748.5837330854118
 20
2.9000993251967797
 10
748.4743861476634
 20
2.678365670220954
 10
748.3542123996594
 20
2.46230818519763
 10
748.2235056545165
 20
2.252455109647032
 10
748.0825854775037
 20
2.0493195139121534
 10
747.9317964047367
 20
1.8533980447517027
 10
747.7715071008212
 20
1.6651697110871249
 10
747.6021094575026
 20
1.4850947128724155
 10
747.4240176355302
 20
1.313613315950025
 10
747.2376670520736
 20
1.15114477564373
 10
747.0435133161701
 20
0.9980863117201784
 10
746.8420311148055
 20
0.8548121372252195
 10
746.6337130523503
 20
0.7216725435694382
 10
746.41906844619
 20
0.598993044099748
 10
746.1986220814931
 20
0.4870735782509463
 10
745.9729129281639
 20
0.386187778222987
 10
745.7424928231119
 20
0.2965822999768939
 10
745.5079251210652
 20
0.21847622018493773
 10
745.2697833172231
 20
0.15206050060950194
 10
745.0286496451156
 20
0.09749752122015831
 10
744.7851136530994
 20
0.05492068319044918
 10
744.5397707629697
 20
0.02443408274500314
 10
744.2932208142116
 20
0.006112256654397186
 10
744.0460665974512
 20
7.105427357601002e-15
  0
LWPOLYLINE
  5
22A
330
17
100
AcDbEntity
  8
GORUNEN
100
AcDbPolyline
 90
36
 70
0
 10
752.4499374141486
 20
8.995384773880968
 10
752.6922213692773
 20
8.968234742030978
 10
752.935540748111
 20
8.95292725934383
 10
753.1793170477396
 20
8.949498720057111
 10
753.4229706789029
 20
8.957957275679195
 10
753.6659223439905
 20
8.978282815608672
 10
753.9075944143483
 20
9.010427014948213
 10
754.1474123036173
 20
9.054313449399217
 10
754.3848058338382
 20
9.109837776964056
 10
754.6192105910758
 20
9.176867986023945
 10
754.8500692673391
 20
9.255244709202564
 10
755.076832985606
 20
9.34478160226927
 10
755.2989626048036
 20
9.445265787180983
 10
755.5159300016409
 20
9.556458358209444
 10
755.7272193262455
 20
9.678094949950468
 10
755.9323282286207
 20
9.809886365864735
 10
756.1307690530052
 20
9.951519265855742
 10
756.3220699972968
 20
10.102656911250161
 10
756.5057762347839
 20
10.262939965409373
 10
756.681450995516
 20
10.43198734806871
 10
756.8486766047448
 20
10.609397141373133
 10
757.0070554759645
 20
10.794747545455266
 10
757.1562110561923
 20
10.987597881283785
 10
757.2957887212397
 20
11.187489638397896
 10
757.4254566188481
 20
11.393947565036857
 10
757.5449064576826
 20
11.606480798072683
 10
757.6538542403085
 20
11.824584030059611
 10
757.7520409384085
 20
12.047738710625564
 10
757.8392331086336
 20
12.275414279349304
 10
757.9152234476264
 20
12.507069427191993
 10
757.9798312848933
 20
12.74215338348411
 10
758.0329030123572
 20
12.980107225407806
 10
758.0743124495679
 20
13.220365206861379
 10
758.1039611437016
 20
13.462356103546398
 10
758.1217786036369
 20
13.705504571079516
 10
758.1277224675512
 20
13.949232512900002
  0
LWPOLYLINE
  5
22B
330
17
100
AcDbEntity
  8
GORUNEN
100
AcDbPolyline
 90
36
 70
0
 10
752.8566084461509
 20
11.967693417297761
 10
752.9535220282032
 20
11.956833404555747
 10
753.0508497797377
 20
11.95071041147897
 10
753.1483602995903
 20
11.949338995762472
 10
753.2458217520568
 20
11.952722418009607
 10
753.3430024180931
 20
11.960852633979815
 10
753.4396712462376
 20
11.973710313714166
 10
753.5355984019466
 20
11.991264887493223
 10
753.6305558140364
 20
12.01347461851794
 10
753.724317716933
 20
12.0402867021408
 10
753.8166611874398
 20
12.07163739141128
 10
753.9073666747481
 20
12.10745214863712
 10
753.9962185224286
 20
12.14764582260109
 10
754.0830054811652
 20
12.192122851011886
 10
754.1675212110086
 20
12.240777487707833
 10
754.2495647719603
 20
12.293494054073202
 10
754.3289411017156
 20
12.350147214069386
 10
754.4054614794338
 20
12.410602272227056
 10
754.4789439744301
 20
12.474715493890757
 10
754.5492138787243
 20
12.542334446954621
 10
754.6161041224173
 20
12.613298364276629
 10
754.6794556709066
 20
12.687438525909824
 10
754.7391179029989
 20
12.764578660241673
 10
754.7949489690191
 20
12.844535363087852
 10
754.8468161280637
 20
12.927118533744059
 10
754.8945960635984
 20
13.012131826959093
 10
754.9381751766498
 20
13.099373119754643
 10
754.9774498558907
 20
13.188634991981875
 10
755.0123267239816
 20
13.27970521947228
 10
755.0427228595793
 20
13.372367278610321
 10
755.0685659944867
 20
13.46640086112818
 10
755.0897946854727
 20
13.561582397898711
 10
755.1063584603573
 20
13.657685590481224
 10
755.1182179380111
 20
13.75448194915634
 10
755.1253449219854
 20
13.851741336170711
 10
755.1277224675512
 20
13.949232512900004
  0
LWPOLYLINE
  5
22C
330
17
100
AcDbEntity
  8
GORUNEN
100
AcDbPolyline
 90
2
 70
0
 10
746.0384559936882
 20
4.8256885144967665
 10
746.3866045830134
 20
8.805045099614569
  0
LWPOLYLINE
  5
22D
330
17
100
AcDbEntity
  8
GORUNEN
100
AcDbPolyline
 90
2
 70
0
 10
749.027040087889
 20
4.564221286265448
 10
749.3751886772133
 20
8.543577871373326
  0
LWPOLYLINE
  5
22E
330
17
100
AcDbEntity
  8
GORUNEN
100
AcDbPolyline
 90
4
 70
0
 10
752.4499374141521
 20
8.995384773907283
 10
752.4274220713077
 20
8.99794703144456
 10
752.4048137568724
 20
8.999486494172912
 10
752.3821589088512
 20
9.000000000000007
  0
LWPOLYLINE
  5
22F
330
17
100
AcDbEntity
  8
GORUNEN
100
AcDbPolyline
 90
4
 70
0
 10
752.8566084461545
 20
11.967693417324078
 10
752.6990010461777
 20
11.985629220099925
 10
752.5407428450652
 20
11.996405459207342
 10
752.3821589088512
 20
12.000000000000007
  0
LWPOLYLINE
  5
230
330
17
100
AcDbEntity
  8
GORUNEN
100
AcDbPolyline
 90
31
 70
0
 10
749.8732860262512
 20
9.000000000000007
 10
749.8485706045751
 20
8.99938877433457
 10
749.8239156096994
 20
8.997556591725509
 10
749.7993813206864
 20
8.994507931680968
 10
749.7750277214848
 20
8.990250247878002
 10
749.7509143542741
 20
8.984793949939073
 10
749.7271001738899
 20
8.978152377981536
 10
749.7036434036852
 20
8.970341770002348
 10
749.68060139318
 20
8.961381222177748
 10
749.6580304778471
 20
8.95129264217496
 10
749.6359858413774
 20
8.940100695590091
 10
749.6145213807614
 20
8.927832745643133
 10
749.5936895745159
 20
8.914518786277569
 10
749.5735413543795
 20
8.900191368828086
 10
749.5541259807891
 20
8.884885522435745
 10
749.5354909224434
 20
8.868638668405131
 10
749.5176817402462
 20
8.851490528712906
 10
749.5007419759144
 20
8.833483028891452
 10
749.4847130455228
 20
8.814660195525011
 10
749.4696341382461
 20
8.795068048608982
 10
749.4555421205448
 20
8.774754489035512
 10
749.4424714460305
 20
8.75376918148047
 10
749.4304540712301
 20
8.732163432978155
 10
749.4195193774552
 20
8.70999006748059
 10
749.4096940989679
 20
8.6873032967081
 10
749.4010022576174
 20
8.664158587606932
 10
749.3934651041101
 20
8.640612526737975
 10
749.3871010660524
 20
8.61672268192812
 10
749.381925702898
 20
8.592547461522534
 10
749.3779516679061
 20
8.56814597158193
 10
749.3751886772053
 20
8.54357787137402
  0
LWPOLYLINE
  5
231
330
17
100
AcDbEntity
  8
GORUNEN
100
AcDbPolyline
 90
31
 70
0
 10
749.8732860262512
 20
12.000000000000007
 10
749.700278074519
 20
11.995721420341944
 10
749.5276931103886
 20
11.982896142078552
 10
749.3559530872981
 20
11.96155552176679
 10
749.185477892887
 20
11.931751735146065
 10
749.0166843224118
 20
11.893557649573617
 10
748.8499850597226
 20
11.847066645870925
 10
748.6857876682901
 20
11.792392390016685
 10
748.5244935947538
 20
11.729668555244569
 10
748.3664971874235
 20
11.659048495225166
 10
748.2121847321359
 20
11.580704869131187
 10
748.0619335078237
 20
11.494829219502604
 10
747.9161108641052
 20
11.401631503943772
 10
747.7750733231502
 20
11.30133958179753
 10
747.6391657080178
 20
11.194198657051285
 10
747.5087202995982
 20
11.08047067883713
 10
747.3840560242176
 20
10.960433700991722
 10
747.2654776738947
 20
10.834381202241696
 10
747.1532751611537
 20
10.70262136867677
 10
747.0477228102168
 20
10.565476340264741
 10
746.9490786863078
 20
10.423281423250618
 10
746.8575839647076
 20
10.276384270365492
 10
746.7734623411048
 20
10.12514403084946
 10
746.6969194846807
 20
9.969930472366677
 10
746.6281425352689
 20
9.811123076959419
 10
746.567299645816
 20
9.649110113251417
 10
746.5145395712642
 20
9.484287687168887
 10
746.4699913048604
 20
9.317058773500067
 10
746.4337637627796
 20
9.14783223066111
 10
746.4059455178359
 20
8.977021801077045
 10
746.3866045829305
 20
8.805045099621815
  0
LWPOLYLINE
  5
232
330
17
100
AcDbEntity
  8
GORUNEN
100
AcDbPolyline
 90
2
 70
0
 10
749.8732860262512
 20
12.000000000000007
 10
752.3821589088512
 20
12.000000000000007
  0
LWPOLYLINE
  5
233
330
17
100
AcDbEntity
  8
GORUNEN
100
AcDbPolyline
 90
2
 70
0
 10
752.3821589088512
 20
9.000000000000007
 10
749.8732860262512
 20
9.000000000000007
  0
LWPOLYLINE
  5
234
330
17
100
AcDbEntity
  8
GIZLI
100
AcDbPolyline
 90
2
 70
0
 10
691.1268026426953
 20
3.000000000000007
 10
695.7093783376512
 20
3.000000000000007
  0
LWPOLYLINE
  5
235
330
17
100
AcDbEntity
  8
GIZLI
100
AcDbPolyline
 90
2
 70
0
 10
691.1268026426953
 20
3.000000000000007
 10
693.8607670643512
 20
3.000000000000007
  0
LWPOLYLINE
  5
236
330
17
100
AcDbEntity
  8
GIZLI
100
AcDbPolyline
 90
2
 70
0
 10
695.7093783376512
 20
3.000000000000014
 10
693.8607670643512
 20
3.000000000000014
  0
LWPOLYLINE
  5
237
330
17
100
AcDbEntity
  8
GIZLI
100
AcDbPolyline
 90
2
 70
0
 10
745.8946778707511
 20
3.000000000000014
 10
744.0460665974512
 20
3.000000000000014
  0
LWPOLYLINE
  5
238
330
17
100
AcDbEntity
  8
GIZLI
100
AcDbPolyline
 90
2
 70
0
 10
745.8946778707511
 20
3.000000000000007
 10
748.628642292407
 20
3.000000000000007
  0
LWPOLYLINE
  5
239
330
17
100
AcDbEntity
  8
GIZLI
100
AcDbPolyline
 90
2
 70
0
 10
744.0460665974512
 20
3.000000000000007
 10
748.628642292407
 20
3.000000000000007
  0
LWPOLYLINE
  5
23A
330
17
100
AcDbEntity
  8
GIZLI
100
AcDbPolyline
 90
2
 70
0
 10
748.6275762517805
 20
6.000000000010008
 10
748.6275762517676
 20
11.770811391345557
  0
LWPOLYLINE
  5
23B
330
17
100
AcDbEntity
  8
GIZLI
100
AcDbPolyline
 90
2
 70
0
 10
746.8263672007032
 20
27.035028148000166
 10
746.861028961562
 20
32.00000000002592
  0
LWPOLYLINE
  5
23C
330
17
100
AcDbEntity
  8
GIZLI
100
AcDbPolyline
 90
2
 70
0
 10
746.826367200755
 20
9.9488939147634
 10
743.8264403085543
 20
9.948893914756628
  0
LWPOLYLINE
  5
23D
330
17
100
AcDbEntity
  8
GIZLI
100
AcDbPolyline
 90
2
 70
0
 10
746.8263672006319
 20
27.03502814800001
 10
746.8263672006705
 20
9.94889391477001
  0
LWPOLYLINE
  5
23E
330
17
100
AcDbEntity
  8
GIZLI
100
AcDbPolyline
 90
23
 70
0
 10
746.8602617703158
 20
6.000536508778187
 10
746.8602393676924
 20
6.000558781441639
 10
746.8602169651734
 20
6.000583113641904
 10
746.8601945627681
 20
6.000609505368958
 10
746.8601721604857
 20
6.000637956611931
 10
746.8601497583354
 20
6.000668467359102
 10
746.8601273563263
 20
6.000701037597904
 10
746.8600974872168
 20
6.000747668213309
 10
746.8600638848156
 20
6.000804504004107
 10
746.8600302828121
 20
6.000865973524795
 10
746.8599966812372
 20
6.000932076718401
 10
746.8599518798582
 20
6.001027422139017
 10
746.8599014793757
 20
6.001144531965245
 10
746.8598510801264
 20
6.001272066973646
 10
746.8597838832275
 20
6.001458330138756
 10
746.85970828987
 20
6.001690028281014
 10
746.8596075045143
 20
6.002035443081885
 10
746.8594941298583
 20
6.00247387106927
 10
746.8593429802579
 20
6.00314051726013
 10
746.8591162972072
 20
6.004316336621088
 10
746.8587763846127
 20
6.006475626386448
 10
746.8378976305494
 20
7.189294054514955
 10
746.8263672006641
 20
9.948893914914049
  0
LWPOLYLINE
  5
23F
330
17
100
AcDbEntity
  8
GIZLI
100
AcDbPolyline
 90
2
 70
0
 10
746.8607979391445
 20
6.0000000000100115
 10
746.8602617455439
 20
6.0000000000100115
  0
LWPOLYLINE
  5
240
330
17
100
AcDbEntity
  8
GIZLI
100
AcDbPolyline
 90
2
 70
0
 10
746.860797939148
 20
6.000000000013396
 10
743.8608710470703
 20
6.000000000006626
  0
LWPOLYLINE
  5
241
330
17
100
AcDbEntity
  8
GIZLI
100
AcDbPolyline
 90
2
 70
0
 10
743.8608710470703
 20
6.000536520466629
 10
746.8602617579611
 20
6.0005365204734
  0
LWPOLYLINE
  5
242
330
17
100
AcDbEntity
  8
GIZLI
100
AcDbPolyline
 90
2
 70
0
 10
746.9647833617512
 20
5.863120923490008
 10
743.9656372139511
 20
5.93156046175001
  0
LWPOLYLINE
  5
243
330
17
100
AcDbEntity
  8
GIZLI
100
AcDbPolyline
 90
2
 70
0
 10
746.8607979391512
 20
6.000000000020009
 10
746.9647833617512
 20
5.863120923490008
  0
LWPOLYLINE
  5
244
330
17
100
AcDbEntity
  8
GIZLI
100
AcDbPolyline
 90
35
 70
0
 10
746.9647833617512
 20
5.863120923490008
 10
746.9522684343235
 20
5.589178750121123
 10
746.9272677196817
 20
5.3160794305232555
 10
746.8898209395949
 20
5.044403720487695
 10
746.839997746961
 20
4.774726519423304
 10
746.7778968968433
 20
4.5076160600749535
 10
746.7036454175059
 20
4.243633098241978
 10
746.61739778145
 20
3.9833301024966126
 10
746.5193350764506
 20
3.727250443902441
 10
746.4096641765917
 20
3.475927585732838
 10
746.2886169133034
 20
3.2298842731894157
 10
746.1564492463972
 20
2.9896317231204654
 10
746.0134404351024
 20
2.755668813739407
 10
745.8598922091026
 20
2.5284812743432266
 10
745.6961279395713
 20
2.308540875030926
 10
745.5224918102082
 20
2.0963046164219676
 10
745.3393479882756
 20
1.8922139193747145
 10
745.147079795634
 20
1.6966938147048776
 10
744.9460888797787
 20
1.5101521329039622
 10
744.7367943848757
 20
1.332978693857708
 10
744.5196321227978
 20
1.1655444965645367
 10
744.2950537441608
 20
1.008200908853996
 10
744.0635259093596
 20
0.8612788571052024
 10
743.8255294596044
 20
0.725088015965289
 10
743.5815585879567
 20
0.5999159980678463
 10
743.3321200103657
 20
0.4860275437513675
 10
743.0777321367037
 20
0.38366371077769656
 10
742.8189242418032
 20
0.2930410640504659
 10
742.5562356364925
 20
0.21435086533355108
 10
742.2902148386318
 20
0.1477582629695
 10
742.0214187441492
 20
0.09340148159799533
 10
741.7504117980773
 20
0.0513910118742853
 10
741.4777651655892
 20
0.021808800187630872
 10
741.2221799905873
 20
0.0054524578303318805
 10
740.9661420250512
 20
7.105427357601002e-15
  0
LWPOLYLINE
  5
245
330
17
100
AcDbEntity
  8
GIZLI
100
AcDbPolyline
 90
36
 70
0
 10
742.6277224675512
 20
7.105427357601002e-15
 10
742.9014819939977
 20
0.006248915005912181
 10
743.1746712871065
 20
0.02498264371070924
 10
743.44672130132
 20
0.05616216428825904
 10
743.7170653641662
 20
0.09972253068055714
 10
743.9851403566212
 20
0.1555730078785329
 10
744.2503878860708
 20
0.2235972609205028
 10
744.512255449426
 20
0.30365359721460017
 10
744.7701975839714
 20
0.3955752616804302
 10
745.0236770035484
 20
0.4991707840951767
 10
745.2721657177077
 20
0.6142243779206522
 10
745.5151461314975
 20
0.7404963897805441
 10
745.7521121236
 20
0.8777237986516067
 10
745.9825701005672
 20
1.025620763729
 10
746.2060400249622
 20
1.1838792198245924
 10
746.4220564152638
 20
1.3521695190580134
 10
746.630169315451
 20
1.530141117503855
 10
746.8299452322486
 20
1.7174233053647328
 10
747.0209680380823
 20
1.9136259791492911
 10
747.2028398378591
 20
2.118340454246728
 10
747.3751817977728
 20
2.3311403162052553
 10
747.5376349344037
 20
2.551582308941324
 10
747.6898608624708
 20
2.779207258029487
 10
747.8315424996784
 20
3.01354102714972
 10
747.9623847271905
 20
3.25409550569994
 10
748.082115004354
 20
3.5003696255165657
 10
748.1904839363938
 20
3.7518504045852987
 10
748.2872657938946
 20
4.0080140155681345
 10
748.3722589829891
 20
4.268326876920859
 10
748.4452864652726
 20
4.532246764328294
 10
748.5061961265684
 20
4.799223940142181
 10
748.5548610937776
 20
5.068702298469127
 10
748.5911799991524
 20
5.340120523523425
 10
748.6150771914416
 20
5.61291325883194
 10
748.6244506725747
 20
5.806355751890011
 10
748.6275762517836
 20
6.000000000010007
  0
LWPOLYLINE
  5
246
330
17
100
AcDbEntity
  8
GIZLI
100
AcDbPolyline
 90
22
 70
0
 10
746.8726728045309
 20
17.73841119146645
 10
746.8726845146391
 20
17.73839891832002
 10
746.8726962246872
 20
17.73838551972755
 10
746.8727079346697
 20
17.738370995695085
 10
746.8727196445817
 20
17.738355346229152
 10
746.8727313544176
 20
17.738338571336804
 10
746.8727430641725
 20
17.738320671025587
 10
746.8727586770434
 20
17.7382950533064
 10
746.8727762413239
 20
17.738263841900004
 10
746.8727938053762
 20
17.738230098376977
 10
746.8728172237269
 20
17.73818116822429
 10
746.872843568796
 20
17.738120741237683
 10
746.8728699131984
 20
17.738054617315388
 10
746.8729050379271
 20
17.737957590448048
 10
746.872944551525
 20
17.737836330047077
 10
746.8729972331475
 20
17.737654712627926
 10
746.873056495086
 20
17.73742315974197
 10
746.8731355018124
 20
17.737069572256562
 10
746.8732539889144
 20
17.73644309836636
 10
746.8734316570228
 20
17.73528723845843
 10
746.885241643374
 20
16.954725487582785
 10
746.8900036849751
 20
15.22101896389993
  0
LWPOLYLINE
  5
247
330
17
100
AcDbEntity
  8
GIZLI
100
AcDbPolyline
 90
2
 70
0
 10
746.8550982341272
 20
15.255925265400093
 10
746.8725509595456
 20
17.73847211470001
  0
LWPOLYLINE
  5
248
330
17
100
AcDbEntity
  8
GIZLI
100
AcDbPolyline
 90
23
 70
0
 10
746.8725509595456
 20
17.73847211470001
 10
746.8725560364611
 20
17.738472008930078
 10
746.8725611133763
 20
17.73847169162029
 10
746.8725661902905
 20
17.73847116277068
 10
746.8725712672035
 20
17.738470422381283
 10
746.8725763441148
 20
17.738469470452166
 10
746.8725814210238
 20
17.738468306983414
 10
746.8725864979305
 20
17.73846693197512
 10
746.8725915748339
 20
17.738465345427397
 10
746.872596651734
 20
17.738463547340388
 10
746.8726017286302
 20
17.738461537714237
 10
746.8726068055222
 20
17.738459316549122
 10
746.8726118824094
 20
17.738456883845224
 10
746.8726169592915
 20
17.738454239602753
 10
746.872622036168
 20
17.738451383821932
 10
746.8726271130384
 20
17.738448316503
 10
746.8726321899024
 20
17.73844503764622
 10
746.8726372667595
 20
17.738441547251867
 10
746.872644035891
 20
17.738436564334798
 10
746.8726516511471
 20
17.73843050903732
 10
746.872659266384
 20
17.73842397778308
 10
746.8726660354661
 20
17.73841777265611
 10
746.8726728045309
 20
17.73841119146645
  0
LWPOLYLINE
  5
249
330
17
100
AcDbEntity
  8
GIZLI
100
AcDbPolyline
 90
22
 70
0
 10
746.8724291145714
 20
12.73853303793356
 10
746.8724174044632
 20
12.738545311079994
 10
746.8724056944153
 20
12.73855870967246
 10
746.8723939844326
 20
12.738573233704926
 10
746.8723822745208
 20
12.738588883170857
 10
746.8723705646847
 20
12.738605658063207
 10
746.8723588549299
 20
12.738623558374421
 10
746.872343242059
 20
12.73864917609361
 10
746.8723256777785
 20
12.738680387499999
 10
746.8723081137263
 20
12.738714131023023
 10
746.8722846953756
 20
12.738763061175709
 10
746.8722583503063
 20
12.738823488162314
 10
746.8722320059039
 20
12.738889612084606
 10
746.8721968811752
 20
12.738986638951939
 10
746.8721573675774
 20
12.739107899352904
 10
746.8721046859548
 20
12.739289516772047
 10
746.8720454240165
 20
12.73952106965799
 10
746.8719664172901
 20
12.739874657143378
 10
746.8718479301881
 20
12.740501131033547
 10
746.8716702620795
 20
12.741656990941417
 10
746.8598602757287
 20
13.522218741779634
 10
746.8550982341272
 20
15.255925265400094
  0
LWPOLYLINE
  5
24A
330
17
100
AcDbEntity
  8
GIZLI
100
AcDbPolyline
 90
2
 70
0
 10
746.8900036849751
 20
15.22101896389993
 10
746.8725509595569
 20
12.73847211470001
  0
LWPOLYLINE
  5
24B
330
17
100
AcDbEntity
  8
GIZLI
100
AcDbPolyline
 90
23
 70
0
 10
746.8725509595569
 20
12.73847211470001
 10
746.8725458826412
 20
12.73847222046994
 10
746.8725408057261
 20
12.738472537779726
 10
746.8725357288118
 20
12.73847306662934
 10
746.8725306518988
 20
12.738473807018735
 10
746.8725255749877
 20
12.73847475894785
 10
746.8725204980785
 20
12.738475922416605
 10
746.872515421172
 20
12.7384772974249
 10
746.8725103442684
 20
12.73847888397262
 10
746.8725052673683
 20
12.738480682059631
 10
746.8725001904721
 20
12.73848269168578
 10
746.8724951135802
 20
12.738484912850897
 10
746.872490036693
 20
12.738487345554793
 10
746.8724849598109
 20
12.738489989797264
 10
746.8724798829345
 20
12.738492845578087
 10
746.872474806064
 20
12.738495912897017
 10
746.8724697292
 20
12.738499191753796
 10
746.8724646523428
 20
12.738502682148148
 10
746.8724578832114
 20
12.738507665065217
 10
746.8724502679554
 20
12.738513720362693
 10
746.8724426527185
 20
12.738520251616935
 10
746.8724358836363
 20
12.738526456743903
 10
746.8724291145714
 20
12.73853303793356
  0
LWPOLYLINE
  5
24C
330
17
100
AcDbEntity
  8
GIZLI
100
AcDbPolyline
 90
2
 70
0
 10
747.1276783520235
 20
26.000000000000007
 10
746.960128104872
 20
26.000000000000007
  0
LWPOLYLINE
  5
24D
330
17
100
AcDbEntity
  8
GIZLI
100
AcDbPolyline
 90
79
 70
0
 10
746.9601281048614
 20
17.000000000000007
 10
746.9601176270606
 20
17.00000025028229
 10
746.960107149261
 20
17.00000100112912
 10
746.9600966714637
 20
17.00000225254041
 10
746.96008619367
 20
17.000004004516015
 10
746.9600757158809
 20
17.000006257055748
 10
746.9600652380976
 20
17.000009010159353
 10
746.9600547603213
 20
17.000012263826527
 10
746.9600442825532
 20
17.00001601805691
 10
746.9600338047944
 20
17.00002027285008
 10
746.9600233270461
 20
17.000025028205567
 10
746.9600128493095
 20
17.00003028412284
 10
746.9600023715857
 20
17.000036040601312
 10
746.9599918938758
 20
17.00004229764035
 10
746.9599814161811
 20
17.000049055239252
 10
746.9599709385027
 20
17.000056313397266
 10
746.9599604608418
 20
17.000064072113588
 10
746.9599499831996
 20
17.00007233138735
 10
746.9599395055772
 20
17.00008109121764
 10
746.9599255354467
 20
17.00009354963315
 10
746.959909819098
 20
17.00010862902806
 10
746.959894102804
 20
17.000124834666053
 10
746.9598783865686
 20
17.000142166543075
 10
746.9598626703955
 20
17.000160624654782
 10
746.959846954289
 20
17.00018020899656
 10
746.9598259995904
 20
17.000208073357193
 10
746.9598024257156
 20
17.000241813975876
 10
746.9597788520242
 20
17.00027808856643
 10
746.9597552785295
 20
17.000316897108423
 10
746.9597238475321
 20
17.000372583495345
 10
746.9596884881454
 20
17.000440615211218
 10
746.9596531293157
 20
17.00051434811157
 10
746.9596059851533
 20
17.00062152699205
 10
746.9595529493818
 20
17.000754217748593
 10
746.9594999152498
 20
17.000899735274484
 10
746.959429205886
 20
17.00111371067236
 10
746.9593496621034
 20
17.001381687638435
 10
746.9592436115822
 20
17.001783877354562
 10
746.9591243168624
 20
17.00229765444624
 10
746.958965280069
 20
17.003083665211953
 10
746.9587267820957
 20
17.004479013504152
 10
746.958369191121
 20
17.007058617658966
 10
746.9578332475435
 20
17.012022138334963
 10
746.9550512608826
 20
25.94085186316955
 10
746.9575813002472
 20
25.98518859047549
 10
746.9582170835084
 20
25.991666581095032
 10
746.9586944515207
 20
25.99531181862701
 10
746.9590527014291
 20
25.997362697600018
 10
746.9592704096231
 20
25.998322599546235
 10
746.9594173866022
 20
25.99884829744945
 10
746.9595166050599
 20
25.999147442690315
 10
746.9595992918113
 20
25.999362434380192
 10
746.9596613093111
 20
25.999503216482204
 10
746.9597129919612
 20
25.99960713693216
 10
746.9597560617004
 20
25.999684432942793
 10
746.9597919536876
 20
25.99974238480752
 10
746.9598188729685
 20
25.99978199379797
 10
746.9598483094613
 20
25.999821524125746
 10
746.9598728400608
 20
25.99985144790113
 10
746.9598955537181
 20
25.99987670863521
 10
746.9599125890413
 20
25.999894110434376
 10
746.9599312172397
 20
25.999911624714652
 10
746.9599484656334
 20
25.99992643086665
 10
746.9599639892342
 20
25.999938596580485
 10
746.9599795128751
 20
25.99994966351158
 10
746.959993484183
 20
25.99995868428808
 10
746.9600060583829
 20
25.99996604202159
 10
746.9600186326024
 20
25.999972678839345
 10
746.9600312068394
 20
25.999978594740277
 10
746.960043781092
 20
25.99998378972344
 10
746.960055097931
 20
25.999987848822904
 10
746.9600652830941
 20
25.999991002739808
 10
746.9600754682639
 20
25.999993683661256
 10
746.9600856534393
 20
25.999995891586966
 10
746.9600958386189
 20
25.99999762651671
 10
746.9601060238022
 20
25.9999988884503
 10
746.9601162089876
 20
25.99999967738761
 10
746.9601221569142
 20
25.999999919346905
 10
746.960128104841
 20
26.000000000000007
  0
LWPOLYLINE
  5
24E
330
17
100
AcDbEntity
  8
GIZLI
100
AcDbPolyline
 90
2
 70
0
 10
746.960128104872
 20
17.000000000000007
 10
747.1276783520235
 20
17.000000000000007
  0
LWPOLYLINE
  5
24F
330
17
100
AcDbEntity
  8
GIZLI
100
AcDbPolyline
 90
79
 70
0
 10
747.1276783519411
 20
26.000000000000007
 10
747.1276888297418
 20
25.999999749717723
 10
747.1276993075414
 20
25.999998998870893
 10
747.1277097853387
 20
25.999997747459606
 10
747.1277202631325
 20
25.999995995484
 10
747.1277307409215
 20
25.999993742944266
 10
747.1277412187047
 20
25.99999098984066
 10
747.127751696481
 20
25.999987736173487
 10
747.1277621742491
 20
25.999983981943103
 10
747.1277726520079
 20
25.999979727149935
 10
747.1277831297563
 20
25.999974971794447
 10
747.1277936074929
 20
25.999969715877175
 10
747.1278040852168
 20
25.999963959398702
 10
747.1278145629266
 20
25.999957702359666
 10
747.1278250406212
 20
25.999950944760762
 10
747.1278355182997
 20
25.999943686602748
 10
747.1278459959606
 20
25.999935927886426
 10
747.1278564736028
 20
25.999927668612663
 10
747.1278669512252
 20
25.999918908782373
 10
747.1278809213557
 20
25.999906450366865
 10
747.1278966377043
 20
25.999891370971955
 10
747.1279123539983
 20
25.99987516533396
 10
747.1279280702339
 20
25.99985783345694
 10
747.1279437864068
 20
25.999839375345232
 10
747.1279595025134
 20
25.999819791003453
 10
747.1279804572121
 20
25.99979192664282
 10
747.1280040310868
 20
25.99975818602414
 10
747.1280276047781
 20
25.999721911433586
 10
747.1280511782729
 20
25.99968310289159
 10
747.1280826092702
 20
25.99962741650467
 10
747.128117968657
 20
25.999559384788796
 10
747.1281533274868
 20
25.999485651888445
 10
747.128200471649
 20
25.999378473007965
 10
747.1282535074207
 20
25.99924578225142
 10
747.1283065415525
 20
25.999100264725527
 10
747.1283772509165
 20
25.998886289327654
 10
747.128456794699
 20
25.99861831236158
 10
747.1285628452202
 20
25.998216122645452
 10
747.1286821399401
 20
25.997702345553773
 10
747.1288411767333
 20
25.996916334788057
 10
747.1290796747068
 20
25.995520986495862
 10
747.1294372656813
 20
25.992941382341044
 10
747.129973209259
 20
25.98797786166504
 10
747.1327551959198
 20
17.059148136829215
 10
747.1302251565553
 20
17.014811409524235
 10
747.1295893732939
 20
17.00833341890483
 10
747.1291120052816
 20
17.004688181372927
 10
747.1287537553733
 20
17.002637302399958
 10
747.1285360471793
 20
17.001677400453758
 10
747.1283890702001
 20
17.001151702550555
 10
747.1282898517425
 20
17.000852557309692
 10
747.1282071649911
 20
17.00063756561982
 10
747.1281451474913
 20
17.000496783517807
 10
747.1280934648413
 20
17.000392863067855
 10
747.1280503951019
 20
17.00031556705722
 10
747.1280145031147
 20
17.000257615192496
 10
747.1279875838338
 20
17.000218006202047
 10
747.127958147341
 20
17.00017847587427
 10
747.1279336167415
 20
17.00014855209889
 10
747.1279109030844
 20
17.000123291364808
 10
747.127893867761
 20
17.00010588956564
 10
747.1278752395627
 20
17.000088375285365
 10
747.127857991169
 20
17.000073569133363
 10
747.1278424675683
 20
17.00006140341953
 10
747.1278269439274
 20
17.00005033648844
 10
747.1278129726195
 20
17.000041315711936
 10
747.1278003984195
 20
17.000033957978424
 10
747.1277878242
 20
17.000027321160672
 10
747.127775249963
 20
17.000021405259737
 10
747.1277626757104
 20
17.000016210276577
 10
747.1277513588715
 20
17.00001215117711
 10
747.1277411737083
 20
17.00000899726021
 10
747.1277309885385
 20
17.000006316338762
 10
747.1277208033632
 20
17.00000410841305
 10
747.1277106181834
 20
17.000002373483305
 10
747.1277004330003
 20
17.000001111549714
 10
747.1276902478148
 20
17.000000322612404
 10
747.1276842998882
 20
17.00000008065311
 10
747.1276783519613
 20
17.000000000000007
  0
LWPOLYLINE
  5
250
330
17
100
AcDbEntity
  8
GIZLI
100
AcDbPolyline
 90
2
 70
0
 10
695.6276875273244
 20
25.99999999999701
 10
692.7953168302473
 20
26.0000000000034
  0
LWPOLYLINE
  5
251
330
17
100
AcDbEntity
  8
GIZLI
100
AcDbPolyline
 90
2
 70
0
 10
695.6276934751653
 20
16.999999999997005
 10
692.7953168302473
 20
17.0000000000034
  0
LWPOLYLINE
  5
252
330
17
100
AcDbEntity
  8
GIZLI
100
AcDbPolyline
 90
79
 70
0
 10
692.7953168302613
 20
26.000000000000014
 10
692.795327308062
 20
25.99999974971773
 10
692.7953377858616
 20
25.9999989988709
 10
692.795348263659
 20
25.999997747459613
 10
692.7953587414527
 20
25.999995995484007
 10
692.7953692192418
 20
25.999993742944273
 10
692.795379697025
 20
25.99999098984067
 10
692.7953901748014
 20
25.999987736173495
 10
692.7954006525695
 20
25.99998398194311
 10
692.7954111303283
 20
25.99997972714994
 10
692.7954216080766
 20
25.999974971794455
 10
692.7954320858132
 20
25.99996971587718
 10
692.7954425635371
 20
25.99996395939871
 10
692.7954530412469
 20
25.999957702359673
 10
692.7954635189416
 20
25.999950944760773
 10
692.79547399662
 20
25.99994368660276
 10
692.7954844742809
 20
25.999935927886437
 10
692.7954949519232
 20
25.99992766861267
 10
692.7955054295455
 20
25.999918908782384
 10
692.795519399676
 20
25.999906450366872
 10
692.7955351160247
 20
25.99989137097196
 10
692.7955508323187
 20
25.999875165333968
 10
692.7955665485542
 20
25.999857833456947
 10
692.7955822647272
 20
25.99983937534524
 10
692.7955979808337
 20
25.99981979100346
 10
692.7956189355323
 20
25.999791926642825
 10
692.7956425094071
 20
25.999758186024145
 10
692.7956660830985
 20
25.999721911433593
 10
692.7956896565931
 20
25.9996831028916
 10
692.7957210875906
 20
25.999627416504676
 10
692.7957564469773
 20
25.999559384788803
 10
692.7957918058071
 20
25.999485651888453
 10
692.7958389499694
 20
25.999378473007972
 10
692.795891985741
 20
25.99924578225143
 10
692.7959450198729
 20
25.999100264725534
 10
692.7960157292368
 20
25.99888628932766
 10
692.7960952730193
 20
25.998618312361586
 10
692.7962013235406
 20
25.99821612264546
 10
692.7963206182603
 20
25.99770234555378
 10
692.7964796550536
 20
25.996916334788068
 10
692.7967181530271
 20
25.99552098649587
 10
692.7970757440016
 20
25.992941382341055
 10
692.7976116875792
 20
25.98797786166506
 10
692.8003936741998
 20
17.059148136830466
 10
692.797863634835
 20
17.014811409524526
 10
692.7972278515738
 20
17.008333418904986
 10
692.7967504835614
 20
17.00468818137301
 10
692.796392233653
 20
17.0026373024
 10
692.796174525459
 20
17.001677400453783
 10
692.7960275484799
 20
17.001151702550573
 10
692.7959283300222
 20
17.000852557309706
 10
692.7958456432708
 20
17.00063756561983
 10
692.795783625771
 20
17.000496783517818
 10
692.7957319431209
 20
17.000392863067862
 10
692.7956888733816
 20
17.00031556705723
 10
692.7956529813945
 20
17.000257615192503
 10
692.7956260621136
 20
17.00021800620205
 10
692.7955966256206
 20
17.000178475874275
 10
692.7955720950213
 20
17.000148552098892
 10
692.795549381364
 20
17.00012329136481
 10
692.7955323460408
 20
17.000105889565646
 10
692.7955137178424
 20
17.000088375285365
 10
692.7954964694487
 20
17.00007356913337
 10
692.7954809458479
 20
17.000061403419537
 10
692.795465422207
 20
17.000050336488442
 10
692.7954514508991
 20
17.00004131571194
 10
692.7954388766992
 20
17.00003395797843
 10
692.7954263024797
 20
17.000027321160676
 10
692.7954137282426
 20
17.000021405259744
 10
692.79540115399
 20
17.00001621027658
 10
692.7953898371511
 20
17.000012151177117
 10
692.795379651988
 20
17.000008997260213
 10
692.7953694668182
 20
17.00000631633877
 10
692.7953592816428
 20
17.000004108413055
 10
692.7953490964632
 20
17.000002373483312
 10
692.7953389112799
 20
17.00000111154972
 10
692.7953287260945
 20
17.00000032261241
 10
692.7953227781678
 20
17.000000080653116
 10
692.7953168302411
 20
17.000000000000014
  0
LWPOLYLINE
  5
253
330
17
100
AcDbEntity
  8
GIZLI
100
AcDbPolyline
 90
19
 70
0
 10
692.8827721305714
 20
17.73841119146645
 10
692.8827822841753
 20
17.73842092222749
 10
692.882792437817
 20
17.738429806846423
 10
692.8828015761239
 20
17.738437079549467
 10
692.882809800622
 20
17.73844303898275
 10
692.8828180251387
 20
17.738448443257287
 10
692.8828254272182
 20
17.738452832442636
 10
692.8828320891004
 20
17.73845639823277
 10
692.8828387509915
 20
17.738459599781297
 10
692.8828454128907
 20
17.73846243708775
 10
692.882852074797
 20
17.738464910151716
 10
692.8828587367094
 20
17.738467018972838
 10
692.8828647324349
 20
17.738468605483956
 10
692.8828701285909
 20
17.738469781087208
 10
692.8828755247491
 20
17.738470717710264
 10
692.8828809209092
 20
17.738471415353033
 10
692.8828863170704
 20
17.738471874015442
 10
692.8828901463136
 20
17.738472054528867
 10
692.8828939755568
 20
17.73847211470001
  0
LWPOLYLINE
  5
254
330
17
100
AcDbEntity
  8
GIZLI
100
AcDbPolyline
 90
44
 70
0
 10
692.8828939755568
 20
17.73847211470001
 10
692.8828998047445
 20
17.738471975262886
 10
692.8829056339315
 20
17.73847155695153
 10
692.8829114631171
 20
17.738470859765986
 10
692.8829172923009
 20
17.738469883706337
 10
692.882923121482
 20
17.73846862877269
 10
692.8829289506599
 20
17.73846709496518
 10
692.8829347798339
 20
17.738465282283986
 10
692.8829406090033
 20
17.738463190729306
 10
692.8829464381676
 20
17.73846082030137
 10
692.8829522673259
 20
17.73845817100045
 10
692.8829580964779
 20
17.738455242826834
 10
692.8829639256226
 20
17.738452035780856
 10
692.8829697547594
 20
17.738448549862866
 10
692.882975583888
 20
17.73844478507326
 10
692.8829814130073
 20
17.738440741412454
 10
692.8829872421169
 20
17.7384364188809
 10
692.8829930712161
 20
17.73843181747908
 10
692.8829989003043
 20
17.738426937207507
 10
692.8830066724034
 20
17.738419996382294
 10
692.8830154159883
 20
17.738411595358585
 10
692.8830241595426
 20
17.738402566883014
 10
692.8830329030643
 20
17.738392910957852
 10
692.8830416465512
 20
17.738382627585516
 10
692.8830503900009
 20
17.73837171676859
 10
692.8830620478724
 20
17.738356192992526
 10
692.883075162888
 20
17.738337395439185
 10
692.8830882778013
 20
17.738317186161094
 10
692.8831013926048
 20
17.738295565169672
 10
692.883118878826
 20
17.738264541203804
 10
692.8831385505541
 20
17.7382266394163
 10
692.8831582219715
 20
17.738185561389027
 10
692.8831844500014
 20
17.73812584995938
 10
692.8832139557478
 20
17.73805192537143
 10
692.8832434605793
 20
17.73797085474444
 10
692.8832827987859
 20
17.73785164491793
 10
692.8833270518962
 20
17.737702349782385
 10
692.8833860516608
 20
17.737478282151244
 10
692.8834524196359
 20
17.737192047072988
 10
692.8835408975309
 20
17.73675414544954
 10
692.8836735824519
 20
17.73597677041849
 10
692.8838725228089
 20
17.734539624553488
 10
692.8955345363336
 20
16.96229831140275
 10
692.9003467009752
 20
15.255925265400094
  0
LWPOLYLINE
  5
255
330
17
100
AcDbEntity
  8
GIZLI
100
AcDbPolyline
 90
2
 70
0
 10
681.6277224675512
 20
25.999999999903384
 10
684.6277224675512
 20
25.999999999896612
  0
LWPOLYLINE
  5
256
330
17
100
AcDbEntity
  8
GIZLI
100
AcDbPolyline
 90
2
 70
0
 10
681.6277224675512
 20
25.999999999903384
 10
684.6277224675512
 20
25.999999999896612
  0
LWPOLYLINE
  5
257
330
17
100
AcDbEntity
  8
GIZLI
100
AcDbPolyline
 90
2
 70
0
 10
684.6277224675455
 20
13.949232512900007
 10
684.6277224675393
 20
11.249999999900012
  0
LWPOLYLINE
  5
258
330
17
100
AcDbEntity
  8
GIZLI
100
AcDbPolyline
 90
2
 70
0
 10
684.6277224675512
 20
11.24999999989662
 10
681.6277224675512
 20
11.249999999903391
  0
LWPOLYLINE
  5
259
330
17
100
AcDbEntity
  8
GIZLI
100
AcDbPolyline
 90
2
 70
0
 10
684.6277224675393
 20
11.249999999900012
 10
684.6277224675455
 20
13.949232512900007
  0
LWPOLYLINE
  5
25A
330
17
100
AcDbEntity
  8
GIZLI
100
AcDbPolyline
 90
2
 70
0
 10
684.6277224675295
 20
9.366656817943312
 10
684.6277224675398
 20
13.949232512900007
  0
LWPOLYLINE
  5
25B
330
17
100
AcDbEntity
  8
GIZLI
100
AcDbPolyline
 90
2
 70
0
 10
684.6277224675512
 20
21.749999999896627
 10
681.6277224675512
 20
21.749999999903398
  0
LWPOLYLINE
  5
25C
330
17
100
AcDbEntity
  8
GIZLI
100
AcDbPolyline
 90
2
 70
0
 10
684.6277224675512
 20
19.999999999896612
 10
681.6277224675512
 20
19.999999999903384
  0
LWPOLYLINE
  5
25D
330
17
100
AcDbEntity
  8
GIZLI
100
AcDbPolyline
 90
2
 70
0
 10
684.6277224675512
 20
19.999999999896612
 10
681.6277224675512
 20
19.999999999903384
  0
LWPOLYLINE
  5
25E
330
17
100
AcDbEntity
  8
GIZLI
100
AcDbPolyline
 90
2
 70
0
 10
692.9003467009752
 20
15.255925265400094
 10
692.883015820531
 20
12.73853303793356
  0
LWPOLYLINE
  5
25F
330
17
100
AcDbEntity
  8
GIZLI
100
AcDbPolyline
 90
2
 70
0
 10
681.6277224675512
 20
14.000000000003393
 10
684.6277224675512
 20
13.999999999996621
  0
LWPOLYLINE
  5
260
330
17
100
AcDbEntity
  8
GIZLI
100
AcDbPolyline
 90
2
 70
0
 10
681.6277224675512
 20
14.000000000003393
 10
684.6277224675512
 20
13.999999999996621
  0
LWPOLYLINE
  5
261
330
17
100
AcDbEntity
  8
GIZLI
100
AcDbPolyline
 90
2
 70
0
 10
684.6277224675579
 20
13.949232512900007
 10
684.6277224675512
 20
11.000000000000007
  0
LWPOLYLINE
  5
262
330
17
100
AcDbEntity
  8
GIZLI
100
AcDbPolyline
 90
2
 70
0
 10
684.6277224675569
 20
11.000000000000005
 10
684.6277224675532
 20
9.366656817943312
  0
LWPOLYLINE
  5
263
330
17
100
AcDbEntity
  8
GIZLI
100
AcDbPolyline
 90
19
 70
0
 10
692.883015820531
 20
12.73853303793356
 10
692.8830056669271
 20
12.738523307172523
 10
692.8829955132854
 20
12.738514422553592
 10
692.8829863749784
 20
12.738507149850548
 10
692.8829781504804
 20
12.738501190417264
 10
692.8829699259637
 20
12.738495786142732
 10
692.8829625238842
 20
12.73849139695738
 10
692.8829558620021
 20
12.738487831167248
 10
692.8829492001109
 20
12.738484629618721
 10
692.8829425382116
 20
12.738481792312268
 10
692.8829358763054
 20
12.7384793192483
 10
692.882929214393
 20
12.738477210427181
 10
692.8829232186674
 20
12.738475623916063
 10
692.8829178225114
 20
12.73847444831281
 10
692.8829124263532
 20
12.738473511689755
 10
692.8829070301932
 20
12.738472814046988
 10
692.8829016340319
 20
12.738472355384575
 10
692.8828978047889
 20
12.738472174871152
 10
692.8828939755456
 20
12.73847211470001
  0
LWPOLYLINE
  5
264
330
17
100
AcDbEntity
  8
GIZLI
100
AcDbPolyline
 90
44
 70
0
 10
692.8828939755456
 20
12.73847211470001
 10
692.8828881463579
 20
12.738472254137132
 10
692.8828823171709
 20
12.73847267244849
 10
692.8828764879852
 20
12.73847336963403
 10
692.8828706588015
 20
12.738474345693682
 10
692.8828648296203
 20
12.738475600627329
 10
692.8828590004425
 20
12.738477134434836
 10
692.8828531712685
 20
12.738478947116032
 10
692.882847342099
 20
12.738481038670713
 10
692.8828415129349
 20
12.738483409098647
 10
692.8828356837764
 20
12.738486058399568
 10
692.8828298546246
 20
12.738488986573183
 10
692.8828240254799
 20
12.738492193619162
 10
692.8828181963429
 20
12.738495679537149
 10
692.8828123672145
 20
12.738499444326756
 10
692.8828065380951
 20
12.738503487987561
 10
692.8828007089855
 20
12.738507810519117
 10
692.8827948798863
 20
12.738512411920937
 10
692.8827890507981
 20
12.73851729219251
 10
692.8827812786989
 20
12.73852423301772
 10
692.8827725351141
 20
12.73853263404143
 10
692.8827637915597
 20
12.738541662517
 10
692.882755048038
 20
12.738551318442163
 10
692.8827463045512
 20
12.738561601814498
 10
692.8827375611015
 20
12.738572512631423
 10
692.8827259032299
 20
12.738588036407487
 10
692.8827127882143
 20
12.738606833960826
 10
692.8826996733011
 20
12.738627043238914
 10
692.8826865584975
 20
12.738648664230338
 10
692.8826690722764
 20
12.738679688196203
 10
692.8826494005482
 20
12.738717589983706
 10
692.8826297291309
 20
12.738758668010975
 10
692.882603501101
 20
12.73881837944062
 10
692.8825739953546
 20
12.738892304028568
 10
692.8825444905231
 20
12.73897337465555
 10
692.8825051523165
 20
12.739092584482055
 10
692.8824608992062
 20
12.739241879617595
 10
692.8824018994417
 20
12.739465947248721
 10
692.8823355314664
 20
12.739752182326963
 10
692.8822470535715
 20
12.740190083950388
 10
692.8821143686505
 20
12.740967458981403
 10
692.8819154282935
 20
12.74240460484633
 10
692.8702534147691
 20
13.514645917959761
 10
692.8654412501272
 20
15.22101896389993
  0
LWPOLYLINE
  5
265
330
17
100
AcDbEntity
  8
GIZLI
100
AcDbPolyline
 90
2
 70
0
 10
692.9290777344382
 20
9.948893914914049
 10
692.8951831647657
 20
6.00053650875833
  0
LWPOLYLINE
  5
266
330
17
100
AcDbEntity
  8
GIZLI
100
AcDbPolyline
 90
2
 70
0
 10
695.929004626548
 20
9.948893914766625
 10
692.9290777343473
 20
9.948893914773397
  0
LWPOLYLINE
  5
267
330
17
100
AcDbEntity
  8
GIZLI
100
AcDbPolyline
 90
2
 70
0
 10
692.8654412501272
 20
15.22101896389993
 10
692.8827721305714
 20
17.73841119146645
  0
LWPOLYLINE
  5
268
330
17
100
AcDbEntity
  8
GIZLI
100
AcDbPolyline
 90
2
 70
0
 10
692.7953168302305
 20
26.000000000000103
 10
692.6277665830789
 20
25.99999999999991
  0
LWPOLYLINE
  5
269
330
17
100
AcDbEntity
  8
GIZLI
100
AcDbPolyline
 90
2
 70
0
 10
692.6277665831474
 20
26.00000000000339
 10
695.6276875273244
 20
25.99999999999662
  0
LWPOLYLINE
  5
26A
330
17
100
AcDbEntity
  8
GIZLI
100
AcDbPolyline
 90
22
 70
0
 10
692.8944159735403
 20
32.00000000002592
 10
692.8944396144728
 20
31.999975211696757
 10
692.8944632552827
 20
31.999948129849997
 10
692.8944868959593
 20
31.999918754498076
 10
692.8945105364913
 20
31.999887085654464
 10
692.8945341768683
 20
31.999853123333686
 10
692.8945578170793
 20
31.999816867551317
 10
692.8945893370836
 20
31.999764958930143
 10
692.8946247966807
 20
31.999701688213776
 10
692.8946602558107
 20
31.99963325736539
 10
692.8947075338609
 20
31.999533989484995
 10
692.8947607204891
 20
31.999411348217272
 10
692.8948139057509
 20
31.999277097327976
 10
692.8948848170941
 20
31.999080037273664
 10
692.8949645888245
 20
31.998833675949236
 10
692.8950709446196
 20
31.998464565455084
 10
692.8951905848621
 20
31.99799381837821
 10
692.8953500863198
 20
31.997274756890548
 10
692.8955892913091
 20
31.99600034162046
 10
692.8959479703369
 20
31.993648240045623
 10
692.9193906868454
 20
30.45718593507404
 10
692.9290777343991
 20
27.035028148000166
  0
LWPOLYLINE
  5
26B
330
17
100
AcDbEntity
  8
GIZLI
100
AcDbPolyline
 90
2
 70
0
 10
692.9290777344705
 20
27.03502814800001
 10
692.9290777344319
 20
9.94889391477001
  0
LWPOLYLINE
  5
26C
330
17
100
AcDbEntity
  8
GIZLI
100
AcDbPolyline
 90
2
 70
0
 10
692.8951831895375
 20
6.0000000000100115
 10
692.8946469959579
 20
6.0000000000100115
  0
LWPOLYLINE
  5
26D
330
17
100
AcDbEntity
  8
GIZLI
100
AcDbPolyline
 90
2
 70
0
 10
691.1278686833218
 20
6.000000000010008
 10
691.1278686833349
 20
11.770811391345552
  0
LWPOLYLINE
  5
26E
330
17
100
AcDbEntity
  8
GIZLI
100
AcDbPolyline
 90
79
 70
0
 10
692.627766583141
 20
17.000000000000007
 10
692.6277561053403
 20
17.00000025028229
 10
692.6277456275407
 20
17.00000100112912
 10
692.6277351497434
 20
17.00000225254041
 10
692.6277246719496
 20
17.000004004516015
 10
692.6277141941606
 20
17.000006257055748
 10
692.6277037163773
 20
17.000009010159356
 10
692.6276932386011
 20
17.00001226382653
 10
692.6276827608328
 20
17.00001601805691
 10
692.627672283074
 20
17.000020272850083
 10
692.6276618053258
 20
17.00002502820557
 10
692.6276513275891
 20
17.000030284122843
 10
692.6276408498653
 20
17.000036040601316
 10
692.6276303721554
 20
17.000042297640352
 10
692.6276198944607
 20
17.000049055239252
 10
692.6276094167824
 20
17.000056313397266
 10
692.6275989391215
 20
17.000064072113588
 10
692.6275884614793
 20
17.000072331387354
 10
692.6275779838568
 20
17.000081091217645
 10
692.6275640137264
 20
17.000093549633156
 10
692.6275482973778
 20
17.000108629028066
 10
692.6275325810836
 20
17.00012483466606
 10
692.6275168648482
 20
17.00014216654308
 10
692.6275011486753
 20
17.00016062465479
 10
692.6274854325686
 20
17.000180208996568
 10
692.62746447787
 20
17.0002080733572
 10
692.6274409039953
 20
17.000241813975883
 10
692.6274173303038
 20
17.00027808856644
 10
692.6273937568092
 20
17.00031689710843
 10
692.6273623258118
 20
17.000372583495352
 10
692.627326966425
 20
17.000440615211225
 10
692.6272916075953
 20
17.00051434811158
 10
692.6272444634329
 20
17.00062152699206
 10
692.6271914276614
 20
17.000754217748607
 10
692.6271383935295
 20
17.0008997352745
 10
692.6270676841656
 20
17.001113710672374
 10
692.626988140383
 20
17.001381687638453
 10
692.6268820898619
 20
17.001783877354583
 10
692.626762795142
 20
17.002297654446267
 10
692.6266037583487
 20
17.00308366521198
 10
692.6263652603753
 20
17.004479013504188
 10
692.6260076694008
 20
17.00705861765901
 10
692.6254717258232
 20
17.012022138335027
 10
692.6226897392027
 20
25.940851863170916
 10
692.6252197785674
 20
25.985188590475836
 10
692.6258555618286
 20
25.991666581095227
 10
692.626332929841
 20
25.99531181862712
 10
692.6266911797494
 20
25.99736269760008
 10
692.6269088879434
 20
25.998322599546277
 10
692.6270558649226
 20
25.998848297449477
 10
692.6271550833802
 20
25.999147442690337
 10
692.6272377701316
 20
25.999362434380206
 10
692.6272997876314
 20
25.999503216482218
 10
692.6273514702814
 20
25.99960713693217
 10
692.6273945400208
 20
25.9996844329428
 10
692.6274304320079
 20
25.999742384807526
 10
692.6274573512889
 20
25.999781993797974
 10
692.6274867877817
 20
25.99982152412575
 10
692.6275113183812
 20
25.999851447901133
 10
692.6275340320383
 20
25.999876708635213
 10
692.6275510673617
 20
25.99989411043438
 10
692.6275696955599
 20
25.999911624714656
 10
692.6275869439537
 20
25.999926430866655
 10
692.6276024675544
 20
25.99993859658049
 10
692.6276179911954
 20
25.99994966351158
 10
692.6276319625033
 20
25.99995868428808
 10
692.6276445367032
 20
25.99996604202159
 10
692.6276571109227
 20
25.999972678839345
 10
692.6276696851597
 20
25.999978594740277
 10
692.6276822594123
 20
25.99998378972344
 10
692.6276935762512
 20
25.999987848822904
 10
692.6277037614144
 20
25.999991002739808
 10
692.6277139465842
 20
25.999993683661256
 10
692.6277241317595
 20
25.999995891586966
 10
692.6277343169393
 20
25.99999762651671
 10
692.6277445021224
 20
25.9999988884503
 10
692.6277546873079
 20
25.99999967738761
 10
692.6277606352345
 20
25.999999919346905
 10
692.6277665831614
 20
26.000000000000007
  0
LWPOLYLINE
  5
26F
330
17
100
AcDbEntity
  8
GIZLI
100
AcDbPolyline
 90
2
 70
0
 10
692.7953168302305
 20
17.000000000000007
 10
692.6277665830789
 20
17.000000000000007
  0
LWPOLYLINE
  5
270
330
17
100
AcDbEntity
  8
GIZLI
100
AcDbPolyline
 90
2
 70
0
 10
692.8946469959512
 20
6.000000000020009
 10
692.7906615733511
 20
5.863120923490008
  0
LWPOLYLINE
  5
271
330
17
100
AcDbEntity
  8
GIZLI
100
AcDbPolyline
 90
2
 70
0
 10
692.7906615733511
 20
5.863120923490008
 10
695.7898077211512
 20
5.93156046175001
  0
LWPOLYLINE
  5
272
330
17
100
AcDbEntity
  8
GIZLI
100
AcDbPolyline
 90
2
 70
0
 10
695.6276934751653
 20
16.99999999999662
 10
692.6277665830473
 20
17.000000000003393
  0
LWPOLYLINE
  5
273
330
17
100
AcDbEntity
  8
GIZLI
100
AcDbPolyline
 90
35
 70
0
 10
692.7906615733511
 20
5.863120923490008
 10
692.8031765007788
 20
5.589178750121121
 10
692.8281772154207
 20
5.316079430523252
 10
692.8656239955076
 20
5.04440372048769
 10
692.9154471881413
 20
4.774726519423296
 10
692.9775480382591
 20
4.507616060074945
 10
693.0517995175966
 20
4.2436330982419666
 10
693.1380471536525
 20
3.9833301024966006
 10
693.2361098586518
 20
3.7272504439024274
 10
693.3457807585106
 20
3.4759275857328236
 10
693.466828021799
 20
3.2298842731893997
 10
693.5989956887053
 20
2.9896317231204486
 10
693.7420045
 20
2.755668813739389
 10
693.8955527259998
 20
2.528481274343208
 10
694.0593169955312
 20
2.3085408750309067
 10
694.2329531248942
 20
2.0963046164219477
 10
694.4160969468268
 20
1.8922139193746945
 10
694.6083651394683
 20
1.696693814704858
 10
694.8093560553236
 20
1.5101521329039427
 10
695.0186505502267
 20
1.3329786938576893
 10
695.2358128123046
 20
1.165544496564519
 10
695.4603911909417
 20
1.0082009088539792
 10
695.6919190257429
 20
0.8612788571051873
 10
695.929915475498
 20
0.725088015965274
 10
696.1738863471456
 20
0.5999159980678321
 10
696.4233249247368
 20
0.48602754375135504
 10
696.6777127983987
 20
0.383663710777685
 10
696.9365206932991
 20
0.29304106405045705
 10
697.19920929861
 20
0.2143508653335422
 10
697.4652300964707
 20
0.1477582629694938
 10
697.7340261909533
 20
0.09340148159799089
 10
698.0050331370251
 20
0.051391011874280856
 10
698.2776797695133
 20
0.021808800187628208
 10
698.5332649445152
 20
0.0054524578303318805
 10
698.7893029100512
 20
7.105427357601002e-15
  0
LWPOLYLINE
  5
274
330
17
100
AcDbEntity
  8
GIZLI
100
AcDbPolyline
 90
36
 70
0
 10
697.1277224675512
 20
7.105427357601002e-15
 10
696.8539629411048
 20
0.006248915005911293
 10
696.5807736479959
 20
0.02498264371070924
 10
696.3087236337824
 20
0.05616216428825904
 10
696.0383795709363
 20
0.09972253068055714
 10
695.7703045784812
 20
0.1555730078785329
 10
695.5050570490315
 20
0.22359726092050192
 10
695.2431894856763
 20
0.3036535972145993
 10
694.9852473511311
 20
0.3955752616804302
 10
694.731767931554
 20
0.4991707840951758
 10
694.4832792173947
 20
0.6142243779206522
 10
694.2402988036049
 20
0.7404963897805441
 10
694.0033328115023
 20
0.8777237986516058
 10
693.7728748345352
 20
1.0256207637289991
 10
693.5494049101402
 20
1.1838792198245915
 10
693.3333885198385
 20
1.3521695190580134
 10
693.1252756196515
 20
1.530141117503855
 10
692.9254997028537
 20
1.7174233053647319
 10
692.7344768970202
 20
1.9136259791492911
 10
692.5526050972433
 20
2.1183404542467277
 10
692.3802631373295
 20
2.331140316205255
 10
692.2178100006986
 20
2.551582308941323
 10
692.0655840726316
 20
2.779207258029487
 10
691.9239024354239
 20
3.0135410271497194
 10
691.7930602079118
 20
3.2540955056999397
 10
691.6733299307483
 20
3.500369625516565
 10
691.5649609987086
 20
3.7518504045852983
 10
691.4681791412079
 20
4.008014015568134
 10
691.3831859521132
 20
4.268326876920858
 10
691.3101584698297
 20
4.532246764328294
 10
691.249248808534
 20
4.799223940142181
 10
691.2005838413248
 20
5.068702298469126
 10
691.1642649359501
 20
5.340120523523425
 10
691.1403677436608
 20
5.612913258831939
 10
691.1309942625278
 20
5.806355751890011
 10
691.1278686833189
 20
6.000000000010006
  0
LWPOLYLINE
  5
275
330
17
100
AcDbEntity
  8
GIZLI
100
AcDbPolyline
 90
2
 70
0
 10
747.1276783519551
 20
26.00000000000339
 10
744.1277514961702
 20
25.99999999999662
  0
LWPOLYLINE
  5
276
330
17
100
AcDbEntity
  8
GIZLI
100
AcDbPolyline
 90
2
 70
0
 10
746.960128104855
 20
26.000000000003393
 10
744.1277514961702
 20
25.999999999996998
  0
LWPOLYLINE
  5
277
330
17
100
AcDbEntity
  8
GIZLI
100
AcDbPolyline
 90
2
 70
0
 10
744.1277574077782
 20
16.99999999999662
 10
747.127678352055
 20
17.000000000003393
  0
LWPOLYLINE
  5
278
330
17
100
AcDbEntity
  8
GIZLI
100
AcDbPolyline
 90
2
 70
0
 10
695.8945738880321
 20
6.000536520466622
 10
692.8951831771623
 20
6.000536520473393
  0
LWPOLYLINE
  5
279
330
17
100
AcDbEntity
  8
GIZLI
100
AcDbPolyline
 90
2
 70
0
 10
692.8946469959512
 20
6.000000000020009
 10
695.8945738880321
 20
6.0000000000100115
  0
LWPOLYLINE
  5
27A
330
17
100
AcDbEntity
  8
GIZLI
100
AcDbPolyline
 90
2
 70
0
 10
740.8777224675512
 20
7.105427357601002e-15
 10
740.8777224675512
 20
3.000000000000007
  0
LWPOLYLINE
  5
27B
330
17
100
AcDbEntity
  8
GIZLI
100
AcDbPolyline
 90
2
 70
0
 10
698.8777224675512
 20
7.105427357601002e-15
 10
698.8777224675512
 20
3.000000000000007
  0
LWPOLYLINE
  5
27C
330
17
100
AcDbEntity
  8
GIZLI
100
AcDbPolyline
 90
2
 70
0
 10
740.8777224675512
 20
3.000000000000007
 10
740.8777224675512
 20
7.105427357601002e-15
  0
LWPOLYLINE
  5
27D
330
17
100
AcDbEntity
  8
GIZLI
100
AcDbPolyline
 90
2
 70
0
 10
698.8777224675512
 20
3.000000000000007
 10
698.8777224675512
 20
7.105427357601002e-15
  0
LWPOLYLINE
  5
27E
330
17
100
AcDbEntity
  8
GIZLI
100
AcDbPolyline
 90
2
 70
0
 10
743.8946778707511
 20
1.4210854715202004e-14
 10
743.8946778707511
 20
3.000000000000014
  0
LWPOLYLINE
  5
27F
330
17
100
AcDbEntity
  8
GIZLI
100
AcDbPolyline
 90
2
 70
0
 10
695.8607670643512
 20
1.4210854715202004e-14
 10
695.8607670643512
 20
3.000000000000014
  0
LWPOLYLINE
  5
280
330
17
100
AcDbEntity
  8
GIZLI
100
AcDbPolyline
 90
2
 70
0
 10
695.8607670643512
 20
1.4210854715202004e-14
 10
695.8607670643512
 20
3.000000000000014
  0
LWPOLYLINE
  5
281
330
17
100
AcDbEntity
  8
GIZLI
100
AcDbPolyline
 90
2
 70
0
 10
744.1277574077782
 20
16.999999999996998
 10
746.960128104855
 20
17.000000000003393
  0
LWPOLYLINE
  5
282
330
17
100
AcDbEntity
  8
GIZLI
100
AcDbPolyline
 90
2
 70
0
 10
743.8946778707511
 20
1.4210854715202004e-14
 10
743.8946778707511
 20
3.000000000000014
  0
LWPOLYLINE
  5
283
330
17
100
AcDbEntity
  8
GIZLI
100
AcDbPolyline
 90
2
 70
0
 10
755.1277224675512
 20
25.999999999896627
 10
758.1277224675512
 20
25.999999999903398
  0
LWPOLYLINE
  5
284
330
17
100
AcDbEntity
  8
GIZLI
100
AcDbPolyline
 90
2
 70
0
 10
755.1277224675512
 20
19.999999999896627
 10
758.1277224675512
 20
19.999999999903398
  0
LWPOLYLINE
  5
285
330
17
100
AcDbEntity
  8
GIZLI
100
AcDbPolyline
 90
2
 70
0
 10
758.1277224675512
 20
19.99999999990339
 10
755.1277224675512
 20
19.99999999989662
  0
LWPOLYLINE
  5
286
330
17
100
AcDbEntity
  8
GIZLI
100
AcDbPolyline
 90
2
 70
0
 10
755.1277224675512
 20
21.749999999896627
 10
758.1277224675512
 20
21.749999999903398
  0
LWPOLYLINE
  5
287
330
17
100
AcDbEntity
  8
GIZLI
100
AcDbPolyline
 90
2
 70
0
 10
755.1277224675512
 20
11.249999999896627
 10
758.1277224675512
 20
11.249999999903398
  0
LWPOLYLINE
  5
288
330
17
100
AcDbEntity
  8
GIZLI
100
AcDbPolyline
 90
2
 70
0
 10
755.127722467563
 20
11.249999999900012
 10
755.127722467557
 20
13.949232512900007
  0
LWPOLYLINE
  5
289
330
17
100
AcDbEntity
  8
GIZLI
100
AcDbPolyline
 90
2
 70
0
 10
755.127722467557
 20
13.949232512900007
 10
755.127722467563
 20
11.249999999900012
  0
LWPOLYLINE
  5
28A
330
17
100
AcDbEntity
  8
GIZLI
100
AcDbPolyline
 90
2
 70
0
 10
755.1277224675729
 20
9.366656817943309
 10
755.1277224675625
 20
13.949232512900007
  0
LWPOLYLINE
  5
28B
330
17
100
AcDbEntity
  8
GIZLI
100
AcDbPolyline
 90
2
 70
0
 10
758.1277224675512
 20
25.99999999990339
 10
755.1277224675512
 20
25.99999999989662
  0
LWPOLYLINE
  5
28C
330
17
100
AcDbEntity
  8
GIZLI
100
AcDbPolyline
 90
2
 70
0
 10
755.1277224675512
 20
11.000000000000007
 10
755.1277224675446
 20
13.949232512900007
  0
LWPOLYLINE
  5
28D
330
17
100
AcDbEntity
  8
GIZLI
100
AcDbPolyline
 90
2
 70
0
 10
755.1277224675512
 20
13.999999999996621
 10
758.1277224675512
 20
14.000000000003393
  0
LWPOLYLINE
  5
28E
330
17
100
AcDbEntity
  8
GIZLI
100
AcDbPolyline
 90
2
 70
0
 10
755.1277224675456
 20
11.000000000000012
 10
755.1277224675492
 20
9.366656817943309
  0
LWPOLYLINE
  5
28F
330
17
100
AcDbEntity
  8
GIZLI
100
AcDbPolyline
 90
2
 70
0
 10
758.1277224675512
 20
14.000000000003393
 10
755.1277224675512
 20
13.999999999996621
  0
LWPOLYLINE
  5
290
330
17
100
AcDbEntity
  8
GIZLI
100
AcDbPolyline
 90
2
 70
0
 10
743.8726240674358
 20
12.738472114693238
 10
746.8725509595569
 20
12.73847211470001
  0
LWPOLYLINE
  5
291
330
17
100
AcDbEntity
  8
GIZLI
100
AcDbPolyline
 90
2
 70
0
 10
743.872624067465
 20
17.738472114693238
 10
746.8725509595456
 20
17.73847211470001
  0
LWPOLYLINE
  5
292
330
17
100
AcDbEntity
  8
GIZLI
100
AcDbPolyline
 90
2
 70
0
 10
695.8828170384143
 20
17.738472114693238
 10
692.8828939755568
 20
17.73847211470001
  0
LWPOLYLINE
  5
293
330
17
100
AcDbEntity
  8
GIZLI
100
AcDbPolyline
 90
2
 70
0
 10
695.8828208676463
 20
12.738472114693238
 10
692.8828939755456
 20
12.73847211470001
  0
TEXT
  5
294
330
17
100
AcDbEntity
  8
YAZI
100
AcDbText
 10
681.6277224675218
 20
39.51400638943167
 30
0.0
 40
13.954583294610684
  1
SOL
 11
681.6277224675218
 21
39.51400638943167
 31
0.0
100
AcDbText
  0
DIMENSION
  5
295
330
17
100
AcDbEntity
  8
OLCU
100
AcDbDimension
280
0
  2
*D5
  3
PF_MM
 10
681.6277224675218
 20
-42.93717936803287
 30
0.0
 11
719.8777224675512
 21
-33.81302875232589
 31
0.0
 70
32
 71
5
  1
<>
100
AcDbAlignedDimension
 13
681.6277224675218
 23
0.0
 33
0.0
 14
758.1277224675805
 24
0.0
 34
0.0
 50
0.0
100
AcDbRotatedDimension
  0
DIMENSION
  5
2A4
330
17
100
AcDbEntity
  8
OLCU
100
AcDbDimension
280
0
  2
*D6
  3
PF_MM
 10
638.690543099489
 20
0.0
 30
0.0
 11
629.566392483782
 21
16.00000000001296
 31
0.0
 70
32
 71
5
  1
<>
100
AcDbAlignedDimension
 13
681.6277224675218
 23
0.0
 33
0.0
 14
681.6277224675218
 24
32.00000000002592
 34
0.0
 50
90.0
100
AcDbRotatedDimension
  0
LWPOLYLINE
  5
2B3
330
17
100
AcDbEntity
  8
GORUNEN
100
AcDbPolyline
 90
2
 70
0
 10
68.0
 20
-204.3313984642454
 10
68.0
 20
-206.84027134684538
  0
LWPOLYLINE
  5
2B4
330
17
100
AcDbEntity
  8
GORUNEN
100
AcDbPolyline
 90
2
 70
0
 10
68.0
 20
-204.33139846424538
 10
68.0
 20
-203.8569489269421
  0
LWPOLYLINE
  5
2B5
330
17
100
AcDbEntity
  8
GORUNEN
100
AcDbPolyline
 90
2
 70
0
 10
1.7791757650487128e-16
 20
-204.33139846424538
 10
1.813870234568249e-16
 20
-203.8569489269421
  0
LWPOLYLINE
  5
2B6
330
17
100
AcDbEntity
  8
GORUNEN
100
AcDbPolyline
 90
2
 70
0
 10
1.687018580387445e-16
 20
-206.84027134684538
 10
1.8713329497099807e-16
 20
-204.3313984642454
  0
LWPOLYLINE
  5
2B7
330
17
100
AcDbEntity
  8
GORUNEN
100
AcDbPolyline
 90
2
 70
0
 10
1.9266272605067414e-16
 20
-201.5858349055454
 10
1.7596601259439737e-16
 20
-203.8569489269457
  0
LWPOLYLINE
  5
2B8
330
17
100
AcDbEntity
  8
GORUNEN
100
AcDbPolyline
 90
2
 70
0
 10
68.00000000000001
 20
-203.8569489269457
 10
68.00000000000001
 20
-201.5858349055454
  0
LWPOLYLINE
  5
2B9
330
17
100
AcDbEntity
  8
GORUNEN
100
AcDbPolyline
 90
2
 70
0
 10
68.0
 20
-210.32695279016605
 10
68.0
 20
-206.84027134684538
  0
LWPOLYLINE
  5
2BA
330
17
100
AcDbEntity
  8
GORUNEN
100
AcDbPolyline
 90
2
 70
0
 10
1.5222198501696482e-16
 20
-210.32695279016605
 10
1.7791757650487128e-16
 20
-206.84027134684538
  0
LWPOLYLINE
  5
2BB
330
17
100
AcDbEntity
  8
GORUNEN
100
AcDbPolyline
 90
2
 70
0
 10
1.7661653389788867e-16
 20
-210.67510137940832
 10
1.7921861911185388e-16
 20
-210.32695279008323
  0
LWPOLYLINE
  5
2BC
330
17
100
AcDbEntity
  8
GORUNEN
100
AcDbPolyline
 90
2
 70
0
 10
68.0
 20
-210.67510137940832
 10
68.0
 20
-210.32695279008323
  0
LWPOLYLINE
  5
2BD
330
17
100
AcDbEntity
  8
GORUNEN
100
AcDbPolyline
 90
2
 70
0
 10
68.0
 20
-210.67510137946218
 10
68.0
 20
-212.66749077564538
  0
LWPOLYLINE
  5
2BE
330
17
100
AcDbEntity
  8
GORUNEN
100
AcDbPolyline
 90
2
 70
0
 10
1.7791757650487128e-16
 20
-212.66749077564538
 10
1.9255430583342559e-16
 20
-210.67510137946218
  0
LWPOLYLINE
  5
2BF
330
17
100
AcDbEntity
  8
GORUNEN
100
AcDbPolyline
 90
2
 70
0
 10
3.5583515300974256e-16
 20
-212.66749077564538
 10
0.0
 20
-261.00417903544536
  0
LWPOLYLINE
  5
2C0
330
17
100
AcDbEntity
  8
GORUNEN
100
AcDbPolyline
 90
2
 70
0
 10
225.0
 20
-214.0858349055454
 10
225.0
 20
-215.8358349055454
  0
LWPOLYLINE
  5
2C1
330
17
100
AcDbEntity
  8
GORUNEN
100
AcDbPolyline
 90
2
 70
0
 10
221.0
 20
-215.8358349055454
 10
225.0
 20
-215.8358349055454
  0
LWPOLYLINE
  5
2C2
330
17
100
AcDbEntity
  8
GORUNEN
100
AcDbPolyline
 90
34
 70
0
 10
220.0
 20
-214.8358349055454
 10
220.00115759619845
 20
-214.88355419296354
 10
220.00461903116442
 20
-214.93120130381317
 10
220.0103646421728
 20
-214.97865155854777
 10
220.01837125679037
 20
-215.0257837873289
 10
220.02861219287587
 20
-215.0724803300262
 10
220.04105725857985
 20
-215.1186270362175
 10
220.05567275234492
 20
-215.1641132651887
 10
220.07242146290548
 20
-215.2088318859337
 10
220.0912626692879
 20
-215.25267927715464
 10
220.11215214081042
 20
-215.2955553272617
 10
220.13504213708322
 20
-215.33736343437312
 10
220.15988140800843
 20
-215.37801050631532
 10
220.18661519378
 20
-215.4174069606227
 10
220.2151852248839
 20
-215.45546672453798
 10
220.2455297220979
 20
-215.4921072350117
 10
220.27758339649176
 20
-215.5272494387027
 10
220.31127744942714
 20
-215.5608177919779
 10
220.3465395725576
 20
-215.59274026091222
 10
220.3832939478286
 20
-215.62294832128876
 10
220.42146124747754
 20
-215.6513769585987
 10
220.46095863403372
 20
-215.67796466804134
 10
220.50169976031833
 20
-215.702653454524
 10
220.54359476944452
 20
-215.72538883266225
 10
220.5865502948173
 20
-215.74611982677962
 10
220.63046946013364
 20
-215.7647989709078
 10
220.67525187938236
 20
-215.7813823087866
 10
220.72079365684425
 20
-215.79582939386384
 10
220.76698738709203
 20
-215.80810328929556
 10
220.81372215499022
 20
-215.8181705679458
 10
220.8608835356954
 20
-215.8260013123868
 10
220.90835359465595
 20
-215.8315691148988
 10
220.95414574847933
 20
-215.83476595474843
 10
221.0
 20
-215.8358349055454
  0
LWPOLYLINE
  5
2C3
330
17
100
AcDbEntity
  8
GORUNEN
100
AcDbPolyline
 90
2
 70
0
 10
220.0
 20
-204.5858349055454
 10
220.0
 20
-214.8358349055454
  0
LWPOLYLINE
  5
2C4
330
17
100
AcDbEntity
  8
GORUNEN
100
AcDbPolyline
 90
2
 70
0
 10
73.00000000000001
 20
-204.5858349055454
 10
73.00000000000001
 20
-210.8188795023454
  0
LWPOLYLINE
  5
2C5
330
17
100
AcDbEntity
  8
GORUNEN
100
AcDbPolyline
 90
34
 70
0
 10
71.0
 20
-212.8188795023454
 10
71.09539414694072
 20
-212.81660873783926
 10
71.19057683012342
 20
-212.80979740641567
 10
71.28532743501333
 20
-212.79845608896687
 10
71.37942747295934
 20
-212.7826072793339
 10
71.47266091959133
 20
-212.76228504590912
 10
71.56481455321757
 20
-212.7375346932389
 10
71.65567829322214
 20
-212.70841242362624
 10
71.74504553846222
 20
-212.67498499873332
 10
71.83271350566562
 20
-212.63732940118416
 10
71.91848356782802
 20
-212.59553249616727
 10
72.00216159261046
 20
-212.54969069303812
 10
72.0835582807367
 20
-212.49990960692196
 10
72.16248950439055
 20
-212.44630372031628
 10
72.23877664561333
 20
-212.38899604469347
 10
72.31224693470124
 20
-212.32811778210342
 10
72.3827337886027
 20
-212.2638079867762
 10
72.45007714931582
 20
-212.19621322672455
 10
72.51412382228567
 20
-212.12548724534662
 10
72.57472781480178
 20
-212.05179062302855
 10
72.63175067439546
 20
-211.97529043874698
 10
72.68506182723722
 20
-211.89615993167186
 10
72.73453891653412
 20
-211.81457816276887
 10
72.78006814092718
 20
-211.73072967640212
 10
72.82154459288877
 20
-211.64480416193678
 10
72.85887259711998
 20
-211.5569961153417
 10
72.89196604894802
 20
-211.46750450079196
 10
72.9207487527236
 20
-211.37653241227156
 10
72.9451547602183
 20
-211.28428673517595
 10
72.96512870902201
 20
-211.1909778079147
 10
72.98062616094025
 20
-211.09681908351416
 10
72.99161394039157
 20
-211.00202679121992
 10
72.99790332493924
 20
-210.91054677878492
 10
73.0
 20
-210.8188795023454
  0
LWPOLYLINE
  5
2C6
330
17
100
AcDbEntity
  8
GORUNEN
100
AcDbPolyline
 90
2
 70
0
 10
68.0
 20
-212.8188795023454
 10
71.0
 20
-212.8188795023454
  0
LWPOLYLINE
  5
2C7
330
17
100
AcDbEntity
  8
GORUNEN
100
AcDbPolyline
 90
2
 70
0
 10
68.00000000000001
 20
-212.66749077564538
 10
68.00000000000001
 20
-212.8188795023454
  0
LWPOLYLINE
  5
2C8
330
17
100
AcDbEntity
  8
GORUNEN
100
AcDbPolyline
 90
2
 70
0
 10
68.00000000000001
 20
-260.8527903087454
 10
68.00000000000001
 20
-261.0041790354454
  0
LWPOLYLINE
  5
2C9
330
17
100
AcDbEntity
  8
GORUNEN
100
AcDbPolyline
 90
2
 70
0
 10
68.0
 20
-260.8527903087454
 10
71.0
 20
-260.8527903087454
  0
LWPOLYLINE
  5
2CA
330
17
100
AcDbEntity
  8
GORUNEN
100
AcDbPolyline
 90
34
 70
0
 10
73.00000000000001
 20
-262.8527903087454
 10
72.99772923549388
 20
-262.75739616180465
 10
72.99091790407029
 20
-262.662213478622
 10
72.9795765866215
 20
-262.56746287373204
 10
72.96372777698852
 20
-262.4733628357861
 10
72.94340554356374
 20
-262.38012938915404
 10
72.91865519089352
 20
-262.28797575552784
 10
72.88953292128086
 20
-262.19711201552326
 10
72.85610549638794
 20
-262.10774477028315
 10
72.81844989883878
 20
-262.02007680307975
 10
72.77665299382187
 20
-261.93430674091735
 10
72.73081119069273
 20
-261.8506287161349
 10
72.68103010457658
 20
-261.7692320280087
 10
72.6274242179709
 20
-261.6903008043548
 10
72.57011654234809
 20
-261.6140136631321
 10
72.50923827975804
 20
-261.54054337404415
 10
72.4449284844308
 20
-261.4700565201427
 10
72.37733372437917
 20
-261.4027131594296
 10
72.30660774300125
 20
-261.3386664864597
 10
72.23291112068317
 20
-261.2780624939436
 10
72.15641093640161
 20
-261.22103963434995
 10
72.07728042932649
 20
-261.16772848150816
 10
71.99569866042349
 20
-261.1182513922113
 10
71.91185017405672
 20
-261.0727221678182
 10
71.82592465959141
 20
-261.03124571585664
 10
71.73811661299632
 20
-260.9939177116254
 10
71.64862499844659
 20
-260.9608242597974
 10
71.55765290992618
 20
-260.9320415560218
 10
71.46540723283057
 20
-260.9076355485271
 10
71.37209830556932
 20
-260.8876615997234
 10
71.27793958116877
 20
-260.87216414780517
 10
71.18314728887455
 20
-260.8611763683538
 10
71.09166727643954
 20
-260.8548869838061
 10
71.00000000000001
 20
-260.8527903087454
  0
LWPOLYLINE
  5
2CB
330
17
100
AcDbEntity
  8
GORUNEN
100
AcDbPolyline
 90
2
 70
0
 10
73.00000000000001
 20
-262.8527903087454
 10
73.00000000000001
 20
-269.08583490554537
  0
LWPOLYLINE
  5
2CC
330
17
100
AcDbEntity
  8
GORUNEN
100
AcDbPolyline
 90
2
 70
0
 10
220.0
 20
-258.83583490554537
 10
220.0
 20
-269.08583490554537
  0
LWPOLYLINE
  5
2CD
330
17
100
AcDbEntity
  8
GORUNEN
100
AcDbPolyline
 90
34
 70
0
 10
221.0
 20
-257.83583490554537
 10
220.9522807125481
 20
-257.8369925017444
 10
220.90463360166984
 20
-257.84045393671204
 10
220.85718334691143
 20
-257.84619954772313
 10
220.81005111811083
 20
-257.8542061623445
 10
220.76335457539804
 20
-257.86444709843477
 10
220.71720786919494
 20
-257.8768921641445
 10
220.67172164021534
 20
-257.89150765791624
 10
220.62700301946487
 20
-257.9082563684842
 10
220.5831556282412
 20
-257.9270975748748
 10
220.54027957813383
 20
-257.94798704640607
 10
220.49847147102417
 20
-257.97087704268813
 10
220.4578243990856
 20
-257.99571631362295
 10
220.4184279447834
 20
-258.02245009940435
 10
220.38036818087468
 20
-258.05102013051817
 10
220.34372767040855
 20
-258.081364627742
 10
220.30858546672602
 20
-258.1134183021454
 10
220.27501711345997
 20
-258.14711235508986
 10
220.2430946445352
 20
-258.1823744782288
 10
220.2128865841685
 20
-258.2191288535073
 10
220.1844579468685
 20
-258.25729615316266
 10
220.1578702374357
 20
-258.2967935397239
 10
220.13318145096258
 20
-258.337534666012
 10
220.11044607283358
 20
-258.3794296751398
 10
220.08971507872494
 20
-258.4223852005121
 10
220.07103593460485
 20
-258.4663043658255
 10
220.05445259673346
 20
-258.5110867850686
 10
220.04000551166277
 20
-258.5566285625218
 10
220.02773161623674
 20
-258.6028222927575
 10
220.01766433759119
 20
-258.64955706063995
 10
220.0098335931539
 20
-258.6967184413253
 10
220.00426579064455
 20
-258.74418850026166
 10
220.00106895079645
 20
-258.7899806540573
 10
220.0
 20
-258.83583490554537
  0
LWPOLYLINE
  5
2CE
330
17
100
AcDbEntity
  8
GORUNEN
100
AcDbPolyline
 90
2
 70
0
 10
221.0
 20
-257.83583490554537
 10
225.0
 20
-257.83583490554537
  0
LWPOLYLINE
  5
2CF
330
17
100
AcDbEntity
  8
GORUNEN
100
AcDbPolyline
 90
2
 70
0
 10
225.0
 20
-257.83583490554537
 10
225.0
 20
-259.58583490554537
  0
LWPOLYLINE
  5
2D0
330
17
100
AcDbEntity
  8
GORUNEN
100
AcDbPolyline
 90
2
 70
0
 10
463.0
 20
-215.7474153480454
 10
463.0
 20
-257.9242544630454
  0
LWPOLYLINE
  5
2D1
330
17
100
AcDbEntity
  8
GORUNEN
100
AcDbPolyline
 90
2
 70
0
 10
225.0
 20
-259.58583490554537
 10
225.0209437808939
 20
-262.5857617976616
  0
LWPOLYLINE
  5
2D2
330
17
100
AcDbEntity
  8
GORUNEN
100
AcDbPolyline
 90
12
 70
0
 10
462.970942691
 20
-260.9237496519454
 10
462.9710464791042
 20
-260.92350950171374
 10
462.9711500445571
 20
-260.9232374595645
 10
462.97125338735447
 20
-260.9229335249044
 10
462.9713908313963
 20
-260.92247866786016
 10
462.97154498280463
 20
-260.92189918268286
 10
462.97174973876537
 20
-260.92101491824997
 10
462.97197902481577
 20
-260.91986765845286
 10
462.9722829867494
 20
-260.91808691277726
 10
462.9727351750776
 20
-260.9148780003489
 10
462.9901326242078
 20
-259.95885924500294
 10
463.0
 20
-257.9242544630454
  0
LWPOLYLINE
  5
2D3
330
17
100
AcDbEntity
  8
GORUNEN
100
AcDbPolyline
 90
2
 70
0
 10
478.05609292152747
 20
-260.8192145037241
 10
462.970942691
 20
-260.9237496519454
  0
LWPOLYLINE
  5
2D4
330
17
100
AcDbEntity
  8
GORUNEN
100
AcDbPolyline
 90
2
 70
0
 10
483.020943781
 20
-260.7845527465454
 10
478.056092922
 20
-260.8192145074454
  0
LWPOLYLINE
  5
2D5
330
17
100
AcDbEntity
  8
GORUNEN
100
AcDbPolyline
 90
2
 70
0
 10
478.0560929219996
 20
-260.8192145073811
 10
225.02094378099954
 20
-262.5857617975796
  0
LWPOLYLINE
  5
2D6
330
17
100
AcDbEntity
  8
GORUNEN
100
AcDbPolyline
 90
2
 70
0
 10
225.02094378055347
 20
-262.5857617976485
 10
225.04188756144728
 20
-265.58568868974925
  0
LWPOLYLINE
  5
2D7
330
17
100
AcDbEntity
  8
GORUNEN
100
AcDbPolyline
 90
2
 70
0
 10
225.04188756199997
 20
-265.5856886897412
 10
478.077036703
 20
-263.8191413995427
  0
LWPOLYLINE
  5
2D8
330
17
100
AcDbEntity
  8
GORUNEN
100
AcDbPolyline
 90
2
 70
0
 10
483.0418875620232
 20
-263.78447963869746
 10
478.0770367030002
 20
-263.8191413995563
  0
LWPOLYLINE
  5
2D9
330
17
100
AcDbEntity
  8
GORUNEN
100
AcDbPolyline
 90
2
 70
0
 10
483.0209437805528
 20
-260.7845527465485
 10
483.0418875614466
 20
-263.78447963864926
  0
LWPOLYLINE
  5
2DA
330
17
100
AcDbEntity
  8
GORUNEN
100
AcDbPolyline
 90
2
 70
0
 10
463.0040324618793
 20
-260.92352205196886
 10
463.0
 20
-257.9242544630454
  0
LWPOLYLINE
  5
2DB
330
17
100
AcDbEntity
  8
GORUNEN
100
AcDbPolyline
 90
2
 70
0
 10
220.0
 20
-198.5858349056454
 10
220.0
 20
-201.5858349056454
  0
LWPOLYLINE
  5
2DC
330
17
100
AcDbEntity
  8
GORUNEN
100
AcDbPolyline
 90
2
 70
0
 10
220.00000000000003
 20
-198.58583490564538
 10
7.283344934105873e-15
 20
-198.58583490564538
  0
LWPOLYLINE
  5
2DD
330
17
100
AcDbEntity
  8
GORUNEN
100
AcDbPolyline
 90
2
 70
0
 10
1.8897643866422342e-16
 20
-198.5858349056454
 10
1.6685871434551913e-16
 20
-201.5858349056454
  0
LWPOLYLINE
  5
2DE
330
17
100
AcDbEntity
  8
GORUNEN
100
AcDbPolyline
 90
2
 70
0
 10
220.00000000000003
 20
-201.58583490564538
 10
7.283344934105873e-15
 20
-201.58583490564538
  0
LWPOLYLINE
  5
2DF
330
17
100
AcDbEntity
  8
GORUNEN
100
AcDbPolyline
 90
2
 70
0
 10
225.02094378099954
 20
-211.0859080135112
 10
478.0560929219996
 20
-212.8524553037097
  0
LWPOLYLINE
  5
2E0
330
17
100
AcDbEntity
  8
GORUNEN
100
AcDbPolyline
 90
2
 70
0
 10
478.056092922
 20
-212.8524553036454
 10
483.020943781
 20
-212.8871170645454
  0
LWPOLYLINE
  5
2E1
330
17
100
AcDbEntity
  8
GORUNEN
100
AcDbPolyline
 90
2
 70
0
 10
478.0770367030002
 20
-209.85252841153448
 10
483.0418875620232
 20
-209.88719017239333
  0
LWPOLYLINE
  5
2E2
330
17
100
AcDbEntity
  8
GORUNEN
100
AcDbPolyline
 90
2
 70
0
 10
478.077036703
 20
-209.85252841154812
 10
225.04188756199997
 20
-208.08598112134962
  0
LWPOLYLINE
  5
2E3
330
17
100
AcDbEntity
  8
GORUNEN
100
AcDbPolyline
 90
2
 70
0
 10
478.05609292152747
 20
-212.8524553073667
 10
462.970942691
 20
-212.7479201591454
  0
LWPOLYLINE
  5
2E4
330
17
100
AcDbEntity
  8
GORUNEN
100
AcDbPolyline
 90
2
 70
0
 10
463.00403246187943
 20
-212.7481477591219
 10
463.0
 20
-215.7474153480454
  0
LWPOLYLINE
  5
2E5
330
17
100
AcDbEntity
  8
GORUNEN
100
AcDbPolyline
 90
12
 70
0
 10
462.970942691
 20
-212.7479201591454
 10
462.9710464791039
 20
-212.74816030941952
 10
462.971150044556
 20
-212.74843235169502
 10
462.97125338735214
 20
-212.74873628656357
 10
462.97139083139143
 20
-212.74919114401067
 10
462.97154498279593
 20
-212.74977062980741
 10
462.97174973874985
 20
-212.75065489533097
 10
462.9719790247904
 20
-212.75180215670215
 10
462.9722829867076
 20
-212.75358290501856
 10
462.9727351750044
 20
-212.7567918224866
 10
462.99013262273047
 20
-213.7128108163015
 10
463.0
 20
-215.7474153480454
  0
LWPOLYLINE
  5
2E6
330
17
100
AcDbEntity
  8
GORUNEN
100
AcDbPolyline
 90
2
 70
0
 10
225.0
 20
-214.0858349055454
 10
225.0209437808939
 20
-211.08590801342922
  0
LWPOLYLINE
  5
2E7
330
17
100
AcDbEntity
  8
GORUNEN
100
AcDbPolyline
 90
2
 70
0
 10
483.0209437805528
 20
-212.88711706454228
 10
483.0418875614466
 20
-209.88719017244154
  0
LWPOLYLINE
  5
2E8
330
17
100
AcDbEntity
  8
GORUNEN
100
AcDbPolyline
 90
2
 70
0
 10
225.0418875614473
 20
-208.08598112134155
 10
225.02094378055344
 20
-211.0859080134423
  0
LWPOLYLINE
  5
2E9
330
17
100
AcDbEntity
  8
GORUNEN
100
AcDbPolyline
 90
2
 70
0
 10
220.0
 20
-204.5858349055454
 10
220.0
 20
-201.5858349055454
  0
LWPOLYLINE
  5
2EA
330
17
100
AcDbEntity
  8
GORUNEN
100
AcDbPolyline
 90
2
 70
0
 10
73.0
 20
-204.5858349055454
 10
73.0
 20
-201.5858349055454
  0
LWPOLYLINE
  5
2EB
330
17
100
AcDbEntity
  8
GORUNEN
100
AcDbPolyline
 90
2
 70
0
 10
220.0
 20
-269.08583490554537
 10
220.0
 20
-272.08583490554537
  0
LWPOLYLINE
  5
2EC
330
17
100
AcDbEntity
  8
GORUNEN
100
AcDbPolyline
 90
2
 70
0
 10
73.00000000000001
 20
-269.08583490554537
 10
73.00000000000001
 20
-272.08583490554537
  0
LWPOLYLINE
  5
2ED
330
17
100
AcDbEntity
  8
GORUNEN
100
AcDbPolyline
 90
2
 70
0
 10
220.00000000000003
 20
-275.0858349054454
 10
7.283344934105873e-15
 20
-275.0858349054454
  0
LWPOLYLINE
  5
2EE
330
17
100
AcDbEntity
  8
GORUNEN
100
AcDbPolyline
 90
2
 70
0
 10
220.0
 20
-272.0858349054454
 10
220.0
 20
-275.0858349054454
  0
LWPOLYLINE
  5
2EF
330
17
100
AcDbEntity
  8
GORUNEN
100
AcDbPolyline
 90
2
 70
0
 10
220.00000000000003
 20
-272.0858349054454
 10
7.283344934105873e-15
 20
-272.0858349054454
  0
LWPOLYLINE
  5
2F0
330
17
100
AcDbEntity
  8
GORUNEN
100
AcDbPolyline
 90
2
 70
0
 10
3.741690117464724e-15
 20
-272.0858349054454
 10
3.71957239314602e-15
 20
-275.0858349054454
  0
LWPOLYLINE
  5
2F1
330
17
100
AcDbEntity
  8
GORUNEN
100
AcDbPolyline
 90
2
 70
0
 10
1.6328084717631697e-16
 20
-262.9965684316286
 10
1.7791757650487128e-16
 20
-261.0041790354454
  0
LWPOLYLINE
  5
2F2
330
17
100
AcDbEntity
  8
GORUNEN
100
AcDbPolyline
 90
2
 70
0
 10
68.00000000000001
 20
-261.0041790354454
 10
68.00000000000001
 20
-262.9965684316286
  0
LWPOLYLINE
  5
2F3
330
17
100
AcDbEntity
  8
GORUNEN
100
AcDbPolyline
 90
2
 70
0
 10
1.7986914041534519e-16
 20
-269.81472088414506
 10
1.6317242695906842e-16
 20
-272.08583490554537
  0
LWPOLYLINE
  5
2F4
330
17
100
AcDbEntity
  8
GORUNEN
100
AcDbPolyline
 90
2
 70
0
 10
1.7921861911185388e-16
 20
-262.9965684316825
 10
1.7661653389788867e-16
 20
-263.34471702100757
  0
LWPOLYLINE
  5
2F5
330
17
100
AcDbEntity
  8
GORUNEN
100
AcDbPolyline
 90
2
 70
0
 10
68.00000000000001
 20
-272.08583490554537
 10
68.00000000000001
 20
-269.81472088414506
  0
LWPOLYLINE
  5
2F6
330
17
100
AcDbEntity
  8
GORUNEN
100
AcDbPolyline
 90
2
 70
0
 10
68.00000000000001
 20
-263.34471702100757
 10
68.00000000000001
 20
-262.9965684316825
  0
LWPOLYLINE
  5
2F7
330
17
100
AcDbEntity
  8
GORUNEN
100
AcDbPolyline
 90
2
 70
0
 10
1.7444812955291766e-16
 20
-269.8147208841487
 10
1.7791757650487128e-16
 20
-269.3402713468454
  0
LWPOLYLINE
  5
2F8
330
17
100
AcDbEntity
  8
GORUNEN
100
AcDbPolyline
 90
2
 70
0
 10
1.7791757650487128e-16
 20
-266.8313984642454
 10
2.0361316799277773e-16
 20
-263.3447170209247
  0
LWPOLYLINE
  5
2F9
330
17
100
AcDbEntity
  8
GORUNEN
100
AcDbPolyline
 90
2
 70
0
 10
68.00000000000001
 20
-269.8147208841487
 10
68.00000000000001
 20
-269.3402713468454
  0
LWPOLYLINE
  5
2FA
330
17
100
AcDbEntity
  8
GORUNEN
100
AcDbPolyline
 90
2
 70
0
 10
68.00000000000001
 20
-266.8313984642454
 10
68.00000000000001
 20
-263.3447170209247
  0
LWPOLYLINE
  5
2FB
330
17
100
AcDbEntity
  8
GORUNEN
100
AcDbPolyline
 90
2
 70
0
 10
1.8713329497099807e-16
 20
-266.8313984642454
 10
1.687018580387445e-16
 20
-269.3402713468454
  0
LWPOLYLINE
  5
2FC
330
17
100
AcDbEntity
  8
GORUNEN
100
AcDbPolyline
 90
2
 70
0
 10
68.00000000000001
 20
-269.3402713468454
 10
68.00000000000001
 20
-266.8313984642454
  0
LWPOLYLINE
  5
2FD
330
17
100
AcDbEntity
  8
GIZLI
100
AcDbPolyline
 90
2
 70
0
 10
68.00000000000001
 20
-198.5858349055454
 10
68.00000000000001
 20
-201.5858349055454
  0
LWPOLYLINE
  5
2FE
330
17
100
AcDbEntity
  8
GIZLI
100
AcDbPolyline
 90
2
 70
0
 10
68.0
 20
-198.5858349055454
 10
68.0
 20
-201.5858349055454
  0
LWPOLYLINE
  5
2FF
330
17
100
AcDbEntity
  8
GIZLI
100
AcDbPolyline
 90
2
 70
0
 10
462.991881022
 20
-263.9228957997454
 10
462.9709427148332
 20
-260.92375306574485
  0
LWPOLYLINE
  5
300
330
17
100
AcDbEntity
  8
GIZLI
100
AcDbPolyline
 90
5
 70
0
 10
462.991881022
 20
-263.9228957997454
 10
462.99207770366604
 20
-263.92191301922634
 10
462.99227272666104
 20
-263.9206926554375
 10
463.0026503248127
 20
-263.066349343025
 10
463.0040324618793
 20
-260.92352205196886
  0
LWPOLYLINE
  5
301
330
17
100
AcDbEntity
  8
GIZLI
100
AcDbPolyline
 90
2
 70
0
 10
106.00000000000001
 20
-198.58583490554537
 10
106.00000000000001
 20
-201.58583490554537
  0
LWPOLYLINE
  5
302
330
17
100
AcDbEntity
  8
GIZLI
100
AcDbPolyline
 90
2
 70
0
 10
106.00000000000001
 20
-198.58583490554537
 10
106.00000000000001
 20
-201.58583490554537
  0
LWPOLYLINE
  5
303
330
17
100
AcDbEntity
  8
GIZLI
100
AcDbPolyline
 90
2
 70
0
 10
184.25
 20
-201.5858349055454
 10
184.25
 20
-198.5858349055454
  0
LWPOLYLINE
  5
304
330
17
100
AcDbEntity
  8
GIZLI
100
AcDbPolyline
 90
2
 70
0
 10
173.75
 20
-201.5858349055454
 10
173.75
 20
-198.5858349055454
  0
LWPOLYLINE
  5
305
330
17
100
AcDbEntity
  8
GIZLI
100
AcDbPolyline
 90
2
 70
0
 10
81.00000000000001
 20
-201.58583490554537
 10
81.00000000000001
 20
-198.58583490554537
  0
LWPOLYLINE
  5
306
330
17
100
AcDbEntity
  8
GIZLI
100
AcDbPolyline
 90
2
 70
0
 10
81.00000000000001
 20
-198.58583490554537
 10
81.00000000000001
 20
-201.58583490554537
  0
LWPOLYLINE
  5
307
330
17
100
AcDbEntity
  8
GIZLI
100
AcDbPolyline
 90
2
 70
0
 10
68.0
 20
-198.5858349055454
 10
68.0
 20
-201.5858349055454
  0
LWPOLYLINE
  5
308
330
17
100
AcDbEntity
  8
GIZLI
100
AcDbPolyline
 90
2
 70
0
 10
73.0
 20
-201.5858349055454
 10
73.0
 20
-198.5858349055454
  0
LWPOLYLINE
  5
309
330
17
100
AcDbEntity
  8
GIZLI
100
AcDbPolyline
 90
2
 70
0
 10
73.0
 20
-198.5858349055454
 10
73.0
 20
-201.5858349055454
  0
LWPOLYLINE
  5
30A
330
17
100
AcDbEntity
  8
GIZLI
100
AcDbPolyline
 90
2
 70
0
 10
462.991881022
 20
-209.7487740113454
 10
462.9709427148332
 20
-212.7479167453459
  0
LWPOLYLINE
  5
30B
330
17
100
AcDbEntity
  8
GIZLI
100
AcDbPolyline
 90
5
 70
0
 10
462.991881022
 20
-209.7487740113454
 10
462.99207770366604
 20
-209.74975679186446
 10
462.99227272666104
 20
-209.7509771556533
 10
463.0026503248127
 20
-210.60532046806577
 10
463.00403246187943
 20
-212.7481477591219
  0
LWPOLYLINE
  5
30C
330
17
100
AcDbEntity
  8
GIZLI
100
AcDbPolyline
 90
2
 70
0
 10
73.0
 20
-201.5858349055454
 10
73.0
 20
-198.5858349055454
  0
LWPOLYLINE
  5
30D
330
17
100
AcDbEntity
  8
GIZLI
100
AcDbPolyline
 90
2
 70
0
 10
73.00000000000001
 20
-272.08583490554537
 10
73.00000000000001
 20
-275.08583490554537
  0
LWPOLYLINE
  5
30E
330
17
100
AcDbEntity
  8
GIZLI
100
AcDbPolyline
 90
2
 70
0
 10
73.00000000000001
 20
-275.08583490554537
 10
73.00000000000001
 20
-272.08583490554537
  0
LWPOLYLINE
  5
30F
330
17
100
AcDbEntity
  8
GIZLI
100
AcDbPolyline
 90
7
 70
0
 10
220.36560671583635
 20
-258.06282445218267
 10
220.32844104515297
 20
-258.09488378019046
 10
220.29289321881345
 20
-258.1287281243589
 10
220.25904887464503
 20
-258.16427595069837
 10
220.22698954663727
 20
-258.2014416213817
 10
220.19679246851936
 20
-258.24013560105294
 10
220.16853038769744
 20
-258.2802646725258
  0
LWPOLYLINE
  5
310
330
17
100
AcDbEntity
  8
GIZLI
100
AcDbPolyline
 90
7
 70
0
 10
220.22698954663727
 20
-215.47022818970905
 10
220.25904887464503
 20
-215.50739386039243
 10
220.29289321881345
 20
-215.54294168673195
 10
220.32844104515297
 20
-215.57678603090034
 10
220.36560671583635
 20
-215.60884535890813
 10
220.40430069550757
 20
-215.63904243702603
 10
220.4444297669804
 20
-215.66730451784792
  0
LWPOLYLINE
  5
311
330
17
100
AcDbEntity
  8
GIZLI
100
AcDbPolyline
 90
6
 70
0
 10
72.48190225070994
 20
-261.50967239905134
 10
72.4142135623731
 20
-261.4385767463723
 10
72.34311790969406
 20
-261.37088805803546
 10
72.2687865683273
 20
-261.30676940201994
 10
72.19139860898488
 20
-261.2463752457841
 10
72.11114046603922
 20
-261.1898510841403
  0
LWPOLYLINE
  5
312
330
17
100
AcDbEntity
  8
GIZLI
100
AcDbPolyline
 90
6
 70
0
 10
72.34311790969404
 20
-212.3007817530553
 10
72.41421356237309
 20
-212.2330930647185
 10
72.48190225070992
 20
-212.16199741203943
 10
72.54602090672547
 20
-212.0876660706727
 10
72.60641506296129
 20
-212.01027811133025
 10
72.6629392246051
 20
-211.9300199683846
  0
LWPOLYLINE
  5
313
330
17
100
AcDbEntity
  8
GIZLI
100
AcDbPolyline
 90
2
 70
0
 10
106.00000000000001
 20
-272.08583490554537
 10
106.00000000000001
 20
-275.08583490554537
  0
LWPOLYLINE
  5
314
330
17
100
AcDbEntity
  8
GIZLI
100
AcDbPolyline
 90
2
 70
0
 10
106.00000000000001
 20
-275.08583490554537
 10
106.00000000000001
 20
-272.08583490554537
  0
LWPOLYLINE
  5
315
330
17
100
AcDbEntity
  8
GIZLI
100
AcDbPolyline
 90
2
 70
0
 10
81.00000000000001
 20
-272.08583490554537
 10
81.00000000000001
 20
-275.08583490554537
  0
LWPOLYLINE
  5
316
330
17
100
AcDbEntity
  8
GIZLI
100
AcDbPolyline
 90
2
 70
0
 10
173.75
 20
-272.08583490554537
 10
173.75
 20
-275.08583490554537
  0
LWPOLYLINE
  5
317
330
17
100
AcDbEntity
  8
GIZLI
100
AcDbPolyline
 90
2
 70
0
 10
184.25
 20
-272.08583490554537
 10
184.25
 20
-275.08583490554537
  0
LWPOLYLINE
  5
318
330
17
100
AcDbEntity
  8
GIZLI
100
AcDbPolyline
 90
2
 70
0
 10
81.00000000000001
 20
-275.08583490554537
 10
81.00000000000001
 20
-272.08583490554537
  0
LWPOLYLINE
  5
319
330
17
100
AcDbEntity
  8
GIZLI
100
AcDbPolyline
 90
2
 70
0
 10
73.00000000000001
 20
-272.08583490554537
 10
73.00000000000001
 20
-275.08583490554537
  0
LWPOLYLINE
  5
31A
330
17
100
AcDbEntity
  8
GIZLI
100
AcDbPolyline
 90
2
 70
0
 10
68.00000000000001
 20
-275.08583490554537
 10
68.00000000000001
 20
-272.08583490554537
  0
LWPOLYLINE
  5
31B
330
17
100
AcDbEntity
  8
GIZLI
100
AcDbPolyline
 90
2
 70
0
 10
68.00000000000001
 20
-275.08583490554537
 10
68.00000000000001
 20
-272.08583490554537
  0
LWPOLYLINE
  5
31C
330
17
100
AcDbEntity
  8
GIZLI
100
AcDbPolyline
 90
2
 70
0
 10
68.00000000000001
 20
-275.08583490554537
 10
68.00000000000001
 20
-272.08583490554537
  0
LWPOLYLINE
  5
31D
330
17
100
AcDbEntity
  8
GIZLI
100
AcDbPolyline
 90
2
 70
0
 10
473.9057760183425
 20
-260.84818965616586
 10
473.9267197992365
 20
-263.8481165482903
  0
LWPOLYLINE
  5
31E
330
17
100
AcDbEntity
  8
GIZLI
100
AcDbPolyline
 90
2
 70
0
 10
478.90565417186986
 20
-260.81328335472347
 10
478.9265979527635
 20
-263.8132102468005
  0
LWPOLYLINE
  5
31F
330
17
100
AcDbEntity
  8
GIZLI
100
AcDbPolyline
 90
2
 70
0
 10
468.3613072142805
 20
-212.78477183168698
 10
468.3822509951743
 20
-209.78484493958624
  0
LWPOLYLINE
  5
320
330
17
100
AcDbEntity
  8
GIZLI
100
AcDbPolyline
 90
2
 70
0
 10
478.9056541718697
 20
-212.85838645639103
 10
478.9265979527635
 20
-209.85845956429029
  0
LWPOLYLINE
  5
321
330
17
100
AcDbEntity
  8
GIZLI
100
AcDbPolyline
 90
2
 70
0
 10
473.9057760183425
 20
-212.82348015492494
 10
473.9267197992365
 20
-209.8235532628005
  0
LWPOLYLINE
  5
322
330
17
100
AcDbEntity
  8
GIZLI
100
AcDbPolyline
 90
2
 70
0
 10
435.36211140093195
 20
-212.5543902419053
 10
435.38305518182574
 20
-209.55446334980456
  0
LWPOLYLINE
  5
323
330
17
100
AcDbEntity
  8
GIZLI
100
AcDbPolyline
 90
2
 70
0
 10
435.36211140093195
 20
-261.1172795691855
 10
435.38305518182574
 20
-264.11720646128623
  0
LWPOLYLINE
  5
324
330
17
100
AcDbEntity
  8
GIZLI
100
AcDbPolyline
 90
2
 70
0
 10
468.3613072142805
 20
-260.88689797940384
 10
468.3822509951743
 20
-263.8868248715046
  0
TEXT
  5
325
330
17
100
AcDbEntity
  8
YAZI
100
AcDbText
 10
0.0
 20
-191.0718285161278
 30
0.0
 40
13.954583294610684
  1
ÜST
 11
0.0
 21
-191.0718285161278
 31
0.0
100
AcDbText
  0
DIMENSION
  5
326
330
17
100
AcDbEntity
  8
OLCU
100
AcDbDimension
280
0
  2
*D7
  3
PF_MM
 10
0.0
 20
-318.0230142735901
 30
0.0
 11
241.5209437810116
 21
-308.8988636578831
 31
0.0
 70
32
 71
5
  1
<>
100
AcDbAlignedDimension
 13
0.0
 23
-275.08583490555725
 33
0.0
 14
483.0418875620232
 24
-275.08583490555725
 34
0.0
 50
0.0
100
AcDbRotatedDimension
  0
DIMENSION
  5
335
330
17
100
AcDbEntity
  8
OLCU
100
AcDbDimension
280
0
  2
*D8
  3
PF_MM
 10
-42.93717936803287
 20
-275.08583490555725
 30
0.0
 11
-52.06132998373985
 21
-236.8358349055454
 31
0.0
 70
32
 71
5
  1
<>
100
AcDbAlignedDimension
 13
0.0
 23
-275.08583490555725
 33
0.0
 14
0.0
 24
-198.58583490553355
 34
0.0
 50
90.0
100
AcDbRotatedDimension
  0
LINE
  5
344
330
17
100
AcDbEntity
  8
EKSEN
100
AcDbLine
 10
457.8793098358267
 20
21.499309835826722
 30
0.0
 11
469.8793098358267
 21
21.499309835826722
 31
0.0
  0
LINE
  5
345
330
17
100
AcDbEntity
  8
EKSEN
100
AcDbLine
 10
463.8793098358267
 20
15.499309835826722
 30
0.0
 11
463.8793098358267
 21
27.499309835826722
 31
0.0
  0
LINE
  5
346
330
17
100
AcDbEntity
  8
EKSEN
100
AcDbLine
 10
433.8793098358267
 20
21.499309835826722
 30
0.0
 11
445.8793098358267
 21
21.499309835826722
 31
0.0
  0
LINE
  5
347
330
17
100
AcDbEntity
  8
EKSEN
100
AcDbLine
 10
439.8793098358267
 20
15.499309835826722
 30
0.0
 11
439.8793098358267
 21
27.499309835826722
 31
0.0
  0
LINE
  5
348
330
17
100
AcDbEntity
  8
EKSEN
100
AcDbLine
 10
472.42930983582676
 20
15.239309835826722
 30
0.0
 11
480.42930983582676
 21
15.239309835826722
 31
0.0
  0
LINE
  5
349
330
17
100
AcDbEntity
  8
EKSEN
100
AcDbLine
 10
476.42930983582676
 20
11.239309835826722
 30
0.0
 11
476.42930983582676
 21
19.239309835826724
 31
0.0
  0
LINE
  5
34A
330
17
100
AcDbEntity
  8
EKSEN
100
AcDbLine
 10
172.24930983582672
 20
16.499309835826722
 30
0.0
 11
185.74930983582672
 21
16.499309835826722
 31
0.0
  0
LINE
  5
34B
330
17
100
AcDbEntity
  8
EKSEN
100
AcDbLine
 10
178.99930983582672
 20
9.749309835826722
 30
0.0
 11
178.99930983582672
 21
23.249309835826722
 31
0.0
  0
DIMENSION
  5
34C
330
17
100
AcDbEntity
  8
OLCU
100
AcDbDimension
280
0
  2
*D9
  3
PF_MM
 10
175.28699923459735
 20
12.786999234597348
 30
0.0
 11
206.24152772657945
 21
43.74152772657945
 31
0.0
 70
163
 71
5
  1
%%c10.5
100
AcDbDiametricDimension
 15
182.7116204370561
 25
20.211620437056098
 35
0.0
1001
ACAD
1000
DSTYLE
1002
{
1070
172
1070
1
1070
77
1070
0
1070
174
1070
0
1070
279
1070
1
1070
289
1070
3
1070
147
1040
3.2202884526024653
1070
74
1070
1
1070
73
1070
1
1002
}
  0
DIMENSION
  5
364
330
17
100
AcDbEntity
  8
OLCU
100
AcDbDimension
280
0
  2
*D11
  3
PF_MM
 10
460.6973293204872
 20
18.31732932048726
 30
0.0
 11
490.59119764068953
 21
48.211197640689534
 31
0.0
 70
163
 71
5
  1
2x %%c9
100
AcDbDiametricDimension
 15
467.0612903511662
 25
24.681290351166183
 35
0.0
1001
ACAD
1000
DSTYLE
1002
{
1070
172
1070
1
1070
77
1070
0
1070
174
1070
0
1070
279
1070
1
1070
289
1070
3
1070
147
1040
3.2202884526024653
1070
74
1070
1
1070
73
1070
1
1002
}
  0
DIMENSION
  5
370
330
17
100
AcDbEntity
  8
OLCU
100
AcDbDimension
280
0
  2
*D12
  3
PF_MM
 10
69.99930983582672
 20
10.999309835826722
 30
0.0
 11
69.99930983582672
 21
47.2756238460522
 31
0.0
 70
164
 71
5
  1
R3
100
AcDbRadialDimension
 15
69.99930983582672
 25
13.999309835826722
 35
0.0
1001
ACAD
1000
DSTYLE
1002
{
1070
172
1070
1
1070
77
1070
0
1070
174
1070
0
1070
279
1070
1
1070
289
1070
3
1070
147
1040
3.2202884526024653
1070
74
1070
1
1070
73
1070
1
1002
}
  0
DIMENSION
  5
37C
330
17
100
AcDbEntity
  8
OLCU
100
AcDbDimension
280
0
  2
*D13
  3
PF_MM
 10
476.42930983582676
 20
12.739309835826722
 30
0.0
 11
476.42930983582676
 21
51.0156238460522
 31
0.0
 70
163
 71
5
  1
%%c5
100
AcDbDiametricDimension
 15
476.42930983582676
 25
17.739309835826724
 35
0.0
1001
ACAD
1000
DSTYLE
1002
{
1070
172
1070
1
1070
77
1070
0
1070
174
1070
0
1070
279
1070
1
1070
289
1070
3
1070
147
1040
3.2202884526024653
1070
74
1070
1
1070
73
1070
1
1002
}
  0
DIMENSION
  5
394
330
17
100
AcDbEntity
  8
OLCU
100
AcDbDimension
280
0
  2
*D15
  3
PF_MM
 10
81.99930983582672
 20
24.999309835826722
 30
0.0
 11
116.10370438278835
 21
59.10370438278835
 31
0.0
 70
164
 71
5
  1
4x R1
100
AcDbRadialDimension
 15
82.70641661701328
 25
25.706416617013268
 35
0.0
1001
ACAD
1000
DSTYLE
1002
{
1070
172
1070
1
1070
77
1070
0
1070
174
1070
0
1070
279
1070
1
1070
289
1070
3
1070
147
1040
3.2202884526024653
1070
74
1070
1
1070
73
1070
1
1002
}
  0
DIMENSION
  5
3A0
330
17
100
AcDbEntity
  8
OLCU
100
AcDbDimension
280
0
  2
*D16
  3
PF_MM
 10
-269.08652506973056
 20
5.999309835826722
 30
0.0
 11
-269.08652506973056
 21
70.18479043527357
 31
0.0
 70
164
 71
5
  1
4x R3
100
AcDbRadialDimension
 15
-269.08652506973056
 25
8.999309835826722
 35
0.0
1001
ACAD
1000
DSTYLE
1002
{
1070
172
1070
1
1070
77
1070
0
1070
174
1070
0
1070
279
1070
1
1070
289
1070
3
1070
147
1040
3.2202884526024653
1070
74
1070
1
1070
73
1070
1
1002
}
  0
DIMENSION
  5
3AC
330
17
100
AcDbEntity
  8
OLCU
100
AcDbDimension
280
0
  2
*D17
  3
PF_MM
 10
-270.08652506973056
 20
13.949309835826721
 30
0.0
 11
-215.54026278907892
 21
68.49557211647836
 31
0.0
 70
164
 71
5
  1
4x R2
100
AcDbRadialDimension
 15
-268.67231150735745
 25
15.363523398199817
 35
0.0
1001
ACAD
1000
DSTYLE
1002
{
1070
172
1070
1
1070
77
1070
0
1070
174
1070
0
1070
279
1070
1
1070
289
1070
3
1070
147
1040
3.2202884526024653
1070
74
1070
1
1070
73
1070
1
1002
}
  0
DIMENSION
  5
3B8
330
17
100
AcDbEntity
  8
OLCU
100
AcDbDimension
280
0
  2
*D18
  3
PF_MM
 10
-204.32652506973056
 20
8.499309835826722
 30
0.0
 11
-170.5756839133622
 21
42.250150992195074
 31
0.0
 70
164
 71
5
  1
4x R0.5
100
AcDbRadialDimension
 15
-203.9729716791373
 25
8.852863226419995
 35
0.0
1001
ACAD
1000
DSTYLE
1002
{
1070
172
1070
1
1070
77
1070
0
1070
174
1070
0
1070
279
1070
1
1070
289
1070
3
1070
147
1040
3.2202884526024653
1070
74
1070
1
1070
73
1070
1
1002
}
  0
DIMENSION
  5
3D0
330
17
100
AcDbEntity
  8
OLCU
100
AcDbDimension
280
0
  2
*D20
  3
PF_MM
 10
70.99930983582672
 20
-262.856525069748
 30
0.0
 11
70.99930983582671
 21
-353.9511722584162
 31
0.0
 70
164
 71
5
  1
2x R2
100
AcDbRadialDimension
 15
70.99930983582672
 25
-264.856525069748
 35
0.0
1001
ACAD
1000
DSTYLE
1002
{
1070
172
1070
1
1070
77
1070
0
1070
174
1070
0
1070
279
1070
1
1070
289
1070
3
1070
147
1040
3.2202884526024653
1070
74
1070
1
1070
73
1070
1
1002
}
  0
DIMENSION
  5
3F4
330
17
100
AcDbEntity
  8
OLCU
100
AcDbDimension
280
0
  2
*D23
  3
PF_MM
 10
220.99930983582672
 20
-258.836525069748
 30
0.0
 11
220.99930983582672
 21
-168.7418778810798
 31
0.0
 70
164
 71
5
  1
2x R1
100
AcDbRadialDimension
 15
220.99930983582672
 25
-257.836525069748
 35
0.0
1001
ACAD
1000
DSTYLE
1002
{
1070
172
1070
1
1070
77
1070
0
1070
174
1070
0
1070
279
1070
1
1070
289
1070
3
1070
147
1040
3.2202884526024653
1070
74
1070
1
1070
73
1070
1
1002
}
  0
LWPOLYLINE
  5
400
330
17
100
AcDbEntity
  8
GORUNEN
100
AcDbPolyline
 90
2
 70
0
 10
1024.713557373079
 20
12.000000000000014
 10
956.7135573730792
 20
12.000000000000014
  0
LWPOLYLINE
  5
401
330
17
100
AcDbEntity
  8
GORUNEN
100
AcDbPolyline
 90
2
 70
0
 10
1024.713557373079
 20
8.805045099621822
 10
1024.713557373079
 20
12.000000000000014
  0
LWPOLYLINE
  5
402
330
17
100
AcDbEntity
  8
GORUNEN
100
AcDbPolyline
 90
2
 70
0
 10
1024.713557373079
 20
12.000000000000014
 10
1024.713557373079
 20
13.949232512900004
  0
LWPOLYLINE
  5
403
330
17
100
AcDbEntity
  8
GORUNEN
100
AcDbPolyline
 90
2
 70
0
 10
956.7135573730792
 20
8.805045099621815
 10
956.7135573730792
 20
12.000000000000007
  0
LWPOLYLINE
  5
404
330
17
100
AcDbEntity
  8
GORUNEN
100
AcDbPolyline
 90
2
 70
0
 10
1024.713557373079
 20
4.825688514496774
 10
1024.713557373079
 20
8.805045099614576
  0
LWPOLYLINE
  5
405
330
17
100
AcDbEntity
  8
GORUNEN
100
AcDbPolyline
 90
2
 70
0
 10
1024.713557373079
 20
13.949232512900007
 10
1024.713557373079
 20
14.000000000000007
  0
LWPOLYLINE
  5
406
330
17
100
AcDbEntity
  8
GORUNEN
100
AcDbPolyline
 90
2
 70
0
 10
956.7135573730792
 20
13.949232512900004
 10
956.7135573730792
 20
12.000000000000014
  0
LWPOLYLINE
  5
407
330
17
100
AcDbEntity
  8
GORUNEN
100
AcDbPolyline
 90
2
 70
0
 10
956.7135573730792
 20
4.8256885144967665
 10
956.7135573730792
 20
8.805045099614569
  0
LWPOLYLINE
  5
408
330
17
100
AcDbEntity
  8
GORUNEN
100
AcDbPolyline
 90
2
 70
0
 10
1024.713557373079
 20
4.8256885145014845
 10
1024.713557373079
 20
3.000000000000014
  0
LWPOLYLINE
  5
409
330
17
100
AcDbEntity
  8
GORUNEN
100
AcDbPolyline
 90
2
 70
0
 10
1024.713557373079
 20
14.000000000000007
 10
1026.713557373079
 20
14.000000000000007
  0
LWPOLYLINE
  5
40A
330
17
100
AcDbEntity
  8
GORUNEN
100
AcDbPolyline
 90
35
 70
0
 10
1026.713557373079
 20
14.000000000000007
 10
1026.854675522056
 20
13.99667910661609
 10
1026.9954812454812
 20
13.986723778686247
 10
1027.1356628094914
 20
13.970156056598922
 10
1027.2749098620675
 20
13.94701262011322
 10
1027.4129141201324
 20
13.917344707152548
 10
1027.549370052068
 20
13.881218000367484
 10
1027.6839755541396
 20
13.838712481719055
 10
1027.816432619333
 20
13.78992225540437
 10
1027.9464479971207
 20
13.734955339516608
 10
1028.0737338426975
 20
13.67393342690064
 10
1028.1980083542483
 20
13.606991615733715
 10
1028.3189963968377
 20
13.534278110427714
 10
1028.436430111539
 20
13.455953893515094
 10
1028.5500495084545
 20
13.37219236924502
 10
1028.6596030423154
 20
13.283178979678677
 10
1028.7648481693845
 20
13.189110794133722
 10
1028.865551884431
 20
13.090196072886833
 10
1028.9614912365876
 20
12.986653806100252
 10
1029.0524538229474
 20
12.87871322899313
 10
1029.13823825881
 20
12.766613314331044
 10
1029.2186546235316
 20
12.65060224335729
 10
1029.2935248809963
 20
12.530936856337242
 10
1029.362683273776
 20
12.407882083932256
 10
1029.4259766901043
 20
12.281710360662025
 10
1029.4832650028566
 20
12.152701021753913
 10
1029.53442137978
 20
12.021139684714615
 10
1029.5793325642924
 20
11.887317616993302
 10
1029.6178991262232
 20
11.751531091136185
 10
1029.6500356819456
 20
11.61408072886016
 10
1029.6756710834093
 20
11.47527083549769
 10
1029.6947485756575
 20
11.335408726286442
 10
1029.7072259224788
 20
11.19480404599517
 10
1029.7119740926328
 20
11.097453455047521
 10
1029.713557373079
 20
11.000000000000009
  0
LWPOLYLINE
  5
40B
330
17
100
AcDbEntity
  8
GORUNEN
100
AcDbPolyline
 90
2
 70
0
 10
1029.713557373079
 20
11.000000000000005
 10
1029.713557373079
 20
6.000000000010005
  0
LWPOLYLINE
  5
40C
330
17
100
AcDbEntity
  8
GORUNEN
100
AcDbPolyline
 90
2
 70
0
 10
1176.713557373079
 20
6.000000000010008
 10
1176.713557373079
 20
32.00000000000001
  0
LWPOLYLINE
  5
40D
330
17
100
AcDbEntity
  8
GORUNEN
100
AcDbPolyline
 90
2
 70
0
 10
1176.7135573730793
 20
32.0
 10
956.7135573730792
 20
32.0
  0
LWPOLYLINE
  5
40E
330
17
100
AcDbEntity
  8
GORUNEN
100
AcDbPolyline
 90
2
 70
0
 10
956.7135573730792
 20
13.949232512900007
 10
956.7135573730792
 20
32.00000000000001
  0
LWPOLYLINE
  5
40F
330
17
100
AcDbEntity
  8
GORUNEN
100
AcDbPolyline
 90
2
 70
0
 10
1061.713557373079
 20
25.999999999899998
 10
1038.713557373079
 20
25.999999999899998
  0
LWPOLYLINE
  5
410
330
17
100
AcDbEntity
  8
GORUNEN
100
AcDbPolyline
 90
34
 70
0
 10
1061.713557373079
 20
25.999999999899998
 10
1061.7612522102872
 20
25.99886195357713
 10
1061.808838489627
 20
25.995450404907388
 10
1061.8562079003184
 20
25.989773118891613
 10
1061.9032526251935
 20
25.98184301755875
 10
1061.9498655861007
 20
25.971678150554123
 10
1061.995940687622
 20
25.95930165405677
 10
1062.0413730585576
 20
25.944741698119344
 10
1062.0860592906224
 20
25.92803142255048
 10
1062.1298976738121
 20
25.909208861485507
 10
1062.1727884279053
 20
25.888316856817237
 10
1062.2146339295718
 20
25.865402960683852
 10
1062.2553389345733
 20
25.84051932723583
 10
1062.294810794547
 20
25.813722593928254
 10
1062.3329596678827
 20
25.785073752608742
 10
1062.3696987242104
 20
25.75463801069433
 10
1062.4049443420345
 20
25.722484642753347
 10
1062.438616299063
 20
25.68868683283011
 10
1062.4706379548022
 20
25.653321507871226
 10
1062.5009364249975
 20
25.616469162632743
 10
1062.529442747523
 20
25.578213676466643
 10
1062.556092039348
 20
25.53864212240364
 10
1062.5808236442153
 20
25.497844568966922
 10
1062.6035812707012
 20
25.455913875167834
 10
1062.6243131203391
 20
25.412945479150153
 10
1062.6429720055185
 20
25.369037180964064
 10
1062.6595154568881
 20
25.32428891996415
 10
1062.67390582002
 20
25.278802547338184
 10
1062.6861103411147
 20
25.23268159428438
 10
1062.696101241551
 20
25.1860310363648
 10
1062.7038557811145
 20
25.13895705457124
 10
1062.709356309754
 20
25.091566793647473
 10
1062.7125065551388
 20
25.045831557396593
 10
1062.713557373079
 20
24.999999999899998
  0
LWPOLYLINE
  5
411
330
17
100
AcDbEntity
  8
GORUNEN
100
AcDbPolyline
 90
2
 70
0
 10
1062.713557373079
 20
20.999999999899998
 10
1062.713557373079
 20
24.999999999899998
  0
LWPOLYLINE
  5
412
330
17
100
AcDbEntity
  8
GORUNEN
100
AcDbPolyline
 90
34
 70
0
 10
1062.713557373079
 20
20.999999999899998
 10
1062.7124193267564
 20
20.952305162691918
 10
1062.7090077780865
 20
20.904718883352043
 10
1062.7033304920708
 20
20.85734947266082
 10
1062.6954003907379
 20
20.810304747785562
 10
1062.6852355237334
 20
20.76369178687857
 10
1062.672859027236
 20
20.717616685357363
 10
1062.6582990712986
 20
20.672184314421667
 10
1062.6415887957296
 20
20.627498082356848
 10
1062.6227662346646
 20
20.583659699167068
 10
1062.6018742299964
 20
20.540768945073914
 10
1062.578960333863
 20
20.498923443407342
 10
1062.554076700415
 20
20.458218438405957
 10
1062.5272799671075
 20
20.418746578432284
 10
1062.4986311257878
 20
20.380597705096523
 10
1062.4681953838735
 20
20.34385864876872
 10
1062.4360420159326
 20
20.30861303094479
 10
1062.4022442060093
 20
20.27494107391626
 10
1062.3668788810505
 20
20.24291941817689
 10
1062.3300265358118
 20
20.212620947981808
 10
1062.2917710496458
 20
20.184114625456207
 10
1062.2521994955828
 20
20.157465333631144
 10
1062.211401942146
 20
20.132733728763753
 10
1062.169471248347
 20
20.109976102277994
 10
1062.1265028523294
 20
20.089244252640142
 10
1062.0825945541433
 20
20.070585367460694
 10
1062.0378462931433
 20
20.05404191609098
 10
1061.9923599205174
 20
20.039651552959004
 10
1061.9462389674636
 20
20.027447031864455
 10
1061.8995884095439
 20
20.017456131428045
 10
1061.8525144277505
 20
20.009701591864776
 10
1061.8051241668268
 20
20.004201063225125
 10
1061.7593889305758
 20
20.00105081784045
 10
1061.713557373079
 20
19.999999999899998
  0
LWPOLYLINE
  5
413
330
17
100
AcDbEntity
  8
GORUNEN
100
AcDbPolyline
 90
2
 70
0
 10
1038.713557373079
 20
19.999999999899998
 10
1061.713557373079
 20
19.999999999899998
  0
LWPOLYLINE
  5
414
330
17
100
AcDbEntity
  8
GORUNEN
100
AcDbPolyline
 90
34
 70
0
 10
1038.713557373079
 20
19.999999999899998
 10
1038.6658625358712
 20
20.001138046222867
 10
1038.6182762565313
 20
20.00454959489261
 10
1038.57090684584
 20
20.010226880908384
 10
1038.5238621209648
 20
20.018156982241248
 10
1038.4772491600577
 20
20.028321849245874
 10
1038.4311740585365
 20
20.040698345743227
 10
1038.3857416876008
 20
20.055258301680652
 10
1038.341055455536
 20
20.071968577249518
 10
1038.2972170723463
 20
20.09079113831449
 10
1038.254326318253
 20
20.11168314298276
 10
1038.2124808165865
 20
20.134597039116144
 10
1038.1717758115851
 20
20.159480672564165
 10
1038.1323039516114
 20
20.18627740587174
 10
1038.0941550782757
 20
20.21492624719125
 10
1038.0574160219478
 20
20.245361989105668
 10
1038.022170404124
 20
20.277515357046646
 10
1037.9884984470955
 20
20.31131316696988
 10
1037.9564767913562
 20
20.346678491928767
 10
1037.926178321161
 20
20.38353083716725
 10
1037.8976719986354
 20
20.42178632333335
 10
1037.8710227068104
 20
20.461357877396352
 10
1037.8462911019428
 20
20.502155430833067
 10
1037.8235334754572
 20
20.54408612463216
 10
1037.8028016258193
 20
20.587054520649836
 10
1037.78414274064
 20
20.630962818835926
 10
1037.7675992892703
 20
20.67571107983584
 10
1037.753208926138
 20
20.721197452461805
 10
1037.7410044050437
 20
20.76731840551561
 10
1037.7310135046073
 20
20.81396896343519
 10
1037.723258965044
 20
20.861042945228746
 10
1037.7177584364042
 20
20.908433206152512
 10
1037.7146081910196
 20
20.9541684424034
 10
1037.713557373079
 20
20.999999999899998
  0
LWPOLYLINE
  5
415
330
17
100
AcDbEntity
  8
GORUNEN
100
AcDbPolyline
 90
2
 70
0
 10
1037.713557373079
 20
24.999999999899998
 10
1037.713557373079
 20
20.999999999899998
  0
LWPOLYLINE
  5
416
330
17
100
AcDbEntity
  8
GORUNEN
100
AcDbPolyline
 90
34
 70
0
 10
1037.713557373079
 20
24.999999999899998
 10
1037.714695419402
 20
25.04769483710808
 10
1037.7181069680719
 20
25.095281116447953
 10
1037.7237842540876
 20
25.142650527139175
 10
1037.7317143554205
 20
25.189695252014435
 10
1037.741879222425
 20
25.236308212921426
 10
1037.7542557189224
 20
25.282383314442633
 10
1037.7688156748598
 20
25.32781568537833
 10
1037.7855259504288
 20
25.37250191744315
 10
1037.8043485114936
 20
25.41634030063293
 10
1037.825240516162
 20
25.459231054726082
 10
1037.8481544122953
 20
25.501076556392654
 10
1037.8730380457434
 20
25.54178156139404
 10
1037.899834779051
 20
25.581253421367713
 10
1037.9284836203703
 20
25.619402294703473
 10
1037.9589193622849
 20
25.656141351031277
 10
1037.9910727302258
 20
25.691386968855205
 10
1038.024870540149
 20
25.725058925883737
 10
1038.0602358651079
 20
25.757080581623107
 10
1038.0970882103466
 20
25.78737905181819
 10
1038.1353436965126
 20
25.81588537434379
 10
1038.1749152505756
 20
25.842534666168852
 10
1038.2157128040124
 20
25.867266271036243
 10
1038.2576434978114
 20
25.890023897522003
 10
1038.300611893829
 20
25.910755747159854
 10
1038.3445201920151
 20
25.929414632339302
 10
1038.3892684530151
 20
25.945958083709016
 10
1038.434754825641
 20
25.960348446840992
 10
1038.4808757786948
 20
25.972552967935542
 10
1038.5275263366143
 20
25.982543868371952
 10
1038.5746003184079
 20
25.99029840793522
 10
1038.6219905793316
 20
25.99579893657487
 10
1038.6677258155826
 20
25.998949181959546
 10
1038.713557373079
 20
25.999999999899998
  0
LWPOLYLINE
  5
417
330
17
100
AcDbEntity
  8
GORUNEN
100
AcDbPolyline
 90
34
 70
0
 10
1130.463557373079
 20
16.499999999900012
 10
1130.4698061330982
 20
16.75607212489265
 10
1130.488537538107
 20
17.01153467531133
 10
1130.5197069983706
 20
17.265779527662175
 10
1130.563240315612
 20
17.51820145715721
 10
1130.6190338596393
 20
17.76819957843989
 10
1130.686954815037
 20
18.015178775980644
 10
1130.7668414973286
 20
18.258551120737515
 10
1130.858503737864
 20
18.497737269709496
 10
1130.9617233365125
 20
18.73216784505094
 10
1131.0762545810826
 20
18.961284789464163
 10
1131.2018248322365
 20
19.18454269464366
 10
1131.338135172502
 20
19.40141009960969
 10
1131.4848611178395
 20
19.611370755840515
 10
1131.6416533900692
 20
19.813924856191655
 10
1131.8081387483219
 20
20.00859022467684
 10
1131.9839208775309
 20
20.194903464278287
 10
1132.1685813318518
 20
20.372421060054037
 10
1132.3616805307652
 20
20.54072043491641
 10
1132.5627588054883
 20
20.699400955568308
 10
1132.7713374932086
 20
20.848084886202788
 10
1132.98692007653
 20
20.986418287695564
 10
1133.2089933654227
 20
21.114071860150048
 10
1133.4370287188624
 20
21.230741726789162
 10
1133.6704833032495
 20
21.33615015732792
 10
1133.9088013846133
 20
21.43004622910483
 10
1134.1514156515254
 20
21.51220642439826
 10
1134.3977485655744
 20
21.58243516250593
 10
1134.647213736183
 20
21.640565265320838
 10
1134.8992173165
 20
21.686458355295407
 10
1135.1531594170408
 20
21.72000518484649
 10
1135.4084355337122
 20
21.741125896417028
 10
1135.560931943865
 20
21.747781005082793
 10
1135.713557373079
 20
21.749999999900012
  0
LWPOLYLINE
  5
418
330
17
100
AcDbEntity
  8
GORUNEN
100
AcDbPolyline
 90
34
 70
0
 10
1135.713557373079
 20
21.749999999900012
 10
1135.9696294980718
 20
21.74375123988096
 10
1136.2250920484905
 20
21.725019834872107
 10
1136.4793369008414
 20
21.693850374608584
 10
1136.7317588303363
 20
21.65031705736738
 10
1136.981756951619
 20
21.59452351333984
 10
1137.2287361491599
 20
21.526602557942056
 10
1137.4721084939167
 20
21.446715875650426
 10
1137.7112946428886
 20
21.355053635114988
 10
1137.94572521823
 20
21.25183403646676
 10
1138.1748421626432
 20
21.137302791896687
 10
1138.3981000678227
 20
21.011732540742667
 10
1138.614967472789
 20
20.87542220047708
 10
1138.8249281290196
 20
20.72869625513971
 10
1139.027482229371
 20
20.57190398290998
 10
1139.222147597856
 20
20.405418624657223
 10
1139.4084608374574
 20
20.22963649544826
 10
1139.585978433233
 20
20.044976041127313
 10
1139.7542778080956
 20
19.85187684221402
 10
1139.9129583287474
 20
19.650798567490806
 10
1140.0616422593819
 20
19.442219879770548
 10
1140.1999756608748
 20
19.226637296449308
 10
1140.3276292333292
 20
19.00456400755659
 10
1140.4442990999682
 20
18.77652865411675
 10
1140.549707530507
 20
18.543074069729595
 10
1140.643603602284
 20
18.30475598836587
 10
1140.7257637975774
 20
18.062141721453624
 10
1140.7959925356852
 20
17.815808807404718
 10
1140.8541226385
 20
17.566343636796173
 10
1140.9000157284745
 20
17.314340056479132
 10
1140.9335625580256
 20
17.060397955938296
 10
1140.9546832695962
 20
16.805121839267002
 10
1140.9613383782619
 20
16.65262542911425
 10
1140.963557373079
 20
16.499999999900012
  0
LWPOLYLINE
  5
419
330
17
100
AcDbEntity
  8
GORUNEN
100
AcDbPolyline
 90
34
 70
0
 10
1140.963557373079
 20
16.499999999900012
 10
1140.9573086130601
 20
16.243927874907374
 10
1140.9385772080514
 20
15.988465324488695
 10
1140.9074077477878
 20
15.734220472137851
 10
1140.8638744305465
 20
15.481798542642814
 10
1140.808080886519
 20
15.231800421360134
 10
1140.7401599311213
 20
14.984821223819383
 10
1140.6602732488295
 20
14.74144887906251
 10
1140.568611008294
 20
14.50226273009053
 10
1140.465391409646
 20
14.267832154749085
 10
1140.3508601650758
 20
14.038715210335864
 10
1140.2252899139219
 20
13.815457305156364
 10
1140.0889795736562
 20
13.598589900190332
 10
1139.942253628319
 20
13.388629243959512
 10
1139.7854613560892
 20
13.18607514360837
 10
1139.6189759978363
 20
12.991409775123186
 10
1139.4431938686275
 20
12.805096535521738
 10
1139.2585334143064
 20
12.627578939745987
 10
1139.0654342153932
 20
12.459279564883616
 10
1138.86435594067
 20
12.300599044231715
 10
1138.6557772529497
 20
12.151915113597239
 10
1138.4401946696285
 20
12.013581712104465
 10
1138.2181213807357
 20
11.885928139649977
 10
1137.990086027296
 20
11.769258273010863
 10
1137.7566314429087
 20
11.663849842472104
 10
1137.518313361545
 20
11.569953770695196
 10
1137.2756990946327
 20
11.487793575401763
 10
1137.0293661805838
 20
11.417564837294094
 10
1136.7799010099752
 20
11.359434734479189
 10
1136.5278974296582
 20
11.313541644504618
 10
1136.2739553291174
 20
11.279994814953536
 10
1136.0186792124462
 20
11.258874103382997
 10
1135.8661828022935
 20
11.252218994717236
 10
1135.713557373079
 20
11.249999999900012
  0
LWPOLYLINE
  5
41A
330
17
100
AcDbEntity
  8
GORUNEN
100
AcDbPolyline
 90
34
 70
0
 10
1135.713557373079
 20
11.249999999900012
 10
1135.4574852480864
 20
11.256248759919064
 10
1135.2020226976679
 20
11.274980164927918
 10
1134.947777845317
 20
11.306149625191441
 10
1134.695355915822
 20
11.349682942432647
 10
1134.4453577945392
 20
11.405476486460188
 10
1134.1983785969985
 20
11.473397441857973
 10
1133.9550062522417
 20
11.553284124149604
 10
1133.7158201032696
 20
11.64494636468504
 10
1133.4813895279283
 20
11.748165963333268
 10
1133.252272583515
 20
11.862697207903343
 10
1133.0290146783354
 20
11.988267459057369
 10
1132.8121472733694
 20
12.12457779932296
 10
1132.6021866171386
 20
12.271303744660333
 10
1132.3996325167875
 20
12.428096016890068
 10
1132.2049671483023
 20
12.594581375142829
 10
1132.0186539087008
 20
12.770363504351792
 10
1131.841136312925
 20
12.955023958672747
 10
1131.6728369380628
 20
13.148123157586047
 10
1131.514156417411
 20
13.349201432309265
 10
1131.3654724867763
 20
13.557780120029527
 10
1131.2271390852836
 20
13.773362703350774
 10
1131.099485512829
 20
13.995435992243499
 10
1130.98281564619
 20
14.223471345683345
 10
1130.8774072156511
 20
14.456925930070502
 10
1130.7835111438744
 20
14.695244011434234
 10
1130.701350948581
 20
14.937858278346486
 10
1130.6311222104732
 20
15.1841911923954
 10
1130.5729921076584
 20
15.43365636300395
 10
1130.5270990176837
 20
15.685659943320996
 10
1130.4935521881328
 20
15.939602043861838
 10
1130.4724314765622
 20
16.194878160533136
 10
1130.4657763678963
 20
16.34737457068583
 10
1130.463557373079
 20
16.499999999900012
  0
LWPOLYLINE
  5
41B
330
17
100
AcDbEntity
  8
GORUNEN
100
AcDbPolyline
 90
2
 70
0
 10
956.7135573730792
 20
3.000000000000007
 10
956.7135573730792
 20
4.825688514501477
  0
LWPOLYLINE
  5
41C
330
17
100
AcDbEntity
  8
GORUNEN
100
AcDbPolyline
 90
2
 70
0
 10
1176.713557373079
 20
3.0
 10
1176.713557373079
 20
6.000000000009999
  0
LWPOLYLINE
  5
41D
330
17
100
AcDbEntity
  8
GORUNEN
100
AcDbPolyline
 90
2
 70
0
 10
1029.713557373079
 20
3.000000000000007
 10
1029.713557373079
 20
6.000000000010006
  0
LWPOLYLINE
  5
41E
330
17
100
AcDbEntity
  8
GORUNEN
100
AcDbPolyline
 90
2
 70
0
 10
1419.7135573730793
 20
3.000000000000007
 10
956.7135573730792
 20
3.000000000000007
  0
LWPOLYLINE
  5
41F
330
17
100
AcDbEntity
  8
GORUNEN
100
AcDbPolyline
 90
2
 70
0
 10
1419.7135573730798
 20
7.105427357601002e-15
 10
956.7135573730792
 20
7.105427357601002e-15
  0
LWPOLYLINE
  5
420
330
17
100
AcDbEntity
  8
GORUNEN
100
AcDbPolyline
 90
2
 70
0
 10
956.7135573730792
 20
3.0000000000000036
 10
956.7135573730792
 20
7.105427357601002e-15
  0
LWPOLYLINE
  5
421
330
17
100
AcDbEntity
  8
GORUNEN
100
AcDbPolyline
 90
44
 70
0
 10
1181.713557373079
 20
3.000000000000007
 10
1181.713564302701
 20
3.0000001642102143
 10
1181.7135712323218
 20
3.000000656840819
 10
1181.713578161941
 20
3.000001477891766
 10
1181.7135850915583
 20
3.000002627362966
 10
1181.7135920211724
 20
3.0000041052542934
 10
1181.7135989507826
 20
3.000005911565586
 10
1181.7136058803885
 20
3.000008046296646
 10
1181.713612809989
 20
3.0000105094472405
 10
1181.7136197395832
 20
3.000013301017099
 10
1181.7136266691707
 20
3.000016421005916
 10
1181.7136335987507
 20
3.00001986941335
 10
1181.7136405283225
 20
3.0000236462390237
 10
1181.713647457885
 20
3.000027751482524
 10
1181.7136543874376
 20
3.000032185143401
 10
1181.7136613169796
 20
3.0000369472211688
 10
1181.7136682465102
 20
3.000042037715307
 10
1181.7136751760288
 20
3.0000474566252584
 10
1181.7136821055344
 20
3.000053203950429
 10
1181.7136913448537
 20
3.0000613779176826
 10
1181.713701739057
 20
3.000071271509858
 10
1181.7137121332244
 20
3.0000819040304028
 10
1181.7137225273539
 20
3.000093275476698
 10
1181.7137329214427
 20
3.000105385845943
 10
1181.7137433154883
 20
3.000118235135155
 10
1181.713757174144
 20
3.0001365169463337
 10
1181.7137727650265
 20
3.0001586541720977
 10
1181.71378835579
 20
3.0001824539382227
 10
1181.7138039464253
 20
3.000207916231518
 10
1181.713824733725
 20
3.000244452084765
 10
1181.7138481191214
 20
3.000289087714858
 10
1181.7138715041551
 20
3.0003374638978997
 10
1181.713902683586
 20
3.000407784008273
 10
1181.713937759527
 20
3.000494842483956
 10
1181.7139728344007
 20
3.000590316625397
 10
1181.714019599069
 20
3.0007307060498887
 10
1181.7140722065533
 20
3.0009065259949095
 10
1181.7141423447524
 20
3.001170403158076
 10
1181.7142212423403
 20
3.0015074931157066
 10
1181.7143264242625
 20
3.002023196408506
 10
1181.7144841599043
 20
3.0029386884884337
 10
1181.7147206618388
 20
3.004631178242099
 10
1181.7287725895258
 20
3.9384339184522457
 10
1181.734501153973
 20
6.000000000010007
  0
LWPOLYLINE
  5
422
330
17
100
AcDbEntity
  8
GORUNEN
100
AcDbPolyline
 90
2
 70
0
 10
1434.8027412810793
 20
6.0000000000100115
 10
1419.6845000640792
 20
5.93156046175001
  0
LWPOLYLINE
  5
423
330
17
100
AcDbEntity
  8
GORUNEN
100
AcDbPolyline
 90
2
 70
0
 10
1419.6845000640792
 20
5.93156046175001
 10
1419.7015558430844
 20
4.054641103610786
  0
LWPOLYLINE
  5
424
330
17
100
AcDbEntity
  8
GORUNEN
100
AcDbPolyline
 90
2
 70
0
 10
1419.7015558430844
 20
4.054641103610786
 10
1419.7135573730793
 20
3.000000000000007
  0
LWPOLYLINE
  5
425
330
17
100
AcDbEntity
  8
GORUNEN
100
AcDbPolyline
 90
2
 70
0
 10
1419.7135573730793
 20
7.105427357601002e-15
 10
1419.7135573730793
 20
3.000000000000007
  0
LWPOLYLINE
  5
426
330
17
100
AcDbEntity
  8
GORUNEN
100
AcDbPolyline
 90
2
 70
0
 10
1434.8236850620792
 20
6.000000000020009
 10
1419.7054383950792
 20
5.863120923490008
  0
LWPOLYLINE
  5
427
330
17
100
AcDbEntity
  8
GORUNEN
100
AcDbPolyline
 90
2
 70
0
 10
1419.7054383950792
 20
5.863120923490008
 10
1419.7135573730793
 20
7.105427357601002e-15
  0
LWPOLYLINE
  5
428
330
17
100
AcDbEntity
  8
GORUNEN
100
AcDbPolyline
 90
2
 70
0
 10
1181.7345011540788
 20
32.0
 10
1434.769650295079
 20
32.0
  0
LWPOLYLINE
  5
429
330
17
100
AcDbEntity
  8
GORUNEN
100
AcDbPolyline
 90
2
 70
0
 10
1181.7345011540795
 20
6.000000000010008
 10
1181.734501154079
 20
32.00000000000001
  0
LWPOLYLINE
  5
42A
330
17
100
AcDbEntity
  8
GORUNEN
100
AcDbPolyline
 90
2
 70
0
 10
1434.8027412810793
 20
6.0000000000100115
 10
1434.8795423310794
 20
6.0000000000100115
  0
LWPOLYLINE
  5
42B
330
17
100
AcDbEntity
  8
GORUNEN
100
AcDbPolyline
 90
29
 70
0
 10
1439.7345011543832
 20
9.94889391469462
 10
1439.6758381334148
 20
9.705898199431159
 10
1439.6051038583118
 20
9.466138207231987
 10
1439.5224751320416
 20
9.230213227168448
 10
1439.4281584881971
 20
8.998712962555565
 10
1439.3223896747584
 20
8.772216056966535
 10
1439.205433064832
 20
8.551288647891468
 10
1439.077580995841
 20
8.336482951655553
 10
1438.9391530388148
 20
8.128335883133685
 10
1438.790495199612
 20
7.927367713711652
 10
1438.6319790540638
 20
7.734080770848333
 10
1438.4640008192066
 20
7.548958182489427
 10
1438.2869803629237
 20
7.37246266947107
 10
1438.1013601544691
 20
7.205035388931796
 10
1437.9076041584992
 20
7.047094831623758
 10
1437.706196675375
 20
6.899035775879442
 10
1437.4976411306366
 20
6.761228300848446
 10
1437.2824588166714
 20
6.634016861470807
 10
1437.0611875897243
 20
6.5177194274989825
 10
1436.8343805255063
 20
6.412626688720561
 10
1436.6026045367605
 20
6.319001328368262
 10
1436.366438956243
 20
6.237077366533366
 10
1436.1264740886584
 20
6.167059575223741
 10
1435.8833097351721
 20
6.1091229665285445
 10
1435.6375536941835
 20
6.063412355168964
 10
1435.3898202421124
 20
6.0300419965283965
 10
1435.1407285979915
 20
6.009095301066848
 10
1435.0101913899805
 20
6.003109164096362
 10
1434.8795423310794
 20
6.000536520412571
  0
LWPOLYLINE
  5
42C
330
17
100
AcDbEntity
  8
GORUNEN
100
AcDbPolyline
 90
2
 70
0
 10
1439.7345011540792
 20
9.948893914760014
 10
1439.7345011540792
 20
27.035028148000013
  0
LWPOLYLINE
  5
42D
330
17
100
AcDbEntity
  8
GORUNEN
100
AcDbPolyline
 90
40
 70
0
 10
1434.7696502950791
 20
32.0
 10
1435.0198513089742
 20
31.992000909165675
 10
1435.24445170413
 20
31.974117066973065
 10
1435.4457234069885
 20
31.949388563034546
 10
1435.645824337023
 20
31.916517847716424
 10
1435.844422374461
 20
31.87555563189324
 10
1436.0411889904385
 20
31.826567371622385
 10
1436.235799622612
 20
31.76963289252246
 10
1436.427934050771
 20
31.704846014151606
 10
1436.6172767724509
 20
31.632314174385865
 10
1436.8035173785447
 20
31.55215805379751
 10
1436.9863509289164
 20
31.464511200033407
 10
1437.1654783280133
 20
31.36951965219336
 10
1437.3406067004776
 20
31.267341565208454
 10
1437.5114497667603
 20
31.158146834219394
 10
1437.6777282187331
 20
31.04211671895487
 10
1437.8391700953005
 20
30.919443468109886
 10
1437.995511158013
 20
30.79032994372412
 10
1438.1464952666788
 20
30.654989245560266
 10
1438.2918747549775
 20
30.513644335482375
 10
1438.4314108060712
 20
30.366527661834215
 10
1438.5648738282184
 20
30.2138807838176
 10
1438.692043830385
 20
30.055953995870752
 10
1438.8127107978587
 20
29.893005952046643
 10
1438.9266750678596
 20
29.72530329039134
 10
1439.0337477051537
 20
29.553120257322355
 10
1439.1337508776655
 20
29.37673833200699
 10
1439.22651823209
 20
29.19644585074068
 10
1439.3118952695058
 20
29.012537631325348
 10
1439.3897397209873
 20
28.82531459744774
 10
1439.4599219232166
 20
28.635083403057788
 10
1439.5223251940974
 20
28.442156056746946
 10
1439.576846208366
 20
28.246849546126533
 10
1439.6233953732053
 20
28.049485462206093
 10
1439.6618972038561
 20
27.850389623771733
 10
1439.6922906992297
 20
27.64989170176446
 10
1439.7145297175216
 20
27.448324843658558
 10
1439.7285833518222
 20
27.2460252978399
 10
1439.7326533709947
 20
27.14055604238388
 10
1439.7345011540792
 20
27.035028148000006
  0
LWPOLYLINE
  5
42E
330
17
100
AcDbEntity
  8
GORUNEN
100
AcDbPolyline
 90
34
 70
0
 10
1435.6191506230912
 20
15.255925265400093
 10
1435.6171380508445
 20
15.13667121559823
 10
1435.609440105114
 20
15.017648874074188
 10
1435.5960743071369
 20
14.89912914670424
 10
1435.5770710787078
 20
14.78138179536828
 10
1435.5524736729353
 20
14.66467482394679
 10
1435.5223380757939
 20
14.54927386831918
 10
1435.4867328786943
 20
14.435441591751914
 10
1435.445739122364
 20
14.32343708705259
 10
1435.3994501123905
 20
14.213515286850688
 10
1435.3479712068488
 20
14.105926383347304
 10
1435.291419576497
 20
14.000915258854512
 10
1435.2299239380854
 20
13.898720928420538
 10
1435.1636242613845
 20
13.799575995809363
 10
1435.0926714506004
 20
13.703706124073008
 10
1435.0172270009043
 20
13.611329521921524
 10
1434.9374626308531
 20
13.522656447059747
 10
1434.8535598915435
 20
13.437888727621282
 10
1434.7657097533825
 20
13.357219302788979
 10
1434.6741121714244
 20
13.280831783647466
 10
1434.5789756302513
 20
13.208900035267325
 10
1434.4805166694453
 20
13.141587780972069
 10
1434.3789593907227
 20
13.079048229688697
 10
1434.2745349478591
 20
13.02142372722998
 10
1434.167481020561
 20
12.968845432302206
 10
1434.0580412734848
 20
12.921433017975806
 10
1433.9464648016342
 20
12.879294399298367
 10
1433.8330055633962
 20
12.842525487669981
 10
1433.7179218025087
 20
12.811209972540015
 10
1433.6014754602734
 20
12.785419130922165
 10
1433.4839315793536
 20
12.765211665161374
 10
1433.3655577005122
 20
12.750633569321863
 10
1433.2512801628495
 20
12.741959923828478
 10
1433.1367251930792
 20
12.73853303793356
  0
LWPOLYLINE
  5
42F
330
17
100
AcDbEntity
  8
GORUNEN
100
AcDbPolyline
 90
2
 70
0
 10
1433.1367251930792
 20
12.73853303793356
 10
1433.1192724689936
 20
12.73847211470001
  0
LWPOLYLINE
  5
430
330
17
100
AcDbEntity
  8
GORUNEN
100
AcDbPolyline
 90
34
 70
0
 10
1433.1192724689936
 20
12.73847211470001
 10
1433.0005678118746
 20
12.741292001491363
 10
1432.8821309417135
 20
12.749745300542944
 10
1432.764229041367
 20
12.763812941977385
 10
1432.6471280868482
 20
12.783463190469188
 10
1432.531092247309
 20
12.808651716836732
 10
1432.416383289099
 20
12.839321698044905
 10
1432.3032599852424
 20
12.875403945392723
 10
1432.191977531672
 20
12.916817060596774
 10
1432.0827869715279
 20
12.963467619418376
 10
1431.9759346288286
 20
13.015250382420206
 10
1431.871661552786
 20
13.072048532376936
 10
1431.7702029740192
 20
13.13373393780433
 10
1431.6717877738968
 20
13.200167442012251
 10
1431.5766379682007
 20
13.27119917702958
 10
1431.4849682062782
 20
13.346668901692777
 10
1431.396985286813
 20
13.426406363135438
 10
1431.3128876913065
 20
13.510231680863358
 10
1431.2328651363202
 20
13.59795575254863
 10
1431.157098145494
 20
13.689380680627385
 10
1431.0857576422995
 20
13.784300218738775
 10
1431.0190045644536
 20
13.882500236998094
 10
1430.9569895008563
 20
13.983759205054412
 10
1430.899852351877
 20
14.08784869184299
 10
1430.8477220137506
 20
14.194533880905079
 10
1430.800716087801
 20
14.3035741001126
 10
1430.7589406151412
 20
14.414723364602672
 10
1430.7224898374557
 20
14.527730931697187
 10
1430.6914459843988
 20
14.642341866555604
 10
1430.6658790880929
 20
14.758297617284862
 10
1430.6458468251408
 20
14.875336598209042
 10
1430.6313943865148
 20
14.993194779982973
 10
1430.6227942684654
 20
15.106969912435664
 10
1430.619394313068
 20
15.221018963899928
  0
LWPOLYLINE
  5
431
330
17
100
AcDbEntity
  8
GORUNEN
100
AcDbPolyline
 90
34
 70
0
 10
1430.6193943130793
 20
15.221018963900008
 10
1430.621400186498
 20
15.340278557717296
 10
1430.6290833372377
 20
15.459313451878238
 10
1430.642432464991
 20
15.57784779259955
 10
1430.6614213604394
 20
15.695608279428507
 10
1430.6860093252758
 20
15.812324591182392
 10
1430.7161415922287
 20
15.927729811887994
 10
1430.751749745084
 20
16.041560856721063
 10
1430.7927521387087
 20
16.153558897945793
 10
1430.8390543190749
 20
16.263469790854288
 10
1430.890549443281
 20
16.371044499706045
 10
1430.947118699577
 20
16.476039523667424
 10
1431.0086317273856
 20
16.57821732275111
 10
1431.0749470373266
 20
16.677346743755603
 10
1431.14591243124
 20
16.77320344620468
 10
1431.221365422209
 20
16.86557032828687
 10
1431.301133654582
 20
16.954237952794934
 10
1431.3850353239977
 20
17.03900497306533
 10
1431.472879597407
 20
17.119678558917695
 10
1431.5644670330958
 20
17.196074822594305
 10
1431.6595900007094
 20
17.268019244699556
 10
1431.7580331012746
 20
17.335347100139444
 10
1431.859573587223
 20
17.397903884061027
 10
1431.9639817824147
 20
17.455545737791905
 10
1432.0710215021606
 20
17.50813987477969
 10
1432.180450473246
 20
17.55556500653148
 10
1432.2920207539541
 20
17.597711768553328
 10
1432.405479154088
 20
17.634483146289732
 10
1432.5205676549947
 20
17.665794901063084
 10
1432.6370238295883
 20
17.69157599601316
 10
1432.754581262373
 20
17.711769022036588
 10
1432.8729699694657
 20
17.72633062372632
 10
1432.9872595284228
 20
17.73499047004744
 10
1433.1018197430792
 20
17.73841119140001
  0
LWPOLYLINE
  5
432
330
17
100
AcDbEntity
  8
GORUNEN
100
AcDbPolyline
 90
2
 70
0
 10
1433.1018197430785
 20
17.73841119146645
 10
1433.1192724673772
 20
17.73847211470001
  0
LWPOLYLINE
  5
433
330
17
100
AcDbEntity
  8
GORUNEN
100
AcDbPolyline
 90
34
 70
0
 10
1433.1192724673772
 20
17.73847211470001
 10
1433.2379771244923
 20
17.735652227898736
 10
1433.3564139946495
 20
17.727198928837584
 10
1433.4743158949914
 20
17.713131287393935
 10
1433.5914168495053
 20
17.693481038893314
 10
1433.707452689039
 20
17.66829251251735
 10
1433.8221616472435
 20
17.637622531301176
 10
1433.935284951094
 20
17.60154028394579
 10
1434.0465674046584
 20
17.560127168734617
 10
1434.1557579647958
 20
17.51347660990635
 10
1434.262610307488
 20
17.461693846898317
 10
1434.366883383524
 20
17.404895696935856
 10
1434.4683419622834
 20
17.343210291503212
 10
1434.5667571623985
 20
17.276776787290515
 10
1434.6619069680874
 20
17.2057450522689
 10
1434.7535767300024
 20
17.1302753276019
 10
1434.8415596494597
 20
17.050537866155913
 10
1434.9256572449588
 20
16.966712548425154
 10
1435.0056797999373
 20
16.878988476737515
 10
1435.0814467907558
 20
16.787563548656863
 10
1435.1527872939428
 20
16.692644010544036
 10
1435.219540371781
 20
16.594443992283736
 10
1435.281555435371
 20
16.49318502422688
 10
1435.338692584343
 20
16.38909553743819
 10
1435.3908229224621
 20
16.28241034837641
 10
1435.437828848405
 20
16.173370129169598
 10
1435.4796043210579
 20
16.062220864680622
 10
1435.516055098737
 20
15.949213297587574
 10
1435.5470989517873
 20
15.834602362730974
 10
1435.5726658480874
 20
15.71864661200387
 10
1435.5926981110335
 20
15.601607631082155
 10
1435.607150549654
 20
15.48374944931098
 10
1435.6157506676984
 20
15.369974316861207
 10
1435.6191506230912
 20
15.255925265400093
  0
LWPOLYLINE
  5
434
330
17
100
AcDbEntity
  8
GORUNEN
100
AcDbPolyline
 90
2
 70
0
 10
1396.5755591120799
 20
17.000000000000007
 10
1420.5749742490793
 20
17.000000000000007
  0
LWPOLYLINE
  5
435
330
17
100
AcDbEntity
  8
GORUNEN
100
AcDbPolyline
 90
68
 70
0
 10
1396.5755591120792
 20
17.000000000000007
 10
1396.3621906954418
 20
17.005061800979494
 10
1396.1493026863245
 20
17.020236452853936
 10
1395.9373741293273
 20
17.045490114365982
 10
1395.7268816845292
 20
17.080765651906415
 10
1395.5182986401128
 20
17.12598304850986
 10
1395.312093924983
 20
17.18103981285052
 10
1395.1087311213907
 20
17.2458113882379
 10
1394.9086674775535
 20
17.320151561612498
 10
1394.7123529202765
 20
17.403892872541547
 10
1394.5202290675757
 20
17.49684702221474
 10
1394.3327282412974
 20
17.59880528243993
 10
1394.150272479741
 20
17.70953890463885
 10
1393.9732725502809
 20
17.828799528842865
 10
1393.8021269619865
 20
17.956319592688637
 10
1393.6372209782453
 20
18.0918127404139
 10
1393.4789256293839
 20
18.234974231853137
 10
1393.3275967614336
 20
18.385481389428367
 10
1393.1835750758548
 20
18.542995234030712
 10
1393.0471852497785
 20
18.70716169343185
 10
1392.9187341092147
 20
18.877611432778348
 10
1392.798510143369
 20
19.053960769965485
 10
1392.6867830956585
 20
19.23581266304022
 10
1392.5838035547254
 20
19.42275769760422
 10
1392.4898025454522
 20
19.614375074216845
 10
1392.4049911199768
 20
19.810233595798163
 10
1392.3295599487071
 20
20.009892655031937
 10
1392.263678911335
 20
20.212903221768638
 10
1392.2074966878527
 20
20.41880883042844
 10
1392.1611403495654
 20
20.627146567404225
 10
1392.1247149501082
 20
20.837448058464577
 10
1392.0983031164596
 20
21.049240456156802
 10
1392.0819646399568
 20
21.2620474272099
 10
1392.0757360673092
 20
21.475390139937595
 10
1392.0796307137775
 20
21.688788272560842
 10
1392.0936403511905
 20
21.90176132686753
 10
1392.1177338498808
 20
22.113830035164185
 10
1392.151856742173
 20
22.324517400482865
 10
1392.1959316304437
 20
22.53334968399018
 10
1392.2498585961046
 20
22.739857392390327
 10
1392.31351560859
 20
22.943576265328055
 10
1392.3867589343408
 20
23.144048262791703
 10
1392.46942354579
 20
23.34082255251618
 10
1392.5613235303483
 20
23.53345649738599
 10
1392.6622524993886
 20
23.721516642838225
 10
1392.7719839972315
 20
23.904579704265558
 10
1392.8902719101313
 20
24.082233554419272
 10
1393.0168508752602
 20
24.25407821081225
 10
1393.151436689694
 20
24.419726823121973
 10
1393.2937267193975
 20
24.578806660593536
 10
1393.4434003234528
 20
24.73096008475087
 10
1393.6001202802258
 20
24.875844666606593
 10
1393.7635343036395
 20
25.01313373953708
 10
1393.933274785436
 20
25.142518382174135
 10
1394.1089596566183
 20
25.263707963243117
 10
1394.2901933748285
 20
25.376430550558673
 10
1394.4765679117272
 20
25.480433320020428
 10
1394.6676637403707
 20
25.575482964608725
 10
1394.8630508225906
 20
25.661366103380335
 10
1395.0622895963716
 20
25.737889690464176
 10
1395.2649319632299
 20
25.80488142405703
 10
1395.470522275592
 20
25.86219015541926
 10
1395.6785983241734
 20
25.909686297870532
 10
1395.888692325356
 20
25.94726223578553
 10
1396.1003319085683
 20
25.974832733589675
 10
1396.3130411036616
 20
25.992335344754842
 10
1396.4442441256642
 20
25.998083476719447
 10
1396.5755591120792
 20
26.000000000000007
  0
LWPOLYLINE
  5
436
330
17
100
AcDbEntity
  8
GORUNEN
100
AcDbPolyline
 90
2
 70
0
 10
1396.5755591120792
 20
26.000000000000007
 10
1420.5749742490789
 20
26.000000000000007
  0
LWPOLYLINE
  5
437
330
17
100
AcDbEntity
  8
GORUNEN
100
AcDbPolyline
 90
68
 70
0
 10
1420.574974249079
 20
26.000000000000014
 10
1420.7883427552251
 20
25.994938449147575
 10
1421.0012312722404
 20
25.979765182944494
 10
1421.2131608907673
 20
25.95451433483899
 10
1421.423654858565
 20
25.919242708587394
 10
1421.6322396530018
 20
25.874029650469673
 10
1421.8384460462803
 20
25.818976870793758
 10
1422.041810161002
 20
25.75420821509028
 10
1422.241874513697
 20
25.679869385512337
 10
1422.4381890439674
 20
25.59612761306714
 10
1422.630312126934
 20
25.50317128141678
 10
1422.8178115667063
 20
25.40120950309446
 10
1423.0002655686399
 20
25.290471649089504
 10
1423.1772636881974
 20
25.171206832859394
 10
1423.3484077542753
 20
25.04368334992958
 10
1423.5133127649212
 20
24.908188074341716
 10
1423.6716077534252
 20
24.765025813308096
 10
1423.8229366228384
 20
24.614518621523995
 10
1423.9669589470423
 20
24.457005076680467
 10
1424.1033507365619
 20
24.292839517807366
 10
1424.2318051674067
 20
24.12239124816001
 10
1424.352033271295
 20
23.946043704442634
 10
1424.463764585711
 20
23.764193594237558
 10
1424.5667477623297
 20
23.57725000358048
 10
1424.6607511324469
 20
23.385633476689474
 10
1424.7455632281342
 20
23.189775069917875
 10
1424.8209932579541
 20
22.990115382059358
 10
1424.8868715361587
 20
22.787103563186484
 10
1424.9430498644128
 20
22.581196304252536
 10
1424.9894018651762
 20
22.372856809729505
 10
1425.025823266
 20
22.16255375559343
 10
1425.0522321340973
 20
21.950760235001173
 10
1425.0685690606545
 20
21.737952694030376
 10
1425.0747972944787
 20
21.524609859876776
 10
1425.0709028246715
 20
21.311211663919956
 10
1425.0568944121467
 20
21.098238162080214
 10
1425.0328035699233
 20
20.886168454895223
 10
1424.9986844922337
 20
20.67547960974596
 10
1424.9546139326098
 20
20.466645587656316
 10
1424.9006910312198
 20
20.260136177080746
 10
1424.837037091845
 20
20.05641593707842
 10
1424.7637953089968
 20
19.855943152251317
 10
1424.6811304457901
 20
19.659168801797183
 10
1424.5892284632957
 20
19.466535544996585
 10
1424.4882961022058
 20
19.27847672541627
 10
1424.3785604177551
 20
19.09541539606892
 10
1424.2602682689426
 20
18.917763367722362
 10
1424.133685763202
 20
18.745920282499053
 10
1423.9990976577735
 20
18.580272714849876
 10
1423.8568067191193
 20
18.421193301924717
 10
1423.7071330418266
 20
18.26903990529606
 10
1423.5504133285308
 20
18.124154805921428
 10
1423.3870001324754
 20
17.986863934155586
 10
1423.2172610644166
 20
17.857476136544772
 10
1423.0415779656546
 20
17.73628248105222
 10
1422.8603460490508
 20
17.623555602278056
 10
1422.6739730099657
 20
17.519549088146434
 10
1422.4828781091176
 20
17.424496909439693
 10
1422.2874912294208
 20
17.33861289346279
 10
1422.0882519089323
 20
17.26209024302208
 10
1421.885608352075
 20
17.195101101800468
 10
1421.6800164213685
 20
17.13779616710679
 10
1421.471938611929
 20
17.090304350870394
 10
1421.2618430110515
 20
17.05273248964371
 10
1421.0502022452106
 20
17.025165104265053
 10
1420.8374924168502
 20
17.007664209722407
 10
1420.7062892574158
 20
17.001916460521826
 10
1420.5749742490793
 20
17.000000000000014
  0
LWPOLYLINE
  5
438
330
17
100
AcDbEntity
  8
GORUNEN
100
AcDbPolyline
 90
2
 70
0
 10
1419.7054383950792
 20
5.863120923490008
 10
1419.6845000640792
 20
5.93156046175001
  0
LWPOLYLINE
  5
439
330
17
100
AcDbEntity
  8
GORUNEN
100
AcDbPolyline
 90
2
 70
0
 10
1439.7554449350791
 20
27.03502814800001
 10
1439.7554449350794
 20
9.94889391477001
  0
LWPOLYLINE
  5
43A
330
17
100
AcDbEntity
  8
GORUNEN
100
AcDbPolyline
 90
29
 70
0
 10
1439.755444934409
 20
9.94889391491405
 10
1439.6967819134466
 20
9.705898199649155
 10
1439.6260476383495
 20
9.466138207448255
 10
1439.543418912085
 20
9.230213227382698
 10
1439.449102268246
 20
8.99871296276751
 10
1439.3433334548129
 20
8.772216057175896
 10
1439.226376844892
 20
8.551288648097971
 10
1439.098524775906
 20
8.336482951858933
 10
1438.9600968188852
 20
8.128335883333683
 10
1438.8114389796872
 20
7.927367713908017
 10
1438.6529228341435
 20
7.7340807710408255
 10
1438.4849445992909
 20
7.548958182677815
 10
1438.3079241430125
 20
7.372462669655134
 10
1438.122303934562
 20
7.205035389111323
 10
1437.9285479385958
 20
7.047094831798552
 10
1437.7271404554751
 20
6.899035776049315
 10
1437.5185849107402
 20
6.761228301013223
 10
1437.3034025967781
 20
6.634016861630327
 10
1437.0821313698339
 20
6.5177194276530965
 10
1436.8553243056185
 20
6.412626688869133
 10
1436.623548316875
 20
6.319001328511171
 10
1436.3873827363593
 20
6.237077366670505
 10
1436.1474178687765
 20
6.167059575355018
 10
1435.9042535152917
 20
6.10912296665388
 10
1435.658497474304
 20
6.063412355288295
 10
1435.410764022234
 20
6.030041996641675
 10
1435.1616723781135
 20
6.009095301174041
 10
1435.03113428274
 20
6.003109135122565
 10
1434.9004843355629
 20
6.000536508758331
  0
LWPOLYLINE
  5
43B
330
17
100
AcDbEntity
  8
GORUNEN
100
AcDbPolyline
 90
33
 70
0
 10
1434.7905940760793
 20
32.00000000002592
 10
1435.040434120434
 20
31.992006866310266
 10
1435.2895624493417
 20
31.971536619753735
 10
1435.5373563717233
 20
31.93864042531208
 10
1435.7831965318205
 20
31.89340050633949
 10
1436.026468457264
 20
31.83592993907304
 10
1436.2665640949324
 20
31.76637237000098
 10
1436.5028833307704
 20
31.684901656821303
 10
1436.7348354897604
 20
31.591721433888083
 10
1436.9618408123024
 20
31.4870646032316
 10
1437.183331903312
 20
31.371192752424587
 10
1437.3987551504108
 20
31.244395500749512
 10
1437.6075721076709
 20
31.1069897753012
 10
1437.8092608414481
 20
30.959319018834172
 10
1438.0033172349454
 20
30.801752331334583
 10
1438.1892562482403
 20
30.63468354746251
 10
1438.3666131306345
 20
30.458530252170384
 10
1438.5349445822876
 20
30.273732736958095
 10
1438.6938298622347
 20
30.080752899373543
 10
1438.8428718400214
 20
29.8800730885093
 10
1438.9816979883226
 20
29.672194899381093
 10
1439.1099613140664
 20
29.4576379192015
 10
1439.2273412257362
 20
29.23693842868249
 10
1439.3335443346825
 20
29.010648061612937
 10
1439.4283051884424
 20
28.77933242606145
 10
1439.511386934232
 20
28.543569690650735
 10
1439.582581910954
 20
28.303949139437158
 10
1439.6417121682448
 20
28.0610696990075
 10
1439.6886299112548
 20
27.81553844147438
 10
1439.723217870061
 20
27.567969067112163
 10
1439.745389592779
 20
27.31898037042584
 10
1439.7524346071755
 20
27.17707570103987
 10
1439.7554449351023
 20
27.035028148000166
  0
LWPOLYLINE
  5
43C
330
17
100
AcDbEntity
  8
GORUNEN
100
AcDbPolyline
 90
2
 70
0
 10
1433.1227635240787
 20
17.73841119146645
 10
1433.129744358579
 20
17.738450181436686
  0
LWPOLYLINE
  5
43D
330
17
100
AcDbEntity
  8
GORUNEN
100
AcDbPolyline
 90
34
 70
0
 10
1430.6403380940678
 20
15.221018963899928
 10
1430.64235066631
 20
15.340273013704884
 10
1430.6500486120362
 20
15.459295355232229
 10
1430.6634144100092
 20
15.577815082605666
 10
1430.6824176384346
 20
15.695562433945282
 10
1430.7070150442037
 20
15.812269405370573
 10
1430.737150641342
 20
15.927670361002106
 10
1430.7727558384386
 20
16.04150263757339
 10
1430.8137495947665
 20
16.15350714227682
 10
1430.8600386047378
 20
16.263428942482875
 10
1430.911517510278
 20
16.371017845990448
 10
1430.9680691406284
 20
16.476028970487437
 10
1431.0295647790385
 20
16.578223300925604
 10
1431.095864455739
 20
16.677368233540935
 10
1431.1668172665225
 20
16.773238105281397
 10
1431.2422617162183
 20
16.865614707436915
 10
1431.3220260862695
 20
16.954287782302632
 10
1431.4059288255798
 20
17.039055501744926
 10
1431.4937789637415
 20
17.11972492658093
 10
1431.5853765457007
 20
17.19611244572599
 10
1431.680513086875
 20
17.268044194109518
 10
1431.7789720476824
 20
17.33535644840798
 10
1431.8805293264065
 20
17.39789599969436
 10
1431.9849537692721
 20
17.455520502155878
 10
1432.0920076965722
 20
17.508098797086227
 10
1432.2014474436507
 20
17.55551121141497
 10
1432.313023915504
 20
17.597649830094504
 10
1432.4264831537444
 20
17.63441874172473
 10
1432.5415669146346
 20
17.665734256856275
 10
1432.6580132568727
 20
17.691525098475434
 10
1432.7755571377954
 20
17.711732564237252
 10
1432.8939310166397
 20
17.726310660077512
 10
1433.0082085543052
 20
17.734984305571352
 10
1433.1227635240787
 20
17.73841119146645
  0
LWPOLYLINE
  5
43E
330
17
100
AcDbEntity
  8
GORUNEN
100
AcDbPolyline
 90
34
 70
0
 10
1433.129744358579
 20
12.73849404796333
 10
1433.011370215549
 20
12.741794744575866
 10
1432.8932851827185
 20
12.750697591853507
 10
1432.7757542242964
 20
12.76518261320961
 10
1432.6590410612368
 20
12.785217306538382
 10
1432.5434075794892
 20
12.81075671714447
 10
1432.4291132423684
 20
12.84174353861423
 10
1432.3164145083601
 20
12.878108241402282
 10
1432.205564255667
 20
12.919769228844858
 10
1432.0968112147923
 20
12.966633020249855
 10
1431.9903994104252
 20
13.018594460652789
 10
1431.8865676138894
 20
13.075536956767959
 10
1431.7855488073776
 20
13.13733273860542
 10
1431.687569661176
 20
13.203843146166697
 10
1431.5928500250523
 20
13.274918940575995
 10
1431.5016024349466
 20
13.350400638948702
 10
1431.4140316360747
 20
13.43011887224587
 10
1431.3303341235128
 20
13.513894765311651
 10
1431.2506977012922
 20
13.60154033824096
 10
1431.175301060998
 20
13.692858928176776
 10
1431.1043133808116
 20
13.787645630590593
 10
1431.0378939459038
 20
13.885687759055912
 10
1430.9761917910218
 20
13.986765322483077
 10
1430.9193453660798
 20
14.090651518744599
 10
1430.8674822254993
 20
14.19711324358342
 10
1430.8207187419969
 20
14.305911613662131
 10
1430.7791598454617
 20
14.41680250257954
 10
1430.7428987875098
 20
14.529537088651864
 10
1430.7120169322425
 20
14.643862413229376
 10
1430.6865835736776
 20
14.75952194829577
 10
1430.6666557802646
 20
14.876256172076605
 10
1430.6522782668321
 20
14.993803151365285
 10
1430.643721990706
 20
15.107275146944517
 10
1430.6403380940678
 20
15.221018963899928
  0
LWPOLYLINE
  5
43F
330
17
100
AcDbEntity
  8
GORUNEN
100
AcDbPolyline
 90
68
 70
0
 10
1396.5965028930787
 20
17.000000000000007
 10
1396.3831343869326
 20
17.005061550852478
 10
1396.1702458699174
 20
17.02023481705559
 10
1395.9583162513904
 20
17.045485665161127
 10
1395.7478222835928
 20
17.080757291412755
 10
1395.539237489156
 20
17.12597034953051
 10
1395.3330310958777
 20
17.18102312920645
 10
1395.1296669811559
 20
17.24579178490996
 10
1394.9296026284608
 20
17.320130614487933
 10
1394.7332880981903
 20
17.40387238693316
 10
1394.5411650152237
 20
17.496828718583547
 10
1394.3536655754515
 20
17.5987904969059
 10
1394.1712115735181
 20
17.70952835091088
 10
1393.9942134539606
 20
17.828793167141015
 10
1393.8230693878825
 20
17.956316650070853
 10
1393.6581643772365
 20
18.091811925658742
 10
1393.4998693887328
 20
18.234974186692384
 10
1393.3485405193196
 20
18.38548137847651
 10
1393.2045181951157
 20
18.54299492332006
 10
1393.0681264055963
 20
18.70716048219318
 10
1392.9396719747515
 20
18.877608751840558
 10
1392.8194438708629
 20
19.05395629555796
 10
1392.7077125564472
 20
19.235806405763057
 10
1392.6047293798283
 20
19.42274999642015
 10
1392.5107260097113
 20
19.61436652331118
 10
1392.425913914024
 20
19.810224930082796
 10
1392.350483884204
 20
20.00988461794133
 10
1392.2846056059993
 20
20.212896436814216
 10
1392.2284272777454
 20
20.418803695748178
 10
1392.1820752769822
 20
20.627143190271223
 10
1392.1456538761581
 20
20.83744624440731
 10
1392.1192450080612
 20
21.049239764999577
 10
1392.102908081504
 20
21.26204730597038
 10
1392.0966798476798
 20
21.475390140123988
 10
1392.100574317487
 20
21.68878833608081
 10
1392.1145827300118
 20
21.901761837920557
 10
1392.1386735722353
 20
22.113831545105548
 10
1392.1727926499248
 20
22.32452039025481
 10
1392.2168632095488
 20
22.53335441234445
 10
1392.2707861109388
 20
22.739863822920018
 10
1392.3344400503138
 20
22.943584062922337
 10
1392.4076818331619
 20
23.144056847749432
 10
1392.4903466963685
 20
23.340831198203556
 10
1392.582248678863
 20
23.53346445500414
 10
1392.683181039953
 20
23.721523274584445
 10
1392.7929167244038
 20
23.904584603931777
 10
1392.9112088732163
 20
24.082236632278317
 10
1393.0377913789569
 20
24.254079717501607
 10
1393.1723794843854
 20
24.419727285150763
 10
1393.3146704230396
 20
24.578806698075898
 10
1393.4643441003323
 20
24.73096009470453
 10
1393.6210638136283
 20
24.875845194079137
 10
1393.7844770096838
 20
25.01313606584495
 10
1393.9542160777426
 20
25.142523863455736
 10
1394.1298991765045
 20
25.263717518948255
 10
1394.3111310931085
 20
25.376444397722388
 10
1394.4975041321934
 20
25.48045091185398
 10
1394.6885990330416
 20
25.575503090560687
 10
1394.8839859127384
 20
25.661387106537553
 10
1395.083225233227
 20
25.737909756978233
 10
1395.2858687900844
 20
25.804898898199802
 10
1395.4914607207909
 20
25.862203832893442
 10
1395.6995385302303
 20
25.909695649129798
 10
1395.9096341311079
 20
25.947267510356447
 10
1396.1212748969488
 20
25.97483489573506
 10
1396.3339847253092
 20
25.992335790277664
 10
1396.465187884743
 20
25.998083539478205
 10
1396.596502893079
 20
26.000000000000007
  0
LWPOLYLINE
  5
440
330
17
100
AcDbEntity
  8
GORUNEN
100
AcDbPolyline
 90
2
 70
0
 10
1439.734501153632
 20
9.948893914766625
 10
1439.7554449345264
 20
9.948893914773397
  0
LWPOLYLINE
  5
441
330
17
100
AcDbEntity
  8
GIZLI
100
AcDbPolyline
 90
2
 70
0
 10
1024.713557373079
 20
9.000000000000014
 10
956.7135573730792
 20
9.000000000000014
  0
LWPOLYLINE
  5
442
330
17
100
AcDbEntity
  8
GIZLI
100
AcDbPolyline
 90
2
 70
0
 10
1024.713557373079
 20
9.000000000000007
 10
956.7135573730792
 20
9.000000000000007
  0
LWPOLYLINE
  5
443
330
17
100
AcDbEntity
  8
GIZLI
100
AcDbPolyline
 90
2
 70
0
 10
1024.713557373079
 20
1.4210854715202004e-14
 10
1024.713557373079
 20
3.000000000000014
  0
LWPOLYLINE
  5
444
330
17
100
AcDbEntity
  8
GIZLI
100
AcDbPolyline
 90
2
 70
0
 10
1024.713557373079
 20
1.4210854715202004e-14
 10
1024.713557373079
 20
3.000000000000014
  0
LWPOLYLINE
  5
445
330
17
100
AcDbEntity
  8
GIZLI
100
AcDbPolyline
 90
2
 70
0
 10
1024.713557373079
 20
1.4210854715202004e-14
 10
1024.713557373079
 20
3.000000000000014
  0
LWPOLYLINE
  5
446
330
17
100
AcDbEntity
  8
GIZLI
100
AcDbPolyline
 90
2
 70
0
 10
1176.713557373079
 20
0.0
 10
1176.713557373079
 20
3.0
  0
LWPOLYLINE
  5
447
330
17
100
AcDbEntity
  8
GIZLI
100
AcDbPolyline
 90
2
 70
0
 10
1029.713557373079
 20
7.105427357601002e-15
 10
1029.713557373079
 20
3.000000000000007
  0
LWPOLYLINE
  5
448
330
17
100
AcDbEntity
  8
GIZLI
100
AcDbPolyline
 90
2
 70
0
 10
1176.713557373079
 20
0.0
 10
1176.713557373079
 20
3.0
  0
LWPOLYLINE
  5
449
330
17
100
AcDbEntity
  8
GIZLI
100
AcDbPolyline
 90
2
 70
0
 10
1029.713557373079
 20
7.105427357601002e-15
 10
1029.713557373079
 20
3.000000000000007
  0
LWPOLYLINE
  5
44A
330
17
100
AcDbEntity
  8
GIZLI
100
AcDbPolyline
 90
2
 70
0
 10
1029.713557373079
 20
1.4210854715202004e-14
 10
1029.713557373079
 20
3.000000000000007
  0
LWPOLYLINE
  5
44B
330
17
100
AcDbEntity
  8
GIZLI
100
AcDbPolyline
 90
2
 70
0
 10
1176.713557373079
 20
3.0
 10
1176.713557373079
 20
7.105427357601002e-15
  0
LWPOLYLINE
  5
44C
330
17
100
AcDbEntity
  8
GIZLI
100
AcDbPolyline
 90
2
 70
0
 10
1181.713557373079
 20
3.000000000000007
 10
1181.713557373079
 20
7.105427357601002e-15
  0
LWPOLYLINE
  5
44D
330
17
100
AcDbEntity
  8
GIZLI
100
AcDbPolyline
 90
2
 70
0
 10
1181.713557373079
 20
7.105427357601002e-15
 10
1181.713557373079
 20
3.000000000000007
  0
LWPOLYLINE
  5
44E
330
17
100
AcDbEntity
  8
GIZLI
100
AcDbPolyline
 90
44
 70
0
 10
1181.713557373079
 20
7.105427357601002e-15
 10
1181.7135708161038
 20
3.089904829778334e-07
 10
1181.7135842591272
 20
1.2359618786206283e-06
 10
1181.7135977021476
 20
2.7809140989987213e-06
 10
1181.713611145164
 20
4.943846984239997e-06
 10
1181.7136245881748
 20
7.72476031229985e-06
 10
1181.7136380311786
 20
1.1123653796296651e-05
 10
1181.7136514741742
 20
1.5140527086288103e-05
 10
1181.71366491716
 20
1.977537976927124e-05
 10
1181.713678360135
 20
2.5028211366517894e-05
 10
1181.7136918030972
 20
3.0899021338015586e-05
 10
1181.7137052460457
 20
3.7387809078026635e-05
 10
1181.713718688979
 20
4.4494573919529046e-05
 10
1181.7137321318958
 20
5.221931512977562e-05
 10
1181.7137455747943
 20
6.056203191384668e-05
 10
1181.7137590176735
 20
6.952272341109733e-05
 10
1181.713772460532
 20
7.910138870048655e-05
 10
1181.7137859033685
 20
8.929802679347176e-05
 10
1181.7137993461813
 20
0.00010011263664111425
 10
1181.7138172698926
 20
0.00011549340389915841
 10
1181.7138374340109
 20
0.00013410995115226143
 10
1181.7138575980644
 20
0.00015411692445255198
 10
1181.7138777620482
 20
0.00017551431916373872
 10
1181.7138979259578
 20
0.00019830213032712152
 10
1181.7139180897884
 20
0.00022248035266336785
 10
1181.7139449747651
 20
0.0002568808345344564
 10
1181.7139752201724
 20
0.00029853597074236404
 10
1181.7140054653619
 20
0.00034331947974486354
 10
1181.7140357103176
 20
0.00039123133819352063
 10
1181.7140760365348
 20
0.0004599800940683352
 10
1181.7141214029523
 20
0.0005439700541369774
 10
1181.7141667687083
 20
0.0006349985646725287
 10
1181.7142272552614
 20
0.0007673185825591844
 10
1181.7142953009575
 20
0.0009311349497069799
 10
1181.7143633447058
 20
0.0011107870314699397
 10
1181.7144540663628
 20
0.0013749556486608583
 10
1181.7145561231757
 20
0.0017057936743727353
 10
1181.7146921895944
 20
0.0022023285007852778
 10
1181.7148452499212
 20
0.0028366283101251
 10
1181.7150493032316
 20
0.003807026300474803
 10
1181.7153553152248
 20
0.0055297142641475006
 10
1181.7158141479047
 20
0.008714511598162389
 10
1181.7439637755915
 20
1.8732319454343909
 10
1181.7471112120372
 20
3.0045410638811916
  0
LWPOLYLINE
  5
44F
330
17
100
AcDbEntity
  8
GIZLI
100
AcDbPolyline
 90
2
 70
0
 10
1433.129744358579
 20
17.738450181436686
 10
1433.140216248271
 20
17.73847211470001
  0
LWPOLYLINE
  5
450
330
17
100
AcDbEntity
  8
GIZLI
100
AcDbPolyline
 90
2
 70
0
 10
1433.1576689740791
 20
12.73853303793356
 10
1433.1402162498875
 20
12.73847211470001
  0
LWPOLYLINE
  5
451
330
17
100
AcDbEntity
  8
GIZLI
100
AcDbPolyline
 90
2
 70
0
 10
956.7135573730792
 20
8.949232512900004
 10
1024.713557373079
 20
8.949232512900004
  0
TEXT
  5
452
330
17
100
AcDbEntity
  8
YAZI
100
AcDbText
 10
956.7135573730792
 20
39.51400638943167
 30
0.0
 40
13.954583294610684
  1
A-A KESIT
 11
956.7135573730792
 21
39.51400638943167
 31
0.0
100
AcDbText
  0
DIMENSION
  5
453
330
17
100
AcDbEntity
  8
OLCU
100
AcDbDimension
280
0
  2
*D24
  3
PF_MM
 10
956.7135573730792
 20
-42.93717936803287
 30
0.0
 11
1198.2345011540908
 21
-33.81302875232589
 31
0.0
 70
32
 71
5
  1
<>
100
AcDbAlignedDimension
 13
956.7135573730792
 23
0.0
 33
0.0
 14
1439.7554449351023
 24
0.0
 34
0.0
 50
0.0
100
AcDbRotatedDimension
  0
DIMENSION
  5
462
330
17
100
AcDbEntity
  8
OLCU
100
AcDbDimension
280
0
  2
*D25
  3
PF_MM
 10
913.7763780050464
 20
0.0
 30
0.0
 11
904.6522273893394
 21
16.00000000001296
 31
0.0
 70
32
 71
5
  1
<>
100
AcDbAlignedDimension
 13
956.7135573730792
 23
0.0
 33
0.0
 14
956.7135573730792
 24
32.00000000002592
 34
0.0
 50
90.0
100
AcDbRotatedDimension
  0
HATCH
  5
471
330
17
100
AcDbEntity
  8
TARAMA
 62
7
100
AcDbHatch
 10
0.0
 20
0.0
 30
0.0
210
0.0
220
0.0
230
1.0
  2
ANSI31
 70
0
 71
0
 91
1
 92
3
 72
0
 73
1
 93
8
 10
956.7135573730792
 20
3.0000000000000036
 10
956.7135573730792
 20
7.105427357601002e-15
 10
956.7135573730792
 20
7.105427357601002e-15
 10
1419.7135573730798
 20
7.105427357601002e-15
 10
1419.7135573730793
 20
7.105427357601002e-15
 10
1419.7135573730793
 20
3.000000000000007
 10
1419.7135573730793
 20
3.000000000000007
 10
956.7135573730792
 20
3.000000000000007
 97
0
 75
1
 76
1
 52
0.0
 41
1.0
 77
0
 78
1
 53
45.0
 43
0.0
 44
0.0
 45
-2.2450640303
 46
2.2450640303
 79
0
 98
0
  0
LINE
  5
472
330
17
100
AcDbEntity
  8
EKSEN
100
AcDbLine
 10
-21.468589684016436
 20
-236.8358349055454
 30
0.0
 11
504.5118575743862
 21
-236.8358349055454
 31
0.0
  0
TEXT
  5
473
330
17
100
AcDbEntity
  8
YAZI
100
AcDbText
 10
-24.6888781366189
 20
-232.5421169687421
 30
0.0
 40
12.881153810409861
  1
A
 11
-24.6888781366189
 21
-232.5421169687421
 31
0.0
100
AcDbText
  0
TEXT
  5
474
330
17
100
AcDbEntity
  8
YAZI
100
AcDbText
 10
501.29156912178377
 20
-232.5421169687421
 30
0.0
 40
12.881153810409861
  1
A
 11
501.29156912178377
 21
-232.5421169687421
 31
0.0
100
AcDbText
  0
TEXT
  5
475
330
17
100
AcDbEntity
  8
YAZI
100
AcDbText
 10
-328.75730911559833
 20
237.4000477994653
 30
0.0
 40
16.101442263012327
  1
POZ 5   01.050.000.01   01.050.000.01 U-Blech-Mechanismus
 11
-328.75730911559833
 21
237.4000477994653
 31
0.0
100
AcDbText
  0
TEXT
  5
476
330
17
100
AcDbEntity
  8
YAZI
100
AcDbText
 10
-328.75730911559833
 20
213.78459914704723
 30
0.0
 40
11.80772432620904
  1
adet: 1
 11
-328.75730911559833
 21
213.78459914704723
 31
0.0
100
AcDbText
  0
TEXT
  5
477
330
17
100
AcDbEntity
  8
YAZI
100
AcDbText
 10
-328.75730911559833
 20
190.16915049462915
 30
0.0
 40
11.80772432620904
  1
BOY x EN x KALINLIK : 483.04 x 76.5 x 32.0 mm
 11
-328.75730911559833
 21
190.16915049462915
 31
0.0
100
AcDbText
  0
TEXT
  5
478
330
17
100
AcDbEntity
  8
YAZI
100
AcDbText
 10
-328.75730911559833
 20
166.55370184221107
 30
0.0
 40
11.80772432620904
  1
kutle 1.2847 kg   malzeme: Celik (S235JR / St37)
 11
-328.75730911559833
 21
166.55370184221107
 31
0.0
100
AcDbText
  0
TEXT
  5
479
330
17
100
AcDbEntity
  8
YAZI
100
AcDbText
 10
-328.75730911559833
 20
142.938253189793
 30
0.0
 40
11.80772432620904
  1
olcek 1:1   birim: mm
 11
-328.75730911559833
 21
142.938253189793
 31
0.0
100
AcDbText
  0
LWPOLYLINE
  5
47C
330
17
100
AcDbEntity
  8
PI3D_GORUNUS_ALANI
100
AcDbPolyline
 90
4
 70
1
 10
-328.75730911559833
 20
139.56913693864425
 10
354.57797867340844
 20
139.56913693864425
 10
354.57797867340844
 20
253.50149006247764
 10
-328.75730911559833
 20
253.50149006247764
1001
PI3D
1000
BASLIK
  0
LWPOLYLINE
  5
47D
330
17
100
AcDbEntity
  8
PI3D_GORUNUS_ALANI
100
AcDbPolyline
 90
4
 70
1
 10
0.0
 20
0.0
 10
483.04188756202325
 20
0.0
 10
483.04188756202325
 20
32.00000000002592
 10
0.0
 20
32.00000000002592
1001
PI3D
1000
ON
  0
LWPOLYLINE
  5
47E
330
17
100
AcDbEntity
  8
PI3D_GORUNUS_ALANI
100
AcDbPolyline
 90
4
 70
1
 10
-275.08583490555725
 20
0.0
 10
-198.5858349054986
 20
0.0
 10
-198.5858349054986
 20
32.00000000002592
 10
-275.08583490555725
 20
32.00000000002592
1001
PI3D
1000
SAG
  0
LWPOLYLINE
  5
47F
330
17
100
AcDbEntity
  8
PI3D_GORUNUS_ALANI
100
AcDbPolyline
 90
4
 70
1
 10
681.6277224675218
 20
0.0
 10
758.1277224675805
 20
0.0
 10
758.1277224675805
 20
32.00000000002592
 10
681.6277224675218
 20
32.00000000002592
1001
PI3D
1000
SOL
  0
LWPOLYLINE
  5
480
330
17
100
AcDbEntity
  8
PI3D_GORUNUS_ALANI
100
AcDbPolyline
 90
4
 70
1
 10
0.0
 20
-275.08583490555725
 10
483.0418875620232
 20
-275.08583490555725
 10
483.0418875620232
 20
-198.58583490553355
 10
0.0
 20
-198.58583490553355
1001
PI3D
1000
UST
  0
LWPOLYLINE
  5
481
330
17
100
AcDbEntity
  8
PI3D_GORUNUS_ALANI
100
AcDbPolyline
 90
4
 70
1
 10
956.7135573730792
 20
0.0
 10
1439.7554449351023
 20
0.0
 10
1439.7554449351023
 20
55.615448652444
 10
956.7135573730792
 20
55.615448652444
1001
PI3D
1000
A-A KESIT
  0
ENDSEC
  0
SECTION
  2
OBJECTS
  0
DICTIONARY
  5
A
330
0
100
AcDbDictionary
281
1
  3
ACAD_COLOR
350
B
  3
ACAD_GROUP
350
C
  3
ACAD_LAYOUT
350
D
  3
ACAD_MATERIAL
350
E
  3
ACAD_MLEADERSTYLE
350
F
  3
ACAD_MLINESTYLE
350
10
  3
ACAD_PLOTSETTINGS
350
11
  3
ACAD_PLOTSTYLENAME
350
12
  3
ACAD_SCALELIST
350
14
  3
ACAD_TABLESTYLE
350
15
  3
ACAD_VISUALSTYLE
350
16
  3
EZDXF_META
350
2D
  0
DICTIONARY
  5
B
330
A
100
AcDbDictionary
281
1
  0
DICTIONARY
  5
C
330
A
100
AcDbDictionary
281
1
  0
DICTIONARY
  5
D
330
A
100
AcDbDictionary
281
1
  3
Model
350
1A
  3
Layout1
350
1E
  0
DICTIONARY
  5
E
330
A
100
AcDbDictionary
281
1
  3
ByBlock
350
1F
  3
ByLayer
350
20
  3
Global
350
21
  0
DICTIONARY
  5
F
330
A
100
AcDbDictionary
281
1
  3
Standard
350
2C
  0
DICTIONARY
  5
10
330
A
100
AcDbDictionary
281
1
  3
Standard
350
22
  0
DICTIONARY
  5
11
330
A
100
AcDbDictionary
281
1
  0
ACDBDICTIONARYWDFLT
  5
12
330
A
100
AcDbDictionary
281
1
  3
Normal
350
13
100
AcDbDictionaryWithDefault
340
13
  0
ACDBPLACEHOLDER
  5
13
330
12
  0
DICTIONARY
  5
14
330
A
100
AcDbDictionary
281
1
  0
DICTIONARY
  5
15
330
A
100
AcDbDictionary
281
1
  0
DICTIONARY
  5
16
330
A
100
AcDbDictionary
281
1
  0
LAYOUT
  5
1A
330
D
100
AcDbPlotSettings
  1

  4
A3
  6

 40
7.5
 41
20.0
 42
7.5
 43
20.0
 44
420.0
 45
297.0
 46
0.0
 47
0.0
 48
0.0
 49
0.0
140
0.0
141
0.0
142
1.0
143
1.0
 70
1024
 72
1
 73
0
 74
5
  7

 75
16
 76
0
 77
2
 78
300
147
1.0
148
0.0
149
0.0
100
AcDbLayout
  1
Model
 70
1
 71
0
 10
0.0
 20
0.0
 11
420.0
 21
297.0
 12
0.0
 22
0.0
 32
0.0
 14
1e+20
 24
1e+20
 34
1e+20
 15
-1e+20
 25
-1e+20
 35
-1e+20
146
0.0
 13
0.0
 23
0.0
 33
0.0
 16
1.0
 26
0.0
 36
0.0
 17
0.0
 27
1.0
 37
0.0
 76
1
330
17
  0
LAYOUT
  5
1E
330
D
100
AcDbPlotSettings
  1

  4
A3
  6

 40
7.5
 41
20.0
 42
7.5
 43
20.0
 44
420.0
 45
297.0
 46
0.0
 47
0.0
 48
0.0
 49
0.0
140
0.0
141
0.0
142
1.0
143
1.0
 70
0
 72
1
 73
0
 74
5
  7

 75
16
 76
0
 77
2
 78
300
147
1.0
148
0.0
149
0.0
100
AcDbLayout
  1
Layout1
 70
1
 71
1
 10
0.0
 20
0.0
 11
420.0
 21
297.0
 12
0.0
 22
0.0
 32
0.0
 14
1e+20
 24
1e+20
 34
1e+20
 15
-1e+20
 25
-1e+20
 35
-1e+20
146
0.0
 13
0.0
 23
0.0
 33
0.0
 16
1.0
 26
0.0
 36
0.0
 17
0.0
 27
1.0
 37
0.0
 76
1
330
1B
  0
MATERIAL
  5
1F
102
{ACAD_REACTORS
330
E
102
}
330
E
100
AcDbMaterial
  1
ByBlock
  2

 70
0
 40
1.0
 71
1
 41
1.0
 91
-1023410177
 42
1.0
 72
1
  3

 73
1
 74
1
 75
1
 44
0.5
 73
0
 45
1.0
 46
1.0
 77
1
  4

 78
1
 79
1
170
1
 48
1.0
171
1
  6

172
1
173
1
174
1
140
1.0
141
1.0
175
1
  7

176
1
177
1
178
1
143
1.0
179
1
  8

270
1
271
1
272
1
145
1.0
146
1.0
273
1
  9

274
1
275
1
276
1
 42
1.0
 72
1
  3

 73
1
 74
1
 75
1
 94
63
  0
MATERIAL
  5
20
102
{ACAD_REACTORS
330
E
102
}
330
E
100
AcDbMaterial
  1
ByLayer
  2

 70
0
 40
1.0
 71
1
 41
1.0
 91
-1023410177
 42
1.0
 72
1
  3

 73
1
 74
1
 75
1
 44
0.5
 73
0
 45
1.0
 46
1.0
 77
1
  4

 78
1
 79
1
170
1
 48
1.0
171
1
  6

172
1
173
1
174
1
140
1.0
141
1.0
175
1
  7

176
1
177
1
178
1
143
1.0
179
1
  8

270
1
271
1
272
1
145
1.0
146
1.0
273
1
  9

274
1
275
1
276
1
 42
1.0
 72
1
  3

 73
1
 74
1
 75
1
 94
63
  0
MATERIAL
  5
21
102
{ACAD_REACTORS
330
E
102
}
330
E
100
AcDbMaterial
  1
Global
  2

 70
0
 40
1.0
 71
1
 41
1.0
 91
-1023410177
 42
1.0
 72
1
  3

 73
1
 74
1
 75
1
 44
0.5
 73
0
 45
1.0
 46
1.0
 77
1
  4

 78
1
 79
1
170
1
 48
1.0
171
1
  6

172
1
173
1
174
1
140
1.0
141
1.0
175
1
  7

176
1
177
1
178
1
143
1.0
179
1
  8

270
1
271
1
272
1
145
1.0
146
1.0
273
1
  9

274
1
275
1
276
1
 42
1.0
 72
1
  3

 73
1
 74
1
 75
1
 94
63
  0
MLINESTYLE
  5
22
102
{ACAD_REACTORS
330
10
102
}
330
10
100
AcDbMlineStyle
  2
Standard
 70
0
  3

 62
256
 51
90.0
 52
90.0
 71
2
 49
0.5
 62
256
  6
BYLAYER
 49
-0.5
 62
256
  6
BYLAYER
  0
MLEADERSTYLE
  5
2C
102
{ACAD_REACTORS
330
F
102
}
330
F
100
AcDbMLeaderStyle
179
2
170
2
171
1
172
0
 90
2
 40
0.0
 41
0.0
173
1
 91
-1056964608
 92
-2
290
1
 42
2.0
291
1
 43
8.0
  3
Standard
 44
4.0
300

342
29
174
1
175
1
176
0
178
1
 93
-1056964608
 45
4.0
292
0
297
0
 46
4.0
 94
-1056964608
 47
1.0
 49
1.0
140
1.0
294
1
141
0.0
177
0
142
1.0
295
0
296
0
143
3.75
271
0
272
9
273
9
  0
DICTIONARY
  5
2D
330
A
100
AcDbDictionary
280
1
281
1
  3
CREATED_BY_EZDXF
350
2E
  3
WRITTEN_BY_EZDXF
350
484
  0
DICTIONARYVAR
  5
2E
330
2D
100
DictionaryVariables
280
0
  1
1.4.4 @ 2026-09-23T21:01:20.222487+00:00
  0
DICTIONARYVAR
  5
484
330
2D
100
DictionaryVariables
280
0
  1
1.4.4 @ 2026-09-23T21:01:20.757699+00:00
  0
ENDSEC
  0
EOF
