  0
SECTION
  2
HEADER
  9
$ACADVER
  1
AC1024
  9
$ACADMAINTVER
 70
6
  9
$DWGCODEPAGE
  3
ANSI_1252
  9
$LASTSAVEDBY
  1
ezdxf
  9
$INSBASE
 10
0.0
 20
0.0
 30
0.0
  9
$EXTMIN
 10
1e+20
 20
1e+20
 30
1e+20
  9
$EXTMAX
 10
-1e+20
 20
-1e+20
 30
-1e+20
  9
$LIMMIN
 10
0.0
 20
0.0
  9
$LIMMAX
 10
420.0
 20
297.0
  9
$ORTHOMODE
 70
0
  9
$REGENMODE
 70
1
  9
$FILLMODE
 70
1
  9
$QTEXTMODE
 70
0
  9
$MIRRTEXT
 70
1
  9
$LTSCALE
 40
1.0
  9
$ATTMODE
 70
1
  9
$TEXTSIZE
 40
2.5
  9
$TRACEWID
 40
1.0
  9
$TEXTSTYLE
  7
OpenSans
  9
$CLAYER
  8
0
  9
$CELTYPE
  6
ByLayer
  9
$CECOLOR
 62
256
  9
$CELTSCALE
 40
1.0
  9
$DISPSILH
 70
0
  9
$DIMSCALE
 40
1.0
  9
$DIMASZ
 40
0.175
  9
$DIMEXO
 40
0.125
  9
$DIMDLI
 40
3.75
  9
$DIMRND
 40
0.0
  9
$DIMDLE
 40
0.0
  9
$DIMEXE
 40
0.375
  9
$DIMTP
 40
0.0
  9
$DIMTM
 40
0.0
  9
$DIMTXT
 40
0.25
  9
$DIMCEN
 40
2.5
  9
$DIMTSZ
 40
0.0
  9
$DIMTOL
 70
0
  9
$DIMLIM
 70
0
  9
$DIMTIH
 70
0
  9
$DIMTOH
 70
0
  9
$DIMSE1
 70
0
  9
$DIMSE2
 70
0
  9
$DIMTAD
 70
1
  9
$DIMZIN
 70
12
  9
$DIMBLK
  1
ARCHTICK
  9
$DIMASO
 70
1
  9
$DIMSHO
 70
1
  9
$DIMPOST
  1

  9
$DIMAPOST
  1

  9
$DIMALT
 70
0
  9
$DIMALTD
 70
3
  9
$DIMALTF
 40
0.03937007874
  9
$DIMLFAC
 40
100.0
  9
$DIMTOFL
 70
1
  9
$DIMTVP
 40
0.0
  9
$DIMTIX
 70
0
  9
$DIMSOXD
 70
0
  9
$DIMSAH
 70
0
  9
$DIMBLK1
  1

  9
$DIMBLK2
  1

  9
$DIMSTYLE
  2
EZDXF
  9
$DIMCLRD
 70
0
  9
$DIMCLRE
 70
0
  9
$DIMCLRT
 70
0
  9
$DIMTFAC
 40
0.5
  9
$DIMGAP
 40
0.1
  9
$DIMJUST
 70
0
  9
$DIMSD1
 70
0
  9
$DIMSD2
 70
0
  9
$DIMTOLJ
 70
0
  9
$DIMTZIN
 70
8
  9
$DIMALTZ
 70
0
  9
$DIMALTTZ
 70
0
  9
$DIMUPT
 70
1
  9
$DIMDEC
 70
2
  9
$DIMTDEC
 70
2
  9
$DIMALTU
 70
2
  9
$DIMALTTD
 70
3
  9
$DIMTXSTY
  7
OpenSansCondensed-Light
  9
$DIMAUNIT
 70
0
  9
$DIMADEC
 70
2
  9
$DIMALTRND
 40
0.0
  9
$DIMAZIN
 70
3
  9
$DIMDSEP
 70
46
  9
$DIMATFIT
 70
3
  9
$DIMFRAC
 70
0
  9
$DIMLDRBLK
  1

  9
$DIMLUNIT
 70
2
  9
$DIMLWD
 70
-2
  9
$DIMLWE
 70
-2
  9
$DIMTMOVE
 70
2
  9
$DIMFXL
 40
1.0
  9
$DIMFXLON
 70
0
  9
$DIMJOGANG
 40
0.785398163397
  9
$DIMTFILL
 70
0
  9
$DIMTFILLCLR
 70
0
  9
$DIMARCSYM
 70
0
  9
$DIMLTYPE
  6

  9
$DIMLTEX1
  6

  9
$DIMLTEX2
  6

  9
$DIMTXTDIRECTION
 70
0
  9
$LUNITS
 70
2
  9
$LUPREC
 70
4
  9
$SKETCHINC
 40
1.0
  9
$FILLETRAD
 40
10.0
  9
$AUNITS
 70
0
  9
$AUPREC
 70
2
  9
$MENU
  1
.
  9
$ELEVATION
 40
0.0
  9
$PELEVATION
 40
0.0
  9
$THICKNESS
 40
0.0
  9
$LIMCHECK
 70
0
  9
$CHAMFERA
 40
0.0
  9
$CHAMFERB
 40
0.0
  9
$CHAMFERC
 40
0.0
  9
$CHAMFERD
 40
0.0
  9
$SKPOLY
 70
0
  9
$TDCREATE
 40
2461305.719861111
  9
$TDUCREATE
 40
2458532.153996898
  9
$TDUPDATE
 40
2461305.719861111
  9
$TDUUPDATE
 40
2458532.1544311
  9
$TDINDWG
 40
0.0
  9
$TDUSRTIMER
 40
0.0
  9
$USRTIMER
 70
1
  9
$ANGBASE
 50
0.0
  9
$ANGDIR
 70
0
  9
$PDMODE
 70
0
  9
$PDSIZE
 40
0.0
  9
$PLINEWID
 40
0.0
  9
$SPLFRAME
 70
0
  9
$SPLINETYPE
 70
6
  9
$SPLINESEGS
 70
8
  9
$HANDSEED
  5
4D6
  9
$SURFTAB1
 70
6
  9
$SURFTAB2
 70
6
  9
$SURFTYPE
 70
6
  9
$SURFU
 70
6
  9
$SURFV
 70
6
  9
$UCSBASE
  2

  9
$UCSNAME
  2

  9
$UCSORG
 10
0.0
 20
0.0
 30
0.0
  9
$UCSXDIR
 10
1.0
 20
0.0
 30
0.0
  9
$UCSYDIR
 10
0.0
 20
1.0
 30
0.0
  9
$UCSORTHOREF
  2

  9
$UCSORTHOVIEW
 70
0
  9
$UCSORGTOP
 10
0.0
 20
0.0
 30
0.0
  9
$UCSORGBOTTOM
 10
0.0
 20
0.0
 30
0.0
  9
$UCSORGLEFT
 10
0.0
 20
0.0
 30
0.0
  9
$UCSORGRIGHT
 10
0.0
 20
0.0
 30
0.0
  9
$UCSORGFRONT
 10
0.0
 20
0.0
 30
0.0
  9
$UCSORGBACK
 10
0.0
 20
0.0
 30
0.0
  9
$PUCSBASE
  2

  9
$PUCSNAME
  2

  9
$PUCSORG
 10
0.0
 20
0.0
 30
0.0
  9
$PUCSXDIR
 10
1.0
 20
0.0
 30
0.0
  9
$PUCSYDIR
 10
0.0
 20
1.0
 30
0.0
  9
$PUCSORTHOREF
  2

  9
$PUCSORTHOVIEW
 70
0
  9
$PUCSORGTOP
 10
0.0
 20
0.0
 30
0.0
  9
$PUCSORGBOTTOM
 10
0.0
 20
0.0
 30
0.0
  9
$PUCSORGLEFT
 10
0.0
 20
0.0
 30
0.0
  9
$PUCSORGRIGHT
 10
0.0
 20
0.0
 30
0.0
  9
$PUCSORGFRONT
 10
0.0
 20
0.0
 30
0.0
  9
$PUCSORGBACK
 10
0.0
 20
0.0
 30
0.0
  9
$USERI1
 70
0
  9
$USERI2
 70
0
  9
$USERI3
 70
0
  9
$USERI4
 70
0
  9
$USERI5
 70
0
  9
$USERR1
 40
0.0
  9
$USERR2
 40
0.0
  9
$USERR3
 40
0.0
  9
$USERR4
 40
0.0
  9
$USERR5
 40
0.0
  9
$WORLDVIEW
 70
1
  9
$SHADEDGE
 70
3
  9
$SHADEDIF
 70
70
  9
$TILEMODE
 70
1
  9
$MAXACTVP
 70
64
  9
$PINSBASE
 10
0.0
 20
0.0
 30
0.0
  9
$PLIMCHECK
 70
0
  9
$PEXTMIN
 10
1e+20
 20
1e+20
 30
1e+20
  9
$PEXTMAX
 10
-1e+20
 20
-1e+20
 30
-1e+20
  9
$PLIMMIN
 10
0.0
 20
0.0
  9
$PLIMMAX
 10
420.0
 20
297.0
  9
$UNITMODE
 70
0
  9
$VISRETAIN
 70
1
  9
$PLINEGEN
 70
0
  9
$PSLTSCALE
 70
1
  9
$TREEDEPTH
 70
3020
  9
$CMLSTYLE
  2
Standard
  9
$CMLJUST
 70
0
  9
$CMLSCALE
 40
20.0
  9
$PROXYGRAPHICS
 70
1
  9
$MEASUREMENT
 70
1
  9
$CELWEIGHT
370
-1
  9
$ENDCAPS
280
0
  9
$JOINSTYLE
280
0
  9
$LWDISPLAY
290
1
  9
$INSUNITS
 70
6
  9
$HYPERLINKBASE
  1

  9
$STYLESHEET
  1

  9
$XEDIT
290
1
  9
$CEPSNTYPE
380
0
  9
$PSTYLEMODE
290
1
  9
$FINGERPRINTGUID
  2
{7948C940-51E8-4DFD-A09D-BECE2A2EE13F}
  9
$VERSIONGUID
  2
{77AED47E-C4BD-4589-BA9F-104473DDC4D8}
  9
$EXTNAMES
290
1
  9
$PSVPSCALE
 40
0.0
  9
$OLESTARTUP
290
0
  9
$SORTENTS
280
127
  9
$INDEXCTL
280
0
  9
$HIDETEXT
280
1
  9
$XCLIPFRAME
280
1
  9
$HALOGAP
280
0
  9
$OBSCOLOR
 70
257
  9
$OBSLTYPE
280
0
  9
$INTERSECTIONDISPLAY
280
0
  9
$INTERSECTIONCOLOR
 70
257
  9
$DIMASSOC
280
2
  9
$PROJECTNAME
  1

  9
$CAMERADISPLAY
290
0
  9
$LENSLENGTH
 40
50.0
  9
$CAMERAHEIGHT
 40
0.0
  9
$STEPSPERSEC
 40
24.0
  9
$STEPSIZE
 40
100.0
  9
$3DDWFPREC
 40
2.0
  9
$PSOLWIDTH
 40
0.005
  9
$PSOLHEIGHT
 40
0.08
  9
$LOFTANG1
 40
1.570796326795
  9
$LOFTANG2
 40
1.570796326795
  9
$LOFTMAG1
 40
0.0
  9
$LOFTMAG2
 40
0.0
  9
$LOFTPARAM
 70
7
  9
$LOFTNORMALS
280
1
  9
$LATITUDE
 40
37.795
  9
$LONGITUDE
 40
-122.394
  9
$NORTHDIRECTION
 40
0.0
  9
$TIMEZONE
 70
-8000
  9
$LIGHTGLYPHDISPLAY
280
1
  9
$TILEMODELIGHTSYNCH
280
1
  9
$CMATERIAL
347
20
  9
$SOLIDHIST
280
0
  9
$SHOWHIST
280
1
  9
$DWFFRAME
280
2
  9
$DGNFRAME
280
2
  9
$REALWORLDSCALE
290
1
  9
$INTERFERECOLOR
 62
256
  9
$CSHADOW
280
0
  9
$SHADOWPLANELOCATION
 40
0.0
  0
ENDSEC
  0
SECTION
  2
CLASSES
  0
CLASS
  1
ACDBDICTIONARYWDFLT
  2
AcDbDictionaryWithDefault
  3
ObjectDBX Classes
 90
0
 91
0
280
0
281
0
  0
CLASS
  1
SUN
  2
AcDbSun
  3
SCENEOE
 90
1153
 91
0
280
0
281
0
  0
CLASS
  1
VISUALSTYLE
  2
AcDbVisualStyle
  3
ObjectDBX Classes
 90
4095
 91
0
280
0
281
0
  0
CLASS
  1
MATERIAL
  2
AcDbMaterial
  3
ObjectDBX Classes
 90
1153
 91
0
280
0
281
0
  0
CLASS
  1
SCALE
  2
AcDbScale
  3
ObjectDBX Classes
 90
1153
 91
0
280
0
281
0
  0
CLASS
  1
TABLESTYLE
  2
AcDbTableStyle
  3
ObjectDBX Classes
 90
4095
 91
0
280
0
281
0
  0
CLASS
  1
MLEADERSTYLE
  2
AcDbMLeaderStyle
  3
ACDB_MLEADERSTYLE_CLASS
 90
4095
 91
0
280
0
281
0
  0
CLASS
  1
DICTIONARYVAR
  2
AcDbDictionaryVar
  3
ObjectDBX Classes
 90
0
 91
0
280
0
281
0
  0
CLASS
  1
CELLSTYLEMAP
  2
AcDbCellStyleMap
  3
ObjectDBX Classes
 90
1152
 91
0
280
0
281
0
  0
CLASS
  1
MENTALRAYRENDERSETTINGS
  2
AcDbMentalRayRenderSettings
  3
SCENEOE
 90
1024
 91
0
280
0
281
0
  0
CLASS
  1
ACDBDETAILVIEWSTYLE
  2
AcDbDetailViewStyle
  3
ObjectDBX Classes
 90
1025
 91
0
280
0
281
0
  0
CLASS
  1
ACDBSECTIONVIEWSTYLE
  2
AcDbSectionViewStyle
  3
ObjectDBX Classes
 90
1025
 91
0
280
0
281
0
  0
CLASS
  1
RASTERVARIABLES
  2
AcDbRasterVariables
  3
ISM
 90
0
 91
0
280
0
281
0
  0
CLASS
  1
LAYOUT
  2
AcDbLayout
  3
ObjectDBX Classes
 90
0
 91
0
280
0
281
0
  0
CLASS
  1
ACDBPLACEHOLDER
  2
AcDbPlaceHolder
  3
ObjectDBX Classes
 90
0
 91
0
280
0
281
0
  0
ENDSEC
  0
SECTION
  2
TABLES
  0
TABLE
  2
VPORT
  5
8
330
0
100
AcDbSymbolTable
 70
1
  0
VPORT
  5
23
330
8
100
AcDbSymbolTableRecord
100
AcDbViewportTableRecord
  2
*Active
 70
0
 10
0.0
 20
0.0
 11
1.0
 21
1.0
 12
0.0
 22
0.0
 13
0.0
 23
0.0
 14
0.5
 24
0.5
 15
0.5
 25
0.5
 16
0.0
 26
0.0
 36
1.0
 17
0.0
 27
0.0
 37
0.0
 40
1000.0
 41
1.34
 42
50.0
 43
0.0
 44
0.0
 50
0.0
 51
0.0
 71
0
 72
1000
 73
1
 74
3
 75
0
 76
0
 77
0
 78
0
281
0
 65
0
146
0.0
  0
ENDTAB
  0
TABLE
  2
LTYPE
  5
2
330
0
100
AcDbSymbolTable
 70
23
  0
LTYPE
  5
24
330
2
100
AcDbSymbolTableRecord
100
AcDbLinetypeTableRecord
  2
ByBlock
 70
0
  3

 72
65
 73
0
 40
0.0
  0
LTYPE
  5
25
330
2
100
AcDbSymbolTableRecord
100
AcDbLinetypeTableRecord
  2
ByLayer
 70
0
  3

 72
65
 73
0
 40
0.0
  0
LTYPE
  5
26
330
2
100
AcDbSymbolTableRecord
100
AcDbLinetypeTableRecord
  2
Continuous
 70
0
  3

 72
65
 73
0
 40
0.0
  0
LTYPE
  5
2F
330
2
100
AcDbSymbolTableRecord
100
AcDbLinetypeTableRecord
  2
CENTER
 70
0
  3
Center ____ _ ____ _ ____ _ ____ _ ____ _ ____
 72
65
 73
4
 40
5.08
 49
3.175
 74
0
 49
-0.635
 74
0
 49
0.635
 74
0
 49
-0.635
 74
0
  0
LTYPE
  5
30
330
2
100
AcDbSymbolTableRecord
100
AcDbLinetypeTableRecord
  2
CENTERX2
 70
0
  3
Center (2x) ________  __  ________  __  ________
 72
65
 73
4
 40
8.89
 49
6.35
 74
0
 49
-0.635
 74
0
 49
1.27
 74
0
 49
-0.635
 74
0
  0
LTYPE
  5
31
330
2
100
AcDbSymbolTableRecord
100
AcDbLinetypeTableRecord
  2
CENTER2
 70
0
  3
Center (.5x) ____ _ ____ _ ____ _ ____ _ ____
 72
65
 73
4
 40
2.54
 49
1.587
 74
0
 49
-0.318
 74
0
 49
0.318
 74
0
 49
-0.318
 74
0
  0
LTYPE
  5
32
330
2
100
AcDbSymbolTableRecord
100
AcDbLinetypeTableRecord
  2
DASHED
 70
0
  3
Dashed __ __ __ __ __ __ __ __ __ __ __ __ __ _
 72
65
 73
2
 40
1.524
 49
1.27
 74
0
 49
-0.254
 74
0
  0
LTYPE
  5
33
330
2
100
AcDbSymbolTableRecord
100
AcDbLinetypeTableRecord
  2
DASHEDX2
 70
0
  3
Dashed (2x) ____  ____  ____  ____  ____  ____
 72
65
 73
2
 40
3.048
 49
2.54
 74
0
 49
-0.508
 74
0
  0
LTYPE
  5
34
330
2
100
AcDbSymbolTableRecord
100
AcDbLinetypeTableRecord
  2
DASHED2
 70
0
  3
Dashed (.5x) _ _ _ _ _ _ _ _ _ _ _ _ _ _
 72
65
 73
2
 40
0.762
 49
0.635
 74
0
 49
-0.127
 74
0
  0
LTYPE
  5
35
330
2
100
AcDbSymbolTableRecord
100
AcDbLinetypeTableRecord
  2
PHANTOM
 70
0
  3
Phantom ______  __  __  ______  __  __  ______
 72
65
 73
6
 40
6.35
 49
3.175
 74
0
 49
-0.635
 74
0
 49
0.635
 74
0
 49
-0.635
 74
0
 49
0.635
 74
0
 49
-0.635
 74
0
  0
LTYPE
  5
36
330
2
100
AcDbSymbolTableRecord
100
AcDbLinetypeTableRecord
  2
PHANTOMX2
 70
0
  3
Phantom (2x)____________    ____    ____    ____________
 72
65
 73
6
 40
10.795
 49
6.35
 74
0
 49
-0.635
 74
0
 49
1.27
 74
0
 49
-0.635
 74
0
 49
1.27
 74
0
 49
-0.635
 74
0
  0
LTYPE
  5
37
330
2
100
AcDbSymbolTableRecord
100
AcDbLinetypeTableRecord
  2
PHANTOM2
 70
0
  3
Phantom (.5x) ___ _ _ ___ _ _ ___ _ _ ___ _ _ ___
 72
65
 73
6
 40
3.175
 49
1.587
 74
0
 49
-0.318
 74
0
 49
0.318
 74
0
 49
-0.318
 74
0
 49
0.318
 74
0
 49
-0.318
 74
0
  0
LTYPE
  5
38
330
2
100
AcDbSymbolTableRecord
100
AcDbLinetypeTableRecord
  2
DASHDOT
 70
0
  3
Dash dot __ . __ . __ . __ . __ . __ . __ . __
 72
65
 73
4
 40
3.556
 49
2.54
 74
0
 49
-0.508
 74
0
 49
0.0
 74
0
 49
-0.508
 74
0
  0
LTYPE
  5
39
330
2
100
AcDbSymbolTableRecord
100
AcDbLinetypeTableRecord
  2
DASHDOTX2
 70
0
  3
Dash dot (2x) ____  .  ____  .  ____  .  ____
 72
65
 73
4
 40
6.096
 49
5.08
 74
0
 49
-0.508
 74
0
 49
0.0
 74
0
 49
-0.508
 74
0
  0
LTYPE
  5
3A
330
2
100
AcDbSymbolTableRecord
100
AcDbLinetypeTableRecord
  2
DASHDOT2
 70
0
  3
Dash dot (.5x) _ . _ . _ . _ . _ . _ . _ . _
 72
65
 73
4
 40
1.778
 49
1.27
 74
0
 49
-0.254
 74
0
 49
0.0
 74
0
 49
-0.254
 74
0
  0
LTYPE
  5
3B
330
2
100
AcDbSymbolTableRecord
100
AcDbLinetypeTableRecord
  2
DOT
 70
0
  3
Dot .  .  .  .  .  .  .  .  .  .  .  .  .  .  .  .
 72
65
 73
2
 40
0.508
 49
0.0
 74
0
 49
-0.508
 74
0
  0
LTYPE
  5
3C
330
2
100
AcDbSymbolTableRecord
100
AcDbLinetypeTableRecord
  2
DOTX2
 70
0
  3
Dot (2x) .    .    .    .    .    .    .    . 
 72
65
 73
2
 40
1.016
 49
0.0
 74
0
 49
-1.016
 74
0
  0
LTYPE
  5
3D
330
2
100
AcDbSymbolTableRecord
100
AcDbLinetypeTableRecord
  2
DOT2
 70
0
  3
Dot (.5) . . . . . . . . . . . . . . . . . . . 
 72
65
 73
2
 40
0.254
 49
0.0
 74
0
 49
-0.254
 74
0
  0
LTYPE
  5
3E
330
2
100
AcDbSymbolTableRecord
100
AcDbLinetypeTableRecord
  2
DIVIDE
 70
0
  3
Divide __ . . __ . . __ . . __ . . __ . . __
 72
65
 73
6
 40
4.064
 49
2.54
 74
0
 49
-0.508
 74
0
 49
0.0
 74
0
 49
-0.508
 74
0
 49
0.0
 74
0
 49
-0.508
 74
0
  0
LTYPE
  5
3F
330
2
100
AcDbSymbolTableRecord
100
AcDbLinetypeTableRecord
  2
DIVIDEX2
 70
0
  3
Divide (2x) ____  . .  ____  . .  ____  . .  ____
 72
65
 73
6
 40
6.604
 49
5.08
 74
0
 49
-0.508
 74
0
 49
0.0
 74
0
 49
-0.508
 74
0
 49
0.0
 74
0
 49
-0.508
 74
0
  0
LTYPE
  5
40
330
2
100
AcDbSymbolTableRecord
100
AcDbLinetypeTableRecord
  2
DIVIDE2
 70
0
  3
Divide(.5x) _ . _ . _ . _ . _ . _ . _ . _
 72
65
 73
6
 40
2.032
 49
1.27
 74
0
 49
-0.254
 74
0
 49
0.0
 74
0
 49
-0.254
 74
0
 49
0.0
 74
0
 49
-0.254
 74
0
  0
LTYPE
  5
90
330
2
100
AcDbSymbolTableRecord
100
AcDbLinetypeTableRecord
  2
KESIK
 70
0
  3

 72
65
 73
2
 40
3.0
 49
2.0
 74
0
 49
-1.0
 74
0
  0
LTYPE
  5
91
330
2
100
AcDbSymbolTableRecord
100
AcDbLinetypeTableRecord
  2
EKSENCIZGI
 70
0
  3

 72
65
 73
4
 40
12.0
 49
8.0
 74
0
 49
-2.0
 74
0
 49
0.0
 74
0
 49
-2.0
 74
0
  0
ENDTAB
  0
TABLE
  2
LAYER
  5
1
330
0
100
AcDbSymbolTable
 70
8
  0
LAYER
  5
27
330
1
100
AcDbSymbolTableRecord
100
AcDbLayerTableRecord
  2
0
 70
0
 62
7
  6
Continuous
370
-3
390
13
347
21
  0
LAYER
  5
28
330
1
100
AcDbSymbolTableRecord
100
AcDbLayerTableRecord
  2
Defpoints
 70
0
 62
7
  6
Continuous
290
0
370
-3
390
13
347
21
  0
LAYER
  5
8A
330
1
100
AcDbSymbolTableRecord
100
AcDbLayerTableRecord
  2
GORUNEN
 70
0
 62
7
  6
Continuous
370
13
390
13
347
21
  0
LAYER
  5
8B
330
1
100
AcDbSymbolTableRecord
100
AcDbLayerTableRecord
  2
GIZLI
 70
0
 62
8
  6
KESIK
370
13
390
13
347
21
  0
LAYER
  5
8C
330
1
100
AcDbSymbolTableRecord
100
AcDbLayerTableRecord
  2
EKSEN
 70
0
 62
1
  6
EKSENCIZGI
370
13
390
13
347
21
  0
LAYER
  5
8D
330
1
100
AcDbSymbolTableRecord
100
AcDbLayerTableRecord
  2
OLCU
 70
0
 62
4
  6
Continuous
370
13
390
13
347
21
  0
LAYER
  5
8E
330
1
100
AcDbSymbolTableRecord
100
AcDbLayerTableRecord
  2
YAZI
 70
0
 62
3
  6
Continuous
370
13
390
13
347
21
  0
LAYER
  5
8F
330
1
100
AcDbSymbolTableRecord
100
AcDbLayerTableRecord
  2
CERCEVE
 70
0
 62
5
  6
Continuous
370
13
390
13
347
21
  0
ENDTAB
  0
TABLE
  2
STYLE
  5
5
330
0
100
AcDbSymbolTable
 70
26
  0
STYLE
  5
29
330
5
100
AcDbSymbolTableRecord
100
AcDbTextStyleTableRecord
  2
Standard
 70
0
 40
0.0
 41
1.0
 50
0.0
 71
0
 42
2.5
  3
txt
  4

  0
STYLE
  5
41
330
5
100
AcDbSymbolTableRecord
100
AcDbTextStyleTableRecord
  2
OpenSans-Light
 70
0
 40
0.0
 41
1.0
 50
0.0
 71
0
 42
2.5
  3
OpenSans-Light.ttf
  4

  0
STYLE
  5
42
330
5
100
AcDbSymbolTableRecord
100
AcDbTextStyleTableRecord
  2
OpenSans-Light-Italic
 70
0
 40
0.0
 41
1.0
 50
0.0
 71
0
 42
2.5
  3
OpenSans-LightItalic.ttf
  4

  0
STYLE
  5
43
330
5
100
AcDbSymbolTableRecord
100
AcDbTextStyleTableRecord
  2
OpenSans
 70
0
 40
0.0
 41
1.0
 50
0.0
 71
0
 42
2.5
  3
OpenSans-Regular.ttf
  4

  0
STYLE
  5
44
330
5
100
AcDbSymbolTableRecord
100
AcDbTextStyleTableRecord
  2
OpenSans-Italic
 70
0
 40
0.0
 41
1.0
 50
0.0
 71
0
 42
2.5
  3
OpenSans-Italic.ttf
  4

  0
STYLE
  5
45
330
5
100
AcDbSymbolTableRecord
100
AcDbTextStyleTableRecord
  2
OpenSans-SemiBold
 70
0
 40
0.0
 41
1.0
 50
0.0
 71
0
 42
2.5
  3
OpenSans-SemiBold.ttf
  4

  0
STYLE
  5
46
330
5
100
AcDbSymbolTableRecord
100
AcDbTextStyleTableRecord
  2
OpenSans-SemiBoldItalic
 70
0
 40
0.0
 41
1.0
 50
0.0
 71
0
 42
2.5
  3
OpenSans-SemiBoldItalic.ttf
  4

  0
STYLE
  5
47
330
5
100
AcDbSymbolTableRecord
100
AcDbTextStyleTableRecord
  2
OpenSans-Bold
 70
0
 40
0.0
 41
1.0
 50
0.0
 71
0
 42
2.5
  3
OpenSans-Bold.ttf
  4

  0
STYLE
  5
48
330
5
100
AcDbSymbolTableRecord
100
AcDbTextStyleTableRecord
  2
OpenSans-BoldItalic
 70
0
 40
0.0
 41
1.0
 50
0.0
 71
0
 42
2.5
  3
OpenSans-BoldItalic.ttf
  4

  0
STYLE
  5
49
330
5
100
AcDbSymbolTableRecord
100
AcDbTextStyleTableRecord
  2
OpenSans-ExtraBold
 70
0
 40
0.0
 41
1.0
 50
0.0
 71
0
 42
2.5
  3
OpenSans-ExtraBold.ttf
  4

  0
STYLE
  5
4A
330
5
100
AcDbSymbolTableRecord
100
AcDbTextStyleTableRecord
  2
OpenSans-ExtraBoldItalic
 70
0
 40
0.0
 41
1.0
 50
0.0
 71
0
 42
2.5
  3
OpenSans-ExtraBoldItalic.ttf
  4

  0
STYLE
  5
4B
330
5
100
AcDbSymbolTableRecord
100
AcDbTextStyleTableRecord
  2
OpenSansCondensed-Bold
 70
0
 40
0.0
 41
1.0
 50
0.0
 71
0
 42
2.5
  3
OpenSansCondensed-Bold.ttf
  4

  0
STYLE
  5
4C
330
5
100
AcDbSymbolTableRecord
100
AcDbTextStyleTableRecord
  2
OpenSansCondensed-Light
 70
0
 40
0.0
 41
1.0
 50
0.0
 71
0
 42
2.5
  3
OpenSansCondensed-Light.ttf
  4

  0
STYLE
  5
4D
330
5
100
AcDbSymbolTableRecord
100
AcDbTextStyleTableRecord
  2
OpenSansCondensed-Italic
 70
0
 40
0.0
 41
1.0
 50
0.0
 71
0
 42
2.5
  3
OpenSansCondensed-LightItalic.ttf
  4

  0
STYLE
  5
4E
330
5
100
AcDbSymbolTableRecord
100
AcDbTextStyleTableRecord
  2
LiberationSans
 70
0
 40
0.0
 41
1.0
 50
0.0
 71
0
 42
2.5
  3
LiberationSans-Regular.ttf
  4

  0
STYLE
  5
4F
330
5
100
AcDbSymbolTableRecord
100
AcDbTextStyleTableRecord
  2
LiberationSans-Bold
 70
0
 40
0.0
 41
1.0
 50
0.0
 71
0
 42
2.5
  3
LiberationSans-Bold.ttf
  4

  0
STYLE
  5
50
330
5
100
AcDbSymbolTableRecord
100
AcDbTextStyleTableRecord
  2
LiberationSans-BoldItalic
 70
0
 40
0.0
 41
1.0
 50
0.0
 71
0
 42
2.5
  3
LiberationSans-BoldItalic.ttf
  4

  0
STYLE
  5
51
330
5
100
AcDbSymbolTableRecord
100
AcDbTextStyleTableRecord
  2
LiberationSans-Italic
 70
0
 40
0.0
 41
1.0
 50
0.0
 71
0
 42
2.5
  3
LiberationSans-Italic.ttf
  4

  0
STYLE
  5
52
330
5
100
AcDbSymbolTableRecord
100
AcDbTextStyleTableRecord
  2
LiberationSerif
 70
0
 40
0.0
 41
1.0
 50
0.0
 71
0
 42
2.5
  3
LiberationSerif-Regular.ttf
  4

  0
STYLE
  5
53
330
5
100
AcDbSymbolTableRecord
100
AcDbTextStyleTableRecord
  2
LiberationSerif-Bold
 70
0
 40
0.0
 41
1.0
 50
0.0
 71
0
 42
2.5
  3
LiberationSerif-Bold.ttf
  4

  0
STYLE
  5
54
330
5
100
AcDbSymbolTableRecord
100
AcDbTextStyleTableRecord
  2
LiberationSerif-BoldItalic
 70
0
 40
0.0
 41
1.0
 50
0.0
 71
0
 42
2.5
  3
LiberationSerif-BoldItalic.ttf
  4

  0
STYLE
  5
55
330
5
100
AcDbSymbolTableRecord
100
AcDbTextStyleTableRecord
  2
LiberationSerif-Italic
 70
0
 40
0.0
 41
1.0
 50
0.0
 71
0
 42
2.5
  3
LiberationSerif-Italic.ttf
  4

  0
STYLE
  5
56
330
5
100
AcDbSymbolTableRecord
100
AcDbTextStyleTableRecord
  2
LiberationMono
 70
0
 40
0.0
 41
1.0
 50
0.0
 71
0
 42
2.5
  3
LiberationMono-Regular.ttf
  4

  0
STYLE
  5
57
330
5
100
AcDbSymbolTableRecord
100
AcDbTextStyleTableRecord
  2
LiberationMono-Bold
 70
0
 40
0.0
 41
1.0
 50
0.0
 71
0
 42
2.5
  3
LiberationMono-Bold.ttf
  4

  0
STYLE
  5
58
330
5
100
AcDbSymbolTableRecord
100
AcDbTextStyleTableRecord
  2
LiberationMono-BoldItalic
 70
0
 40
0.0
 41
1.0
 50
0.0
 71
0
 42
2.5
  3
LiberationMono-BoldItalic.ttf
  4

  0
STYLE
  5
59
330
5
100
AcDbSymbolTableRecord
100
AcDbTextStyleTableRecord
  2
LiberationMono-Italic
 70
0
 40
0.0
 41
1.0
 50
0.0
 71
0
 42
2.5
  3
LiberationMono-Italic.ttf
  4

  0
ENDTAB
  0
TABLE
  2
VIEW
  5
7
330
0
100
AcDbSymbolTable
 70
0
  0
ENDTAB
  0
TABLE
  2
UCS
  5
6
330
0
100
AcDbSymbolTable
 70
0
  0
ENDTAB
  0
TABLE
  2
APPID
  5
3
330
0
100
AcDbSymbolTable
 70
3
  0
APPID
  5
2A
330
3
100
AcDbSymbolTableRecord
100
AcDbRegAppTableRecord
  2
ACAD
 70
0
  0
APPID
  5
4D3
330
3
100
AcDbSymbolTableRecord
100
AcDbRegAppTableRecord
  2
HATCHBACKGROUNDCOLOR
 70
0
  0
APPID
  5
4D4
330
3
100
AcDbSymbolTableRecord
100
AcDbRegAppTableRecord
  2
EZDXF
 70
0
  0
ENDTAB
  0
TABLE
  2
DIMSTYLE
  5
4
330
0
100
AcDbSymbolTable
 70
13
100
AcDbDimStyleTable
  0
DIMSTYLE
105
2B
330
4
100
AcDbSymbolTableRecord
100
AcDbDimStyleTableRecord
  2
Standard
 70
0
 40
1.0
 41
2.5
 42
0.625
 43
3.75
 44
1.25
 45
0.0
 46
0.0
 47
0.0
 48
0.0
 49
2.5
140
2.5
141
2.5
142
0.0
143
0.03937007874
144
1.0
145
0.0
146
1.0
147
0.625
148
0.0
 69
0
 70
0
 71
0
 72
0
 73
0
 74
0
 75
0
 76
0
 77
1
 78
8
 79
3
170
0
171
3
172
1
173
0
174
0
175
0
176
0
177
0
178
0
179
2
271
2
272
2
273
2
274
3
275
0
276
0
277
2
278
44
279
0
280
0
281
0
282
0
283
0
284
8
285
0
286
0
288
0
289
3
290
0
371
-2
372
-2
  0
DIMSTYLE
105
73
330
4
100
AcDbSymbolTableRecord
100
AcDbDimStyleTableRecord
  2
EZDXF
 70
0
 40
1.0
 41
0.175
 42
0.125
 43
3.75
 44
0.375
 45
0.0
 46
0.0
 47
0.0
 48
0.0
 49
2.5
140
0.25
141
2.5
142
0.0
143
0.03937007874
144
100.0
145
0.0
146
0.5
147
0.1
148
0.0
 69
0
 70
0
 71
0
 72
0
 73
0
 74
0
 75
0
 76
0
 77
1
 78
12
 79
3
170
0
171
3
172
1
173
0
174
0
175
0
176
0
177
0
178
0
179
2
271
2
272
2
273
2
274
3
275
0
276
0
277
2
278
46
279
2
280
0
281
0
282
0
283
0
284
8
285
0
286
0
288
1
289
3
290
0
340
4C
342
74
371
-2
372
-2
  0
DIMSTYLE
105
7C
330
4
100
AcDbSymbolTableRecord
100
AcDbDimStyleTableRecord
  2
EZ_M_100_H25_CM
 70
0
 40
1.0
 41
0.25
 42
0.125
 43
3.75
 44
0.375
 45
0.0
 46
0.0
 47
0.0
 48
0.0
 49
2.5
140
0.25
141
2.5
142
0.125
143
0.03937007874
144
100.0
145
0.0
146
0.5
147
0.1
148
0.0
 69
0
 70
0
 71
0
 72
0
 73
0
 74
0
 75
0
 76
0
 77
1
 78
12
 79
3
170
0
171
3
172
1
173
0
174
0
175
0
176
0
177
0
178
0
179
2
271
2
272
2
273
2
274
3
275
0
276
0
277
2
278
46
279
2
280
0
281
0
282
0
283
0
284
8
285
0
286
0
288
1
289
3
290
0
340
4C
371
-2
372
-2
  0
DIMSTYLE
105
7D
330
4
100
AcDbSymbolTableRecord
100
AcDbDimStyleTableRecord
  2
EZ_M_50_H25_CM
 70
0
 40
1.0
 41
0.125
 42
0.0625
 43
3.75
 44
0.1875
 45
0.0
 46
0.0
 47
0.0
 48
0.0
 49
2.5
140
0.125
141
2.5
142
0.0625
143
0.03937007874
144
100.0
145
0.0
146
0.5
147
0.05
148
0.0
 69
0
 70
0
 71
0
 72
0
 73
0
 74
0
 75
0
 76
0
 77
1
 78
12
 79
3
170
0
171
3
172
1
173
0
174
0
175
0
176
0
177
0
178
0
179
2
271
2
272
2
273
2
274
3
275
0
276
0
277
2
278
46
279
2
280
0
281
0
282
0
283
0
284
8
285
0
286
0
288
1
289
3
290
0
340
4C
371
-2
372
-2
  0
DIMSTYLE
105
7E
330
4
100
AcDbSymbolTableRecord
100
AcDbDimStyleTableRecord
  2
EZ_M_25_H25_CM
 70
0
 40
1.0
 41
0.0625
 42
0.03125
 43
3.75
 44
0.09375
 45
0.0
 46
0.0
 47
0.0
 48
0.0
 49
2.5
140
0.0625
141
2.5
142
0.03125
143
0.03937007874
144
100.0
145
0.0
146
0.5
147
0.025
148
0.0
 69
0
 70
0
 71
0
 72
0
 73
0
 74
0
 75
0
 76
0
 77
1
 78
12
 79
3
170
0
171
3
172
1
173
0
174
0
175
0
176
0
177
0
178
0
179
2
271
2
272
2
273
2
274
3
275
0
276
0
277
2
278
46
279
2
280
0
281
0
282
0
283
0
284
8
285
0
286
0
288
1
289
3
290
0
340
4C
371
-2
372
-2
  0
DIMSTYLE
105
7F
330
4
100
AcDbSymbolTableRecord
100
AcDbDimStyleTableRecord
  2
EZ_M_20_H25_CM
 70
0
 40
1.0
 41
0.05
 42
0.025
 43
3.75
 44
0.07500000000000001
 45
0.0
 46
0.0
 47
0.0
 48
0.0
 49
2.5
140
0.05
141
2.5
142
0.025
143
0.03937007874
144
100.0
145
0.0
146
0.5
147
0.020000000000000004
148
0.0
 69
0
 70
0
 71
0
 72
0
 73
0
 74
0
 75
0
 76
0
 77
1
 78
12
 79
3
170
0
171
3
172
1
173
0
174
0
175
0
176
0
177
0
178
0
179
2
271
2
272
2
273
2
274
3
275
0
276
0
277
2
278
46
279
2
280
0
281
0
282
0
283
0
284
8
285
0
286
0
288
1
289
3
290
0
340
4C
371
-2
372
-2
  0
DIMSTYLE
105
80
330
4
100
AcDbSymbolTableRecord
100
AcDbDimStyleTableRecord
  2
EZ_M_10_H25_CM
 70
0
 40
1.0
 41
0.025
 42
0.0125
 43
3.75
 44
0.037500000000000006
 45
0.0
 46
0.0
 47
0.0
 48
0.0
 49
2.5
140
0.025
141
2.5
142
0.0125
143
0.03937007874
144
100.0
145
0.0
146
0.5
147
0.010000000000000002
148
0.0
 69
0
 70
0
 71
0
 72
0
 73
0
 74
0
 75
0
 76
0
 77
1
 78
12
 79
3
170
0
171
3
172
1
173
0
174
0
175
0
176
0
177
0
178
0
179
2
271
2
272
2
273
2
274
3
275
0
276
0
277
2
278
46
279
2
280
0
281
0
282
0
283
0
284
8
285
0
286
0
288
1
289
3
290
0
340
4C
371
-2
372
-2
  0
DIMSTYLE
105
81
330
4
100
AcDbSymbolTableRecord
100
AcDbDimStyleTableRecord
  2
EZ_M_5_H25_CM
 70
0
 40
1.0
 41
0.0125
 42
0.00625
 43
3.75
 44
0.018750000000000003
 45
0.0
 46
0.0
 47
0.0
 48
0.0
 49
2.5
140
0.0125
141
2.5
142
0.00625
143
0.03937007874
144
100.0
145
0.0
146
0.5
147
0.005000000000000001
148
0.0
 69
0
 70
0
 71
0
 72
0
 73
0
 74
0
 75
0
 76
0
 77
1
 78
12
 79
3
170
0
171
3
172
1
173
0
174
0
175
0
176
0
177
0
178
0
179
2
271
2
272
2
273
2
274
3
275
0
276
0
277
2
278
46
279
2
280
0
281
0
282
0
283
0
284
8
285
0
286
0
288
1
289
3
290
0
340
4C
371
-2
372
-2
  0
DIMSTYLE
105
82
330
4
100
AcDbSymbolTableRecord
100
AcDbDimStyleTableRecord
  2
EZ_M_1_H25_CM
 70
0
 40
1.0
 41
0.0025
 42
0.00125
 43
3.75
 44
0.00375
 45
0.0
 46
0.0
 47
0.0
 48
0.0
 49
2.5
140
0.0025
141
2.5
142
0.00125
143
0.03937007874
144
100.0
145
0.0
146
0.5
147
0.001
148
0.0
 69
0
 70
0
 71
0
 72
0
 73
0
 74
0
 75
0
 76
0
 77
1
 78
12
 79
3
170
0
171
3
172
1
173
0
174
0
175
0
176
0
177
0
178
0
179
2
271
2
272
2
273
2
274
3
275
0
276
0
277
2
278
46
279
2
280
0
281
0
282
0
283
0
284
8
285
0
286
0
288
1
289
3
290
0
340
4C
371
-2
372
-2
  0
DIMSTYLE
105
83
330
4
100
AcDbSymbolTableRecord
100
AcDbDimStyleTableRecord
  2
EZ_RADIUS
 70
0
 40
1.0
 41
0.25
 42
0.125
 43
3.75
 44
0.375
 45
0.0
 46
0.0
 47
0.0
 48
0.0
 49
2.5
140
0.25
141
0.0
142
0.0
143
0.03937007874
144
100.0
145
0.0
146
0.5
147
0.1
148
0.0
 69
0
 70
0
 71
0
 72
0
 73
0
 74
0
 75
0
 76
0
 77
1
 78
12
 79
3
170
0
171
3
172
0
173
0
174
0
175
0
176
0
177
0
178
0
179
2
271
2
272
2
273
2
274
3
275
0
276
0
277
2
278
46
279
1
280
0
281
0
282
0
283
0
284
8
285
0
286
0
288
1
289
3
290
0
340
4C
342
84
371
-2
372
-2
  0
DIMSTYLE
105
88
330
4
100
AcDbSymbolTableRecord
100
AcDbDimStyleTableRecord
  2
EZ_RADIUS_INSIDE
 70
0
 40
1.0
 41
0.25
 42
0.125
 43
3.75
 44
0.375
 45
0.0
 46
0.0
 47
0.0
 48
0.0
 49
2.5
140
0.25
141
0.0
142
0.0
143
0.03937007874
144
100.0
145
0.0
146
0.5
147
0.1
148
0.0
 69
0
 70
0
 71
0
 72
0
 73
0
 74
0
 75
0
 76
0
 77
0
 78
12
 79
3
170
0
171
3
172
0
173
0
174
1
175
0
176
0
177
0
178
0
179
2
271
2
272
2
273
2
274
3
275
0
276
0
277
2
278
46
279
0
280
0
281
0
282
0
283
0
284
8
285
0
286
0
288
1
289
0
290
0
340
4C
342
84
371
-2
372
-2
  0
DIMSTYLE
105
89
330
4
100
AcDbSymbolTableRecord
100
AcDbDimStyleTableRecord
  2
EZ_CURVED
 70
0
 40
1.0
 41
0.25
 42
0.125
 43
3.75
 44
0.375
 45
0.0
 46
0.0
 47
0.0
 48
0.0
 49
2.5
140
0.25
141
2.5
142
0.0
143
0.03937007874
144
100.0
145
0.0
146
0.5
147
0.1
148
0.0
 69
0
 70
0
 71
0
 72
0
 73
0
 74
0
 75
0
 76
0
 77
1
 78
12
 79
2
 90
2
170
0
171
3
172
1
173
0
174
0
175
0
176
0
177
0
178
0
179
2
271
2
272
2
273
2
274
3
275
0
276
0
277
2
278
46
279
2
280
0
281
0
282
0
283
0
284
8
285
0
286
0
288
1
289
3
290
0
340
4C
371
-2
372
-2
  0
DIMSTYLE
105
92
330
4
100
AcDbSymbolTableRecord
100
AcDbDimStyleTableRecord
  2
PF_MM
 70
0
 40
1.0
 41
8.587435873606575
 42
5.367147421004109
 43
3.75
 44
6.440576905204931
 45
0.0
 46
0.0
 47
0.0
 48
0.0
 49
2.5
140
10.734294842008218
141
2.5
142
0.0
143
0.03937007874
144
1.0
145
0.0
146
1.0
147
3.757003194702876
148
0.0
 69
0
 70
0
 71
0
 72
0
 73
0
 74
0
 75
0
 76
0
 77
1
 78
8
 79
3
170
0
171
3
172
1
173
0
174
0
175
0
176
4
177
4
178
3
179
2
271
1
272
2
273
2
274
3
275
0
276
0
277
2
278
44
279
0
280
0
281
0
282
0
283
0
284
8
285
0
286
0
288
0
289
3
290
0
371
-2
372
-2
  0
ENDTAB
  0
TABLE
  2
BLOCK_RECORD
  5
9
330
0
100
AcDbSymbolTable
 70
21
  0
BLOCK_RECORD
  5
17
330
9
100
AcDbSymbolTableRecord
100
AcDbBlockTableRecord
  2
*Model_Space
340
1A
 70
0
280
1
281
0
  0
BLOCK_RECORD
  5
1B
330
9
100
AcDbSymbolTableRecord
100
AcDbBlockTableRecord
  2
*Paper_Space
340
1E
 70
0
280
1
281
0
  0
BLOCK_RECORD
  5
74
330
9
100
AcDbSymbolTableRecord
100
AcDbBlockTableRecord
  2
_ARCHTICK
340
0
 70
0
280
1
281
0
  0
BLOCK_RECORD
  5
78
330
9
100
AcDbSymbolTableRecord
100
AcDbBlockTableRecord
  2
_CLOSEDFILLED
340
0
 70
0
280
1
281
0
  0
BLOCK_RECORD
  5
84
330
9
100
AcDbSymbolTableRecord
100
AcDbBlockTableRecord
  2
_CLOSEDBLANK
340
0
 70
0
280
1
281
0
  0
BLOCK_RECORD
  5
1DE
330
9
100
AcDbSymbolTableRecord
100
AcDbBlockTableRecord
  2
*D1
340
0
 70
0
280
1
281
0
  0
BLOCK_RECORD
  5
1ED
330
9
100
AcDbSymbolTableRecord
100
AcDbBlockTableRecord
  2
*D2
340
0
 70
0
280
1
281
0
  0
BLOCK_RECORD
  5
30B
330
9
100
AcDbSymbolTableRecord
100
AcDbBlockTableRecord
  2
*D3
340
0
 70
0
280
1
281
0
  0
BLOCK_RECORD
  5
31A
330
9
100
AcDbSymbolTableRecord
100
AcDbBlockTableRecord
  2
*D4
340
0
 70
0
280
1
281
0
  0
BLOCK_RECORD
  5
42C
330
9
100
AcDbSymbolTableRecord
100
AcDbBlockTableRecord
  2
*D5
340
0
 70
0
280
1
281
0
  0
BLOCK_RECORD
  5
43B
330
9
100
AcDbSymbolTableRecord
100
AcDbBlockTableRecord
  2
*D6
340
0
 70
0
280
1
281
0
  0
BLOCK_RECORD
  5
452
330
9
100
AcDbSymbolTableRecord
100
AcDbBlockTableRecord
  2
*D7
340
0
 70
0
280
1
281
0
  0
BLOCK_RECORD
  5
45D
330
9
100
AcDbSymbolTableRecord
100
AcDbBlockTableRecord
  2
*D8
340
0
 70
0
280
1
281
0
  0
BLOCK_RECORD
  5
468
330
9
100
AcDbSymbolTableRecord
100
AcDbBlockTableRecord
  2
*D9
340
0
 70
0
280
1
281
0
  0
BLOCK_RECORD
  5
473
330
9
100
AcDbSymbolTableRecord
100
AcDbBlockTableRecord
  2
*D10
340
0
 70
0
280
1
281
0
  0
BLOCK_RECORD
  5
47E
330
9
100
AcDbSymbolTableRecord
100
AcDbBlockTableRecord
  2
*D11
340
0
 70
0
280
1
281
0
  0
BLOCK_RECORD
  5
489
330
9
100
AcDbSymbolTableRecord
100
AcDbBlockTableRecord
  2
*D12
340
0
 70
0
280
1
281
0
  0
BLOCK_RECORD
  5
494
330
9
100
AcDbSymbolTableRecord
100
AcDbBlockTableRecord
  2
*D13
340
0
 70
0
280
1
281
0
  0
BLOCK_RECORD
  5
49F
330
9
100
AcDbSymbolTableRecord
100
AcDbBlockTableRecord
  2
*D14
340
0
 70
0
280
1
281
0
  0
BLOCK_RECORD
  5
4AA
330
9
100
AcDbSymbolTableRecord
100
AcDbBlockTableRecord
  2
*D15
340
0
 70
0
280
1
281
0
  0
BLOCK_RECORD
  5
4B5
330
9
100
AcDbSymbolTableRecord
100
AcDbBlockTableRecord
  2
*D16
340
0
 70
0
280
1
281
0
  0
ENDTAB
  0
ENDSEC
  0
SECTION
  2
BLOCKS
  0
BLOCK
  5
18
330
17
100
AcDbEntity
  8
0
100
AcDbBlockBegin
  2
*Model_Space
 70
0
 10
0.0
 20
0.0
 30
0.0
  3
*Model_Space
  1

  0
ENDBLK
  5
19
330
17
100
AcDbEntity
  8
0
100
AcDbBlockEnd
  0
BLOCK
  5
1C
330
1B
100
AcDbEntity
  8
0
100
AcDbBlockBegin
  2
*Paper_Space
 70
0
 10
0.0
 20
0.0
 30
0.0
  3
*Paper_Space
  1

  0
ENDBLK
  5
1D
330
1B
100
AcDbEntity
  8
0
100
AcDbBlockEnd
  0
BLOCK
  5
75
330
74
100
AcDbEntity
  8
0
100
AcDbBlockBegin
  2
_ARCHTICK
 70
0
 10
0.0
 20
0.0
 30
0.0
  3
_ARCHTICK
  1

  0
LWPOLYLINE
  5
77
330
74
100
AcDbEntity
  8
0
  6
BYBLOCK
 62
0
100
AcDbPolyline
 90
2
 70
0
 43
0.15
 10
-0.5
 20
-0.5
 10
0.5
 20
0.5
  0
ENDBLK
  5
76
330
74
100
AcDbEntity
  8
0
100
AcDbBlockEnd
  0
BLOCK
  5
79
330
78
100
AcDbEntity
  8
0
100
AcDbBlockBegin
  2
_CLOSEDFILLED
 70
0
 10
0.0
 20
0.0
 30
0.0
  3
_CLOSEDFILLED
  1

  0
SOLID
  5
7B
330
78
100
AcDbEntity
  8
0
  6
BYBLOCK
 62
0
100
AcDbTrace
 10
-1.0
 20
0.16439898372402537
 30
0.0
 11
0.0
 21
0.0
 31
0.0
 12
-1.0
 22
-0.16439898372402537
 32
0.0
 13
-1.0
 23
-0.16439898372402537
 33
0.0
  0
ENDBLK
  5
7A
330
78
100
AcDbEntity
  8
0
100
AcDbBlockEnd
  0
BLOCK
  5
85
330
84
100
AcDbEntity
  8
0
100
AcDbBlockBegin
  2
_CLOSEDBLANK
 70
0
 10
0.0
 20
0.0
 30
0.0
  3
_CLOSEDBLANK
  1

  0
LWPOLYLINE
  5
87
330
84
100
AcDbEntity
  8
0
  6
BYBLOCK
 62
0
100
AcDbPolyline
 90
3
 70
1
 10
-1.0
 20
0.16439898372402537
 10
0.0
 20
0.0
 10
-1.0
 20
-0.16439898372402537
  0
ENDBLK
  5
86
330
84
100
AcDbEntity
  8
0
100
AcDbBlockEnd
  0
BLOCK
  5
1DF
330
1DE
100
AcDbEntity
  8
0
100
AcDbBlockBegin
  2
*D1
 70
1
 10
0.0
 20
0.0
 30
0.0
  3
*D1
  1

  0
LINE
  5
1E1
330
1DE
100
AcDbEntity
  8
0
 62
4
100
AcDbLine
 10
0.0
 20
-5.367147421004108
 30
0.0
 11
0.0
 21
-49.3777562732378
 31
0.0
  0
LINE
  5
1E2
330
1DE
100
AcDbEntity
  8
0
 62
4
100
AcDbLine
 10
483.04188756202325
 20
-5.367147421004108
 30
0.0
 11
483.04188756202325
 21
-49.3777562732378
 31
0.0
  0
INSERT
  5
1E3
330
1DE
100
AcDbEntity
  8
OLCU
 62
4
100
AcDbBlockReference
  2
_CLOSEDFILLED
 10
0.0
 20
-42.93717936803287
 30
0.0
 41
8.587435873606575
 42
8.587435873606575
 50
180.0
  0
INSERT
  5
1E5
330
1DE
100
AcDbEntity
  8
OLCU
 62
4
100
AcDbBlockReference
  2
_CLOSEDFILLED
 10
483.04188756202325
 20
-42.93717936803287
 30
0.0
 41
8.587435873606575
 42
8.587435873606575
  0
LINE
  5
1E7
330
1DE
100
AcDbEntity
  8
0
 62
4
100
AcDbLine
 10
8.587435873606575
 20
-42.93717936803287
 30
0.0
 11
474.45445168841667
 21
-42.93717936803287
 31
0.0
  0
MTEXT
  5
1E8
330
1DE
100
AcDbEntity
  8
OLCU
 62
3
100
AcDbMText
 10
241.52094378101162
 20
-33.81302875232589
 30
0.0
 40
10.734294842008218
 71
5
  1
483
  7
OpenSansCondensed-Light
  0
POINT
  5
1E9
330
1DE
100
AcDbEntity
  8
Defpoints
100
AcDbPoint
 10
0.0
 20
-42.93717936803287
 30
0.0
  0
POINT
  5
1EA
330
1DE
100
AcDbEntity
  8
Defpoints
100
AcDbPoint
 10
0.0
 20
0.0
 30
0.0
  0
POINT
  5
1EB
330
1DE
100
AcDbEntity
  8
Defpoints
100
AcDbPoint
 10
483.04188756202325
 20
0.0
 30
0.0
  0
ENDBLK
  5
1E0
330
1DE
100
AcDbEntity
  8
0
100
AcDbBlockEnd
  0
BLOCK
  5
1EE
330
1ED
100
AcDbEntity
  8
0
100
AcDbBlockBegin
  2
*D2
 70
1
 10
0.0
 20
0.0
 30
0.0
  3
*D2
  1

  0
LINE
  5
1F0
330
1ED
100
AcDbEntity
  8
0
 62
4
100
AcDbLine
 10
-5.367147421004108
 20
0.0
 30
0.0
 11
-49.3777562732378
 21
0.0
 31
0.0
  0
LINE
  5
1F1
330
1ED
100
AcDbEntity
  8
0
 62
4
100
AcDbLine
 10
-5.367147421004108
 20
32.00000000002592
 30
0.0
 11
-49.3777562732378
 21
32.00000000002592
 31
0.0
  0
INSERT
  5
1F2
330
1ED
100
AcDbEntity
  8
OLCU
 62
4
100
AcDbBlockReference
  2
_CLOSEDFILLED
 10
-42.93717936803287
 20
0.0
 30
0.0
 41
8.587435873606575
 42
8.587435873606575
 50
270.0
  0
INSERT
  5
1F4
330
1ED
100
AcDbEntity
  8
OLCU
 62
4
100
AcDbBlockReference
  2
_CLOSEDFILLED
 10
-42.93717936803287
 20
32.00000000002592
 30
0.0
 41
8.587435873606575
 42
8.587435873606575
 50
90.0
  0
LINE
  5
1F6
330
1ED
100
AcDbEntity
  8
0
 62
4
100
AcDbLine
 10
-42.93717936803287
 20
8.587435873606575
 30
0.0
 11
-42.93717936803287
 21
23.412564126419348
 31
0.0
  0
MTEXT
  5
1F7
330
1ED
100
AcDbEntity
  8
OLCU
 62
3
100
AcDbMText
 10
-52.06132998373985
 20
16.00000000001296
 30
0.0
 40
10.734294842008218
 71
5
  1
32
  7
OpenSansCondensed-Light
 50
90.0
  0
POINT
  5
1F8
330
1ED
100
AcDbEntity
  8
Defpoints
100
AcDbPoint
 10
-42.93717936803287
 20
0.0
 30
0.0
  0
POINT
  5
1F9
330
1ED
100
AcDbEntity
  8
Defpoints
100
AcDbPoint
 10
0.0
 20
0.0
 30
0.0
  0
POINT
  5
1FA
330
1ED
100
AcDbEntity
  8
Defpoints
100
AcDbPoint
 10
0.0
 20
32.00000000002592
 30
0.0
  0
ENDBLK
  5
1EF
330
1ED
100
AcDbEntity
  8
0
100
AcDbBlockEnd
  0
BLOCK
  5
30C
330
30B
100
AcDbEntity
  8
0
100
AcDbBlockBegin
  2
*D3
 70
1
 10
0.0
 20
0.0
 30
0.0
  3
*D3
  1

  0
LINE
  5
30E
330
30B
100
AcDbEntity
  8
0
 62
4
100
AcDbLine
 10
0.0
 20
-280.45298232656137
 30
0.0
 11
0.0
 21
-324.463591178795
 31
0.0
  0
LINE
  5
30F
330
30B
100
AcDbEntity
  8
0
 62
4
100
AcDbLine
 10
483.0418875620232
 20
-280.45298232656137
 30
0.0
 11
483.0418875620232
 21
-324.463591178795
 31
0.0
  0
INSERT
  5
310
330
30B
100
AcDbEntity
  8
OLCU
 62
4
100
AcDbBlockReference
  2
_CLOSEDFILLED
 10
0.0
 20
-318.0230142735901
 30
0.0
 41
8.587435873606575
 42
8.587435873606575
 50
180.0
  0
INSERT
  5
312
330
30B
100
AcDbEntity
  8
OLCU
 62
4
100
AcDbBlockReference
  2
_CLOSEDFILLED
 10
483.0418875620232
 20
-318.0230142735901
 30
0.0
 41
8.587435873606575
 42
8.587435873606575
  0
LINE
  5
314
330
30B
100
AcDbEntity
  8
0
 62
4
100
AcDbLine
 10
8.587435873606575
 20
-318.0230142735901
 30
0.0
 11
474.4544516884166
 21
-318.0230142735901
 31
0.0
  0
MTEXT
  5
315
330
30B
100
AcDbEntity
  8
OLCU
 62
3
100
AcDbMText
 10
241.5209437810116
 20
-308.8988636578831
 30
0.0
 40
10.734294842008218
 71
5
  1
483
  7
OpenSansCondensed-Light
  0
POINT
  5
316
330
30B
100
AcDbEntity
  8
Defpoints
100
AcDbPoint
 10
0.0
 20
-318.0230142735901
 30
0.0
  0
POINT
  5
317
330
30B
100
AcDbEntity
  8
Defpoints
100
AcDbPoint
 10
0.0
 20
-275.08583490555725
 30
0.0
  0
POINT
  5
318
330
30B
100
AcDbEntity
  8
Defpoints
100
AcDbPoint
 10
483.0418875620232
 20
-275.08583490555725
 30
0.0
  0
ENDBLK
  5
30D
330
30B
100
AcDbEntity
  8
0
100
AcDbBlockEnd
  0
BLOCK
  5
31B
330
31A
100
AcDbEntity
  8
0
100
AcDbBlockBegin
  2
*D4
 70
1
 10
0.0
 20
0.0
 30
0.0
  3
*D4
  1

  0
LINE
  5
31D
330
31A
100
AcDbEntity
  8
0
 62
4
100
AcDbLine
 10
-5.367147421004108
 20
-275.08583490555725
 30
0.0
 11
-49.3777562732378
 21
-275.08583490555725
 31
0.0
  0
LINE
  5
31E
330
31A
100
AcDbEntity
  8
0
 62
4
100
AcDbLine
 10
-5.367147421004108
 20
-198.58583490553355
 30
0.0
 11
-49.3777562732378
 21
-198.58583490553355
 31
0.0
  0
INSERT
  5
31F
330
31A
100
AcDbEntity
  8
OLCU
 62
4
100
AcDbBlockReference
  2
_CLOSEDFILLED
 10
-42.93717936803287
 20
-275.08583490555725
 30
0.0
 41
8.587435873606575
 42
8.587435873606575
 50
270.0
  0
INSERT
  5
321
330
31A
100
AcDbEntity
  8
OLCU
 62
4
100
AcDbBlockReference
  2
_CLOSEDFILLED
 10
-42.93717936803287
 20
-198.58583490553355
 30
0.0
 41
8.587435873606575
 42
8.587435873606575
 50
90.0
  0
LINE
  5
323
330
31A
100
AcDbEntity
  8
0
 62
4
100
AcDbLine
 10
-42.93717936803287
 20
-266.49839903195067
 30
0.0
 11
-42.93717936803287
 21
-207.17327077914013
 31
0.0
  0
MTEXT
  5
324
330
31A
100
AcDbEntity
  8
OLCU
 62
3
100
AcDbMText
 10
-52.06132998373985
 20
-236.8358349055454
 30
0.0
 40
10.734294842008218
 71
5
  1
76,5
  7
OpenSansCondensed-Light
 50
90.0
  0
POINT
  5
325
330
31A
100
AcDbEntity
  8
Defpoints
100
AcDbPoint
 10
-42.93717936803287
 20
-275.08583490555725
 30
0.0
  0
POINT
  5
326
330
31A
100
AcDbEntity
  8
Defpoints
100
AcDbPoint
 10
0.0
 20
-275.08583490555725
 30
0.0
  0
POINT
  5
327
330
31A
100
AcDbEntity
  8
Defpoints
100
AcDbPoint
 10
0.0
 20
-198.58583490553355
 30
0.0
  0
ENDBLK
  5
31C
330
31A
100
AcDbEntity
  8
0
100
AcDbBlockEnd
  0
BLOCK
  5
42D
330
42C
100
AcDbEntity
  8
0
100
AcDbBlockBegin
  2
*D5
 70
1
 10
0.0
 20
0.0
 30
0.0
  3
*D5
  1

  0
LINE
  5
42F
330
42C
100
AcDbEntity
  8
0
 62
4
100
AcDbLine
 10
681.6277224675218
 20
-5.367147421004108
 30
0.0
 11
681.6277224675218
 21
-49.3777562732378
 31
0.0
  0
LINE
  5
430
330
42C
100
AcDbEntity
  8
0
 62
4
100
AcDbLine
 10
758.1277224675805
 20
-5.367147421004108
 30
0.0
 11
758.1277224675805
 21
-49.3777562732378
 31
0.0
  0
INSERT
  5
431
330
42C
100
AcDbEntity
  8
OLCU
 62
4
100
AcDbBlockReference
  2
_CLOSEDFILLED
 10
681.6277224675218
 20
-42.93717936803287
 30
0.0
 41
8.587435873606575
 42
8.587435873606575
 50
180.0
  0
INSERT
  5
433
330
42C
100
AcDbEntity
  8
OLCU
 62
4
100
AcDbBlockReference
  2
_CLOSEDFILLED
 10
758.1277224675805
 20
-42.93717936803287
 30
0.0
 41
8.587435873606575
 42
8.587435873606575
  0
LINE
  5
435
330
42C
100
AcDbEntity
  8
0
 62
4
100
AcDbLine
 10
690.2151583411284
 20
-42.93717936803287
 30
0.0
 11
749.540286593974
 21
-42.93717936803287
 31
0.0
  0
MTEXT
  5
436
330
42C
100
AcDbEntity
  8
OLCU
 62
3
100
AcDbMText
 10
719.8777224675512
 20
-33.81302875232589
 30
0.0
 40
10.734294842008218
 71
5
  1
76,5
  7
OpenSansCondensed-Light
  0
POINT
  5
437
330
42C
100
AcDbEntity
  8
Defpoints
100
AcDbPoint
 10
681.6277224675218
 20
-42.93717936803287
 30
0.0
  0
POINT
  5
438
330
42C
100
AcDbEntity
  8
Defpoints
100
AcDbPoint
 10
681.6277224675218
 20
0.0
 30
0.0
  0
POINT
  5
439
330
42C
100
AcDbEntity
  8
Defpoints
100
AcDbPoint
 10
758.1277224675805
 20
0.0
 30
0.0
  0
ENDBLK
  5
42E
330
42C
100
AcDbEntity
  8
0
100
AcDbBlockEnd
  0
BLOCK
  5
43C
330
43B
100
AcDbEntity
  8
0
100
AcDbBlockBegin
  2
*D6
 70
1
 10
0.0
 20
0.0
 30
0.0
  3
*D6
  1

  0
LINE
  5
43E
330
43B
100
AcDbEntity
  8
0
 62
4
100
AcDbLine
 10
676.2605750465177
 20
0.0
 30
0.0
 11
632.2499661942841
 21
0.0
 31
0.0
  0
LINE
  5
43F
330
43B
100
AcDbEntity
  8
0
 62
4
100
AcDbLine
 10
676.2605750465177
 20
32.00000000002592
 30
0.0
 11
632.2499661942841
 21
32.00000000002592
 31
0.0
  0
INSERT
  5
440
330
43B
100
AcDbEntity
  8
OLCU
 62
4
100
AcDbBlockReference
  2
_CLOSEDFILLED
 10
638.690543099489
 20
0.0
 30
0.0
 41
8.587435873606575
 42
8.587435873606575
 50
270.0
  0
INSERT
  5
442
330
43B
100
AcDbEntity
  8
OLCU
 62
4
100
AcDbBlockReference
  2
_CLOSEDFILLED
 10
638.690543099489
 20
32.00000000002592
 30
0.0
 41
8.587435873606575
 42
8.587435873606575
 50
90.0
  0
LINE
  5
444
330
43B
100
AcDbEntity
  8
0
 62
4
100
AcDbLine
 10
638.690543099489
 20
8.587435873606575
 30
0.0
 11
638.690543099489
 21
23.412564126419348
 31
0.0
  0
MTEXT
  5
445
330
43B
100
AcDbEntity
  8
OLCU
 62
3
100
AcDbMText
 10
629.566392483782
 20
16.00000000001296
 30
0.0
 40
10.734294842008218
 71
5
  1
32
  7
OpenSansCondensed-Light
 50
90.0
  0
POINT
  5
446
330
43B
100
AcDbEntity
  8
Defpoints
100
AcDbPoint
 10
638.690543099489
 20
0.0
 30
0.0
  0
POINT
  5
447
330
43B
100
AcDbEntity
  8
Defpoints
100
AcDbPoint
 10
681.6277224675218
 20
0.0
 30
0.0
  0
POINT
  5
448
330
43B
100
AcDbEntity
  8
Defpoints
100
AcDbPoint
 10
681.6277224675218
 20
32.00000000002592
 30
0.0
  0
ENDBLK
  5
43D
330
43B
100
AcDbEntity
  8
0
100
AcDbBlockEnd
  0
BLOCK
  5
453
330
452
100
AcDbEntity
  8
0
100
AcDbBlockBegin
  2
*D7
 70
1
 10
0.0
 20
0.0
 30
0.0
  3
*D7
  1

  0
INSERT
  5
455
330
452
100
AcDbEntity
  8
OLCU
 62
4
100
AcDbBlockReference
  2
_CLOSEDFILLED
 10
305.5335078026375
 20
21.533083989311237
 30
0.0
 41
8.587435873606575
 42
8.587435873606575
 50
253.47237065132967
  0
LINE
  5
457
330
452
100
AcDbEntity
  8
0
 62
4
100
AcDbLine
 10
304.04
 20
16.5
 30
0.0
 11
305.5335078026375
 21
21.533083989311237
 31
0.0
  0
LINE
  5
458
330
452
100
AcDbEntity
  8
0
 62
4
100
AcDbLine
 10
307.9764416087099
 20
29.76570989496574
 30
0.0
 11
306.23331840884305
 21
23.89142825200883
 31
0.0
  0
MTEXT
  5
459
330
452
100
AcDbEntity
  8
OLCU
 62
3
100
AcDbMText
 10
316.92115381040986
 20
59.90916658924729
 30
0.0
 40
10.734294842008218
 71
5
  1
%%c10.5
  7
OpenSansCondensed-Light
 50
73.47237065132967
  0
POINT
  5
45A
330
452
100
AcDbEntity
  8
Defpoints
100
AcDbPoint
 10
304.04
 20
16.5
 30
0.0
  0
POINT
  5
45B
330
452
100
AcDbEntity
  8
Defpoints
100
AcDbPoint
 10
305.5335078026375
 20
21.533083989311237
 30
0.0
  0
ENDBLK
  5
454
330
452
100
AcDbEntity
  8
0
100
AcDbBlockEnd
  0
BLOCK
  5
45E
330
45D
100
AcDbEntity
  8
0
100
AcDbBlockBegin
  2
*D8
 70
1
 10
0.0
 20
0.0
 30
0.0
  3
*D8
  1

  0
INSERT
  5
460
330
45D
100
AcDbEntity
  8
OLCU
 62
4
100
AcDbBlockReference
  2
_CLOSEDFILLED
 10
20.12289913561523
 20
25.895773567261106
 30
0.0
 41
8.587435873606575
 42
8.587435873606575
 50
257.6444485745405
  0
LINE
  5
462
330
45D
100
AcDbEntity
  8
0
 62
4
100
AcDbLine
 10
19.16
 20
21.5
 30
0.0
 11
20.12289913561523
 21
25.895773567261106
 31
0.0
  0
LINE
  5
463
330
45D
100
AcDbEntity
  8
0
 62
4
100
AcDbLine
 10
21.960417931136792
 20
34.284312150316566
 30
0.0
 11
24.00200908000305
 21
43.60447048819525
 31
0.0
  0
MTEXT
  5
464
330
45D
100
AcDbEntity
  8
OLCU
 62
3
100
AcDbMText
 10
32.04115381040986
 20
80.3043267890629
 30
0.0
 40
10.734294842008218
 71
5
  1
2x %%c9
  7
OpenSansCondensed-Light
 50
77.64444857454049
  0
POINT
  5
465
330
45D
100
AcDbEntity
  8
Defpoints
100
AcDbPoint
 10
19.16
 20
21.5
 30
0.0
  0
POINT
  5
466
330
45D
100
AcDbEntity
  8
Defpoints
100
AcDbPoint
 10
20.12289913561523
 20
25.895773567261106
 30
0.0
  0
ENDBLK
  5
45F
330
45D
100
AcDbEntity
  8
0
100
AcDbBlockEnd
  0
BLOCK
  5
469
330
468
100
AcDbEntity
  8
0
100
AcDbBlockBegin
  2
*D9
 70
1
 10
0.0
 20
0.0
 30
0.0
  3
*D9
  1

  0
INSERT
  5
46B
330
468
100
AcDbEntity
  8
OLCU
 62
4
100
AcDbBlockReference
  2
_CLOSEDFILLED
 10
413.46643575414294
 20
13.96953742990193
 30
0.0
 41
8.587435873606575
 42
8.587435873606575
 50
261.8279982286492
  0
LINE
  5
46D
330
468
100
AcDbEntity
  8
0
 62
4
100
AcDbLine
 10
413.04
 20
11.0
 30
0.0
 11
413.46643575414294
 21
13.96953742990193
 31
0.0
  0
LINE
  5
46E
330
468
100
AcDbEntity
  8
0
 62
4
100
AcDbLine
 10
414.68709898511474
 20
22.469774847754366
 30
0.0
 11
424.39532477169513
 21
90.07419021656297
 31
0.0
  0
MTEXT
  5
46F
330
468
100
AcDbEntity
  8
OLCU
 62
3
100
AcDbMText
 10
425.92115381040986
 20
100.69948698887852
 30
0.0
 40
10.734294842008218
 71
5
  1
R3
  7
OpenSansCondensed-Light
 50
81.82799822864925
  0
POINT
  5
470
330
468
100
AcDbEntity
  8
Defpoints
100
AcDbPoint
 10
413.04
 20
11.0
 30
0.0
  0
POINT
  5
471
330
468
100
AcDbEntity
  8
Defpoints
100
AcDbPoint
 10
413.46643575414294
 20
13.96953742990193
 30
0.0
  0
ENDBLK
  5
46A
330
468
100
AcDbEntity
  8
0
100
AcDbBlockEnd
  0
BLOCK
  5
474
330
473
100
AcDbEntity
  8
0
100
AcDbBlockBegin
  2
*D10
 70
1
 10
0.0
 20
0.0
 30
0.0
  3
*D10
  1

  0
INSERT
  5
476
330
473
100
AcDbEntity
  8
OLCU
 62
4
100
AcDbBlockReference
  2
_CLOSEDFILLED
 10
6.921990272319832
 20
17.721693348386175
 30
0.0
 41
8.587435873606575
 42
8.587435873606575
 50
263.0619494986441
  0
LINE
  5
478
330
473
100
AcDbEntity
  8
0
 62
4
100
AcDbLine
 10
6.62
 20
15.239999999999998
 30
0.0
 11
6.921990272319832
 21
17.721693348386175
 31
0.0
  0
LINE
  5
479
330
473
100
AcDbEntity
  8
0
 62
4
100
AcDbLine
 10
7.959319111519646
 20
26.246246343275086
 30
0.0
 11
16.90783171241032
 21
99.78326470147185
 31
0.0
  0
MTEXT
  5
47A
330
473
100
AcDbEntity
  8
OLCU
 62
3
100
AcDbMText
 10
19.50115381040986
 20
121.09464718869413
 30
0.0
 40
10.734294842008218
 71
5
  1
%%c5
  7
OpenSansCondensed-Light
 50
83.06194949864407
  0
POINT
  5
47B
330
473
100
AcDbEntity
  8
Defpoints
100
AcDbPoint
 10
6.62
 20
15.239999999999998
 30
0.0
  0
POINT
  5
47C
330
473
100
AcDbEntity
  8
Defpoints
100
AcDbPoint
 10
6.921990272319832
 20
17.721693348386175
 30
0.0
  0
ENDBLK
  5
475
330
473
100
AcDbEntity
  8
0
100
AcDbBlockEnd
  0
BLOCK
  5
47F
330
47E
100
AcDbEntity
  8
0
100
AcDbBlockBegin
  2
*D11
 70
1
 10
0.0
 20
0.0
 30
0.0
  3
*D11
  1

  0
INSERT
  5
481
330
47E
100
AcDbEntity
  8
OLCU
 62
4
100
AcDbBlockReference
  2
_CLOSEDFILLED
 10
401.1499076183557
 20
25.993941806861642
 30
0.0
 41
8.587435873606575
 42
8.587435873606575
 50
263.6900097982796
  0
LINE
  5
483
330
47E
100
AcDbEntity
  8
0
 62
4
100
AcDbLine
 10
401.04
 20
25.0
 30
0.0
 11
401.1499076183557
 21
25.993941806861642
 31
0.0
  0
LINE
  5
484
330
47E
100
AcDbEntity
  8
0
 62
4
100
AcDbLine
 10
402.09373224300606
 20
34.529353335382616
 30
0.0
 11
410.97170185837757
 21
114.8166463618817
 31
0.0
  0
MTEXT
  5
485
330
47E
100
AcDbEntity
  8
OLCU
 62
3
100
AcDbMText
 10
413.92115381040986
 20
141.48980738850975
 30
0.0
 40
10.734294842008218
 71
5
  1
4x R1
  7
OpenSansCondensed-Light
 50
83.69000979827962
  0
POINT
  5
486
330
47E
100
AcDbEntity
  8
Defpoints
100
AcDbPoint
 10
401.04
 20
25.0
 30
0.0
  0
POINT
  5
487
330
47E
100
AcDbEntity
  8
Defpoints
100
AcDbPoint
 10
401.1499076183557
 20
25.993941806861642
 30
0.0
  0
ENDBLK
  5
480
330
47E
100
AcDbEntity
  8
0
100
AcDbBlockEnd
  0
BLOCK
  5
48A
330
489
100
AcDbEntity
  8
0
100
AcDbBlockBegin
  2
*D12
 70
1
 10
0.0
 20
0.0
 30
0.0
  3
*D12
  1

  0
INSERT
  5
48C
330
489
100
AcDbEntity
  8
OLCU
 62
4
100
AcDbBlockReference
  2
_CLOSEDFILLED
 10
688.3249214838922
 20
8.917861122735642
 30
0.0
 41
8.587435873606575
 42
8.587435873606575
 50
256.56160824280994
  0
LINE
  5
48E
330
489
100
AcDbEntity
  8
0
 62
4
100
AcDbLine
 10
687.6277224675218
 20
6.0
 30
0.0
 11
688.3249214838922
 21
8.917861122735642
 31
0.0
  0
LINE
  5
48F
330
489
100
AcDbEntity
  8
0
 62
4
100
AcDbLine
 10
690.3206387652997
 20
17.270176215929663
 30
0.0
 11
694.2722597735333
 21
33.80818192301598
 31
0.0
  0
MTEXT
  5
490
330
489
100
AcDbEntity
  8
OLCU
 62
3
100
AcDbMText
 10
700.5088762779317
 20
59.90916658924729
 30
0.0
 40
10.734294842008218
 71
5
  1
4x R3
  7
OpenSansCondensed-Light
 50
76.56160824280994
  0
POINT
  5
491
330
489
100
AcDbEntity
  8
Defpoints
100
AcDbPoint
 10
687.6277224675218
 20
6.0
 30
0.0
  0
POINT
  5
492
330
489
100
AcDbEntity
  8
Defpoints
100
AcDbPoint
 10
688.3249214838922
 20
8.917861122735642
 30
0.0
  0
ENDBLK
  5
48B
330
489
100
AcDbEntity
  8
0
100
AcDbBlockEnd
  0
BLOCK
  5
495
330
494
100
AcDbEntity
  8
0
100
AcDbBlockBegin
  2
*D13
 70
1
 10
0.0
 20
0.0
 30
0.0
  3
*D13
  1

  0
INSERT
  5
497
330
494
100
AcDbEntity
  8
OLCU
 62
4
100
AcDbBlockReference
  2
_CLOSEDFILLED
 10
687.0088608611351
 20
15.913347530345543
 30
0.0
 41
8.587435873606575
 42
8.587435873606575
 50
259.0139962708532
  0
LINE
  5
499
330
494
100
AcDbEntity
  8
0
 62
4
100
AcDbLine
 10
686.6277224675218
 20
13.95
 30
0.0
 11
687.0088608611351
 21
15.913347530345543
 31
0.0
  0
LINE
  5
49A
330
494
100
AcDbEntity
  8
0
 62
4
100
AcDbLine
 10
688.6453616181966
 20
24.34340803756861
 30
0.0
 11
694.3948114121143
 21
53.96038770399081
 31
0.0
  0
MTEXT
  5
49B
330
494
100
AcDbEntity
  8
OLCU
 62
3
100
AcDbMText
 10
699.5088762779317
 20
80.3043267890629
 30
0.0
 40
10.734294842008218
 71
5
  1
4x R2
  7
OpenSansCondensed-Light
 50
79.01399627085323
  0
POINT
  5
49C
330
494
100
AcDbEntity
  8
Defpoints
100
AcDbPoint
 10
686.6277224675218
 20
13.95
 30
0.0
  0
POINT
  5
49D
330
494
100
AcDbEntity
  8
Defpoints
100
AcDbPoint
 10
687.0088608611351
 20
15.913347530345543
 30
0.0
  0
ENDBLK
  5
496
330
494
100
AcDbEntity
  8
0
100
AcDbBlockEnd
  0
BLOCK
  5
4A0
330
49F
100
AcDbEntity
  8
0
100
AcDbBlockBegin
  2
*D14
 70
1
 10
0.0
 20
0.0
 30
0.0
  3
*D14
  1

  0
INSERT
  5
4A2
330
49F
100
AcDbEntity
  8
OLCU
 62
4
100
AcDbBlockReference
  2
_CLOSEDFILLED
 10
752.4569053499035
 20
8.99519059844202
 30
0.0
 41
8.587435873606575
 42
8.587435873606575
 50
262.04670887971633
  0
LINE
  5
4A4
330
49F
100
AcDbEntity
  8
0
 62
4
100
AcDbLine
 10
752.3877224675218
 20
8.5
 30
0.0
 11
752.4569053499035
 21
8.99519059844202
 31
0.0
  0
LINE
  5
4A5
330
49F
100
AcDbEntity
  8
0
 62
4
100
AcDbLine
 10
753.645112481912
 20
17.500025617109316
 30
0.0
 11
760.070470075395
 21
63.49083378220911
 31
0.0
  0
MTEXT
  5
4A6
330
49F
100
AcDbEntity
  8
OLCU
 62
3
100
AcDbMText
 10
765.2688762779317
 20
100.69948698887852
 30
0.0
 40
10.734294842008218
 71
5
  1
4x R0.5
  7
OpenSansCondensed-Light
 50
82.04670887971633
  0
POINT
  5
4A7
330
49F
100
AcDbEntity
  8
Defpoints
100
AcDbPoint
 10
752.3877224675218
 20
8.5
 30
0.0
  0
POINT
  5
4A8
330
49F
100
AcDbEntity
  8
Defpoints
100
AcDbPoint
 10
752.4569053499035
 20
8.99519059844202
 30
0.0
  0
ENDBLK
  5
4A1
330
49F
100
AcDbEntity
  8
0
100
AcDbBlockEnd
  0
BLOCK
  5
4AB
330
4AA
100
AcDbEntity
  8
0
100
AcDbBlockBegin
  2
*D15
 70
1
 10
0.0
 20
0.0
 30
0.0
  3
*D15
  1

  0
INSERT
  5
4AD
330
4AA
100
AcDbEntity
  8
OLCU
 62
4
100
AcDbBlockReference
  2
_CLOSEDFILLED
 10
412.6511272665087
 20
-208.9114915898367
 30
0.0
 41
8.587435873606575
 42
8.587435873606575
 50
252.20792336188583
  0
LINE
  5
4AF
330
4AA
100
AcDbEntity
  8
0
 62
4
100
AcDbLine
 10
412.04
 20
-210.81583490555727
 30
0.0
 11
412.6511272665087
 21
-208.9114915898367
 31
0.0
  0
LINE
  5
4B0
330
4AA
100
AcDbEntity
  8
0
 62
4
100
AcDbLine
 10
415.27513537238656
 20
-200.7347785372958
 30
0.0
 11
416.72112847954156
 21
-196.22889660550243
 31
0.0
  0
MTEXT
  5
4B1
330
4AA
100
AcDbEntity
  8
OLCU
 62
3
100
AcDbMText
 10
424.92115381040986
 20
-170.67666831631217
 30
0.0
 40
10.734294842008218
 71
5
  1
2x R2
  7
OpenSansCondensed-Light
 50
72.20792336188582
  0
POINT
  5
4B2
330
4AA
100
AcDbEntity
  8
Defpoints
100
AcDbPoint
 10
412.04
 20
-210.81583490555727
 30
0.0
  0
POINT
  5
4B3
330
4AA
100
AcDbEntity
  8
Defpoints
100
AcDbPoint
 10
412.6511272665087
 20
-208.9114915898367
 30
0.0
  0
ENDBLK
  5
4AC
330
4AA
100
AcDbEntity
  8
0
100
AcDbBlockEnd
  0
BLOCK
  5
4B6
330
4B5
100
AcDbEntity
  8
0
100
AcDbBlockBegin
  2
*D16
 70
1
 10
0.0
 20
0.0
 30
0.0
  3
*D16
  1

  0
INSERT
  5
4B8
330
4B5
100
AcDbEntity
  8
OLCU
 62
4
100
AcDbBlockReference
  2
_CLOSEDFILLED
 10
262.23568211735386
 20
-213.8551675261936
 30
0.0
 41
8.587435873606575
 42
8.587435873606575
 50
258.71542626304176
  0
LINE
  5
4BA
330
4B5
100
AcDbEntity
  8
0
 62
4
100
AcDbLine
 10
262.04
 20
-214.83583490555725
 30
0.0
 11
262.23568211735386
 21
-213.8551675261936
 31
0.0
  0
LINE
  5
4BB
330
4B5
100
AcDbEntity
  8
0
 62
4
100
AcDbLine
 10
263.9160897517415
 20
-205.43374929257067
 30
0.0
 11
269.6698799529485
 21
-176.59844009656823
 31
0.0
  0
MTEXT
  5
4BC
330
4B5
100
AcDbEntity
  8
OLCU
 62
3
100
AcDbMText
 10
274.92115381040986
 20
-150.28150811649655
 30
0.0
 40
10.734294842008218
 71
5
  1
2x R1
  7
OpenSansCondensed-Light
 50
78.71542626304179
  0
POINT
  5
4BD
330
4B5
100
AcDbEntity
  8
Defpoints
100
AcDbPoint
 10
262.04
 20
-214.83583490555725
 30
0.0
  0
POINT
  5
4BE
330
4B5
100
AcDbEntity
  8
Defpoints
100
AcDbPoint
 10
262.23568211735386
 20
-213.8551675261936
 30
0.0
  0
ENDBLK
  5
4B7
330
4B5
100
AcDbEntity
  8
0
100
AcDbBlockEnd
  0
ENDSEC
  0
SECTION
  2
ENTITIES
  0
LWPOLYLINE
  5
93
330
17
100
AcDbEntity
  8
GORUNEN
100
AcDbPolyline
 90
2
 70
0
 10
483.0418875620232
 20
13.949232512900005
 10
483.0418875620232
 20
8.949232512900004
  0
LWPOLYLINE
  5
94
330
17
100
AcDbEntity
  8
GORUNEN
100
AcDbPolyline
 90
2
 70
0
 10
415.0418875620232
 20
13.949232512900005
 10
415.0418875620232
 20
8.949232512900004
  0
LWPOLYLINE
  5
95
330
17
100
AcDbEntity
  8
GORUNEN
100
AcDbPolyline
 90
2
 70
0
 10
483.0418875620232
 20
8.54357787137402
 10
483.0418875620232
 20
8.949232512900004
  0
LWPOLYLINE
  5
96
330
17
100
AcDbEntity
  8
GORUNEN
100
AcDbPolyline
 90
2
 70
0
 10
415.0418875620232
 20
8.543577871374026
 10
415.0418875620232
 20
8.949232512900004
  0
LWPOLYLINE
  5
97
330
17
100
AcDbEntity
  8
GORUNEN
100
AcDbPolyline
 90
2
 70
0
 10
483.0418875620232
 20
4.564221286265448
 10
483.0418875620232
 20
8.543577871373326
  0
LWPOLYLINE
  5
98
330
17
100
AcDbEntity
  8
GORUNEN
100
AcDbPolyline
 90
2
 70
0
 10
415.0418875620232
 20
4.564221286265455
 10
415.0418875620232
 20
8.543577871373333
  0
LWPOLYLINE
  5
99
330
17
100
AcDbEntity
  8
GORUNEN
100
AcDbPolyline
 90
2
 70
0
 10
415.0418875620232
 20
1.4210854715202004e-14
 10
415.0418875620232
 20
4.564221286263607
  0
LWPOLYLINE
  5
9A
330
17
100
AcDbEntity
  8
GORUNEN
100
AcDbPolyline
 90
2
 70
0
 10
483.04188756202325
 20
7.105427357601002e-15
 10
415.04188756202325
 20
7.105427357601002e-15
  0
LWPOLYLINE
  5
9B
330
17
100
AcDbEntity
  8
GORUNEN
100
AcDbPolyline
 90
2
 70
0
 10
483.0418875620232
 20
7.105427357601002e-15
 10
483.0418875620232
 20
4.5642212862636
  0
LWPOLYLINE
  5
9C
330
17
100
AcDbEntity
  8
GORUNEN
100
AcDbPolyline
 90
2
 70
0
 10
262.04188756202325
 20
3.000000000000007
 10
258.04188756202325
 20
3.000000000000007
  0
LWPOLYLINE
  5
9D
330
17
100
AcDbEntity
  8
GORUNEN
100
AcDbPolyline
 90
2
 70
0
 10
263.04188756202325
 20
3.000000000000007
 10
262.04188756202325
 20
3.000000000000007
  0
LWPOLYLINE
  5
9E
330
17
100
AcDbEntity
  8
GORUNEN
100
AcDbPolyline
 90
2
 70
0
 10
412.0418875620232
 20
3.000000000000014
 10
410.0418875620232
 20
3.000000000000014
  0
LWPOLYLINE
  5
9F
330
17
100
AcDbEntity
  8
GORUNEN
100
AcDbPolyline
 90
2
 70
0
 10
415.04188756202325
 20
3.000000000000007
 10
412.04188756202325
 20
3.000000000000007
  0
LWPOLYLINE
  5
A0
330
17
100
AcDbEntity
  8
GORUNEN
100
AcDbPolyline
 90
2
 70
0
 10
258.02094378102305
 20
6.000000000010008
 10
258.0209437810234
 20
32.00000000000001
  0
LWPOLYLINE
  5
A1
330
17
100
AcDbEntity
  8
GORUNEN
100
AcDbPolyline
 90
13
 70
0
 10
5.320409239153743
 20
13.112752766513497
 10
5.237121753445569
 20
13.16664530200791
 10
5.156036458360793
 20
13.223799029610166
 10
5.077280315436876
 20
13.284123263334733
 10
5.000976726271401
 20
13.347522468630926
 10
4.927245365304574
 20
13.413896431955797
 10
4.856202012601737
 20
13.483140430347008
 10
4.787958386635863
 20
13.555145400995716
 10
4.722621977070068
 20
13.629798110819447
 10
4.660295877540112
 20
13.706981326034985
 10
4.601078618436909
 20
13.78657398173125
 10
4.545063999689021
 20
13.868451351442177
 10
4.492340923545178
 20
13.952485216719595
  0
LWPOLYLINE
  5
A2
330
17
100
AcDbEntity
  8
GORUNEN
100
AcDbPolyline
 90
13
 70
0
 10
4.510504751029604
 20
16.554267132781717
 10
4.564395986938279
 20
16.637556691396842
 10
4.621548338604926
 20
16.718644004146256
 10
4.681871122146611
 20
16.797402106221337
 10
4.745268805224493
 20
16.873707592845932
 10
4.811641176612942
 20
16.94744078649827
 10
4.880883515768651
 20
17.018485904132934
 10
4.952886762399751
 20
17.08673122440278
 10
5.02753768603492
 20
17.15206925488089
 10
5.104719055592505
 20
17.214396899282516
 10
5.184309808949626
 20
17.27361562468702
 10
5.266185222511306
 20
17.329631628759824
 10
5.350217080779556
 20
17.38235600697433
  0
LWPOLYLINE
  5
A3
330
17
100
AcDbEntity
  8
GORUNEN
100
AcDbPolyline
 90
2
 70
0
 10
19.1804706860229
 20
17.000000000000014
 10
43.15944184871148
 20
17.000000000000014
  0
LWPOLYLINE
  5
A4
330
17
100
AcDbEntity
  8
GORUNEN
100
AcDbPolyline
 90
68
 70
0
 10
19.180470686023156
 20
17.000000000000007
 10
18.967102269385673
 20
17.00506180097949
 10
18.7542142602686
 20
17.020236452853887
 10
18.542285703271197
 20
17.045490114365748
 10
18.331793258473258
 20
17.080765651905704
 10
18.12321021405667
 20
17.125983048508214
 10
17.917005498926944
 20
17.1810398128473
 10
17.713642695334745
 20
17.24581138823227
 10
17.51357905149744
 20
17.32015156160347
 10
17.317264494220634
 20
17.403892872528015
 10
17.125140641519707
 20
17.496847022195524
 10
16.937639815241344
 20
17.598805282413856
 10
16.75518405368509
 20
17.709538904604848
 10
16.57818412422487
 20
17.828799528800047
 10
16.407038535930546
 20
17.956319592636454
 10
16.24213255218943
 20
18.091812740352253
 10
16.08383720332785
 20
18.23497423178256
 10
15.932508335377804
 20
18.38548138935017
 10
15.788486649798976
 20
18.542995233947085
 10
15.652096823722648
 20
18.707161693345583
 10
15.523645683158698
 20
18.877611432692493
 10
15.40342171731307
 20
19.053960769883027
 10
15.291694669602506
 20
19.235812662963852
 10
15.188715128669337
 20
19.422757697536134
 10
15.094714119396233
 20
19.61437507415861
 10
15.00990269392097
 20
19.810233595750624
 10
14.934471522651194
 20
20.009892654995205
 10
14.868590485279192
 20
20.21290322174211
 10
14.812408261796648
 20
20.41880883041089
 10
14.76605192350942
 20
20.627146567393932
 10
14.729626524052286
 20
20.83744805845954
 10
14.70321469040373
 20
21.04924045615497
 10
14.686876213900685
 20
21.262047427209495
 10
14.680647641253326
 20
21.475390139937463
 10
14.684542287721403
 20
21.688788272560707
 10
14.698551925134332
 20
21.90176132686739
 10
14.722645423824627
 20
22.113830035164046
 10
14.756768316117043
 20
22.324517400482723
 10
14.800843204387537
 20
22.53334968399004
 10
14.854770170048472
 20
22.739857392390185
 10
14.91842718253389
 20
22.943576265327913
 10
14.991670508284717
 20
23.144048262791557
 10
15.07433511973402
 20
23.340822552516034
 10
15.166235104292227
 20
23.533456497385846
 10
15.267164073332388
 20
23.72151664283808
 10
15.376895571175382
 20
23.904579704265412
 10
15.495183484075177
 20
24.08223355441913
 10
15.621762449204056
 20
24.254078210812107
 10
15.75634826363785
 20
24.41972682312183
 10
15.898638293341186
 20
24.578806660593397
 10
16.04831189739669
 20
24.730960084750738
 10
16.205031854169608
 20
24.87584466660647
 10
16.36844587758334
 20
25.013133739536958
 10
16.53818635937985
 20
25.142518382174018
 10
16.713871230562074
 20
25.263707963243007
 10
16.895104948772378
 20
25.37643055055857
 10
17.081479485671014
 20
25.48043332002033
 10
17.272575314314572
 20
25.575482964608636
 10
17.46796239653445
 20
25.661366103380256
 10
17.667201170315316
 20
25.737889690464105
 10
17.869843537173555
 20
25.80488142405697
 10
18.075433849535727
 20
25.862190155419206
 10
18.283509898117053
 20
25.90968629787049
 10
18.49360389929983
 20
25.947262235785498
 10
18.70524348251194
 20
25.974832733589654
 10
18.91795267760526
 20
25.99233534475483
 10
19.04915569960793
 20
25.998083476719447
 10
19.180470686023156
 20
26.000000000000007
  0
LWPOLYLINE
  5
A5
330
17
100
AcDbEntity
  8
GORUNEN
100
AcDbPolyline
 90
68
 70
0
 10
43.15894204202321
 20
26.000000000000007
 10
43.3723105481692
 20
25.99493844914757
 10
43.585199065184455
 20
25.97976518294449
 10
43.79712868371128
 20
25.954514334838986
 10
44.00762265150911
 20
25.919242708587394
 10
44.21620744594588
 20
25.874029650469673
 10
44.42241383922421
 20
25.81897687079376
 10
44.62577795394603
 20
25.754208215090284
 10
44.825842306641015
 20
25.679869385512344
 10
45.022156836911414
 20
25.596127613067146
 10
45.21427991987811
 20
25.50317128141679
 10
45.40177935965027
 20
25.40120950309447
 10
45.5842333615838
 20
25.290471649089515
 10
45.76123148114135
 20
25.171206832859408
 10
45.93237554721942
 20
25.043683349929594
 10
46.097280557865304
 20
24.908188074341734
 10
46.25557554636914
 20
24.765025813308114
 10
46.40690441578248
 20
24.614518621524013
 10
46.55092673998622
 20
24.45700507668049
 10
46.68731852950577
 20
24.292839517807387
 10
46.81577296035068
 20
24.12239124816003
 10
46.93600106423919
 20
23.946043704442648
 10
47.047732378655
 20
23.764193594237568
 10
47.15071555527376
 20
23.577250003580488
 10
47.24471892539086
 20
23.385633476689474
 10
47.32953102107824
 20
23.189775069917875
 10
47.40496105089802
 20
22.99011538205935
 10
47.47083932910275
 20
22.787103563186474
 10
47.5270176573568
 20
22.581196304252522
 10
47.57336965812004
 20
22.372856809729484
 10
47.609791058944054
 20
22.162553755593404
 10
47.6361999270411
 20
21.95076023500114
 10
47.65253685359836
 20
21.73795269403034
 10
47.65876508742272
 20
21.524609859876733
 10
47.6548706176154
 20
21.31121166391991
 10
47.64086220509063
 20
21.09823816208016
 10
47.616771362867205
 20
20.88616845489517
 10
47.582652285177595
 20
20.6754796097459
 10
47.53858172555368
 20
20.46664558765625
 10
47.484658824163745
 20
20.260136177080675
 10
47.42100488478889
 20
20.05641593707835
 10
47.347763101940735
 20
19.855943152251243
 10
47.26509823873411
 20
19.659168801797104
 10
47.17319625623962
 20
19.466535544996503
 10
47.07226389514963
 20
19.278476725416184
 10
46.962528210698956
 20
19.095415396068834
 10
46.84423606188632
 20
18.917763367722277
 10
46.71765355614582
 20
18.745920282498968
 10
46.583065450717356
 20
18.58027271484979
 10
46.440774512063065
 20
18.42119330192463
 10
46.29110083477042
 20
18.269039905295976
 10
46.13438112147448
 20
18.124154805921343
 10
45.970967925419004
 20
17.986863934155505
 10
45.80122885736033
 20
17.85747613654469
 10
45.62554575859829
 20
17.736282481052143
 10
45.44431384199437
 20
17.623555602277982
 10
45.25794080290943
 20
17.519549088146366
 10
45.06684590206119
 20
17.42449690943963
 10
44.87145902236444
 20
17.33861289346273
 10
44.67221970187584
 20
17.262090243022023
 10
44.469576145018706
 20
17.195101101800418
 10
44.263984214312124
 20
17.137796167106742
 10
44.055906404872594
 20
17.090304350870355
 10
43.84581080399512
 20
17.052732489643677
 10
43.63417003815423
 20
17.025165104265028
 10
43.42146020979383
 20
17.007664209722392
 10
43.29025705035978
 20
17.001916460521826
 10
43.15894204202378
 20
17.000000000000007
  0
LWPOLYLINE
  5
A6
330
17
100
AcDbEntity
  8
GORUNEN
100
AcDbPolyline
 90
68
 70
0
 10
19.180470686023213
 20
26.000000000000014
 10
18.967102179877223
 20
25.994938449147575
 10
18.754213662861975
 20
25.979765182944494
 10
18.542284044335144
 20
25.95451433483899
 10
18.331790076537313
 20
25.919242708587394
 10
18.123205282100542
 20
25.874029650469673
 10
17.91699888882221
 20
25.81897687079376
 10
17.71363477410039
 20
25.75420821509028
 10
17.513570421405404
 20
25.67986938551234
 10
17.317255891135
 20
25.596127613067143
 10
17.125132808168306
 20
25.503171281416783
 10
16.937633368396146
 20
25.401209503094464
 10
16.755179366462613
 20
25.290471649089508
 10
16.57818124690505
 20
25.171206832859397
 10
16.407037180826983
 20
25.043683349929587
 10
16.242132170181094
 20
24.908188074341723
 10
16.08383718167726
 20
24.765025813308103
 10
15.932508312263916
 20
24.614518621524002
 10
15.78848598806017
 20
24.457005076680474
 10
15.652094198540617
 20
24.292839517807373
 10
15.523639767695702
 20
24.122391248160014
 10
15.40341166380718
 20
23.946043704442634
 10
15.291680349391374
 20
23.76419359423755
 10
15.188697172772606
 20
23.57725000358047
 10
15.094693802655495
 20
23.385633476689456
 10
15.009881706968113
 20
23.189775069917854
 10
14.934451677148331
 20
22.990115382059333
 10
14.868573398943592
 20
22.787103563186456
 10
14.81239507068954
 20
22.5811963042525
 10
14.76604306992629
 20
22.372856809729463
 10
14.729621669102276
 20
22.162553755593382
 10
14.703212801005229
 20
21.950760235001123
 10
14.686875874447956
 20
21.73795269403032
 10
14.680647640623597
 20
21.524609859876712
 10
14.684542110430904
 20
21.31121166391989
 10
14.698550522955678
 20
21.09823816208014
 10
14.72264136517909
 20
20.88616845489515
 10
14.7567604428687
 20
20.675479609745878
 10
14.800831002492608
 20
20.46664558765623
 10
14.854753903882543
 20
20.260136177080657
 10
14.918407843257384
 20
20.056415937078327
 10
14.991649626105538
 20
19.85594315225122
 10
15.074314489312151
 20
19.659168801797087
 10
15.166216471806639
 20
19.46653554499649
 10
15.267148832896623
 20
19.27847672541617
 10
15.3768845173473
 20
19.095415396068816
 10
15.495176666159924
 20
18.917763367722262
 10
15.621759171900425
 20
18.74592028249895
 10
15.756347277328882
 20
18.580272714849777
 10
15.898638215983173
 20
18.421193301924617
 10
16.048311893275812
 20
18.269039905295966
 10
16.205031606571747
 20
18.124154805921332
 10
16.368444802627224
 20
17.986863934155494
 10
16.53818387068589
 20
17.857476136544683
 10
16.71386696944792
 20
17.736282481052136
 10
16.89509888605184
 20
17.62355560227798
 10
17.08147192513678
 20
17.51954908814636
 10
17.272566825985017
 20
17.424496909439625
 10
17.467953705681765
 20
17.338612893462727
 10
17.667193026170363
 20
17.26209024302202
 10
17.869836583027496
 20
17.195101101800418
 10
18.075428513734078
 20
17.137796167106742
 10
18.283506323173604
 20
17.09030435087036
 10
18.493601924051077
 20
17.05273248964368
 10
18.705242689891964
 20
17.02516510426503
 10
18.917952518252374
 20
17.007664209722396
 10
19.04906237445952
 20
17.001919185475195
 10
19.180284000006296
 20
17.00000000387261
  0
LWPOLYLINE
  5
A7
330
17
100
AcDbEntity
  8
GORUNEN
100
AcDbPolyline
 90
68
 70
0
 10
19.15952690502324
 20
26.000000000000014
 10
18.94615839887725
 20
25.994938449147575
 10
18.733269881862004
 20
25.979765182944494
 10
18.521340263335173
 20
25.95451433483899
 10
18.310846295537342
 20
25.919242708587394
 10
18.10226150110057
 20
25.874029650469673
 10
17.89605510782224
 20
25.81897687079376
 10
17.69269099310042
 20
25.75420821509028
 10
17.492626640405433
 20
25.67986938551234
 10
17.29631211013503
 20
25.596127613067143
 10
17.104189027168335
 20
25.503171281416783
 10
16.916689587396174
 20
25.401209503094464
 10
16.734235585462642
 20
25.290471649089508
 10
16.55723746590508
 20
25.171206832859397
 10
16.38609339982701
 20
25.043683349929587
 10
16.221188389181123
 20
24.908188074341723
 10
16.06289340067729
 20
24.765025813308103
 10
15.911564531263945
 20
24.614518621524002
 10
15.767542207060199
 20
24.457005076680474
 10
15.631150417540645
 20
24.292839517807373
 10
15.50269598669573
 20
24.122391248160014
 10
15.382467882807209
 20
23.946043704442634
 10
15.270736568391403
 20
23.76419359423755
 10
15.167753391772635
 20
23.57725000358047
 10
15.073750021655524
 20
23.385633476689456
 10
14.988937925968141
 20
23.189775069917854
 10
14.91350789614836
 20
22.990115382059333
 10
14.847629617943621
 20
22.787103563186456
 10
14.791451289689569
 20
22.5811963042525
 10
14.745099288926319
 20
22.372856809729463
 10
14.708677888102304
 20
22.162553755593382
 10
14.682269020005258
 20
21.950760235001123
 10
14.665932093447985
 20
21.73795269403032
 10
14.659703859623626
 20
21.524609859876712
 10
14.663598329430933
 20
21.31121166391989
 10
14.677606741955707
 20
21.09823816208014
 10
14.701697584179119
 20
20.88616845489515
 10
14.735816661868729
 20
20.675479609745878
 10
14.779887221492636
 20
20.46664558765623
 10
14.833810122882571
 20
20.260136177080657
 10
14.897464062257413
 20
20.056415937078327
 10
14.970705845105567
 20
19.85594315225122
 10
15.05337070831218
 20
19.659168801797087
 10
15.145272690806667
 20
19.46653554499649
 10
15.246205051896652
 20
19.27847672541617
 10
15.355940736347328
 20
19.095415396068816
 10
15.474232885159953
 20
18.917763367722262
 10
15.600815390900454
 20
18.74592028249895
 10
15.73540349632891
 20
18.580272714849777
 10
15.877694434983201
 20
18.421193301924617
 10
16.02736811227584
 20
18.269039905295966
 10
16.184087825571776
 20
18.124154805921332
 10
16.347501021627252
 20
17.986863934155494
 10
16.51724008968592
 20
17.857476136544683
 10
16.69292318844795
 20
17.736282481052136
 10
16.87415510505187
 20
17.62355560227798
 10
17.060528144136807
 20
17.51954908814636
 10
17.251623044985045
 20
17.424496909439625
 10
17.447009924681794
 20
17.338612893462727
 10
17.64624924517039
 20
17.26209024302202
 10
17.848892802027525
 20
17.195101101800418
 10
18.054484732734107
 20
17.137796167106742
 10
18.262562542173633
 20
17.09030435087036
 10
18.472658143051106
 20
17.05273248964368
 10
18.684298908891993
 20
17.02516510426503
 10
18.897008737252403
 20
17.007664209722396
 10
19.028211896686788
 20
17.001916460521826
 10
19.159526905023128
 20
17.000000000000014
  0
LWPOLYLINE
  5
A8
330
17
100
AcDbEntity
  8
GORUNEN
100
AcDbPolyline
 90
34
 70
0
 10
6.6257005765229735
 20
17.738450181436686
 10
6.507326433489822
 20
17.735149484823985
 10
6.389241400656142
 20
17.726246637545895
 10
6.271710442231237
 20
17.711761616189055
 10
6.154997279168733
 20
17.691726922859267
 10
6.039363797418305
 20
17.666187512251884
 10
5.925069460294871
 20
17.63520069078056
 10
5.812370726283787
 20
17.598835987990682
 10
5.701520473588414
 20
17.557175000546025
 10
5.592767432711271
 20
17.510311209138695
 10
5.486355628341971
 20
17.4583497687332
 10
5.38252383180427
 20
17.40140727261524
 10
5.28150502529083
 20
17.339611490774786
 10
5.183525879087887
 20
17.27310108321031
 10
5.088806242962844
 20
17.202025288797635
 10
4.9975586528560205
 20
17.126543590421388
 10
4.909987853983499
 20
17.046825357120525
 10
4.826290341421115
 20
16.963049464050922
 10
4.746653919200457
 20
16.87540389111767
 10
4.67125727890622
 20
16.78408530117782
 10
4.600269598720431
 20
16.689298598759898
 10
4.533850163813274
 20
16.59125647029041
 10
4.472148008932252
 20
16.490178906859047
 10
4.415301583991703
 20
16.38629271059331
 10
4.363438443413005
 20
16.27983098575028
 10
4.316674959912542
 20
16.171032615667393
 10
4.275116063379671
 20
16.060141726745858
 10
4.238855005430581
 20
15.94740714066948
 10
4.2079731501663575
 20
15.833081816088008
 10
4.1825397916047535
 20
15.717422281017773
 10
4.162611998195342
 20
15.600688057233237
 10
4.148234484766894
 20
15.483141077941015
 10
4.139678208644827
 20
15.36966908235855
 10
4.13629431201123
 20
15.255925265400094
  0
LWPOLYLINE
  5
A9
330
17
100
AcDbEntity
  8
GORUNEN
100
AcDbPolyline
 90
2
 70
0
 10
6.6326814110237775
 20
17.73841119146645
 10
6.6152286868313634
 20
17.73847211470001
  0
LWPOLYLINE
  5
AA
330
17
100
AcDbEntity
  8
GORUNEN
100
AcDbPolyline
 90
34
 70
0
 10
6.6152286868313634
 20
17.73847211470001
 10
6.496524029712741
 20
17.73565222790362
 10
6.3780871595521615
 20
17.727198928847038
 10
6.2601852592063585
 20
17.713131287407634
 10
6.143084304688594
 20
17.693481038910917
 10
6.027048465150855
 20
17.668292512538525
 10
5.91233950694216
 20
17.637622531325576
 10
5.799216203087372
 20
17.601540283973065
 10
5.687933749518689
 20
17.560127168764417
 10
5.578743189376717
 20
17.51347660993832
 10
5.471890846679875
 20
17.46169384693211
 10
5.36761777063971
 20
17.40489569697112
 10
5.266159191875699
 20
17.343210291539606
 10
5.167743991756267
 20
17.2767767873277
 10
5.072594186063138
 20
17.20574505230654
 10
4.9809244241438355
 20
17.13027532763967
 10
4.892941504682185
 20
17.050537866193498
 10
4.808843909179207
 20
16.96671254846224
 10
4.728821354196814
 20
16.878988476773813
 10
4.653054363374431
 20
16.78756354869209
 10
4.581713860184
 20
16.692644010577926
 10
4.514960782342107
 20
16.59444399231603
 10
4.452945718749061
 20
16.493185024257336
 10
4.395808569773968
 20
16.389095537466595
 10
4.343678231652166
 20
16.28241034840255
 10
4.2966723057069816
 20
16.17337012919329
 10
4.2548968330517996
 20
16.0622208647017
 10
4.218446055370904
 20
15.949213297605889
 10
4.187402202318772
 20
15.834602362746397
 10
4.161835306017426
 20
15.718646612016292
 10
4.141803043070289
 20
15.60160763109149
 10
4.127350604449011
 20
15.483749449317164
 10
4.1187504864042195
 20
15.36997431686431
 10
4.115350531011258
 20
15.255925265400094
  0
LWPOLYLINE
  5
AB
330
17
100
AcDbEntity
  8
GORUNEN
100
AcDbPolyline
 90
2
 70
0
 10
378.0418875620232
 20
25.999999999899998
 10
401.0418875620232
 20
25.999999999899998
  0
LWPOLYLINE
  5
AC
330
17
100
AcDbEntity
  8
GORUNEN
100
AcDbPolyline
 90
2
 70
0
 10
377.0418875620232
 20
20.999999999900005
 10
377.0418875620232
 20
24.999999999900005
  0
LWPOLYLINE
  5
AD
330
17
100
AcDbEntity
  8
GORUNEN
100
AcDbPolyline
 90
34
 70
0
 10
378.0418875620232
 20
25.999999999900005
 10
377.9941927248151
 20
25.998861953577137
 10
377.94660644547525
 20
25.995450404907395
 10
377.899237034784
 20
25.98977311889162
 10
377.85219230990873
 20
25.981843017558756
 10
377.8055793490018
 20
25.97167815055413
 10
377.75950424748055
 20
25.959301654056777
 10
377.71407187654484
 20
25.94474169811935
 10
377.66938564448003
 20
25.928031422550486
 10
377.62554726129025
 20
25.909208861485514
 10
377.5826565071971
 20
25.888316856817244
 10
377.54081100553054
 20
25.86540296068386
 10
377.5001060005292
 20
25.840519327235835
 10
377.4606341405555
 20
25.81372259392826
 10
377.4224852672197
 20
25.78507375260875
 10
377.3857462108919
 20
25.754638010694332
 10
377.350500593068
 20
25.722484642753354
 10
377.3168286360395
 20
25.688686832830115
 10
377.28480698030006
 20
25.65332150787123
 10
377.254508510105
 20
25.616469162632747
 10
377.2260021875794
 20
25.578213676466643
 10
377.1993528957543
 20
25.538642122403644
 10
377.17462129088693
 20
25.497844568966926
 10
377.15186366440116
 20
25.455913875167834
 10
377.1311318147633
 20
25.412945479150157
 10
377.1124729295839
 20
25.369037180964064
 10
377.09592947821415
 20
25.32428891996415
 10
377.0815391150822
 20
25.27880254733818
 10
377.06933459398766
 20
25.23268159428438
 10
377.0593436935512
 20
25.186031036364795
 10
377.05158915398795
 20
25.13895705457124
 10
377.0460886253483
 20
25.09156679364747
 10
377.04293837996363
 20
25.045831557396593
 10
377.0418875620232
 20
24.999999999900005
  0
LWPOLYLINE
  5
AE
330
17
100
AcDbEntity
  8
GORUNEN
100
AcDbPolyline
 90
34
 70
0
 10
298.79188756202325
 20
16.499999999900012
 10
298.7981363220423
 20
16.243927874907374
 10
298.81686772705115
 20
15.988465324488693
 10
298.8480371873147
 20
15.73422047213785
 10
298.8915705045559
 20
15.48179854264281
 10
298.94736404858344
 20
15.231800421360132
 10
299.0152850039812
 20
14.984821223819381
 10
299.09517168627286
 20
14.741448879062508
 10
299.1868339268083
 20
14.502262730090528
 10
299.29005352545647
 20
14.267832154749083
 10
299.4045847700266
 20
14.038715210335862
 10
299.5301550211806
 20
13.815457305156364
 10
299.66646536144617
 20
13.598589900190332
 10
299.81319130678355
 20
13.38862924395951
 10
299.9699835790133
 20
13.18607514360837
 10
300.13646893726605
 20
12.991409775123184
 10
300.312251066475
 20
12.805096535521738
 10
300.49691152079595
 20
12.627578939745987
 10
300.6900107197092
 20
12.459279564883616
 10
300.89108899443244
 20
12.300599044231713
 10
301.0996676821527
 20
12.151915113597237
 10
301.31525026547394
 20
12.013581712104463
 10
301.53732355436665
 20
11.885928139649977
 10
301.7653589078065
 20
11.76925827301086
 10
301.9988134921937
 20
11.663849842472104
 10
302.2371315735574
 20
11.569953770695196
 10
302.47974584046966
 20
11.487793575401763
 10
302.72607875451854
 20
11.417564837294094
 10
302.9755439251271
 20
11.359434734479187
 10
303.22754750544414
 20
11.313541644504616
 10
303.48148960598496
 20
11.279994814953534
 10
303.7367657226563
 20
11.258874103382995
 10
303.889262132809
 20
11.252218994717234
 10
304.04188756202325
 20
11.249999999900012
  0
LWPOLYLINE
  5
AF
330
17
100
AcDbEntity
  8
GORUNEN
100
AcDbPolyline
 90
34
 70
0
 10
304.04188756202325
 20
11.249999999900012
 10
304.29795968701586
 20
11.25624875991906
 10
304.5534222374346
 20
11.274980164927916
 10
304.8076670897854
 20
11.306149625191441
 10
305.06008901928044
 20
11.349682942432647
 10
305.31008714056316
 20
11.405476486460184
 10
305.5570663381039
 20
11.47339744185797
 10
305.8004386828608
 20
11.5532841241496
 10
306.0396248318327
 20
11.644946364685037
 10
306.27405540717416
 20
11.748165963333262
 10
306.5031723515874
 20
11.862697207903338
 10
306.7264302567669
 20
11.988267459057358
 10
306.9432976617329
 20
12.124577799322946
 10
307.1532583179638
 20
12.271303744660315
 10
307.3558124183149
 20
12.428096016890049
 10
307.55047778680006
 20
12.594581375142804
 10
307.73679102640153
 20
12.770363504351764
 10
307.91430862217726
 20
12.955023958672712
 10
308.08260799703964
 20
13.148123157586008
 10
308.24128851769154
 20
13.34920143230922
 10
308.38997244832603
 20
13.557780120029477
 10
308.5283058498188
 20
13.773362703350719
 10
308.65595942227327
 20
13.995435992243436
 10
308.7726292889124
 20
14.223471345683278
 10
308.87803771945113
 20
14.45692593007043
 10
308.9719337912281
 20
14.695244011434156
 10
309.0540939865215
 20
14.937858278346402
 10
309.12432272462917
 20
15.184191192395309
 10
309.1824528274441
 20
15.433656363003854
 10
309.22834591741866
 20
15.685659943320895
 10
309.26189274696975
 20
15.939602043861731
 10
309.28301345854027
 20
16.194878160533026
 10
309.28966856720604
 20
16.347374570685776
 10
309.29188756202325
 20
16.499999999900012
  0
LWPOLYLINE
  5
B0
330
17
100
AcDbEntity
  8
GORUNEN
100
AcDbPolyline
 90
2
 70
0
 10
263.04188756202325
 20
6.000000000010008
 10
263.04188756202325
 20
32.00000000000001
  0
LWPOLYLINE
  5
B1
330
17
100
AcDbEntity
  8
GORUNEN
100
AcDbPolyline
 90
34
 70
0
 10
304.04188756202325
 20
21.749999999900012
 10
303.78581543703064
 20
21.743751239880964
 10
303.5303528866119
 20
21.725019834872107
 10
303.2761080342611
 20
21.69385037460858
 10
303.02368610476606
 20
21.650317057367378
 10
302.77368798348334
 20
21.594523513339837
 10
302.5267087859426
 20
21.526602557942052
 10
302.2833364411857
 20
21.446715875650423
 10
302.04415029221377
 20
21.355053635114984
 10
301.80971971687234
 20
21.251834036466757
 10
301.5806027724591
 20
21.137302791896683
 10
301.3573448672796
 20
21.011732540742663
 10
301.1404774623136
 20
20.87542220047707
 10
300.9305168060827
 20
20.728696255139702
 10
300.7279627057316
 20
20.571903982909973
 10
300.53329733724644
 20
20.405418624657216
 10
300.34698409764496
 20
20.229636495448254
 10
300.16946650186924
 20
20.044976041127306
 10
300.00116712700685
 20
19.851876842214008
 10
299.84248660635495
 20
19.650798567490796
 10
299.69380267572046
 20
19.44221987977054
 10
299.5554692742277
 20
19.226637296449297
 10
299.4278157017732
 20
19.00456400755658
 10
299.3111458351341
 20
18.77652865411674
 10
299.2057374045953
 20
18.543074069729585
 10
299.1118413328184
 20
18.30475598836586
 10
299.029681137525
 20
18.062141721453614
 10
298.95945239941733
 20
17.815808807404707
 10
298.9013222966024
 20
17.566343636796162
 10
298.85542920662783
 20
17.31434005647912
 10
298.82188237707675
 20
17.060397955938285
 10
298.80076166550623
 20
16.805121839266988
 10
298.79410655684046
 20
16.652625429114245
 10
298.79188756202325
 20
16.499999999900012
  0
LWPOLYLINE
  5
B2
330
17
100
AcDbEntity
  8
GORUNEN
100
AcDbPolyline
 90
34
 70
0
 10
309.29188756202325
 20
16.499999999900012
 10
309.2856388020042
 20
16.756072124892654
 10
309.26690739699535
 20
17.01153467531133
 10
309.2357379367318
 20
17.265779527662175
 10
309.1922046194906
 20
17.518201457157218
 10
309.13641107546306
 20
17.768199578439894
 10
309.0684901200653
 20
18.015178775980647
 10
308.98860343777363
 20
18.258551120737522
 10
308.8969411972382
 20
18.4977372697095
 10
308.79372159858997
 20
18.732167845050945
 10
308.6791903540199
 20
18.96128478946417
 10
308.5536201028659
 20
19.184542694643667
 10
308.4173097626003
 20
19.4014100996097
 10
308.27058381726295
 20
19.61137075584052
 10
308.1137915450332
 20
19.81392485619166
 10
307.94730618678045
 20
20.008590224676848
 10
307.77152405757147
 20
20.194903464278294
 10
307.58686360325055
 20
20.372421060054045
 10
307.3937644043372
 20
20.540720434916416
 10
307.192686129614
 20
20.69940095556832
 10
306.9841074418938
 20
20.848084886202795
 10
306.7685248585725
 20
20.98641828769557
 10
306.5464515696798
 20
21.114071860150055
 10
306.31841621624
 20
21.23074172678917
 10
306.0849616318528
 20
21.33615015732793
 10
305.8466435504891
 20
21.430046229104835
 10
305.60402928357684
 20
21.51220642439827
 10
305.35769636952796
 20
21.582435162505938
 10
305.1082311989194
 20
21.64056526532084
 10
304.85622761860236
 20
21.686458355295414
 10
304.6022855180615
 20
21.720005184846492
 10
304.3470094013902
 20
21.74112589641703
 10
304.19451299123745
 20
21.747781005082793
 10
304.04188756202325
 20
21.749999999900012
  0
LWPOLYLINE
  5
B3
330
17
100
AcDbEntity
  8
GORUNEN
100
AcDbPolyline
 90
2
 70
0
 10
263.0418875620232
 20
32.0
 10
483.0418875620232
 20
32.0
  0
LWPOLYLINE
  5
B4
330
17
100
AcDbEntity
  8
GORUNEN
100
AcDbPolyline
 90
34
 70
0
 10
377.0418875620232
 20
20.999999999900005
 10
377.04302560834606
 20
20.952305162691925
 10
377.0464371570158
 20
20.90471888335205
 10
377.0521144430316
 20
20.85734947266083
 10
377.0600445443644
 20
20.81030474778557
 10
377.0702094113691
 20
20.763691786878578
 10
377.0825859078664
 20
20.71761668535737
 10
377.09714586380386
 20
20.672184314421674
 10
377.11385613937273
 20
20.627498082356855
 10
377.1326787004377
 20
20.583659699167075
 10
377.15357070510595
 20
20.54076894507392
 10
377.17648460123934
 20
20.49892344340735
 10
377.2013682346874
 20
20.458218438405964
 10
377.2281649679949
 20
20.41874657843229
 10
377.25681380931445
 20
20.38059770509653
 10
377.28724955122885
 20
20.343858648768727
 10
377.3194029191698
 20
20.308613030944798
 10
377.3532007290931
 20
20.274941073916267
 10
377.388566054052
 20
20.242919418176896
 10
377.42541839929044
 20
20.212620947981815
 10
377.46367388545656
 20
20.184114625456214
 10
377.50324543951956
 20
20.157465333631148
 10
377.5440429929563
 20
20.13273372876376
 10
377.5859736867554
 20
20.109976102278
 10
377.62894208277305
 20
20.08924425264015
 10
377.6728503809591
 20
20.0705853674607
 10
377.71759864195906
 20
20.054041916090988
 10
377.763085014585
 20
20.03965155295901
 10
377.80920596763883
 20
20.02744703186446
 10
377.8558565255584
 20
20.01745613142805
 10
377.9029305073519
 20
20.009701591864783
 10
377.95032076827573
 20
20.004201063225132
 10
377.9960560045266
 20
20.001050817840458
 10
378.0418875620232
 20
19.999999999900005
  0
LWPOLYLINE
  5
B5
330
17
100
AcDbEntity
  8
GORUNEN
100
AcDbPolyline
 90
34
 70
0
 10
402.0418875620232
 20
24.999999999899998
 10
402.0407495157003
 20
25.04769483710808
 10
402.03733796703057
 20
25.095281116447953
 10
402.0316606810148
 20
25.142650527139175
 10
402.02373057968197
 20
25.189695252014435
 10
402.0135657126773
 20
25.236308212921426
 10
402.00118921617997
 20
25.282383314442633
 10
401.9866292602425
 20
25.32781568537833
 10
401.96991898467365
 20
25.37250191744315
 10
401.9510964236087
 20
25.41634030063293
 10
401.93020441894043
 20
25.459231054726082
 10
401.90729052280705
 20
25.501076556392654
 10
401.882406889359
 20
25.54178156139404
 10
401.85561015605145
 20
25.581253421367713
 10
401.82696131473193
 20
25.61940229470347
 10
401.79652557281753
 20
25.656141351031273
 10
401.76437220487657
 20
25.691386968855205
 10
401.7305743949533
 20
25.725058925883737
 10
401.6952090699944
 20
25.757080581623107
 10
401.65835672475595
 20
25.78737905181819
 10
401.6201012385898
 20
25.81588537434379
 10
401.5805296845268
 20
25.842534666168852
 10
401.5397321310901
 20
25.867266271036243
 10
401.497801437291
 20
25.890023897522003
 10
401.45483304127333
 20
25.910755747159854
 10
401.41092474308726
 20
25.929414632339302
 10
401.3661764820873
 20
25.945958083709016
 10
401.3206901094614
 20
25.960348446840992
 10
401.27456915640755
 20
25.972552967935542
 10
401.227918598488
 20
25.982543868371952
 10
401.18084461669446
 20
25.99029840793522
 10
401.13345435577065
 20
25.99579893657487
 10
401.08771911951976
 20
25.998949181959546
 10
401.0418875620232
 20
25.999999999899998
  0
LWPOLYLINE
  5
B6
330
17
100
AcDbEntity
  8
GORUNEN
100
AcDbPolyline
 90
2
 70
0
 10
402.0418875620232
 20
24.999999999899998
 10
402.0418875620232
 20
20.999999999899998
  0
LWPOLYLINE
  5
B7
330
17
100
AcDbEntity
  8
GORUNEN
100
AcDbPolyline
 90
34
 70
0
 10
401.0418875620232
 20
19.999999999899998
 10
401.0895823992313
 20
20.001138046222867
 10
401.13716867857113
 20
20.00454959489261
 10
401.1845380892624
 20
20.010226880908384
 10
401.23158281413765
 20
20.018156982241248
 10
401.2781957750446
 20
20.028321849245874
 10
401.32427087656583
 20
20.040698345743227
 10
401.36970324750155
 20
20.055258301680652
 10
401.41438947956635
 20
20.071968577249518
 10
401.45822786275613
 20
20.09079113831449
 10
401.5011186168493
 20
20.11168314298276
 10
401.54296411851584
 20
20.134597039116144
 10
401.5836691235172
 20
20.159480672564168
 10
401.6231409834909
 20
20.186277405871742
 10
401.66128985682667
 20
20.214926247191254
 10
401.6980289131545
 20
20.24536198910567
 10
401.7332745309784
 20
20.27751535704665
 10
401.7669464880069
 20
20.311313166969885
 10
401.7989681437463
 20
20.34667849192877
 10
401.8292666139414
 20
20.383530837167253
 10
401.857772936467
 20
20.421786323333357
 10
401.88442222829207
 20
20.461357877396356
 10
401.90915383315945
 20
20.502155430833074
 10
401.9319114596452
 20
20.544086124632162
 10
401.9526433092831
 20
20.587054520649843
 10
401.9713021944625
 20
20.630962818835933
 10
401.9878456458322
 20
20.675711079835846
 10
402.0022360089642
 20
20.721197452461812
 10
402.0144405300587
 20
20.767318405515617
 10
402.02443143049516
 20
20.813968963435197
 10
402.03218597005844
 20
20.861042945228757
 10
402.03768649869806
 20
20.908433206152523
 10
402.04083674408275
 20
20.954168442403404
 10
402.0418875620232
 20
20.999999999899998
  0
LWPOLYLINE
  5
B8
330
17
100
AcDbEntity
  8
GORUNEN
100
AcDbPolyline
 90
2
 70
0
 10
401.0418875620232
 20
19.999999999899998
 10
378.0418875620232
 20
19.999999999899998
  0
LWPOLYLINE
  5
B9
330
17
100
AcDbEntity
  8
GORUNEN
100
AcDbPolyline
 90
2
 70
0
 10
483.0418875620232
 20
32.00000000000001
 10
483.0418875620232
 20
13.949232512900007
  0
LWPOLYLINE
  5
BA
330
17
100
AcDbEntity
  8
GORUNEN
100
AcDbPolyline
 90
34
 70
0
 10
4.115350531011258
 20
15.255925265400094
 10
4.117363103257865
 20
15.136671215598232
 10
4.1250610489885435
 20
15.017648874074192
 10
4.138426846965627
 20
14.899129146704245
 10
4.157430075394632
 20
14.781381795368285
 10
4.182027481167072
 20
14.664674823946795
 10
4.212163078308559
 20
14.549273868319187
 10
4.247768275408047
 20
14.435441591751923
 10
4.288762031738255
 20
14.323437087052598
 10
4.335051041711859
 20
14.213515286850697
 10
4.38652994725366
 20
14.105926383347315
 10
4.44308157760532
 20
14.000915258854523
 10
4.504577216016867
 20
13.89872092842055
 10
4.5708768927179415
 20
13.799575995809375
 10
4.641829703501958
 20
13.70370612407302
 10
4.7172741531980655
 20
13.611329521921537
 10
4.797038523249117
 20
13.52265644705976
 10
4.880941262559013
 20
13.437888727621296
 10
4.968791400719813
 20
13.357219302788991
 10
5.060388982678087
 20
13.28083178364748
 10
5.1555255238511295
 20
13.208900035267337
 10
5.253984484657196
 20
13.141587780972081
 10
5.355541763379644
 20
13.07904822968871
 10
5.459966206243206
 20
13.021423727229992
 10
5.567020133541402
 20
12.968845432302217
 10
5.676459880617562
 20
12.921433017975817
 10
5.7880363524681675
 20
12.879294399298377
 10
5.901495590706152
 20
12.84252548766999
 10
6.016579351593722
 20
12.811209972540022
 10
6.133025693829027
 20
12.78541913092217
 10
6.2505695747488295
 20
12.76521166516138
 10
6.368943453590165
 20
12.750633569321867
 10
6.483220991252774
 20
12.741959923828478
 10
6.597775961023323
 20
12.73853303793356
  0
LWPOLYLINE
  5
BB
330
17
100
AcDbEntity
  8
GORUNEN
100
AcDbPolyline
 90
34
 70
0
 10
4.13629431201123
 20
15.255925265400094
 10
4.138306884257836
 20
15.136671215598232
 10
4.146004829988515
 20
15.017648874074192
 10
4.159370627965599
 20
14.899129146704245
 10
4.178373856394603
 20
14.781381795368285
 10
4.202971262167043
 20
14.664674823946795
 10
4.23310685930853
 20
14.549273868319187
 10
4.2687120564080185
 20
14.435441591751923
 10
4.309705812738226
 20
14.323437087052598
 10
4.35599482271183
 20
14.213515286850697
 10
4.407473728253631
 20
14.105926383347315
 10
4.464025358605292
 20
14.000915258854523
 10
4.525520997016838
 20
13.89872092842055
 10
4.591820673717913
 20
13.799575995809375
 10
4.662773484501929
 20
13.70370612407302
 10
4.738217934198037
 20
13.611329521921537
 10
4.817982304249088
 20
13.52265644705976
 10
4.901885043558984
 20
13.437888727621296
 10
4.989735181719785
 20
13.357219302788991
 10
5.081332763678058
 20
13.28083178364748
 10
5.176469304851101
 20
13.208900035267337
 10
5.274928265657167
 20
13.141587780972081
 10
5.376485544379615
 20
13.07904822968871
 10
5.4809099872431775
 20
13.021423727229992
 10
5.5879639145413735
 20
12.968845432302217
 10
5.697403661617534
 20
12.921433017975817
 10
5.808980133468139
 20
12.879294399298377
 10
5.9224393717061234
 20
12.84252548766999
 10
6.0375231325936936
 20
12.811209972540022
 10
6.153969474828998
 20
12.78541913092217
 10
6.271513355748801
 20
12.76521166516138
 10
6.3898872345901365
 20
12.750633569321867
 10
6.504164772252746
 20
12.741959923828478
 10
6.618719742023294
 20
12.73853303793356
  0
LWPOLYLINE
  5
BC
330
17
100
AcDbEntity
  8
GORUNEN
100
AcDbPolyline
 90
2
 70
0
 10
415.0418875620232
 20
13.949232512900007
 10
415.0418875620232
 20
14.000000000000007
  0
LWPOLYLINE
  5
BD
330
17
100
AcDbEntity
  8
GORUNEN
100
AcDbPolyline
 90
2
 70
0
 10
415.0418875620232
 20
14.000000000000007
 10
413.0418875620232
 20
14.000000000000007
  0
LWPOLYLINE
  5
BE
330
17
100
AcDbEntity
  8
GORUNEN
100
AcDbPolyline
 90
35
 70
0
 10
413.0418875620232
 20
14.000000000000007
 10
412.9007694130464
 20
13.996679106616089
 10
412.75996368962115
 20
13.98672377868625
 10
412.6197821256109
 20
13.970156056598924
 10
412.48053507303484
 20
13.947012620113222
 10
412.34253081496985
 20
13.917344707152552
 10
412.2060748830344
 20
13.881218000367486
 10
412.07146938096287
 20
13.83871248171906
 10
411.9390123157694
 20
13.789922255404377
 10
411.80899693798165
 20
13.734955339516617
 10
411.68171109240484
 20
13.673933426900648
 10
411.557436580854
 20
13.606991615733728
 10
411.4364485382646
 20
13.534278110427728
 10
411.3190148235634
 20
13.455953893515112
 10
411.2053954266478
 20
13.372192369245038
 10
411.0958418927869
 20
13.283178979678699
 10
410.99059676571784
 20
13.189110794133747
 10
410.8898930506714
 20
13.090196072886862
 10
410.7939536985149
 20
12.986653806100284
 10
410.70299111215496
 20
12.878713228993163
 10
410.6172066762924
 20
12.766613314331083
 10
410.5367903115709
 20
12.650602243357334
 10
410.4619200541061
 20
12.530936856337288
 10
410.3927616613264
 20
12.407882083932304
 10
410.329468244998
 20
12.281710360662077
 10
410.27217993224576
 20
12.152701021753968
 10
410.22102355532223
 20
12.021139684714676
 10
410.17611237080996
 20
11.887317616993364
 10
410.13754580887917
 20
11.75153109113625
 10
410.10540925315684
 20
11.614080728860229
 10
410.0797738516931
 20
11.475270835497763
 10
410.06069635944476
 20
11.335408726286516
 10
410.0482190126237
 20
11.194804045995248
 10
410.04347084246945
 20
11.09745345504756
 10
410.0418875620232
 20
11.000000000000007
  0
LWPOLYLINE
  5
BF
330
17
100
AcDbEntity
  8
GORUNEN
100
AcDbPolyline
 90
2
 70
0
 10
410.0418875620232
 20
11.000000000000005
 10
410.0418875620232
 20
6.000000000020005
  0
LWPOLYLINE
  5
C0
330
17
100
AcDbEntity
  8
GORUNEN
100
AcDbPolyline
 90
2
 70
0
 10
6.618719742023294
 20
12.73853303793356
 10
6.625700576523134
 20
12.73849404796333
  0
LWPOLYLINE
  5
C1
330
17
100
AcDbEntity
  8
GORUNEN
100
AcDbPolyline
 90
2
 70
0
 10
6.597775961023323
 20
12.73853303793356
 10
6.615228685214973
 20
12.73847211470001
  0
LWPOLYLINE
  5
C2
330
17
100
AcDbEntity
  8
GORUNEN
100
AcDbPolyline
 90
34
 70
0
 10
6.615228685214973
 20
12.73847211470001
 10
6.733933342330563
 20
12.741292001496248
 10
6.852370212488131
 20
12.749745300552398
 10
6.970272112830964
 20
12.763812941991082
 10
7.087373067345818
 20
12.783463190486792
 10
7.203408906880729
 20
12.808651716857906
 10
7.318117865086699
 20
12.839321698069302
 10
7.43124116893888
 20
12.875403945419995
 10
7.5425236225050964
 20
12.916817060626569
 10
7.651714182644761
 20
12.963467619450341
 10
7.758566525339471
 20
13.015250382453992
 10
7.862839601377695
 20
13.072048532412197
 10
7.964298180139976
 20
13.133733937840717
 10
8.062713380257904
 20
13.200167442049425
 10
8.157863185949765
 20
13.27119917706721
 10
8.249532947868055
 20
13.346668901730535
 10
8.33751586732896
 20
13.426406363173008
 10
8.42161346283147
 20
13.510231680900434
 10
8.501636017813684
 20
13.597955752584916
 10
8.577403008636189
 20
13.689380680662598
 10
8.648743511827046
 20
13.784300218772648
 10
8.715496589669684
 20
13.882500237030373
 10
8.77751165326379
 20
13.983759205084858
 10
8.83464880224027
 20
14.087848691871379
 10
8.886779140363789
 20
14.194533880931209
 10
8.933785066311017
 20
14.303574100136283
 10
8.97556053896858
 20
14.41472336462374
 10
9.012011316652181
 20
14.527730931715492
 10
9.043055169707351
 20
14.64234186657102
 10
9.068622066012061
 20
14.758297617297277
 10
9.088654328962878
 20
14.875336598218372
 10
9.103106767588155
 20
14.993194779989151
 10
9.111706885637076
 20
15.106969912438764
 10
9.115106841034446
 20
15.221018963899928
  0
LWPOLYLINE
  5
C3
330
17
100
AcDbEntity
  8
GORUNEN
100
AcDbPolyline
 90
29
 70
0
 10
6.933689178367786e-10
 20
9.94889391491405
 10
0.058663021655841696
 20
9.705898199649155
 10
0.12939729675291378
 20
9.466138207448255
 10
0.21202602301739226
 20
9.230213227382698
 10
0.3063426668563487
 20
8.99871296276751
 10
0.41211148028956224
 20
8.772216057175894
 10
0.5290680902104166
 20
8.551288648097971
 10
0.6569201591963774
 20
8.336482951858931
 10
0.7953481162173093
 20
8.128335883333683
 10
0.9440059554152276
 20
7.927367713908016
 10
1.1025221009588853
 20
7.734080771040825
 10
1.2705003358114677
 20
7.548958182677815
 10
1.4475207920899003
 20
7.372462669655134
 10
1.6331410005403284
 20
7.205035389111323
 10
1.826896996506579
 20
7.047094831798551
 10
2.0283044796271734
 20
6.899035776049314
 10
2.2368600243622043
 20
6.761228301013223
 10
2.4520423383243064
 20
6.634016861630327
 10
2.6733135652684856
 20
6.517719427653096
 10
2.9001206294839257
 20
6.412626688869133
 10
3.1318966182274246
 20
6.319001328511171
 10
3.3680621987430035
 20
6.237077366670505
 10
3.6080270663258087
 20
6.167059575355017
 10
3.8511914198108093
 20
6.10912296665388
 10
4.096947460798249
 20
6.063412355288295
 10
4.344680912868489
 20
6.030041996641675
 10
4.5937725569889025
 20
6.009095301174041
 10
4.724310652362426
 20
6.003109135122565
 10
4.854960599539666
 20
6.000536508758331
  0
LWPOLYLINE
  5
C4
330
17
100
AcDbEntity
  8
GORUNEN
100
AcDbPolyline
 90
2
 70
0
 10
258.02094378102305
 20
6.000000000010008
 10
258.0209437810234
 20
32.00000000000001
  0
LWPOLYLINE
  5
C5
330
17
100
AcDbEntity
  8
GORUNEN
100
AcDbPolyline
 90
34
 70
0
 10
9.115106841034446
 20
15.221018963899928
 10
9.113094268792487
 20
15.340273013704882
 10
9.10539632306616
 20
15.459295355232227
 10
9.092030525093122
 20
15.577815082605666
 10
9.07302729666785
 20
15.695562433945282
 10
9.04842989089882
 20
15.812269405370573
 10
9.018294293760423
 20
15.927670361002106
 10
8.982689096663695
 20
16.04150263757339
 10
8.941695340335915
 20
16.153507142276816
 10
8.895406330364413
 20
16.263428942482875
 10
8.843927424824379
 20
16.371017845990448
 10
8.787375794474158
 20
16.476028970487437
 10
8.725880156063727
 20
16.578223300925604
 10
8.659580479363449
 20
16.677368233540935
 10
8.58862766857991
 20
16.773238105281397
 10
8.513183218883974
 20
16.86561470743691
 10
8.433418848832794
 20
16.954287782302632
 10
8.34951610952248
 20
17.039055501744926
 10
8.26166597136098
 20
17.11972492658093
 10
8.170068389401742
 20
17.19611244572599
 10
8.074931848227479
 20
17.268044194109518
 10
7.97647288741995
 20
17.33535644840798
 10
7.874915608695814
 20
17.39789599969436
 10
7.770491165830352
 20
17.455520502155878
 10
7.6634372385300615
 20
17.508098797086227
 10
7.5539974914516295
 20
17.55551121141497
 10
7.442421019598592
 20
17.597649830094504
 10
7.328961781358033
 20
17.63441874172473
 10
7.213878020467766
 20
17.665734256856275
 10
7.097431678229663
 20
17.691525098475434
 10
6.9798877973069775
 20
17.711732564237252
 10
6.861513918462695
 20
17.726310660077512
 10
6.747236380797218
 20
17.734984305571352
 10
6.6326814110237775
 20
17.73841119146645
  0
LWPOLYLINE
  5
C6
330
17
100
AcDbEntity
  8
GORUNEN
100
AcDbPolyline
 90
2
 70
0
 10
19.159526905023036
 20
26.000000000000103
 10
43.15894204202265
 20
25.99999999999991
  0
LWPOLYLINE
  5
C7
330
17
100
AcDbEntity
  8
GORUNEN
100
AcDbPolyline
 90
33
 70
0
 10
4.964850859022964
 20
32.00000000002592
 10
4.7150108146685445
 20
31.992006866310266
 10
4.46588248576077
 20
31.971536619753735
 10
4.218088563379122
 20
31.93864042531208
 10
3.972248403281712
 20
31.89340050633949
 10
3.7289764778384313
 20
31.83592993907304
 10
3.488880840170042
 20
31.76637237000098
 10
3.252561604332036
 20
31.684901656821303
 10
3.020609445342031
 20
31.591721433888083
 10
2.793604122799841
 20
31.487064603231598
 10
2.572113031790409
 20
31.371192752424584
 10
2.3566897846915853
 20
31.24439550074951
 10
2.1478728274314984
 20
31.1069897753012
 10
1.9461840936541495
 20
30.95931901883417
 10
1.7521277001571183
 20
30.801752331334583
 10
1.5661886868621067
 20
30.634683547462508
 10
1.3888318044677384
 20
30.45853025217038
 10
1.220500352814848
 20
30.27373273695809
 10
1.0616150728677405
 20
30.080752899373536
 10
0.9125730950809015
 20
29.880073088509292
 10
0.7737469467796796
 20
29.67219489938109
 10
0.6454836210359778
 20
29.4576379192015
 10
0.528103709366289
 20
29.236938428682485
 10
0.42190060041985866
 20
29.010648061612937
 10
0.3271397466598591
 20
28.77933242606145
 10
0.24405800087047247
 20
28.543569690650735
 10
0.17286302414828114
 20
28.30394913943716
 10
0.11373276685767575
 20
28.061069699007504
 10
0.0668150238476155
 20
27.815538441474388
 10
0.03222706504147688
 20
27.567969067112166
 10
0.01005534232331673
 20
27.318980370425848
 10
0.0030103279268036687
 20
27.177075701039872
 10
0.0
 20
27.035028148000166
  0
LWPOLYLINE
  5
C8
330
17
100
AcDbEntity
  8
GORUNEN
100
AcDbPolyline
 90
2
 70
0
 10
2.3320900766066188e-11
 20
27.03502814800001
 10
2.3036683671762148e-11
 20
9.94889391477001
  0
LWPOLYLINE
  5
C9
330
17
100
AcDbEntity
  8
GORUNEN
100
AcDbPolyline
 90
2
 70
0
 10
4.8549570480231
 20
6.0000000000100115
 10
4.931759873023202
 20
6.0000000000100115
  0
LWPOLYLINE
  5
CA
330
17
100
AcDbEntity
  8
GORUNEN
100
AcDbPolyline
 90
2
 70
0
 10
258.000000000023
 20
6.000000000010008
 10
258.00000000002336
 20
32.00000000000001
  0
LWPOLYLINE
  5
CB
330
17
100
AcDbEntity
  8
GORUNEN
100
AcDbPolyline
 90
2
 70
0
 10
4.964850859023202
 20
32.0
 10
258.00000000002325
 20
32.0
  0
LWPOLYLINE
  5
CC
330
17
100
AcDbEntity
  8
GORUNEN
100
AcDbPolyline
 90
68
 70
0
 10
43.15894204202378
 20
17.000000000000007
 10
43.372310548169764
 20
17.005061550852478
 10
43.585199065185016
 20
17.02023481705559
 10
43.79712868371184
 20
17.045485665161127
 10
44.007622651509664
 20
17.080757291412755
 10
44.216207445946424
 20
17.12597034953051
 10
44.422413839224745
 20
17.18102312920645
 10
44.62577795394656
 20
17.245791784909958
 10
44.82584230664153
 20
17.32013061448793
 10
45.02215683691192
 20
17.403872386933156
 10
45.2142799198786
 20
17.496828718583544
 10
45.401779359650746
 20
17.59879049690589
 10
45.58423336158426
 20
17.709528350910873
 10
45.761231481141806
 20
17.828793167141008
 10
45.93237554721985
 20
17.956316650070843
 10
46.097280557865716
 20
18.091811925658728
 10
46.25557554636953
 20
18.234974186692373
 10
46.40690441578285
 20
18.385481378476495
 10
46.55092673998657
 20
18.54299492332004
 10
46.68731852950611
 20
18.707160482193164
 10
46.815772960351
 20
18.877608751840544
 10
46.93600106423949
 20
19.053956295557946
 10
47.047732378655276
 20
19.235806405763043
 10
47.15071555527402
 20
19.42274999642014
 10
47.2447189253911
 20
19.614366523311173
 10
47.32953102107845
 20
19.81022493008279
 10
47.40496105089821
 20
20.009884617941328
 10
47.470839329102915
 20
20.212896436814216
 10
47.527017657356936
 20
20.41880369574818
 10
47.57336965812016
 20
20.62714319027123
 10
47.60979105894414
 20
20.837446244407317
 10
47.636199927041154
 20
21.049239764999587
 10
47.65253685359839
 20
21.262047305970395
 10
47.65876508742272
 20
21.475390140124006
 10
47.65487061761538
 20
21.68878833608083
 10
47.64086220509057
 20
21.90176183792058
 10
47.61677136286713
 20
22.113831545105572
 10
47.58265228517748
 20
22.32452039025484
 10
47.53858172555354
 20
22.533354412344487
 10
47.484658824163574
 20
22.739863822920054
 10
47.4210048847887
 20
22.943584062922373
 10
47.347763101940515
 20
23.14405684774947
 10
47.26509823873386
 20
23.340831198203595
 10
47.17319625623934
 20
23.533464455004182
 10
47.07226389514933
 20
23.72152327458449
 10
46.96252821069862
 20
23.904584603931827
 10
46.844236061885965
 20
24.082236632278367
 10
46.71765355614543
 20
24.254079717501657
 10
46.583065450716944
 20
24.419727285150813
 10
46.440774512062625
 20
24.57880669807595
 10
46.291100834769956
 20
24.73096009470458
 10
46.13438112147399
 20
24.87584519407919
 10
45.97096792541849
 20
25.013136065845003
 10
45.801228857359796
 20
25.14252386345579
 10
45.625545758597745
 20
25.263717518948308
 10
45.444313841993804
 20
25.376444397722437
 10
45.25794080290884
 20
25.480450911854025
 10
45.066845902060585
 20
25.57550309056073
 10
44.871459022363815
 20
25.661387106537596
 10
44.6722197018752
 20
25.73790975697827
 10
44.46957614501805
 20
25.804898898199838
 10
44.263984214311456
 20
25.862203832893474
 10
44.05590640487192
 20
25.909695649129823
 10
43.84581080399443
 20
25.947267510356465
 10
43.63417003815354
 20
25.974834895735075
 10
43.421460209793125
 20
25.99233579027767
 10
43.290257050359145
 20
25.99808353947821
 10
43.15894204202321
 20
26.000000000000007
  0
LWPOLYLINE
  5
CD
330
17
100
AcDbEntity
  8
GORUNEN
100
AcDbPolyline
 90
2
 70
0
 10
19.159526905023036
 20
17.000000000000007
 10
43.158942042023355
 20
17.000000000000007
  0
LWPOLYLINE
  5
CE
330
17
100
AcDbEntity
  8
GORUNEN
100
AcDbPolyline
 90
2
 70
0
 10
4.931759873023155
 20
6.000000000020009
 10
20.050006540023205
 20
5.863120923490008
  0
LWPOLYLINE
  5
CF
330
17
100
AcDbEntity
  8
GORUNEN
100
AcDbPolyline
 90
2
 70
0
 10
20.050006540023205
 20
5.863120923490008
 10
20.041887562023177
 20
7.105427357601002e-15
  0
LWPOLYLINE
  5
D0
330
17
100
AcDbEntity
  8
GORUNEN
100
AcDbPolyline
 90
44
 70
0
 10
258.04188756202325
 20
7.105427357601002e-15
 10
258.0418741189986
 20
3.089904829778334e-07
 10
258.04186067597533
 20
1.2359618786206283e-06
 10
258.0418472329548
 20
2.7809140989987213e-06
 10
258.0418337899385
 20
4.943846984239997e-06
 10
258.04182034692764
 20
7.72476031229985e-06
 10
258.04180690392377
 20
1.1123653796296651e-05
 10
258.0417934609282
 20
1.5140527086288103e-05
 10
258.0417800179423
 20
1.977537976927124e-05
 10
258.0417665749675
 20
2.5028211366517894e-05
 10
258.04175313200517
 20
3.0899021338015586e-05
 10
258.04173968905667
 20
3.7387809078026635e-05
 10
258.0417262461234
 20
4.4494573919529046e-05
 10
258.04171280320674
 20
5.221931512977562e-05
 10
258.0416993603081
 20
6.056203191384668e-05
 10
258.0416859174288
 20
6.952272341109733e-05
 10
258.0416724745703
 20
7.910138870048655e-05
 10
258.04165903173396
 20
8.929802679347176e-05
 10
258.04164558892114
 20
0.00010011263664111425
 10
258.0416276652097
 20
0.00011549340389915841
 10
258.04160750109145
 20
0.00013410995115226143
 10
258.04158733703804
 20
0.00015411692445255198
 10
258.04156717305426
 20
0.00017551431916373872
 10
258.04154700914467
 20
0.0001983021303280097
 10
258.041526845314
 20
0.00022248035266336785
 10
258.0414999603374
 20
0.0002568808345344564
 10
258.04146971493003
 20
0.00029853597074236404
 10
258.04143946974057
 20
0.00034331947974486354
 10
258.04140922478473
 20
0.00039123133819352063
 10
258.04136889856767
 20
0.0004599800940683352
 10
258.04132353215005
 20
0.0005439700541369774
 10
258.04127816639414
 20
0.0006349985646725287
 10
258.0412176798409
 20
0.0007673185825591844
 10
258.04114963414486
 20
0.0009311349497069799
 10
258.0410815903967
 20
0.0011107870314690516
 10
258.0409908687397
 20
0.0013749556486599701
 10
258.0408888119266
 20
0.0017057936743718471
 10
258.04075274550803
 20
0.0022023285007835014
 10
258.0405996851812
 20
0.0028366283101233236
 10
258.0403956318708
 20
0.0038070263004721383
 10
258.04008961987756
 20
0.00552971426414306
 10
258.0396307871977
 20
0.008714511598156172
 10
258.011481159511
 20
1.8732319454343456
 10
258.00000000023545
 20
6.0000000000100036
  0
LWPOLYLINE
  5
D1
330
17
100
AcDbEntity
  8
GORUNEN
100
AcDbPolyline
 90
44
 70
0
 10
258.04188756202325
 20
3.000000000000007
 10
258.04188063240156
 20
3.0000001642102143
 10
258.04187370278066
 20
3.000000656840819
 10
258.04186677316125
 20
3.000001477891766
 10
258.0418598435441
 20
3.000002627362966
 10
258.04185291393003
 20
3.0000041052542934
 10
258.0418459843197
 20
3.000005911565586
 10
258.041839054714
 20
3.000008046296646
 10
258.0418321251135
 20
3.0000105094472405
 10
258.04182519551915
 20
3.000013301017099
 10
258.0418182659316
 20
3.000016421005916
 10
258.04181133635166
 20
3.00001986941335
 10
258.04180440678005
 20
3.0000236462390237
 10
258.04179747721753
 20
3.000027751482524
 10
258.0417905476649
 20
3.000032185143401
 10
258.04178361812285
 20
3.0000369472211688
 10
258.0417766885922
 20
3.000042037715307
 10
258.0417697590737
 20
3.0000474566252584
 10
258.0417628295681
 20
3.000053203950429
 10
258.0417535902487
 20
3.0000613779176826
 10
258.0417431960455
 20
3.000071271509858
 10
258.04173280187797
 20
3.0000819040304028
 10
258.0417224077485
 20
3.000093275476698
 10
258.0417120136598
 20
3.000105385845943
 10
258.04170161961423
 20
3.000118235135155
 10
258.04168776095855
 20
3.000136516946333
 10
258.0416721700758
 20
3.0001586541720973
 10
258.0416565793124
 20
3.0001824539382222
 10
258.04164098867705
 20
3.000207916231518
 10
258.0416202013773
 20
3.0002444520847646
 10
258.041596815981
 20
3.0002890877148576
 10
258.0415734309472
 20
3.000337463897899
 10
258.04154225151655
 20
3.0004077840082726
 10
258.0415071755755
 20
3.0004948424839553
 10
258.04147210070164
 20
3.000590316625396
 10
258.04142533603346
 20
3.0007307060498873
 10
258.0413727285492
 20
3.0009065259949077
 10
258.0413025903499
 20
3.0011704031580733
 10
258.04122369276206
 20
3.001507493115703
 10
258.04111851083996
 20
3.002023196408501
 10
258.0409607751981
 20
3.0029386884884266
 10
258.0407242732636
 20
3.0046311782420876
 10
258.0266723455767
 20
3.9384339184521693
 10
258.02094378112935
 20
6.000000000010006
  0
LWPOLYLINE
  5
D2
330
17
100
AcDbEntity
  8
GORUNEN
100
AcDbPolyline
 90
2
 70
0
 10
258.00000000057594
 20
32.00000000000339
 10
258.02094378146984
 20
31.999999999996618
  0
LWPOLYLINE
  5
D3
330
17
100
AcDbEntity
  8
GORUNEN
100
AcDbPolyline
 90
2
 70
0
 10
263.04188756202325
 20
0.0
 10
263.04188756202325
 20
6.0000000000099964
  0
LWPOLYLINE
  5
D4
330
17
100
AcDbEntity
  8
GORUNEN
100
AcDbPolyline
 90
2
 70
0
 10
410.0418875620232
 20
7.105427357601002e-15
 10
410.0418875620232
 20
6.000000000020006
  0
LWPOLYLINE
  5
D5
330
17
100
AcDbEntity
  8
GORUNEN
100
AcDbPolyline
 90
2
 70
0
 10
258.041887562023
 20
7.105427357601002e-15
 10
20.041887562022637
 20
7.105427357601002e-15
  0
LWPOLYLINE
  5
D6
330
17
100
AcDbEntity
  8
GORUNEN
100
AcDbPolyline
 90
2
 70
0
 10
263.04188756202325
 20
7.105427357601002e-15
 10
262.04188756202325
 20
7.105427357601002e-15
  0
LWPOLYLINE
  5
D7
330
17
100
AcDbEntity
  8
GORUNEN
100
AcDbPolyline
 90
2
 70
0
 10
262.04188756202325
 20
7.105427357601002e-15
 10
258.04188756202325
 20
7.105427357601002e-15
  0
LWPOLYLINE
  5
D8
330
17
100
AcDbEntity
  8
GORUNEN
100
AcDbPolyline
 90
2
 70
0
 10
258.04188756202325
 20
7.105427357601002e-15
 10
258.04188756202325
 20
3.000000000000007
  0
LWPOLYLINE
  5
D9
330
17
100
AcDbEntity
  8
GORUNEN
100
AcDbPolyline
 90
2
 70
0
 10
412.0418875620232
 20
1.4210854715202004e-14
 10
410.0418875620232
 20
1.4210854715202004e-14
  0
LWPOLYLINE
  5
DA
330
17
100
AcDbEntity
  8
GORUNEN
100
AcDbPolyline
 90
2
 70
0
 10
415.0418875620232
 20
1.4210854715202004e-14
 10
412.0418875620232
 20
1.4210854715202004e-14
  0
LWPOLYLINE
  5
DB
330
17
100
AcDbEntity
  8
GORUNEN
100
AcDbPolyline
 90
2
 70
0
 10
410.0418875620232
 20
0.0
 10
263.0418875620232
 20
0.0
  0
LWPOLYLINE
  5
DC
330
17
100
AcDbEntity
  8
GORUNEN
100
AcDbPolyline
 90
34
 70
0
 10
377.0418875620232
 20
24.999999999900012
 10
377.04302560834606
 20
25.047694837108093
 10
377.0464371570158
 20
25.095281116447968
 10
377.0521144430316
 20
25.14265052713919
 10
377.0600445443644
 20
25.18969525201445
 10
377.0702094113691
 20
25.23630821292144
 10
377.0825859078664
 20
25.282383314442647
 10
377.09714586380386
 20
25.327815685378344
 10
377.11385613937273
 20
25.372501917443163
 10
377.1326787004377
 20
25.416340300632942
 10
377.15357070510595
 20
25.459231054726096
 10
377.17648460123934
 20
25.50107655639267
 10
377.2013682346874
 20
25.541781561394053
 10
377.2281649679949
 20
25.581253421367727
 10
377.25681380931445
 20
25.619402294703487
 10
377.28724955122885
 20
25.65614135103129
 10
377.3194029191698
 20
25.69138696885522
 10
377.3532007290931
 20
25.72505892588375
 10
377.388566054052
 20
25.75708058162312
 10
377.42541839929044
 20
25.787379051818203
 10
377.46367388545656
 20
25.815885374343804
 10
377.50324543951956
 20
25.84253466616887
 10
377.5440429929563
 20
25.867266271036257
 10
377.5859736867554
 20
25.890023897522017
 10
377.62894208277305
 20
25.910755747159868
 10
377.6728503809591
 20
25.929414632339316
 10
377.71759864195906
 20
25.94595808370903
 10
377.763085014585
 20
25.960348446841007
 10
377.80920596763883
 20
25.972552967935556
 10
377.8558565255584
 20
25.982543868371966
 10
377.9029305073519
 20
25.990298407935235
 10
377.95032076827573
 20
25.995798936574886
 10
377.9960560045266
 20
25.99894918195956
 10
378.0418875620232
 20
25.999999999900012
  0
LWPOLYLINE
  5
DD
330
17
100
AcDbEntity
  8
GORUNEN
100
AcDbPolyline
 90
34
 70
0
 10
378.0418875620232
 20
19.999999999900012
 10
377.9941927248151
 20
20.00113804622288
 10
377.94660644547525
 20
20.004549594892623
 10
377.899237034784
 20
20.010226880908398
 10
377.85219230990873
 20
20.018156982241262
 10
377.8055793490018
 20
20.028321849245888
 10
377.75950424748055
 20
20.04069834574324
 10
377.71407187654484
 20
20.055258301680666
 10
377.66938564448003
 20
20.07196857724953
 10
377.62554726129025
 20
20.090791138314504
 10
377.5826565071971
 20
20.111683142982773
 10
377.54081100553054
 20
20.13459703911616
 10
377.5001060005292
 20
20.159480672564182
 10
377.4606341405555
 20
20.186277405871756
 10
377.4224852672197
 20
20.21492624719127
 10
377.3857462108919
 20
20.245361989105685
 10
377.350500593068
 20
20.277515357046664
 10
377.3168286360395
 20
20.311313166969903
 10
377.28480698030006
 20
20.346678491928788
 10
377.254508510105
 20
20.38353083716727
 10
377.2260021875794
 20
20.421786323333375
 10
377.1993528957543
 20
20.461357877396374
 10
377.17462129088693
 20
20.502155430833092
 10
377.15186366440116
 20
20.544086124632184
 10
377.1311318147633
 20
20.58705452064986
 10
377.1124729295839
 20
20.630962818835954
 10
377.09592947821415
 20
20.675711079835867
 10
377.0815391150822
 20
20.721197452461837
 10
377.06933459398766
 20
20.76731840551564
 10
377.0593436935512
 20
20.813968963435222
 10
377.05158915398795
 20
20.861042945228778
 10
377.0460886253483
 20
20.908433206152548
 10
377.04293837996363
 20
20.954168442403425
 10
377.0418875620232
 20
20.999999999900012
  0
LWPOLYLINE
  5
DE
330
17
100
AcDbEntity
  8
GORUNEN
100
AcDbPolyline
 90
34
 70
0
 10
402.0418875620232
 20
20.999999999900005
 10
402.0407495157003
 20
20.952305162691925
 10
402.03733796703057
 20
20.90471888335205
 10
402.0316606810148
 20
20.85734947266083
 10
402.02373057968197
 20
20.81030474778557
 10
402.0135657126773
 20
20.763691786878578
 10
402.00118921617997
 20
20.71761668535737
 10
401.9866292602425
 20
20.672184314421674
 10
401.96991898467365
 20
20.627498082356855
 10
401.9510964236087
 20
20.583659699167075
 10
401.93020441894043
 20
20.54076894507392
 10
401.90729052280705
 20
20.49892344340735
 10
401.882406889359
 20
20.458218438405964
 10
401.85561015605145
 20
20.41874657843229
 10
401.82696131473193
 20
20.380597705096534
 10
401.79652557281753
 20
20.34385864876873
 10
401.76437220487657
 20
20.308613030944798
 10
401.7305743949533
 20
20.274941073916267
 10
401.6952090699944
 20
20.242919418176896
 10
401.65835672475595
 20
20.212620947981815
 10
401.6201012385898
 20
20.184114625456214
 10
401.5805296845268
 20
20.15746533363115
 10
401.5397321310901
 20
20.13273372876376
 10
401.497801437291
 20
20.109976102278
 10
401.45483304127333
 20
20.08924425264015
 10
401.41092474308726
 20
20.0705853674607
 10
401.3661764820873
 20
20.054041916090988
 10
401.3206901094614
 20
20.03965155295901
 10
401.27456915640755
 20
20.02744703186446
 10
401.227918598488
 20
20.01745613142805
 10
401.18084461669446
 20
20.009701591864783
 10
401.13345435577065
 20
20.004201063225132
 10
401.08771911951976
 20
20.001050817840458
 10
401.0418875620232
 20
19.999999999900005
  0
LWPOLYLINE
  5
DF
330
17
100
AcDbEntity
  8
GORUNEN
100
AcDbPolyline
 90
34
 70
0
 10
401.0418875620232
 20
25.999999999900005
 10
401.0895823992313
 20
25.998861953577137
 10
401.13716867857113
 20
25.995450404907395
 10
401.1845380892624
 20
25.98977311889162
 10
401.23158281413765
 20
25.981843017558756
 10
401.2781957750446
 20
25.97167815055413
 10
401.32427087656583
 20
25.959301654056777
 10
401.36970324750155
 20
25.94474169811935
 10
401.41438947956635
 20
25.928031422550486
 10
401.45822786275613
 20
25.909208861485514
 10
401.5011186168493
 20
25.888316856817244
 10
401.54296411851584
 20
25.86540296068386
 10
401.5836691235172
 20
25.840519327235835
 10
401.6231409834909
 20
25.81372259392826
 10
401.66128985682667
 20
25.78507375260875
 10
401.6980289131545
 20
25.754638010694332
 10
401.7332745309784
 20
25.722484642753354
 10
401.7669464880069
 20
25.68868683283012
 10
401.7989681437463
 20
25.653321507871233
 10
401.8292666139414
 20
25.61646916263275
 10
401.857772936467
 20
25.578213676466646
 10
401.88442222829207
 20
25.538642122403648
 10
401.90915383315945
 20
25.49784456896693
 10
401.9319114596452
 20
25.45591387516784
 10
401.9526433092831
 20
25.41294547915016
 10
401.9713021944625
 20
25.36903718096407
 10
401.9878456458322
 20
25.324288919964157
 10
402.0022360089642
 20
25.27880254733819
 10
402.0144405300587
 20
25.232681594284387
 10
402.02443143049516
 20
25.186031036364806
 10
402.03218597005844
 20
25.138957054571247
 10
402.03768649869806
 20
25.09156679364748
 10
402.04083674408275
 20
25.0458315573966
 10
402.0418875620232
 20
24.999999999900005
  0
LWPOLYLINE
  5
E0
330
17
100
AcDbEntity
  8
GORUNEN
100
AcDbPolyline
 90
35
 70
0
 10
410.0418875620232
 20
11.000000000000007
 10
410.04520845540713
 20
11.141118148976805
 10
410.0551637833369
 20
11.281923872402077
 10
410.0717315054243
 20
11.422105436412265
 10
410.09487494190995
 20
11.561352488988387
 10
410.12454285487064
 20
11.699356747053358
 10
410.1606695616557
 20
11.835812678988804
 10
410.20317508030416
 20
11.97041818106035
 10
410.25196530661884
 20
12.10287524625382
 10
410.3069322225066
 20
12.232890624041575
 10
410.36795413512255
 20
12.360176469618347
 10
410.4348959462895
 20
12.484450981169177
 10
410.5076094515955
 20
12.605439023758596
 10
410.5859336685081
 20
12.722872738459827
 10
410.6696951927782
 20
12.836492135375403
 10
410.7587085823445
 20
12.946045669236321
 10
410.85277676788945
 20
13.051290796305395
 10
410.95169148913635
 20
13.151994511351841
 10
411.0552337559229
 20
13.247933863508305
 10
411.16317433303004
 20
13.338896449868228
 10
411.27527424769215
 20
13.424680885730798
 10
411.3912853186659
 20
13.505097250452343
 10
411.51095070568596
 20
13.579967507917155
 10
411.63400547809096
 20
13.649125900696793
 10
411.76017720136116
 20
13.712419317025237
 10
411.8891865402693
 20
13.76970762977747
 10
412.02074787730857
 20
13.820864006700958
 10
412.1545699450299
 20
13.865775191213256
 10
412.290356470887
 20
13.904341753144024
 10
412.42780683316306
 20
13.93647830886636
 10
412.5666167265255
 20
13.96211371033007
 10
412.7064788357368
 20
13.981191202578419
 10
412.847083516028
 20
13.993668549399542
 10
412.9444341069757
 20
13.99841671955373
 10
413.0418875620232
 20
14.000000000000007
  0
LWPOLYLINE
  5
E1
330
17
100
AcDbEntity
  8
GORUNEN
100
AcDbPolyline
 90
2
 70
0
 10
413.0418875620232
 20
14.000000000000007
 10
415.0418875620232
 20
14.000000000000007
  0
LWPOLYLINE
  5
E2
330
17
100
AcDbEntity
  8
GORUNEN
100
AcDbPolyline
 90
2
 70
0
 10
483.0418875620232
 20
8.949232512900004
 10
415.0418875620232
 20
8.949232512900004
  0
LWPOLYLINE
  5
E3
330
17
100
AcDbEntity
  8
GIZLI
100
AcDbPolyline
 90
2
 70
0
 10
415.0418875620232
 20
9.000000000000007
 10
415.0418875620232
 20
12.000000000000007
  0
LWPOLYLINE
  5
E4
330
17
100
AcDbEntity
  8
GIZLI
100
AcDbPolyline
 90
2
 70
0
 10
415.0418875620232
 20
9.000000000000014
 10
415.0418875620232
 20
12.000000000000014
  0
LWPOLYLINE
  5
E5
330
17
100
AcDbEntity
  8
GIZLI
100
AcDbPolyline
 90
2
 70
0
 10
415.0418875620232
 20
9.000000000000007
 10
415.0418875620232
 20
8.995384773907283
  0
LWPOLYLINE
  5
E6
330
17
100
AcDbEntity
  8
GIZLI
100
AcDbPolyline
 90
2
 70
0
 10
415.0418875620232
 20
8.995384773901975
 10
415.0418875620232
 20
11.967693417298033
  0
LWPOLYLINE
  5
E7
330
17
100
AcDbEntity
  8
GIZLI
100
AcDbPolyline
 90
2
 70
0
 10
415.0418875620232
 20
12.000000000000007
 10
415.0418875620232
 20
11.967693417324078
  0
LWPOLYLINE
  5
E8
330
17
100
AcDbEntity
  8
GIZLI
100
AcDbPolyline
 90
2
 70
0
 10
415.0418875620232
 20
12.000000000000007
 10
483.0418875620232
 20
12.000000000000007
  0
LWPOLYLINE
  5
E9
330
17
100
AcDbEntity
  8
GIZLI
100
AcDbPolyline
 90
2
 70
0
 10
483.0418875620232
 20
12.0
 10
483.0418875620232
 20
11.967693417324071
  0
LWPOLYLINE
  5
EA
330
17
100
AcDbEntity
  8
GIZLI
100
AcDbPolyline
 90
2
 70
0
 10
415.0418875620232
 20
12.000000000000014
 10
483.0418875620232
 20
12.000000000000014
  0
LWPOLYLINE
  5
EB
330
17
100
AcDbEntity
  8
GIZLI
100
AcDbPolyline
 90
2
 70
0
 10
483.0418875620232
 20
9.000000000000007
 10
483.0418875620232
 20
12.000000000000007
  0
LWPOLYLINE
  5
EC
330
17
100
AcDbEntity
  8
GIZLI
100
AcDbPolyline
 90
2
 70
0
 10
483.0418875620232
 20
9.0
 10
483.0418875620232
 20
12.0
  0
LWPOLYLINE
  5
ED
330
17
100
AcDbEntity
  8
GIZLI
100
AcDbPolyline
 90
2
 70
0
 10
483.0418875620232
 20
8.995384773901975
 10
483.0418875620232
 20
11.967693417298033
  0
LWPOLYLINE
  5
EE
330
17
100
AcDbEntity
  8
GIZLI
100
AcDbPolyline
 90
2
 70
0
 10
483.0418875620232
 20
9.0
 10
483.0418875620232
 20
8.995384773907276
  0
LWPOLYLINE
  5
EF
330
17
100
AcDbEntity
  8
GIZLI
100
AcDbPolyline
 90
2
 70
0
 10
483.0418875620232
 20
13.949232512900004
 10
483.0418875620232
 20
11.949232512900004
  0
LWPOLYLINE
  5
F0
330
17
100
AcDbEntity
  8
GIZLI
100
AcDbPolyline
 90
2
 70
0
 10
483.0418875620232
 20
11.949232512900004
 10
483.0418875620232
 20
11.967693417297761
  0
LWPOLYLINE
  5
F1
330
17
100
AcDbEntity
  8
GIZLI
100
AcDbPolyline
 90
2
 70
0
 10
483.0418875620232
 20
8.949232512900004
 10
483.0418875620232
 20
8.995384773880966
  0
LWPOLYLINE
  5
F2
330
17
100
AcDbEntity
  8
GIZLI
100
AcDbPolyline
 90
2
 70
0
 10
415.0418875620232
 20
11.967693417297761
 10
415.0418875620232
 20
11.949232512900004
  0
LWPOLYLINE
  5
F3
330
17
100
AcDbEntity
  8
GIZLI
100
AcDbPolyline
 90
2
 70
0
 10
415.0418875620232
 20
11.949232512900004
 10
415.0418875620232
 20
13.949232512900004
  0
LWPOLYLINE
  5
F4
330
17
100
AcDbEntity
  8
GIZLI
100
AcDbPolyline
 90
2
 70
0
 10
415.0418875620232
 20
8.949232512900004
 10
415.0418875620232
 20
8.995384773880966
  0
LWPOLYLINE
  5
F5
330
17
100
AcDbEntity
  8
GIZLI
100
AcDbPolyline
 90
2
 70
0
 10
415.0418875620232
 20
9.000000000000007
 10
483.0418875620232
 20
9.000000000000007
  0
LWPOLYLINE
  5
F6
330
17
100
AcDbEntity
  8
GIZLI
100
AcDbPolyline
 90
2
 70
0
 10
415.0418875620232
 20
9.000000000000014
 10
483.0418875620232
 20
9.000000000000014
  0
LWPOLYLINE
  5
F7
330
17
100
AcDbEntity
  8
GIZLI
100
AcDbPolyline
 90
2
 70
0
 10
483.0418875620232
 20
8.949232512900004
 10
483.0418875620232
 20
9.000000000000007
  0
LWPOLYLINE
  5
F8
330
17
100
AcDbEntity
  8
GIZLI
100
AcDbPolyline
 90
2
 70
0
 10
415.0418875620232
 20
8.949232512900004
 10
415.0418875620232
 20
9.000000000000014
  0
LWPOLYLINE
  5
F9
330
17
100
AcDbEntity
  8
GIZLI
100
AcDbPolyline
 90
2
 70
0
 10
415.0418875620232
 20
8.805045099621822
 10
415.0418875620232
 20
12.000000000000014
  0
LWPOLYLINE
  5
FA
330
17
100
AcDbEntity
  8
GIZLI
100
AcDbPolyline
 90
2
 70
0
 10
415.0418875620232
 20
8.543577871381698
 10
415.0418875620232
 20
8.805045099626934
  0
LWPOLYLINE
  5
FB
330
17
100
AcDbEntity
  8
GIZLI
100
AcDbPolyline
 90
2
 70
0
 10
483.0418875620232
 20
8.805045099621815
 10
483.0418875620232
 20
12.000000000000007
  0
LWPOLYLINE
  5
FC
330
17
100
AcDbEntity
  8
GIZLI
100
AcDbPolyline
 90
2
 70
0
 10
483.0418875620232
 20
8.543577871381691
 10
483.0418875620232
 20
8.805045099626927
  0
LWPOLYLINE
  5
FD
330
17
100
AcDbEntity
  8
GIZLI
100
AcDbPolyline
 90
2
 70
0
 10
483.0418875620232
 20
4.56422128625309
 10
483.0418875620232
 20
4.825688514498251
  0
LWPOLYLINE
  5
FE
330
17
100
AcDbEntity
  8
GIZLI
100
AcDbPolyline
 90
2
 70
0
 10
483.0418875620232
 20
4.8256885144967665
 10
483.0418875620232
 20
8.805045099614569
  0
LWPOLYLINE
  5
FF
330
17
100
AcDbEntity
  8
GIZLI
100
AcDbPolyline
 90
2
 70
0
 10
415.0418875620232
 20
4.825688514496774
 10
415.0418875620232
 20
8.805045099614576
  0
LWPOLYLINE
  5
100
330
17
100
AcDbEntity
  8
GIZLI
100
AcDbPolyline
 90
2
 70
0
 10
415.0418875620232
 20
4.56422128625309
 10
415.0418875620232
 20
4.825688514498251
  0
LWPOLYLINE
  5
101
330
17
100
AcDbEntity
  8
GIZLI
100
AcDbPolyline
 90
2
 70
0
 10
415.0418875620232
 20
4.8256885145014845
 10
415.0418875620232
 20
3.000000000000014
  0
LWPOLYLINE
  5
102
330
17
100
AcDbEntity
  8
GIZLI
100
AcDbPolyline
 90
2
 70
0
 10
415.0418875620232
 20
1.4210854715202004e-14
 10
415.0418875620232
 20
3.000000000000014
  0
LWPOLYLINE
  5
103
330
17
100
AcDbEntity
  8
GIZLI
100
AcDbPolyline
 90
2
 70
0
 10
483.0418875620232
 20
3.000000000000007
 10
415.0418875620232
 20
3.000000000000007
  0
LWPOLYLINE
  5
104
330
17
100
AcDbEntity
  8
GIZLI
100
AcDbPolyline
 90
2
 70
0
 10
483.0418875620232
 20
3.000000000000007
 10
483.0418875620232
 20
4.825688514501477
  0
LWPOLYLINE
  5
105
330
17
100
AcDbEntity
  8
GIZLI
100
AcDbPolyline
 90
2
 70
0
 10
483.0418875620232
 20
7.105427357601002e-15
 10
483.0418875620232
 20
3.000000000000007
  0
LWPOLYLINE
  5
106
330
17
100
AcDbEntity
  8
GIZLI
100
AcDbPolyline
 90
2
 70
0
 10
483.0418875620232
 20
7.105427357601002e-15
 10
483.0418875620232
 20
3.000000000000007
  0
LWPOLYLINE
  5
107
330
17
100
AcDbEntity
  8
GIZLI
100
AcDbPolyline
 90
2
 70
0
 10
258.04188756202325
 20
3.000000000000007
 10
20.041887562023177
 20
3.000000000000007
  0
LWPOLYLINE
  5
108
330
17
100
AcDbEntity
  8
GIZLI
100
AcDbPolyline
 90
2
 70
0
 10
410.04188756202325
 20
3.0
 10
263.04188756202325
 20
3.0
  0
LWPOLYLINE
  5
109
330
17
100
AcDbEntity
  8
GIZLI
100
AcDbPolyline
 90
2
 70
0
 10
483.04188756202325
 20
3.000000000000007
 10
415.04188756202325
 20
3.000000000000007
  0
LWPOLYLINE
  5
10A
330
17
100
AcDbEntity
  8
GIZLI
100
AcDbPolyline
 90
2
 70
0
 10
410.04188756202325
 20
3.000000000000007
 10
263.04188756202325
 20
3.000000000000007
  0
LWPOLYLINE
  5
10B
330
17
100
AcDbEntity
  8
GIZLI
100
AcDbPolyline
 90
2
 70
0
 10
20.041887562023177
 20
3.000000000000007
 10
258.04188756202325
 20
3.000000000000007
  0
LWPOLYLINE
  5
10C
330
17
100
AcDbEntity
  8
GIZLI
100
AcDbPolyline
 90
2
 70
0
 10
20.070944871023173
 20
5.93156046175001
 10
20.053889090247864
 20
4.0546408816607205
  0
LWPOLYLINE
  5
10D
330
17
100
AcDbEntity
  8
GIZLI
100
AcDbPolyline
 90
2
 70
0
 10
20.053889090247864
 20
4.0546408816607205
 10
20.041887562023177
 20
3.000000000000007
  0
LWPOLYLINE
  5
10E
330
17
100
AcDbEntity
  8
GIZLI
100
AcDbPolyline
 90
2
 70
0
 10
4.952703654023183
 20
6.0000000000100115
 10
20.070944871023173
 20
5.93156046175001
  0
LWPOLYLINE
  5
10F
330
17
100
AcDbEntity
  8
GIZLI
100
AcDbPolyline
 90
6
 70
0
 10
0.020943781023150088
 20
27.035028148000006
 10
0.028942850487573044
 20
27.285238304636167
 10
0.04682667317877005
 20
27.509846893549096
 10
0.07155515869747285
 20
27.711125918465186
 10
0.10442585378459354
 20
27.911234099902767
 10
0.14538804624922227
 20
28.10983929801539
  0
LWPOLYLINE
  5
110
330
17
100
AcDbEntity
  8
GIZLI
100
AcDbPolyline
 90
11
 70
0
 10
0.19437627837814764
 20
28.306612964147288
 10
0.25131072257124787
 20
28.501230516477914
 10
0.31609755697688213
 20
28.693371715666483
 10
0.38862934112728115
 20
28.882721040496495
 10
0.46878539157393906
 20
29.068968063520288
 10
0.5564321575230038
 20
29.251807826703555
 10
0.651423596470669
 20
29.430941217069886
 10
0.7536015498385643
 20
29.606075342345314
 10
0.862796118609147
 20
29.77692390660283
 10
0.9788260389610934
 20
29.94320758590694
 10
1.1014990579046893
 20
30.104654403958186
  0
LWPOLYLINE
  5
111
330
17
100
AcDbEntity
  8
GIZLI
100
AcDbPolyline
 90
10
 70
0
 10
1.2306123089172212
 20
30.261000107737683
 10
1.3659526875783687
 20
30.41198854315166
 10
1.5072972272055933
 20
30.557372030675996
 10
1.6544134744895311
 20
30.696911741000743
 10
1.8070598651293852
 20
30.83037807067468
 10
1.9649860994683135
 20
30.957551017749825
 10
2.1279335181288213
 20
31.078220557426004
 10
2.295635477648155
 20
31.192187017695346
 10
2.4678177261136898
 20
31.299261454986855
 10
2.6441987787983203
 20
31.399266029810917
  0
LWPOLYLINE
  5
112
330
17
100
AcDbEntity
  8
GIZLI
100
AcDbPolyline
 90
6
 70
0
 10
3.00839744765641
 20
31.577412008372466
 10
3.195619311021787
 20
31.655256634338524
 10
3.38584922426088
 20
31.72543859358336
 10
3.5787751731050563
 20
31.787841201692363
 10
3.774080164283554
 20
31.84236113219954
 10
3.971442601158869
 20
31.88890879223203
  0
LWPOLYLINE
  5
113
330
17
100
AcDbEntity
  8
GIZLI
100
AcDbPolyline
 90
6
 70
0
 10
4.1705366593621465
 20
31.92740869815466
 10
4.371032662428573
 20
31.957799851214464
 10
4.57259745743277
 20
31.980036113185225
 10
4.774894790624181
 20
31.99408658201201
 10
4.880315432702137
 20
31.998153464997163
 10
4.985794640023173
 20
32.0
  0
LWPOLYLINE
  5
114
330
17
100
AcDbEntity
  8
GIZLI
100
AcDbPolyline
 90
7
 70
0
 10
4.875902603023165
 20
6.000536520470014
 10
4.625840026378593
 20
6.008443236195211
 10
4.401366395700292
 20
6.026239206389137
 10
4.20020670674802
 20
6.050881946209981
 10
4.000213050425285
 20
6.083658658025189
 10
3.801715376220762
 20
6.124517287151201
 10
3.6050404953531396
 20
6.173391480186786
  0
LWPOLYLINE
  5
115
330
17
100
AcDbEntity
  8
GIZLI
100
AcDbPolyline
 90
5
 70
0
 10
3.4105116664905277
 20
6.230200921932018
 10
3.2184481814698547
 20
6.294851672307252
 10
3.029164951016271
 20
6.367236503272108
 10
2.8429720904625477
 20
6.447235235744437
 10
2.660174505468478
 20
6.53471507651931
  0
LWPOLYLINE
  5
116
330
17
100
AcDbEntity
  8
GIZLI
100
AcDbPolyline
 90
12
 70
0
 10
2.4810714777402776
 20
6.629530955187987
 10
2.3059562507499876
 20
6.731525861056897
 10
2.1351156154548727
 20
6.840531180066618
 10
1.968829496016824
 20
6.9563670317108475
 10
1.8073705355217582
 20
7.078842605955386
 10
1.6510036816990197
 20
7.207756500157112
 10
1.499985772640779
 20
7.342897055982959
 10
1.3545651225214383
 20
7.484042696328893
 10
1.2149811073170276
 20
7.630962262238888
 10
1.0814637505246085
 20
7.7834153498239065
 10
0.9542333088816708
 20
7.941152647180877
 10
0.8334998580855402
 20
8.103916271311665
  0
LWPOLYLINE
  5
117
330
17
100
AcDbEntity
  8
GIZLI
100
AcDbPolyline
 90
3
 70
0
 10
0.7194628785127728
 20
8.271440105042057
 10
0.6123108409385596
 20
8.443450133940736
 10
0.5122207922561248
 20
8.619664783238257
  0
LWPOLYLINE
  5
118
330
17
100
AcDbEntity
  8
GIZLI
100
AcDbPolyline
 90
7
 70
0
 10
0.3338752440460695
 20
8.983545863775271
 10
0.2559129903696773
 20
9.170614376056037
 10
0.18559838872632373
 20
9.360692344656137
 10
0.12304515239041969
 20
9.553465446900155
 10
0.06835308507081361
 20
9.748613821288403
 10
0.04361897188341857
 20
9.848511042759874
 10
0.020943781023150088
 20
9.948893914760014
  0
LWPOLYLINE
  5
119
330
17
100
AcDbEntity
  8
GIZLI
100
AcDbPolyline
 90
2
 70
0
 10
4.875902603022966
 20
6.0000000000100115
 10
4.952703654023041
 20
6.0000000000100115
  0
LWPOLYLINE
  5
11A
330
17
100
AcDbEntity
  8
GIZLI
100
AcDbPolyline
 90
4
 70
0
 10
9.108269871356818
 20
14.86611940196901
 10
9.087817213451913
 20
14.749142310706311
 10
9.061829218896694
 20
14.633272796421467
 10
9.030363327784762
 20
14.518773527382233
  0
LWPOLYLINE
  5
11B
330
17
100
AcDbEntity
  8
GIZLI
100
AcDbPolyline
 90
5
 70
0
 10
8.993490343562204
 20
14.405903230691923
 10
8.951294016479839
 20
14.294916281507504
 10
8.903870627045457
 20
14.1860622922577
 10
8.851328569476102
 20
14.079585701861093
 10
8.793787935150316
 20
13.975725364944212
  0
LWPOLYLINE
  5
11C
330
17
100
AcDbEntity
  8
GIZLI
100
AcDbPolyline
 90
3
 70
0
 10
8.731380096060388
 20
13.87471414105964
 10
8.664247288264622
 20
13.776778483904106
 10
8.59254219533959
 20
13.682138030536594
  0
LWPOLYLINE
  5
11D
330
17
100
AcDbEntity
  8
GIZLI
100
AcDbPolyline
 90
3
 70
0
 10
8.436075626712888
 20
13.503584735521377
 10
8.351668006826
 20
13.420073387765758
 10
8.263394980343929
 20
13.34065941001853
  0
LWPOLYLINE
  5
11E
330
17
100
AcDbEntity
  8
GIZLI
100
AcDbPolyline
 90
3
 70
0
 10
7.664242017803357
 20
12.959593576818632
 10
7.55488993044303
 20
12.913335659931537
 10
7.443461043918415
 20
12.872327369183424
  0
LWPOLYLINE
  5
11F
330
17
100
AcDbEntity
  8
GIZLI
100
AcDbPolyline
 90
4
 70
0
 10
6.98205615402577
 20
12.762472281427138
 10
6.864088272501161
 20
12.748859202185475
 10
6.750246303746489
 20
12.74106789195556
 10
6.636172605785435
 20
12.738471943440945
  0
LWPOLYLINE
  5
120
330
17
100
AcDbEntity
  8
GIZLI
100
AcDbPolyline
 90
3
 70
0
 10
6.165444124939119
 20
12.783133094450376
 10
6.053987202153652
 20
12.807135665330293
 10
5.943745425203795
 20
12.836199747374964
  0
LWPOLYLINE
  5
121
330
17
100
AcDbEntity
  8
GIZLI
100
AcDbPolyline
 90
4
 70
0
 10
4.294562402929329
 20
14.362710108871097
 10
4.257067204157894
 20
14.470372436427738
 10
4.224524937920861
 20
14.579636913538222
 10
4.197003634357443
 20
14.690276388170837
  0
LWPOLYLINE
  5
122
330
17
100
AcDbEntity
  8
GIZLI
100
AcDbPolyline
 90
4
 70
0
 10
4.233958596577198
 20
15.930915875728036
 10
4.26802323421483
 20
16.0397153454589
 10
4.3070179540986
 20
16.146843665620178
 10
4.350860814301749
 20
16.252078605985222
  0
LWPOLYLINE
  5
123
330
17
100
AcDbEntity
  8
GIZLI
100
AcDbPolyline
 90
2
 70
0
 10
5.350217080779556
 20
17.38235600697433
 10
5.447998307842776
 20
17.43808189904676
  0
LWPOLYLINE
  5
124
330
17
100
AcDbEntity
  8
GIZLI
100
AcDbPolyline
 90
3
 70
0
 10
5.548188829995256
 20
17.489348934292774
 10
5.650586759330836
 20
17.536051835500118
 10
5.754985621983205
 20
17.578094622768102
  0
LWPOLYLINE
  5
125
330
17
100
AcDbEntity
  8
GIZLI
100
AcDbPolyline
 90
4
 70
0
 10
5.86117467685854
 20
17.615390927828333
 10
5.968939234368144
 20
17.647864308365484
 10
6.078060975161084
 20
17.675448562338023
 10
6.188318268856832
 20
17.69808804229898
  0
LWPOLYLINE
  5
126
330
17
100
AcDbEntity
  8
GIZLI
100
AcDbPolyline
 90
3
 70
0
 10
6.6536251920231715
 20
17.73841119140001
 10
6.7728422485905275
 20
17.734740340727512
 10
6.8917553657107495
 20
17.725395765075575
  0
LWPOLYLINE
  5
127
330
17
100
AcDbEntity
  8
GIZLI
100
AcDbPolyline
 90
4
 70
0
 10
7.243928682350956
 20
17.663545133684767
 10
7.358899129647287
 20
17.631803761155627
 10
7.472219137562058
 20
17.594608881978083
 10
7.583631049839282
 20
17.552045749116647
  0
LWPOLYLINE
  5
128
330
17
100
AcDbEntity
  8
GIZLI
100
AcDbPolyline
 90
2
 70
0
 10
8.460699675036668
 20
16.9474431067981
 10
8.540136933779749
 20
16.85847887638574
  0
LWPOLYLINE
  5
129
330
17
100
AcDbEntity
  8
GIZLI
100
AcDbPolyline
 90
7
 70
0
 10
8.685852660936977
 20
16.66971096378436
 10
8.75179783260965
 20
16.57033501659013
 10
8.812929267832406
 20
16.467928525024448
 10
8.869106332241753
 20
16.36272315701708
 10
8.92019955311871
 20
16.254956933979695
 10
8.966091039411968
 20
16.144873804866382
 10
9.006674901760995
 20
16.032723220234182
  0
LWPOLYLINE
  5
12A
330
17
100
AcDbEntity
  8
GIZLI
100
AcDbPolyline
 90
3
 70
0
 10
9.041857672519168
 20
15.918759706303613
 10
9.071558725776907
 20
15.803242439019197
 10
9.095710697384806
 20
15.686434818109992
  0
LWPOLYLINE
  5
12B
330
17
100
AcDbEntity
  8
GIZLI
100
AcDbPolyline
 90
2
 70
0
 10
45.782172384829195
 20
25.17120047115061
 10
45.9533179731253
 20
25.043680407303018
  0
LWPOLYLINE
  5
12C
330
17
100
AcDbEntity
  8
GIZLI
100
AcDbPolyline
 90
6
 70
0
 10
46.95693479175307
 20
23.946039230005862
 10
47.06866183946425
 20
23.764187336926785
 10
47.17164138039774
 20
23.57724230235806
 10
47.26564238967082
 20
23.385624925740355
 10
47.35045381514571
 20
23.189766404153666
 10
47.42588498641471
 20
22.990107344914296
  0
LWPOLYLINE
  5
12D
330
17
100
AcDbEntity
  8
GIZLI
100
AcDbPolyline
 90
3
 70
0
 10
47.63072998500582
 20
22.162551941458446
 10
47.657141818651155
 20
21.950759543760572
 10
47.67348029515044
 20
21.737952572701992
  0
LWPOLYLINE
  5
12E
330
17
100
AcDbEntity
  8
GIZLI
100
AcDbPolyline
 90
3
 70
0
 10
47.67581422132071
 20
21.31121172734074
 10
47.661804583902565
 20
21.098238673029293
 10
47.63771108520663
 20
20.88616996472821
  0
LWPOLYLINE
  5
12F
330
17
100
AcDbEntity
  8
GIZLI
100
AcDbPolyline
 90
3
 70
0
 10
47.60358819290817
 20
20.675482599405473
 10
47.55951330463125
 20
20.466650315894505
 10
47.50558633896354
 20
20.26014260749114
  0
LWPOLYLINE
  5
130
330
17
100
AcDbEntity
  8
GIZLI
100
AcDbPolyline
 90
3
 70
0
 10
47.44192932647101
 20
20.056423734550638
 10
47.36868600071276
 20
19.855951737084684
 10
47.286021389255744
 20
19.659177447358367
  0
LWPOLYLINE
  5
131
330
17
100
AcDbEntity
  8
GIZLI
100
AcDbPolyline
 90
3
 70
0
 10
46.98346093778968
 20
19.095420295606377
 10
46.8651730248812
 20
18.91776644545278
 10
46.73859405974346
 20
18.745921789060432
  0
LWPOLYLINE
  5
132
330
17
100
AcDbEntity
  8
GIZLI
100
AcDbPolyline
 90
5
 70
0
 10
46.60400824530066
 20
18.58027317675186
 10
46.4617182155882
 20
18.421193339281995
 10
46.31204461152349
 20
18.269039915126932
 10
46.15532465474132
 20
18.12415533327407
 10
45.991910631318305
 20
17.986866260347053
  0
LWPOLYLINE
  5
133
330
17
100
AcDbEntity
  8
GIZLI
100
AcDbPolyline
 90
3
 70
0
 10
45.64648527832098
 20
17.736292036649772
 10
45.465251560101436
 20
17.623569449339524
 10
45.278877023193644
 20
17.51956667988369
  0
LWPOLYLINE
  5
134
330
17
100
AcDbEntity
  8
GIZLI
100
AcDbPolyline
 90
4
 70
0
 10
44.076846610696805
 20
17.09031370208222
 10
43.86675260950669
 20
17.05273776417747
 10
43.655113026287694
 20
17.02516726638416
 10
43.44240383118798
 20
17.007664655230393
  0
LWPOLYLINE
  5
135
330
17
100
AcDbEntity
  8
GIZLI
100
AcDbPolyline
 90
2
 70
0
 10
43.15944184871148
 20
17.000000000000014
 10
43.17988582302257
 20
17.000000000000014
  0
LWPOLYLINE
  5
136
330
17
100
AcDbEntity
  8
GIZLI
100
AcDbPolyline
 90
6
 70
0
 10
0.0
 20
27.035028148000162
 10
0.007993112384883538
 20
27.284877321905824
 10
0.02846333708410409
 20
27.534014738080185
 10
0.061359507950041525
 20
27.781817667559494
 10
0.10659939968426624
 20
28.02766671698303
 10
0.16406993336297848
 20
28.270947376791632
  0
LWPOLYLINE
  5
137
330
17
100
AcDbEntity
  8
GIZLI
100
AcDbPolyline
 90
3
 70
0
 10
0.2336274590823093
 20
28.511051557218984
 10
0.3150981150170189
 20
28.747379108236384
 10
0.4082782619951013
 20
28.97933931965181
  0
LWPOLYLINE
  5
138
330
17
100
AcDbEntity
  8
GIZLI
100
AcDbPolyline
 90
14
 70
0
 10
0.5129349925020605
 20
29.206352397613728
 10
0.628806712842584
 20
29.42785091382909
 10
0.7556037970044809
 20
29.643281223873096
 10
0.893009310590509
 20
29.85210485104565
 10
1.0406798030086133
 20
30.053799832315462
 10
1.198246165940458
 20
30.24786202298758
 10
1.3653145559424686
 20
30.43380635683328
 10
1.5414673788733175
 20
30.61116805853254
 10
1.7262643336872268
 20
30.77950380539863
 10
1.9192435129840915
 20
30.9383928354809
 10
2.1199225575655514
 20
31.08743799927619
 10
2.3277998621111533
 20
31.226266752419928
 10
2.5423558289609676
 20
31.354532086875697
 10
2.763054166870777
 20
31.47191339829576
  0
LWPOLYLINE
  5
139
330
17
100
AcDbEntity
  8
GIZLI
100
AcDbPolyline
 90
3
 70
0
 10
2.9893432314935526
 20
31.57811728738448
 10
3.2206574042366207
 20
31.67287829326162
 10
3.4564185060480224
 20
31.755959556992458
  0
LWPOLYLINE
  5
13A
330
17
100
AcDbEntity
  8
GIZLI
100
AcDbPolyline
 90
7
 70
0
 10
3.6960372425982424
 20
31.82715341362621
 10
3.9389146772450188
 20
31.886281911262888
 10
4.184443728099504
 20
31.933197255851216
 10
4.432010685451791
 20
31.967782180605784
 10
4.6809967457629496
 20
31.989950239120095
 10
4.822852426663452
 20
31.996991215487263
 10
4.964850859022963
 20
32.00000000002592
  0
LWPOLYLINE
  5
13B
330
17
100
AcDbEntity
  8
GIZLI
100
AcDbPolyline
 90
2
 70
0
 10
5.75908914307588e-10
 20
9.9488939147634
 10
0.020943781470417516
 20
9.948893914756628
  0
LWPOLYLINE
  5
13C
330
17
100
AcDbEntity
  8
GIZLI
100
AcDbPolyline
 90
4
 70
0
 10
4.854960596540263
 20
6.000536508778187
 10
4.605117678513411
 20
6.008439304737088
 10
4.355981964628473
 20
6.028819470062057
 10
4.108176164423456
 20
6.061626064953511
  0
LWPOLYLINE
  5
13D
330
17
100
AcDbEntity
  8
GIZLI
100
AcDbPolyline
 90
3
 70
0
 10
1.6418044062276511
 20
7.197622441665347
 10
1.4558049992572046
 20
7.3646239827179025
 10
1.2783844380048803
 20
7.540713137725282
  0
LWPOLYLINE
  5
13E
330
17
100
AcDbEntity
  8
GIZLI
100
AcDbPolyline
 90
3
 70
0
 10
1.1099861814754406
 20
7.725449775504954
 10
0.9510311376105403
 20
7.91837215067096
 10
0.8019166112380782
 20
8.118998057756905
  0
LWPOLYLINE
  5
13F
330
17
100
AcDbEntity
  8
GIZLI
100
AcDbPolyline
 90
3
 70
0
 10
0.663015311017042
 20
8.326826036478483
 10
0.5346744178599572
 20
8.541336625123058
 10
0.41721471716141245
 20
8.761993658933402
  0
LWPOLYLINE
  5
140
330
17
100
AcDbEntity
  8
GIZLI
100
AcDbPolyline
 90
3
 70
0
 10
0.061636721031116615
 20
9.694854439084054
 10
0.029157904445971994
 20
9.821471286559422
 10
6.933689178367786e-10
 20
9.948893914914049
  0
LWPOLYLINE
  5
141
330
17
100
AcDbEntity
  8
GIZLI
100
AcDbPolyline
 90
2
 70
0
 10
20.050006540023205
 20
5.863120923490008
 10
20.070944871023173
 20
5.93156046175001
  0
LWPOLYLINE
  5
142
330
17
100
AcDbEntity
  8
GIZLI
100
AcDbPolyline
 90
2
 70
0
 10
20.041887562023177
 20
7.105427357601002e-15
 10
20.041887562023177
 20
1.3737120436695764
  0
LWPOLYLINE
  5
143
330
17
100
AcDbEntity
  8
GIZLI
100
AcDbPolyline
 90
2
 70
0
 10
20.041887562023177
 20
1.3737120436695764
 10
20.041887562023177
 20
3.000000000000007
  0
LWPOLYLINE
  5
144
330
17
100
AcDbEntity
  8
GIZLI
100
AcDbPolyline
 90
3
 70
0
 10
6.6326814110237775
 20
17.73841119146645
 10
6.751892830672244
 20
17.734733719828593
 10
6.8707931900660615
 20
17.72537452550808
  0
LWPOLYLINE
  5
145
330
17
100
AcDbEntity
  8
GIZLI
100
AcDbPolyline
 90
3
 70
0
 10
7.3378949934350395
 20
17.631739327870996
 10
7.451216274173112
 20
17.594547387058814
 10
7.562634769709404
 20
17.5519928006451
  0
LWPOLYLINE
  5
146
330
17
100
AcDbEntity
  8
GIZLI
100
AcDbPolyline
 90
3
 70
0
 10
8.356221192331844
 20
17.032572824871263
 10
8.439807118263868
 20
16.947492677389015
 10
8.519240134643685
 20
16.858522640771668
  0
LWPOLYLINE
  5
147
330
17
100
AcDbEntity
  8
GIZLI
100
AcDbPolyline
 90
3
 70
0
 10
8.899214107183532
 20
16.254915097569675
 10
8.945092727176984
 20
16.144821370792133
 10
8.985668360759501
 20
16.03266470913783
  0
LWPOLYLINE
  5
148
330
17
100
AcDbEntity
  8
GIZLI
100
AcDbPolyline
 90
3
 70
0
 10
9.02084865402987
 20
15.918700391559586
 10
9.05055353338128
 20
15.80318781140258
 10
9.074715387756285
 20
15.686389886001065
  0
LWPOLYLINE
  5
149
330
17
100
AcDbEntity
  8
GIZLI
100
AcDbPolyline
 90
3
 70
0
 10
4.189632952168728
 20
15.843615544987628
 10
4.221102251719
 20
15.958110388064537
 10
4.257972483759548
 20
16.070981792347162
  0
LWPOLYLINE
  5
14A
330
17
100
AcDbEntity
  8
GIZLI
100
AcDbPolyline
 90
3
 70
0
 10
6.359664181987039
 20
12.751569703891251
 10
6.241345511084469
 20
12.766589318500285
 10
6.1238778329269055
 20
12.787235167363963
  0
LWPOLYLINE
  5
14B
330
17
100
AcDbEntity
  8
GIZLI
100
AcDbPolyline
 90
5
 70
0
 10
5.451703454040667
 20
13.025749120227735
 10
5.347494708459416
 20
13.083762800414029
 10
5.246171442861807
 20
13.14668079862522
 10
5.147964278387556
 20
13.214359907668268
 10
5.053096743641522
 20
13.286646083620779
  0
LWPOLYLINE
  5
14C
330
17
100
AcDbEntity
  8
GIZLI
100
AcDbPolyline
 90
3
 70
0
 10
4.244789011312042
 20
14.444279520187154
 10
4.209608718038887
 20
14.558243837761381
 10
4.1799038386843606
 20
14.67375641791447
  0
LWPOLYLINE
  5
14D
330
17
100
AcDbEntity
  8
GIZLI
100
AcDbPolyline
 90
3
 70
0
 10
9.08728859809667
 20
14.866152447205037
 10
9.066821795029679
 20
14.74918867619692
 10
9.040824419857149
 20
14.633328684330108
  0
LWPOLYLINE
  5
14E
330
17
100
AcDbEntity
  8
GIZLI
100
AcDbPolyline
 90
3
 70
0
 10
8.330774045895367
 20
13.42002204097342
 10
8.24249559139282
 20
13.340611910600522
 10
8.150546170071987
 20
13.265483181030408
  0
LWPOLYLINE
  5
14F
330
17
100
AcDbEntity
  8
GIZLI
100
AcDbPolyline
 90
3
 70
0
 10
7.750301679461704
 20
13.011019196471224
 10
7.643257754546517
 20
12.95963365545944
 10
7.533894689122586
 20
12.913388967703199
  0
LWPOLYLINE
  5
150
330
17
100
AcDbEntity
  8
GIZLI
100
AcDbPolyline
 90
3
 70
0
 10
6.9610788749116495
 20
12.762511328076895
 10
6.843125541071696
 20
12.74888168813754
 10
6.729295914128584
 20
12.741075863943
  0
LWPOLYLINE
  5
151
330
17
100
AcDbEntity
  8
GIZLI
100
AcDbPolyline
 90
2
 70
0
 10
19.15952690502313
 20
17.000000000000007
 10
18.94615839887714
 20
17.005061550852446
  0
LWPOLYLINE
  5
152
330
17
100
AcDbEntity
  8
GIZLI
100
AcDbPolyline
 90
2
 70
0
 10
18.733269881861894
 20
17.020234817055524
 10
18.521340263335066
 20
17.045485665161028
  0
LWPOLYLINE
  5
153
330
17
100
AcDbEntity
  8
GIZLI
100
AcDbPolyline
 90
2
 70
0
 10
16.73423558546256
 20
17.70952835091049
 10
16.557237465905004
 20
17.828793167140596
  0
LWPOLYLINE
  5
154
330
17
100
AcDbEntity
  8
GIZLI
100
AcDbPolyline
 90
2
 70
0
 10
15.767542207060142
 20
18.542994923319505
 10
15.631150417540592
 20
18.707160482192602
  0
LWPOLYLINE
  5
155
330
17
100
AcDbEntity
  8
GIZLI
100
AcDbPolyline
 90
5
 70
0
 10
14.913507896148346
 20
20.0098846179406
 10
14.84762961794361
 20
20.21289643681347
 10
14.791451289689558
 20
20.418803695747417
 10
14.745099288926312
 20
20.627143190270452
 10
14.7086778881023
 20
20.837446244406525
  0
LWPOLYLINE
  5
156
330
17
100
AcDbEntity
  8
GIZLI
100
AcDbPolyline
 90
5
 70
0
 10
14.701697584179119
 20
22.11383154510473
 10
14.735816661868725
 20
22.324520390253994
 10
14.779887221492636
 20
22.53335441234364
 10
14.833810122882564
 20
22.73986382291921
 10
14.897464062257406
 20
22.943584062921538
  0
LWPOLYLINE
  5
157
330
17
100
AcDbEntity
  8
GIZLI
100
AcDbPolyline
 90
4
 70
0
 10
15.053370708312169
 20
23.340831198202775
 10
15.14527269080665
 20
23.533464455003376
 10
15.24620505189663
 20
23.721523274583696
 10
15.355940736347303
 20
23.904584603931045
  0
LWPOLYLINE
  5
158
330
17
100
AcDbEntity
  8
GIZLI
100
AcDbPolyline
 90
3
 70
0
 10
15.600815390900426
 20
24.254079717500915
 10
15.735403496328875
 20
24.419727285150095
 10
15.877694434983159
 20
24.578806698075255
  0
LWPOLYLINE
  5
159
330
17
100
AcDbEntity
  8
GIZLI
100
AcDbPolyline
 90
3
 70
0
 10
16.184087825571723
 20
24.87584519407855
 10
16.347501021627195
 20
25.013136065844392
 10
16.51724008968586
 20
25.14252386345521
  0
LWPOLYLINE
  5
15A
330
17
100
AcDbEntity
  8
GIZLI
100
AcDbPolyline
 90
5
 70
0
 10
17.25162304498496
 20
25.575503090560296
 10
17.447009924681705
 20
25.661387106537205
 10
17.6462492451703
 20
25.73790975697792
 10
17.848892802027425
 20
25.804898898199532
 10
18.054484732734
 20
25.862203832893215
  0
LWPOLYLINE
  5
15B
330
17
100
AcDbEntity
  8
GIZLI
100
AcDbPolyline
 90
2
 70
0
 10
19.18047068646971
 20
25.99999999999663
 10
19.15952690557593
 20
26.0000000000034
  0
LWPOLYLINE
  5
15C
330
17
100
AcDbEntity
  8
GIZLI
100
AcDbPolyline
 90
2
 70
0
 10
19.180284000006296
 20
17.00000000387261
 10
19.1804706860231
 20
17.000000000000014
  0
LWPOLYLINE
  5
15D
330
17
100
AcDbEntity
  8
GIZLI
100
AcDbPolyline
 90
2
 70
0
 10
19.18047068646971
 20
16.99999999999663
 10
19.15952690557593
 20
17.0000000000034
  0
LWPOLYLINE
  5
15E
330
17
100
AcDbEntity
  8
GIZLI
100
AcDbPolyline
 90
3
 70
0
 10
6.6361724661088335
 20
12.73847211470001
 10
6.7548771232277645
 20
12.741292001491363
 10
6.87331399338889
 20
12.749745300542944
  0
LWPOLYLINE
  5
15F
330
17
100
AcDbEntity
  8
GIZLI
100
AcDbPolyline
 90
4
 70
0
 10
7.339061646003404
 20
12.839321698044905
 10
7.452184949859885
 20
12.875403945392724
 10
7.563467403430479
 20
12.916817060596776
 10
7.672657963574577
 20
12.963467619418378
  0
LWPOLYLINE
  5
160
330
17
100
AcDbEntity
  8
GIZLI
100
AcDbPolyline
 90
3
 70
0
 10
8.270476728824327
 20
13.34666890169278
 10
8.358459648289408
 20
13.426406363135444
 10
8.442557243795978
 20
13.510231680863363
  0
LWPOLYLINE
  5
161
330
17
100
AcDbEntity
  8
GIZLI
100
AcDbPolyline
 90
3
 70
0
 10
8.598346789608364
 20
13.68938068062739
 10
8.669687292802799
 20
13.784300218738778
 10
8.736440370648815
 20
13.882500236998098
  0
LWPOLYLINE
  5
162
330
17
100
AcDbEntity
  8
GIZLI
100
AcDbPolyline
 90
5
 70
0
 10
8.798455434246097
 20
13.983759205054413
 10
8.855592583225523
 20
14.08784869184299
 10
8.907722921351752
 20
14.194533880905077
 10
8.954728847301439
 20
14.303574100112597
 10
8.996504319961197
 20
14.414723364602665
  0
LWPOLYLINE
  5
163
330
17
100
AcDbEntity
  8
GIZLI
100
AcDbPolyline
 90
3
 70
0
 10
9.032955097646724
 20
14.52773093169718
 10
9.063998950703535
 20
14.642341866555595
 10
9.089565847009599
 20
14.758297617284851
  0
LWPOLYLINE
  5
164
330
17
100
AcDbEntity
  8
GIZLI
100
AcDbPolyline
 90
2
 70
0
 10
0.020943781470402465
 20
9.948893914766625
 10
5.75923966503189e-10
 20
9.948893914773397
  0
LWPOLYLINE
  5
165
330
17
100
AcDbEntity
  8
GIZLI
100
AcDbPolyline
 90
3
 70
0
 10
0.07960680168750667
 20
9.70589819943116
 10
0.1503410767904363
 20
9.466138207231989
 10
0.23296980306067905
 20
9.23021322716845
  0
LWPOLYLINE
  5
166
330
17
100
AcDbEntity
  8
GIZLI
100
AcDbPolyline
 90
3
 70
0
 10
0.4330552603440383
 20
8.772216056966537
 10
0.5500118702702901
 20
8.55128864789147
 10
0.6778639392614991
 20
8.336482951655555
  0
LWPOLYLINE
  5
167
330
17
100
AcDbEntity
  8
GIZLI
100
AcDbPolyline
 90
3
 70
0
 10
0.8162918962875159
 20
8.128335883133687
 10
0.964949735490344
 20
7.927367713711653
 10
1.1234658810387237
 20
7.734080770848334
  0
LWPOLYLINE
  5
168
330
17
100
AcDbEntity
  8
GIZLI
100
AcDbPolyline
 90
4
 70
0
 10
1.2914441158958287
 20
7.548958182489429
 10
1.4684645721785734
 20
7.372462669471071
 10
1.6540847806330925
 20
7.2050353889317975
 10
1.8478407766032015
 20
7.047094831623759
  0
LWPOLYLINE
  5
169
330
17
100
AcDbEntity
  8
GIZLI
100
AcDbPolyline
 90
3
 70
0
 10
2.0492482597274138
 20
6.899035775879443
 10
2.257803804465811
 20
6.761228300848447
 10
2.4729861184310207
 20
6.634016861470808
  0
LWPOLYLINE
  5
16A
330
17
100
AcDbEntity
  8
GIZLI
100
AcDbPolyline
 90
3
 70
0
 10
2.921064409596049
 20
6.412626688720561
 10
3.1528403983418354
 20
6.3190013283682624
 10
3.389005978859415
 20
6.2370773665333665
  0
LWPOLYLINE
  5
16B
330
17
100
AcDbEntity
  8
GIZLI
100
AcDbPolyline
 90
3
 70
0
 10
4.117891240918904
 20
6.063412355168965
 10
4.365624692989958
 20
6.0300419965283965
 10
4.614716337110884
 20
6.009095301066849
  0
LWPOLYLINE
  5
16C
330
17
100
AcDbEntity
  8
GIZLI
100
AcDbPolyline
 90
2
 70
0
 10
4.952703654023041
 20
6.0000000000100115
 10
4.8759026040229125
 20
6.0000000000100115
  0
LWPOLYLINE
  5
16D
330
17
100
AcDbEntity
  8
GIZLI
100
AcDbPolyline
 90
5
 70
0
 10
4.510993230972537
 20
31.974117066973065
 10
4.309721528113889
 20
31.949388563034546
 10
4.109620598079451
 20
31.916517847716424
 10
3.9110225606414044
 20
31.87555563189324
 10
3.714255944663858
 20
31.826567371622385
  0
LWPOLYLINE
  5
16E
330
17
100
AcDbEntity
  8
GIZLI
100
AcDbPolyline
 90
3
 70
0
 10
3.327510884331259
 20
31.704846014151606
 10
3.138168162651462
 20
31.632314174385865
 10
2.951927556557654
 20
31.55215805379751
  0
LWPOLYLINE
  5
16F
330
17
100
AcDbEntity
  8
GIZLI
100
AcDbPolyline
 90
11
 70
0
 10
2.5899666070892366
 20
31.36951965219336
 10
2.414838234624903
 20
31.267341565208454
 10
2.2439951683420927
 20
31.158146834219394
 10
2.077716716369312
 20
31.04211671895487
 10
1.9162748398018974
 20
30.919443468109886
 10
1.7599337770895085
 20
30.79032994372412
 10
1.6089496684236133
 20
30.654989245560266
 10
1.463570180124985
 20
30.513644335482375
 10
1.3240341290311872
 20
30.366527661834215
 10
1.1905711068840663
 20
30.2138807838176
 10
1.0634011047172436
 20
30.055953995870752
  0
LWPOLYLINE
  5
170
330
17
100
AcDbEntity
  8
GIZLI
100
AcDbPolyline
 90
4
 70
0
 10
0.8287698672427881
 20
29.72530329039134
 10
0.7216972299486795
 20
29.553120257322355
 10
0.6216940574369003
 20
29.37673833200699
 10
0.5289267030122966
 20
29.19644585074068
  0
LWPOLYLINE
  5
171
330
17
100
AcDbEntity
  8
GIZLI
100
AcDbPolyline
 90
12
 70
0
 10
0.44354966559643305
 20
29.012537631325348
 10
0.3657052141150796
 20
28.82531459744774
 10
0.29552301188570684
 20
28.635083403057788
 10
0.23311974100497146
 20
28.442156056746946
 10
0.1785987267362117
 20
28.246849546126533
 10
0.13204956189693196
 20
28.049485462206093
 10
0.0935477312463
 20
27.850389623771733
 10
0.06315423587263247
 20
27.64989170176446
 10
0.040915217580886676
 20
27.448324843658558
 10
0.026861583280152423
 20
27.2460252978399
 10
0.022791564107707885
 20
27.14055604238388
 10
0.020943781023150088
 20
27.035028148000006
  0
LWPOLYLINE
  5
172
330
17
100
AcDbEntity
  8
GIZLI
100
AcDbPolyline
 90
3
 70
0
 10
9.09402357466314
 20
15.695608279428507
 10
9.069435609826616
 20
15.812324591182392
 10
9.039303342873772
 20
15.927729811887994
  0
LWPOLYLINE
  5
173
330
17
100
AcDbEntity
  8
GIZLI
100
AcDbPolyline
 90
5
 70
0
 10
9.003695190018504
 20
16.041560856721063
 10
8.962692796393565
 20
16.153558897945793
 10
8.916390616027428
 20
16.263469790854288
 10
8.864895491821176
 20
16.371044499706045
 10
8.808326235525346
 20
16.476039523667424
  0
LWPOLYLINE
  5
174
330
17
100
AcDbEntity
  8
GIZLI
100
AcDbPolyline
 90
3
 70
0
 10
8.534079512893438
 20
16.86557032828687
 10
8.454311280520358
 20
16.954237952794934
 10
8.370409611104638
 20
17.03900497306533
  0
LWPOLYLINE
  5
175
330
17
100
AcDbEntity
  8
GIZLI
100
AcDbPolyline
 90
4
 70
0
 10
7.574994461856282
 20
17.55556500653148
 10
7.463424181148335
 20
17.597711768553328
 10
7.349965781014537
 20
17.634483146289732
 10
7.234877280107755
 20
17.665794901063084
  0
LWPOLYLINE
  5
176
330
17
100
AcDbEntity
  8
GIZLI
100
AcDbPolyline
 90
3
 70
0
 10
6.882474965636757
 20
17.72633062372632
 10
6.768185406679696
 20
17.73499047004744
 10
6.6536251920231715
 20
17.73841119140001
  0
LWPOLYLINE
  5
177
330
17
100
AcDbEntity
  8
GIZLI
100
AcDbPolyline
 90
2
 70
0
 10
45.78217238482152
 20
17.828799528842865
 10
45.95331797311585
 20
17.956319592688637
  0
LWPOLYLINE
  5
178
330
17
100
AcDbEntity
  8
GIZLI
100
AcDbPolyline
 90
6
 70
0
 10
46.956934791733346
 20
19.053960769965485
 10
47.068661839443905
 20
19.23581266304022
 10
47.17164138037707
 20
19.42275769760422
 10
47.26564238965017
 20
19.614375074216845
 10
47.35045381512543
 20
19.810233595798163
 10
47.4258849863952
 20
20.009892655031937
  0
LWPOLYLINE
  5
179
330
17
100
AcDbEntity
  8
GIZLI
100
AcDbPolyline
 90
3
 70
0
 10
47.63072998499407
 20
20.837448058464577
 10
47.65714181864262
 20
21.049240456156802
 10
47.67348029514566
 20
21.2620474272099
  0
LWPOLYLINE
  5
17A
330
17
100
AcDbEntity
  8
GIZLI
100
AcDbPolyline
 90
3
 70
0
 10
47.675814221324934
 20
21.688788272560842
 10
47.661804583911994
 20
21.90176132686753
 10
47.637711085221696
 20
22.113830035164185
  0
LWPOLYLINE
  5
17B
330
17
100
AcDbEntity
  8
GIZLI
100
AcDbPolyline
 90
3
 70
0
 10
47.60358819292927
 20
22.324517400482865
 10
47.55951330465878
 20
22.53334968399018
 10
47.50558633899784
 20
22.739857392390327
  0
LWPOLYLINE
  5
17C
330
17
100
AcDbEntity
  8
GIZLI
100
AcDbPolyline
 90
3
 70
0
 10
47.441929326512415
 20
22.943576265328055
 10
47.368686000761585
 20
23.144048262791703
 10
47.28602138931228
 20
23.34082255251618
  0
LWPOLYLINE
  5
17D
330
17
100
AcDbEntity
  8
GIZLI
100
AcDbPolyline
 90
3
 70
0
 10
46.983460937870895
 20
23.904579704265558
 10
46.86517302497109
 20
24.082233554419272
 10
46.7385940598422
 20
24.25407821081225
  0
LWPOLYLINE
  5
17E
330
17
100
AcDbEntity
  8
GIZLI
100
AcDbPolyline
 90
5
 70
0
 10
46.604008245408394
 20
24.419726823121973
 10
46.46171821570504
 20
24.578806660593536
 10
46.312044611649526
 20
24.73096008475087
 10
46.155324654876594
 20
24.875844666606593
 10
45.99191063146285
 20
25.01313373953708
  0
LWPOLYLINE
  5
17F
330
17
100
AcDbEntity
  8
GIZLI
100
AcDbPolyline
 90
3
 70
0
 10
45.6464852784841
 20
25.263707963243117
 10
45.465251560273785
 20
25.376430550558673
 10
45.27887702337514
 20
25.480433320020428
  0
LWPOLYLINE
  5
180
330
17
100
AcDbEntity
  8
GIZLI
100
AcDbPolyline
 90
4
 70
0
 10
44.07684661092906
 20
25.909686297870532
 10
43.86675260974627
 20
25.94726223578553
 10
43.65511302653416
 20
25.974832733589675
 10
43.442403831440835
 20
25.992335344754842
  0
LWPOLYLINE
  5
181
330
17
100
AcDbEntity
  8
GIZLI
100
AcDbPolyline
 90
2
 70
0
 10
4.952703654023183
 20
6.0000000000100115
 10
20.070944871023173
 20
5.93156046175001
  0
LWPOLYLINE
  5
182
330
17
100
AcDbEntity
  8
GIZLI
100
AcDbPolyline
 90
2
 70
0
 10
20.050006540023205
 20
5.863120923490008
 10
20.070944871023173
 20
5.93156046175001
  0
LWPOLYLINE
  5
183
330
17
100
AcDbEntity
  8
GIZLI
100
AcDbPolyline
 90
2
 70
0
 10
43.17988582347038
 20
16.99999999999662
 10
43.1589420425759
 20
17.000000000003393
  0
LWPOLYLINE
  5
184
330
17
100
AcDbEntity
  8
GIZLI
100
AcDbPolyline
 90
2
 70
0
 10
43.15894204257661
 20
26.00000000000339
 10
43.179885823470364
 20
25.99999999999662
  0
LWPOLYLINE
  5
185
330
17
100
AcDbEntity
  8
GIZLI
100
AcDbPolyline
 90
2
 70
0
 10
20.070944871023173
 20
5.93156046175001
 10
20.053889092017982
 20
4.054641103614346
  0
LWPOLYLINE
  5
186
330
17
100
AcDbEntity
  8
GIZLI
100
AcDbPolyline
 90
2
 70
0
 10
20.053889092017982
 20
4.054641103614346
 10
20.041887562023177
 20
3.000000000000007
  0
LWPOLYLINE
  5
187
330
17
100
AcDbEntity
  8
GIZLI
100
AcDbPolyline
 90
2
 70
0
 10
20.041887562023177
 20
7.105427357601002e-15
 10
20.041887562023177
 20
1.3737120436695747
  0
LWPOLYLINE
  5
188
330
17
100
AcDbEntity
  8
GIZLI
100
AcDbPolyline
 90
2
 70
0
 10
20.041887562023177
 20
1.3737120436695747
 10
20.041887562023177
 20
3.000000000000007
  0
LWPOLYLINE
  5
189
330
17
100
AcDbEntity
  8
GIZLI
100
AcDbPolyline
 90
2
 70
0
 10
263.04188756202325
 20
3.0
 10
263.04188756202325
 20
6.000000000009999
  0
LWPOLYLINE
  5
18A
330
17
100
AcDbEntity
  8
GIZLI
100
AcDbPolyline
 90
2
 70
0
 10
263.04188756202325
 20
0.0
 10
263.04188756202325
 20
3.0
  0
LWPOLYLINE
  5
18B
330
17
100
AcDbEntity
  8
GIZLI
100
AcDbPolyline
 90
2
 70
0
 10
410.0418875620232
 20
7.105427357601002e-15
 10
410.0418875620232
 20
3.000000000000007
  0
LWPOLYLINE
  5
18C
330
17
100
AcDbEntity
  8
GIZLI
100
AcDbPolyline
 90
2
 70
0
 10
410.0418875620232
 20
3.000000000000007
 10
410.0418875620232
 20
6.000000000010006
  0
LWPOLYLINE
  5
18D
330
17
100
AcDbEntity
  8
GIZLI
100
AcDbPolyline
 90
2
 70
0
 10
43.158942042576584
 20
26.00000000000339
 10
43.17988582347039
 20
25.99999999999662
  0
LWPOLYLINE
  5
18E
330
17
100
AcDbEntity
  8
GIZLI
100
AcDbPolyline
 90
2
 70
0
 10
43.17988582347038
 20
16.99999999999662
 10
43.1589420425759
 20
17.000000000003393
  0
LWPOLYLINE
  5
18F
330
17
100
AcDbEntity
  8
GIZLI
100
AcDbPolyline
 90
2
 70
0
 10
263.04188756202325
 20
7.105427357601002e-15
 10
263.04188756202325
 20
3.000000000000007
  0
LWPOLYLINE
  5
190
330
17
100
AcDbEntity
  8
GIZLI
100
AcDbPolyline
 90
2
 70
0
 10
263.04188756202325
 20
3.000000000000007
 10
263.04188756202325
 20
6.000000000010007
  0
LWPOLYLINE
  5
191
330
17
100
AcDbEntity
  8
GIZLI
100
AcDbPolyline
 90
2
 70
0
 10
410.0418875620232
 20
3.000000000000014
 10
410.0418875620232
 20
6.000000000010014
  0
LWPOLYLINE
  5
192
330
17
100
AcDbEntity
  8
GIZLI
100
AcDbPolyline
 90
2
 70
0
 10
410.0418875620232
 20
1.4210854715202004e-14
 10
410.0418875620232
 20
3.000000000000014
  0
LWPOLYLINE
  5
193
330
17
100
AcDbEntity
  8
GIZLI
100
AcDbPolyline
 90
2
 70
0
 10
263.04188756202325
 20
7.105427357601002e-15
 10
263.04188756202325
 20
3.000000000000007
  0
LWPOLYLINE
  5
194
330
17
100
AcDbEntity
  8
GIZLI
100
AcDbPolyline
 90
2
 70
0
 10
263.04188756202325
 20
3.000000000000007
 10
263.04188756202325
 20
7.105427357601002e-15
  0
LWPOLYLINE
  5
195
330
17
100
AcDbEntity
  8
GIZLI
100
AcDbPolyline
 90
2
 70
0
 10
410.0418875620232
 20
1.4210854715202004e-14
 10
410.0418875620232
 20
3.000000000000014
  0
LWPOLYLINE
  5
196
330
17
100
AcDbEntity
  8
GIZLI
100
AcDbPolyline
 90
2
 70
0
 10
410.0418875620232
 20
1.4210854715202004e-14
 10
410.0418875620232
 20
3.000000000000014
  0
LWPOLYLINE
  5
197
330
17
100
AcDbEntity
  8
GIZLI
100
AcDbPolyline
 90
2
 70
0
 10
415.0418875620232
 20
1.4210854715202004e-14
 10
415.0418875620232
 20
3.000000000000014
  0
LWPOLYLINE
  5
198
330
17
100
AcDbEntity
  8
GIZLI
100
AcDbPolyline
 90
2
 70
0
 10
19.18047068646971
 20
16.99999999999662
 10
19.15952690557593
 20
17.000000000003393
  0
LWPOLYLINE
  5
199
330
17
100
AcDbEntity
  8
GIZLI
100
AcDbPolyline
 90
2
 70
0
 10
19.159526905575945
 20
26.000000000003393
 10
19.180470686469697
 20
25.99999999999662
  0
LWPOLYLINE
  5
19A
330
17
100
AcDbEntity
  8
GIZLI
100
AcDbPolyline
 90
2
 70
0
 10
415.0418875620232
 20
1.4210854715202004e-14
 10
415.0418875620232
 20
3.000000000000014
  0
LWPOLYLINE
  5
19B
330
17
100
AcDbEntity
  8
GIZLI
100
AcDbPolyline
 90
2
 70
0
 10
304.04188756202325
 20
21.749999999900012
 10
304.29795968701586
 20
21.743751239880964
  0
LWPOLYLINE
  5
19C
330
17
100
AcDbEntity
  8
GIZLI
100
AcDbPolyline
 90
5
 70
0
 10
304.5534222374346
 20
21.725019834872107
 10
304.8076670897854
 20
21.693850374608584
 10
305.06008901928044
 20
21.650317057367378
 10
305.31008714056316
 20
21.59452351333984
 10
305.5570663381039
 20
21.526602557942056
  0
LWPOLYLINE
  5
19D
330
17
100
AcDbEntity
  8
GIZLI
100
AcDbPolyline
 90
18
 70
0
 10
305.8004386828608
 20
21.446715875650426
 10
306.0396248318327
 20
21.355053635114988
 10
306.27405540717416
 20
21.25183403646676
 10
306.5031723515874
 20
21.137302791896687
 10
306.7264302567669
 20
21.011732540742667
 10
306.9432976617329
 20
20.87542220047708
 10
307.1532583179638
 20
20.72869625513971
 10
307.3558124183149
 20
20.571903982909976
 10
307.55047778680006
 20
20.405418624657223
 10
307.73679102640153
 20
20.22963649544826
 10
307.91430862217726
 20
20.044976041127313
 10
308.08260799703964
 20
19.851876842214015
 10
308.24128851769154
 20
19.650798567490803
 10
308.38997244832603
 20
19.442219879770548
 10
308.5283058498188
 20
19.226637296449308
 10
308.65595942227327
 20
19.00456400755659
 10
308.7726292889124
 20
18.776528654116746
 10
308.87803771945113
 20
18.543074069729595
  0
LWPOLYLINE
  5
19E
330
17
100
AcDbEntity
  8
GIZLI
100
AcDbPolyline
 90
9
 70
0
 10
308.9719337912281
 20
18.30475598836587
 10
309.0540939865215
 20
18.062141721453624
 10
309.12432272462917
 20
17.815808807404714
 10
309.1824528274441
 20
17.56634363679617
 10
309.22834591741866
 20
17.31434005647913
 10
309.26189274696975
 20
17.060397955938292
 10
309.28301345854027
 20
16.805121839267
 10
309.28966856720604
 20
16.65262542911425
 10
309.29188756202325
 20
16.499999999900012
  0
LWPOLYLINE
  5
19F
330
17
100
AcDbEntity
  8
GIZLI
100
AcDbPolyline
 90
2
 70
0
 10
304.04188756202325
 20
21.749999999900012
 10
304.29795968701586
 20
21.743751239880964
  0
LWPOLYLINE
  5
1A0
330
17
100
AcDbEntity
  8
GIZLI
100
AcDbPolyline
 90
5
 70
0
 10
304.5534222374346
 20
21.725019834872107
 10
304.8076670897854
 20
21.693850374608584
 10
305.06008901928044
 20
21.650317057367378
 10
305.31008714056316
 20
21.59452351333984
 10
305.5570663381039
 20
21.526602557942056
  0
LWPOLYLINE
  5
1A1
330
17
100
AcDbEntity
  8
GIZLI
100
AcDbPolyline
 90
18
 70
0
 10
305.8004386828608
 20
21.446715875650426
 10
306.0396248318327
 20
21.355053635114988
 10
306.27405540717416
 20
21.25183403646676
 10
306.5031723515874
 20
21.137302791896687
 10
306.7264302567669
 20
21.011732540742667
 10
306.9432976617329
 20
20.87542220047708
 10
307.1532583179638
 20
20.72869625513971
 10
307.3558124183149
 20
20.571903982909976
 10
307.55047778680006
 20
20.405418624657223
 10
307.73679102640153
 20
20.22963649544826
 10
307.91430862217726
 20
20.044976041127313
 10
308.08260799703964
 20
19.851876842214015
 10
308.24128851769154
 20
19.650798567490803
 10
308.38997244832603
 20
19.442219879770548
 10
308.5283058498188
 20
19.226637296449308
 10
308.65595942227327
 20
19.00456400755659
 10
308.7726292889124
 20
18.776528654116746
 10
308.87803771945113
 20
18.543074069729595
  0
LWPOLYLINE
  5
1A2
330
17
100
AcDbEntity
  8
GIZLI
100
AcDbPolyline
 90
9
 70
0
 10
308.9719337912281
 20
18.30475598836587
 10
309.0540939865215
 20
18.062141721453624
 10
309.12432272462917
 20
17.815808807404714
 10
309.1824528274441
 20
17.56634363679617
 10
309.22834591741866
 20
17.31434005647913
 10
309.26189274696975
 20
17.060397955938292
 10
309.28301345854027
 20
16.805121839267
 10
309.28966856720604
 20
16.65262542911425
 10
309.29188756202325
 20
16.499999999900012
  0
LWPOLYLINE
  5
1A3
330
17
100
AcDbEntity
  8
GIZLI
100
AcDbPolyline
 90
8
 70
0
 10
298.79188756202325
 20
16.499999999900012
 10
298.7981363220423
 20
16.75607212489265
 10
298.81686772705115
 20
17.01153467531133
 10
298.8480371873147
 20
17.265779527662175
 10
298.8915705045559
 20
17.518201457157215
 10
298.94736404858344
 20
17.76819957843989
 10
299.0152850039812
 20
18.015178775980644
 10
299.09517168627286
 20
18.258551120737515
  0
LWPOLYLINE
  5
1A4
330
17
100
AcDbEntity
  8
GIZLI
100
AcDbPolyline
 90
9
 70
0
 10
299.1868339268083
 20
18.497737269709496
 10
299.29005352545647
 20
18.73216784505094
 10
299.4045847700266
 20
18.961284789464163
 10
299.5301550211806
 20
19.18454269464366
 10
299.66646536144617
 20
19.401410099609695
 10
299.81319130678355
 20
19.611370755840515
 10
299.9699835790133
 20
19.813924856191655
 10
300.13646893726605
 20
20.00859022467684
 10
300.312251066475
 20
20.194903464278287
  0
LWPOLYLINE
  5
1A5
330
17
100
AcDbEntity
  8
GIZLI
100
AcDbPolyline
 90
17
 70
0
 10
300.49691152079595
 20
20.372421060054037
 10
300.6900107197092
 20
20.54072043491641
 10
300.89108899443244
 20
20.69940095556831
 10
301.0996676821527
 20
20.848084886202788
 10
301.31525026547394
 20
20.986418287695564
 10
301.53732355436665
 20
21.114071860150048
 10
301.7653589078065
 20
21.230741726789162
 10
301.9988134921937
 20
21.33615015732792
 10
302.2371315735574
 20
21.43004622910483
 10
302.47974584046966
 20
21.51220642439826
 10
302.72607875451854
 20
21.58243516250593
 10
302.9755439251271
 20
21.640565265320838
 10
303.22754750544414
 20
21.686458355295407
 10
303.48148960598496
 20
21.720005184846492
 10
303.7367657226563
 20
21.74112589641703
 10
303.889262132809
 20
21.747781005082793
 10
304.04188756202325
 20
21.749999999900012
  0
LWPOLYLINE
  5
1A6
330
17
100
AcDbEntity
  8
GIZLI
100
AcDbPolyline
 90
8
 70
0
 10
298.79188756202325
 20
16.499999999900012
 10
298.7981363220423
 20
16.75607212489265
 10
298.81686772705115
 20
17.01153467531133
 10
298.8480371873147
 20
17.265779527662175
 10
298.8915705045559
 20
17.518201457157215
 10
298.94736404858344
 20
17.76819957843989
 10
299.0152850039812
 20
18.015178775980644
 10
299.09517168627286
 20
18.258551120737515
  0
LWPOLYLINE
  5
1A7
330
17
100
AcDbEntity
  8
GIZLI
100
AcDbPolyline
 90
9
 70
0
 10
299.1868339268083
 20
18.497737269709496
 10
299.29005352545647
 20
18.73216784505094
 10
299.4045847700266
 20
18.961284789464163
 10
299.5301550211806
 20
19.18454269464366
 10
299.66646536144617
 20
19.401410099609695
 10
299.81319130678355
 20
19.611370755840515
 10
299.9699835790133
 20
19.813924856191655
 10
300.13646893726605
 20
20.00859022467684
 10
300.312251066475
 20
20.194903464278287
  0
LWPOLYLINE
  5
1A8
330
17
100
AcDbEntity
  8
GIZLI
100
AcDbPolyline
 90
17
 70
0
 10
300.49691152079595
 20
20.372421060054037
 10
300.6900107197092
 20
20.54072043491641
 10
300.89108899443244
 20
20.69940095556831
 10
301.0996676821527
 20
20.848084886202788
 10
301.31525026547394
 20
20.986418287695564
 10
301.53732355436665
 20
21.114071860150048
 10
301.7653589078065
 20
21.230741726789162
 10
301.9988134921937
 20
21.33615015732792
 10
302.2371315735574
 20
21.43004622910483
 10
302.47974584046966
 20
21.51220642439826
 10
302.72607875451854
 20
21.58243516250593
 10
302.9755439251271
 20
21.640565265320838
 10
303.22754750544414
 20
21.686458355295407
 10
303.48148960598496
 20
21.720005184846492
 10
303.7367657226563
 20
21.74112589641703
 10
303.889262132809
 20
21.747781005082793
 10
304.04188756202325
 20
21.749999999900012
  0
LWPOLYLINE
  5
1A9
330
17
100
AcDbEntity
  8
GIZLI
100
AcDbPolyline
 90
16
 70
0
 10
304.04188756202325
 20
11.249999999900012
 10
303.78581543703064
 20
11.25624875991906
 10
303.5303528866119
 20
11.274980164927916
 10
303.2761080342611
 20
11.306149625191443
 10
303.02368610476606
 20
11.349682942432647
 10
302.77368798348334
 20
11.405476486460188
 10
302.5267087859426
 20
11.473397441857973
 10
302.2833364411857
 20
11.553284124149602
 10
302.04415029221377
 20
11.64494636468504
 10
301.80971971687234
 20
11.748165963333268
 10
301.5806027724591
 20
11.862697207903341
 10
301.3573448672796
 20
11.988267459057363
 10
301.1404774623136
 20
12.124577799322953
 10
300.9305168060827
 20
12.271303744660322
 10
300.7279627057316
 20
12.428096016890054
 10
300.53329733724644
 20
12.59458137514281
  0
LWPOLYLINE
  5
1AA
330
17
100
AcDbEntity
  8
GIZLI
100
AcDbPolyline
 90
9
 70
0
 10
300.34698409764496
 20
12.77036350435177
 10
300.16946650186924
 20
12.955023958672719
 10
300.00116712700685
 20
13.148123157586017
 10
299.84248660635495
 20
13.34920143230923
 10
299.69380267572046
 20
13.557780120029484
 10
299.5554692742277
 20
13.773362703350728
 10
299.4278157017732
 20
13.995435992243445
 10
299.3111458351341
 20
14.223471345683286
 10
299.2057374045953
 20
14.456925930070438
  0
LWPOLYLINE
  5
1AB
330
17
100
AcDbEntity
  8
GIZLI
100
AcDbPolyline
 90
9
 70
0
 10
299.1118413328184
 20
14.695244011434164
 10
299.029681137525
 20
14.937858278346411
 10
298.95945239941733
 20
15.18419119239532
 10
298.9013222966024
 20
15.433656363003863
 10
298.85542920662783
 20
15.685659943320905
 10
298.82188237707675
 20
15.939602043861742
 10
298.80076166550623
 20
16.194878160533037
 10
298.79410655684046
 20
16.34737457068578
 10
298.79188756202325
 20
16.499999999900012
  0
LWPOLYLINE
  5
1AC
330
17
100
AcDbEntity
  8
GIZLI
100
AcDbPolyline
 90
16
 70
0
 10
304.04188756202325
 20
11.249999999900012
 10
303.78581543703064
 20
11.25624875991906
 10
303.5303528866119
 20
11.274980164927916
 10
303.2761080342611
 20
11.306149625191443
 10
303.02368610476606
 20
11.349682942432647
 10
302.77368798348334
 20
11.405476486460188
 10
302.5267087859426
 20
11.473397441857973
 10
302.2833364411857
 20
11.553284124149602
 10
302.04415029221377
 20
11.64494636468504
 10
301.80971971687234
 20
11.748165963333268
 10
301.5806027724591
 20
11.862697207903341
 10
301.3573448672796
 20
11.988267459057363
 10
301.1404774623136
 20
12.124577799322953
 10
300.9305168060827
 20
12.271303744660322
 10
300.7279627057316
 20
12.428096016890054
 10
300.53329733724644
 20
12.59458137514281
  0
LWPOLYLINE
  5
1AD
330
17
100
AcDbEntity
  8
GIZLI
100
AcDbPolyline
 90
9
 70
0
 10
300.34698409764496
 20
12.77036350435177
 10
300.16946650186924
 20
12.955023958672719
 10
300.00116712700685
 20
13.148123157586017
 10
299.84248660635495
 20
13.34920143230923
 10
299.69380267572046
 20
13.557780120029484
 10
299.5554692742277
 20
13.773362703350728
 10
299.4278157017732
 20
13.995435992243445
 10
299.3111458351341
 20
14.223471345683286
 10
299.2057374045953
 20
14.456925930070438
  0
LWPOLYLINE
  5
1AE
330
17
100
AcDbEntity
  8
GIZLI
100
AcDbPolyline
 90
9
 70
0
 10
299.1118413328184
 20
14.695244011434164
 10
299.029681137525
 20
14.937858278346411
 10
298.95945239941733
 20
15.18419119239532
 10
298.9013222966024
 20
15.433656363003863
 10
298.85542920662783
 20
15.685659943320905
 10
298.82188237707675
 20
15.939602043861742
 10
298.80076166550623
 20
16.194878160533037
 10
298.79410655684046
 20
16.34737457068578
 10
298.79188756202325
 20
16.499999999900012
  0
LWPOLYLINE
  5
1AF
330
17
100
AcDbEntity
  8
GIZLI
100
AcDbPolyline
 90
8
 70
0
 10
309.29188756202325
 20
16.499999999900012
 10
309.2856388020042
 20
16.24392787490737
 10
309.26690739699535
 20
15.988465324488693
 10
309.2357379367318
 20
15.734220472137848
 10
309.1922046194906
 20
15.481798542642808
 10
309.13641107546306
 20
15.231800421360129
 10
309.0684901200653
 20
14.984821223819376
 10
308.98860343777363
 20
14.741448879062503
  0
LWPOLYLINE
  5
1B0
330
17
100
AcDbEntity
  8
GIZLI
100
AcDbPolyline
 90
18
 70
0
 10
308.8969411972382
 20
14.502262730090525
 10
308.79372159858997
 20
14.267832154749078
 10
308.6791903540199
 20
14.038715210335857
 10
308.5536201028659
 20
13.815457305156357
 10
308.4173097626003
 20
13.598589900190325
 10
308.27058381726295
 20
13.388629243959503
 10
308.1137915450332
 20
13.186075143608363
 10
307.94730618678045
 20
12.991409775123177
 10
307.77152405757147
 20
12.80509653552173
 10
307.58686360325055
 20
12.62757893974598
 10
307.3937644043372
 20
12.459279564883609
 10
307.192686129614
 20
12.300599044231706
 10
306.9841074418938
 20
12.15191511359723
 10
306.7685248585725
 20
12.013581712104456
 10
306.5464515696798
 20
11.88592813964997
 10
306.31841621624
 20
11.769258273010854
 10
306.0849616318528
 20
11.663849842472096
 10
305.8466435504891
 20
11.56995377069519
  0
LWPOLYLINE
  5
1B1
330
17
100
AcDbEntity
  8
GIZLI
100
AcDbPolyline
 90
5
 70
0
 10
305.60402928357684
 20
11.487793575401756
 10
305.35769636952796
 20
11.417564837294089
 10
305.1082311989194
 20
11.359434734479184
 10
304.85622761860236
 20
11.313541644504612
 10
304.6022855180615
 20
11.279994814953533
  0
LWPOLYLINE
  5
1B2
330
17
100
AcDbEntity
  8
GIZLI
100
AcDbPolyline
 90
3
 70
0
 10
304.3470094013902
 20
11.258874103382993
 10
304.19451299123745
 20
11.252218994717232
 10
304.04188756202325
 20
11.249999999900012
  0
LWPOLYLINE
  5
1B3
330
17
100
AcDbEntity
  8
GIZLI
100
AcDbPolyline
 90
8
 70
0
 10
309.29188756202325
 20
16.499999999900012
 10
309.2856388020042
 20
16.24392787490737
 10
309.26690739699535
 20
15.988465324488693
 10
309.2357379367318
 20
15.734220472137848
 10
309.1922046194906
 20
15.481798542642808
 10
309.13641107546306
 20
15.231800421360129
 10
309.0684901200653
 20
14.984821223819376
 10
308.98860343777363
 20
14.741448879062503
  0
LWPOLYLINE
  5
1B4
330
17
100
AcDbEntity
  8
GIZLI
100
AcDbPolyline
 90
18
 70
0
 10
308.8969411972382
 20
14.502262730090525
 10
308.79372159858997
 20
14.267832154749078
 10
308.6791903540199
 20
14.038715210335857
 10
308.5536201028659
 20
13.815457305156357
 10
308.4173097626003
 20
13.598589900190325
 10
308.27058381726295
 20
13.388629243959503
 10
308.1137915450332
 20
13.186075143608363
 10
307.94730618678045
 20
12.991409775123177
 10
307.77152405757147
 20
12.80509653552173
 10
307.58686360325055
 20
12.62757893974598
 10
307.3937644043372
 20
12.459279564883609
 10
307.192686129614
 20
12.300599044231706
 10
306.9841074418938
 20
12.15191511359723
 10
306.7685248585725
 20
12.013581712104456
 10
306.5464515696798
 20
11.88592813964997
 10
306.31841621624
 20
11.769258273010854
 10
306.0849616318528
 20
11.663849842472096
 10
305.8466435504891
 20
11.56995377069519
  0
LWPOLYLINE
  5
1B5
330
17
100
AcDbEntity
  8
GIZLI
100
AcDbPolyline
 90
5
 70
0
 10
305.60402928357684
 20
11.487793575401756
 10
305.35769636952796
 20
11.417564837294089
 10
305.1082311989194
 20
11.359434734479184
 10
304.85622761860236
 20
11.313541644504612
 10
304.6022855180615
 20
11.279994814953533
  0
LWPOLYLINE
  5
1B6
330
17
100
AcDbEntity
  8
GIZLI
100
AcDbPolyline
 90
3
 70
0
 10
304.3470094013902
 20
11.258874103382993
 10
304.19451299123745
 20
11.252218994717232
 10
304.04188756202325
 20
11.249999999900012
  0
LWPOLYLINE
  5
1B7
330
17
100
AcDbEntity
  8
GIZLI
100
AcDbPolyline
 90
2
 70
0
 10
483.0418875620232
 20
4.8256885144982435
 10
483.0418875620232
 20
4.564221286253083
  0
LWPOLYLINE
  5
1B8
330
17
100
AcDbEntity
  8
GIZLI
100
AcDbPolyline
 90
2
 70
0
 10
483.0418875620232
 20
4.8256885145014765
 10
483.0418875620232
 20
3.000000000000007
  0
LWPOLYLINE
  5
1B9
330
17
100
AcDbEntity
  8
GIZLI
100
AcDbPolyline
 90
2
 70
0
 10
415.0418875620232
 20
3.000000000000014
 10
415.0418875620232
 20
4.825688514501484
  0
LWPOLYLINE
  5
1BA
330
17
100
AcDbEntity
  8
GIZLI
100
AcDbPolyline
 90
2
 70
0
 10
415.0418875620232
 20
1.4210854715202004e-14
 10
415.0418875620232
 20
3.000000000000014
  0
LWPOLYLINE
  5
1BB
330
17
100
AcDbEntity
  8
GIZLI
100
AcDbPolyline
 90
2
 70
0
 10
483.0418875620232
 20
8.995384773880968
 10
483.0418875620232
 20
8.949232512900004
  0
LWPOLYLINE
  5
1BC
330
17
100
AcDbEntity
  8
GIZLI
100
AcDbPolyline
 90
2
 70
0
 10
483.0418875620232
 20
11.967693417297761
 10
483.0418875620232
 20
11.949232512900004
  0
LWPOLYLINE
  5
1BD
330
17
100
AcDbEntity
  8
GIZLI
100
AcDbPolyline
 90
2
 70
0
 10
483.0418875620232
 20
11.949232512900004
 10
483.0418875620232
 20
13.949232512900004
  0
LWPOLYLINE
  5
1BE
330
17
100
AcDbEntity
  8
GIZLI
100
AcDbPolyline
 90
2
 70
0
 10
483.0418875620232
 20
11.967693417298033
 10
483.0418875620232
 20
8.995384773901975
  0
LWPOLYLINE
  5
1BF
330
17
100
AcDbEntity
  8
GIZLI
100
AcDbPolyline
 90
2
 70
0
 10
483.0418875620232
 20
8.543577871381691
 10
483.0418875620232
 20
8.805045099626927
  0
LWPOLYLINE
  5
1C0
330
17
100
AcDbEntity
  8
GIZLI
100
AcDbPolyline
 90
2
 70
0
 10
483.0418875620232
 20
4.8256885144967665
 10
483.0418875620232
 20
8.805045099614569
  0
LWPOLYLINE
  5
1C1
330
17
100
AcDbEntity
  8
GIZLI
100
AcDbPolyline
 90
2
 70
0
 10
415.0418875620232
 20
13.94923251290001
 10
415.0418875620232
 20
11.94923251290001
  0
LWPOLYLINE
  5
1C2
330
17
100
AcDbEntity
  8
GIZLI
100
AcDbPolyline
 90
2
 70
0
 10
415.0418875620232
 20
11.94923251290001
 10
415.0418875620232
 20
11.967693417297768
  0
LWPOLYLINE
  5
1C3
330
17
100
AcDbEntity
  8
GIZLI
100
AcDbPolyline
 90
2
 70
0
 10
415.0418875620232
 20
8.805045099614569
 10
415.0418875620232
 20
4.8256885144967665
  0
LWPOLYLINE
  5
1C4
330
17
100
AcDbEntity
  8
GIZLI
100
AcDbPolyline
 90
2
 70
0
 10
415.0418875620232
 20
4.825688514505939
 10
415.0418875620232
 20
4.564221286265244
  0
LWPOLYLINE
  5
1C5
330
17
100
AcDbEntity
  8
GIZLI
100
AcDbPolyline
 90
2
 70
0
 10
415.0418875620232
 20
8.94923251290001
 10
415.0418875620232
 20
8.995384773880973
  0
LWPOLYLINE
  5
1C6
330
17
100
AcDbEntity
  8
GIZLI
100
AcDbPolyline
 90
2
 70
0
 10
483.0418875620232
 20
8.995384773907283
 10
483.0418875620232
 20
9.000000000000007
  0
LWPOLYLINE
  5
1C7
330
17
100
AcDbEntity
  8
GIZLI
100
AcDbPolyline
 90
2
 70
0
 10
483.0418875620232
 20
11.967693417324078
 10
483.0418875620232
 20
12.000000000000007
  0
LWPOLYLINE
  5
1C8
330
17
100
AcDbEntity
  8
GIZLI
100
AcDbPolyline
 90
2
 70
0
 10
483.0418875620232
 20
9.000000000000007
 10
483.0418875620232
 20
12.000000000000007
  0
LWPOLYLINE
  5
1C9
330
17
100
AcDbEntity
  8
GIZLI
100
AcDbPolyline
 90
2
 70
0
 10
483.0418875620232
 20
9.000000000000007
 10
483.0418875620232
 20
8.54357787137402
  0
LWPOLYLINE
  5
1CA
330
17
100
AcDbEntity
  8
GIZLI
100
AcDbPolyline
 90
2
 70
0
 10
483.0418875620232
 20
9.000000000000007
 10
483.0418875620232
 20
12.000000000000007
  0
LWPOLYLINE
  5
1CB
330
17
100
AcDbEntity
  8
GIZLI
100
AcDbPolyline
 90
2
 70
0
 10
483.0418875620232
 20
12.000000000000007
 10
483.0418875620232
 20
8.805045099621815
  0
LWPOLYLINE
  5
1CC
330
17
100
AcDbEntity
  8
GIZLI
100
AcDbPolyline
 90
2
 70
0
 10
415.0418875620232
 20
11.967693417297637
 10
415.0418875620232
 20
8.995384773902387
  0
LWPOLYLINE
  5
1CD
330
17
100
AcDbEntity
  8
GIZLI
100
AcDbPolyline
 90
2
 70
0
 10
415.0418875620232
 20
12.000000000000007
 10
483.0418875620232
 20
12.000000000000007
  0
LWPOLYLINE
  5
1CE
330
17
100
AcDbEntity
  8
GIZLI
100
AcDbPolyline
 90
2
 70
0
 10
415.0418875620232
 20
11.967693417324078
 10
415.0418875620232
 20
12.000000000000007
  0
LWPOLYLINE
  5
1CF
330
17
100
AcDbEntity
  8
GIZLI
100
AcDbPolyline
 90
2
 70
0
 10
415.0418875620232
 20
12.000000000000007
 10
483.0418875620232
 20
12.000000000000007
  0
LWPOLYLINE
  5
1D0
330
17
100
AcDbEntity
  8
GIZLI
100
AcDbPolyline
 90
2
 70
0
 10
415.0418875620232
 20
12.000000000000014
 10
415.0418875620232
 20
8.805045099621822
  0
LWPOLYLINE
  5
1D1
330
17
100
AcDbEntity
  8
GIZLI
100
AcDbPolyline
 90
2
 70
0
 10
415.0418875620232
 20
8.543577871381698
 10
415.0418875620232
 20
8.805045099626934
  0
LWPOLYLINE
  5
1D2
330
17
100
AcDbEntity
  8
GIZLI
100
AcDbPolyline
 90
2
 70
0
 10
415.0418875620232
 20
9.000000000000007
 10
483.0418875620232
 20
9.000000000000007
  0
LWPOLYLINE
  5
1D3
330
17
100
AcDbEntity
  8
GIZLI
100
AcDbPolyline
 90
2
 70
0
 10
415.0418875620232
 20
8.995384773907283
 10
415.0418875620232
 20
9.000000000000007
  0
LWPOLYLINE
  5
1D4
330
17
100
AcDbEntity
  8
GIZLI
100
AcDbPolyline
 90
2
 70
0
 10
415.0418875620232
 20
9.000000000000007
 10
483.0418875620232
 20
9.000000000000007
  0
LWPOLYLINE
  5
1D5
330
17
100
AcDbEntity
  8
GIZLI
100
AcDbPolyline
 90
2
 70
0
 10
415.0418875620232
 20
9.000000000000014
 10
415.0418875620232
 20
8.543577871374026
  0
LWPOLYLINE
  5
1D6
330
17
100
AcDbEntity
  8
GIZLI
100
AcDbPolyline
 90
2
 70
0
 10
415.0418875620232
 20
9.000000000000007
 10
415.0418875620232
 20
12.000000000000007
  0
LWPOLYLINE
  5
1D7
330
17
100
AcDbEntity
  8
GIZLI
100
AcDbPolyline
 90
2
 70
0
 10
415.0418875620232
 20
9.000000000000014
 10
415.0418875620232
 20
12.000000000000014
  0
LWPOLYLINE
  5
1D8
330
17
100
AcDbEntity
  8
GIZLI
100
AcDbPolyline
 90
2
 70
0
 10
483.0418875620232
 20
11.949232512900004
 10
415.0418875620232
 20
11.949232512900004
  0
LWPOLYLINE
  5
1D9
330
17
100
AcDbEntity
  8
GIZLI
100
AcDbPolyline
 90
2
 70
0
 10
20.0538887617621
 20
4.054596171767925
 10
20.041887562023177
 20
1.3737120436695793
  0
LWPOLYLINE
  5
1DA
330
17
100
AcDbEntity
  8
GIZLI
100
AcDbPolyline
 90
2
 70
0
 10
20.0538887617621
 20
4.054596171767912
 10
20.041887562023177
 20
1.3737120436695796
  0
LWPOLYLINE
  5
1DB
330
17
100
AcDbEntity
  8
GIZLI
100
AcDbPolyline
 90
2
 70
0
 10
483.0418875620232
 20
11.94923251290001
 10
415.0418875620232
 20
11.94923251290001
  0
TEXT
  5
1DC
330
17
100
AcDbEntity
  8
YAZI
100
AcDbText
 10
0.0
 20
40.587435873632494
 30
0.0
 40
13.954583294610684
  1
ON
 11
0.0
 21
40.587435873632494
 31
0.0
100
AcDbText
  0
DIMENSION
  5
1DD
330
17
100
AcDbEntity
  8
OLCU
100
AcDbDimension
280
0
  2
*D1
  3
PF_MM
 10
0.0
 20
-42.93717936803287
 30
0.0
 11
241.52094378101162
 21
-33.81302875232589
 31
0.0
 70
32
 71
5
  1
<>
100
AcDbAlignedDimension
 13
0.0
 23
0.0
 33
0.0
 14
483.04188756202325
 24
0.0
 34
0.0
 50
0.0
100
AcDbRotatedDimension
  0
DIMENSION
  5
1EC
330
17
100
AcDbEntity
  8
OLCU
100
AcDbDimension
280
0
  2
*D2
  3
PF_MM
 10
-42.93717936803287
 20
0.0
 30
0.0
 11
-52.06132998373985
 21
16.00000000001296
 31
0.0
 70
32
 71
5
  1
<>
100
AcDbAlignedDimension
 13
0.0
 23
0.0
 33
0.0
 14
0.0
 24
32.00000000002592
 34
0.0
 50
90.0
100
AcDbRotatedDimension
  0
LWPOLYLINE
  5
1FB
330
17
100
AcDbEntity
  8
GORUNEN
100
AcDbPolyline
 90
2
 70
0
 10
415.0418875620232
 20
-269.3402713468454
 10
415.0418875620232
 20
-266.8313984642454
  0
LWPOLYLINE
  5
1FC
330
17
100
AcDbEntity
  8
GORUNEN
100
AcDbPolyline
 90
2
 70
0
 10
415.0418875620232
 20
-269.3402713468454
 10
415.0418875620232
 20
-269.8147208841487
  0
LWPOLYLINE
  5
1FD
330
17
100
AcDbEntity
  8
GORUNEN
100
AcDbPolyline
 90
2
 70
0
 10
483.0418875620232
 20
-269.3402713468454
 10
483.0418875620232
 20
-269.8147208841487
  0
LWPOLYLINE
  5
1FE
330
17
100
AcDbEntity
  8
GORUNEN
100
AcDbPolyline
 90
2
 70
0
 10
483.0418875620232
 20
-266.8313984642454
 10
483.0418875620232
 20
-269.3402713468454
  0
LWPOLYLINE
  5
1FF
330
17
100
AcDbEntity
  8
GORUNEN
100
AcDbPolyline
 90
2
 70
0
 10
483.0418875620232
 20
-272.08583490554537
 10
483.0418875620232
 20
-269.81472088414506
  0
LWPOLYLINE
  5
200
330
17
100
AcDbEntity
  8
GORUNEN
100
AcDbPolyline
 90
2
 70
0
 10
415.0418875620232
 20
-269.81472088414506
 10
415.0418875620232
 20
-272.08583490554537
  0
LWPOLYLINE
  5
201
330
17
100
AcDbEntity
  8
GORUNEN
100
AcDbPolyline
 90
2
 70
0
 10
415.0418875620232
 20
-263.34471702092475
 10
415.0418875620232
 20
-266.8313984642454
  0
LWPOLYLINE
  5
202
330
17
100
AcDbEntity
  8
GORUNEN
100
AcDbPolyline
 90
2
 70
0
 10
483.0418875620232
 20
-263.3447170209247
 10
483.0418875620232
 20
-266.8313984642454
  0
LWPOLYLINE
  5
203
330
17
100
AcDbEntity
  8
GORUNEN
100
AcDbPolyline
 90
2
 70
0
 10
483.0418875620232
 20
-262.9965684316825
 10
483.0418875620232
 20
-263.34471702100757
  0
LWPOLYLINE
  5
204
330
17
100
AcDbEntity
  8
GORUNEN
100
AcDbPolyline
 90
2
 70
0
 10
415.0418875620232
 20
-262.9965684316825
 10
415.0418875620232
 20
-263.34471702100757
  0
LWPOLYLINE
  5
205
330
17
100
AcDbEntity
  8
GORUNEN
100
AcDbPolyline
 90
2
 70
0
 10
415.0418875620232
 20
-262.9965684316286
 10
415.0418875620232
 20
-261.0041790354454
  0
LWPOLYLINE
  5
206
330
17
100
AcDbEntity
  8
GORUNEN
100
AcDbPolyline
 90
2
 70
0
 10
483.0418875620232
 20
-261.0041790354454
 10
483.0418875620232
 20
-262.9965684316286
  0
LWPOLYLINE
  5
207
330
17
100
AcDbEntity
  8
GORUNEN
100
AcDbPolyline
 90
2
 70
0
 10
483.0418875620232
 20
-261.0041790354454
 10
483.0418875620232
 20
-212.66749077564538
  0
LWPOLYLINE
  5
208
330
17
100
AcDbEntity
  8
GORUNEN
100
AcDbPolyline
 90
2
 70
0
 10
258.04188756202325
 20
-259.58583490554537
 10
258.04188756202325
 20
-257.83583490554537
  0
LWPOLYLINE
  5
209
330
17
100
AcDbEntity
  8
GORUNEN
100
AcDbPolyline
 90
2
 70
0
 10
262.04188756202325
 20
-257.83583490554537
 10
258.04188756202325
 20
-257.83583490554537
  0
LWPOLYLINE
  5
20A
330
17
100
AcDbEntity
  8
GORUNEN
100
AcDbPolyline
 90
34
 70
0
 10
263.04188756202325
 20
-258.83583490554537
 10
263.0407299658248
 20
-258.7881156181272
 10
263.03726853085885
 20
-258.7404685072776
 10
263.03152291985043
 20
-258.693018252543
 10
263.0235163052329
 20
-258.64588602376193
 10
263.0132753691474
 20
-258.59918948106457
 10
263.00083030344337
 20
-258.5530427748733
 10
262.9862148096783
 20
-258.5075565459021
 10
262.96946609911777
 20
-258.4628379251571
 10
262.95062489273533
 20
-258.41899053393615
 10
262.92973542121285
 20
-258.3761144838291
 10
262.90684542494
 20
-258.3343063767177
 10
262.88200615401485
 20
-258.2936593047755
 10
262.8552723682432
 20
-258.2542628504681
 10
262.82670233713935
 20
-258.2162030865528
 10
262.79635783992535
 20
-258.1795625760791
 10
262.7643041655315
 20
-258.144420372388
 10
262.7306101125961
 20
-258.1108520191129
 10
262.69534798946563
 20
-258.07892955017854
 10
262.6585936141946
 20
-258.048721489802
 10
262.6204263145457
 20
-258.02029285249205
 10
262.58092892798953
 20
-257.99370514304945
 10
262.5401878017049
 20
-257.9690163565668
 10
262.4982927925787
 20
-257.94628097842855
 10
262.45533726720595
 20
-257.92554998431115
 10
262.41141810188964
 20
-257.906870840183
 10
262.3666356826409
 20
-257.8902875023042
 10
262.321093905179
 20
-257.8758404172269
 10
262.27490017493125
 20
-257.86356652179524
 10
262.22816540703303
 20
-257.85349924314494
 10
262.18100402632786
 20
-257.84566849870396
 10
262.1335339673673
 20
-257.840100696192
 10
262.0877418135439
 20
-257.83690385634236
 10
262.04188756202325
 20
-257.83583490554537
  0
LWPOLYLINE
  5
20B
330
17
100
AcDbEntity
  8
GORUNEN
100
AcDbPolyline
 90
2
 70
0
 10
263.04188756202325
 20
-269.08583490554537
 10
263.04188756202325
 20
-258.83583490554537
  0
LWPOLYLINE
  5
20C
330
17
100
AcDbEntity
  8
GORUNEN
100
AcDbPolyline
 90
2
 70
0
 10
410.0418875620232
 20
-269.08583490554537
 10
410.0418875620232
 20
-262.8527903087454
  0
LWPOLYLINE
  5
20D
330
17
100
AcDbEntity
  8
GORUNEN
100
AcDbPolyline
 90
34
 70
0
 10
412.0418875620232
 20
-260.8527903087454
 10
411.9464934150825
 20
-260.85506107325153
 10
411.8513107318998
 20
-260.8618724046751
 10
411.7565601270099
 20
-260.8732137221239
 10
411.66246008906387
 20
-260.8890625317569
 10
411.5692266424319
 20
-260.90938476518164
 10
411.47707300880563
 20
-260.9341351178519
 10
411.38620926880105
 20
-260.9632573874645
 10
411.296842023561
 20
-260.99668481235744
 10
411.2091740563576
 20
-261.03434040990663
 10
411.1234039941952
 20
-261.0761373149235
 10
411.03972596941276
 20
-261.12197911805265
 10
410.9583292812865
 20
-261.17176020416883
 10
410.87939805763267
 20
-261.2253660907745
 10
410.8031109164099
 20
-261.2826737663973
 10
410.729640627322
 20
-261.34355202898735
 10
410.6591537734205
 20
-261.4078618243146
 10
410.5918104127074
 20
-261.47545658436627
 10
410.52776373973757
 20
-261.5461825657442
 10
410.46715974722144
 20
-261.6198791880622
 10
410.41013688762774
 20
-261.6963793723438
 10
410.35682573478596
 20
-261.7755098794189
 10
410.30734864548907
 20
-261.8570916483219
 10
410.26181942109605
 20
-261.9409401346887
 10
410.22034296913444
 20
-262.026865649154
 10
410.18301496490324
 20
-262.1146736957491
 10
410.1499215130752
 20
-262.20416531029883
 10
410.1211388092996
 20
-262.29513739881924
 10
410.0967328018049
 20
-262.38738307591484
 10
410.0767588530012
 20
-262.4806920031761
 10
410.06126140108296
 20
-262.57485072757663
 10
410.0502736216316
 20
-262.6696430198709
 10
410.0439842370839
 20
-262.7611230323059
 10
410.0418875620232
 20
-262.8527903087454
  0
LWPOLYLINE
  5
20E
330
17
100
AcDbEntity
  8
GORUNEN
100
AcDbPolyline
 90
2
 70
0
 10
415.04188756202325
 20
-260.8527903087454
 10
412.04188756202325
 20
-260.8527903087454
  0
LWPOLYLINE
  5
20F
330
17
100
AcDbEntity
  8
GORUNEN
100
AcDbPolyline
 90
2
 70
0
 10
415.0418875620232
 20
-261.0041790354454
 10
415.0418875620232
 20
-260.8527903087454
  0
LWPOLYLINE
  5
210
330
17
100
AcDbEntity
  8
GORUNEN
100
AcDbPolyline
 90
2
 70
0
 10
415.0418875620232
 20
-212.8188795023454
 10
415.0418875620232
 20
-212.66749077564538
  0
LWPOLYLINE
  5
211
330
17
100
AcDbEntity
  8
GORUNEN
100
AcDbPolyline
 90
2
 70
0
 10
415.04188756202325
 20
-212.8188795023454
 10
412.04188756202325
 20
-212.8188795023454
  0
LWPOLYLINE
  5
212
330
17
100
AcDbEntity
  8
GORUNEN
100
AcDbPolyline
 90
34
 70
0
 10
410.0418875620232
 20
-210.8188795023454
 10
410.0441583265293
 20
-210.91427364928612
 10
410.0509696579529
 20
-211.0094563324688
 10
410.0623109754017
 20
-211.10420693735873
 10
410.0781597850347
 20
-211.19830697530472
 10
410.0984820184595
 20
-211.29154042193673
 10
410.1232323711297
 20
-211.38369405556298
 10
410.1523546407424
 20
-211.47455779556753
 10
410.1857820656353
 20
-211.56392504080762
 10
410.2234376631844
 20
-211.65159300801102
 10
410.2652345682013
 20
-211.73736307017342
 10
410.3110763713305
 20
-211.82104109495586
 10
410.3608574574466
 20
-211.9024377830821
 10
410.4144633440523
 20
-211.98136900673595
 10
410.47177101967515
 20
-212.0576561479587
 10
410.5326492822652
 20
-212.13112643704665
 10
410.59695907759243
 20
-212.2016132909481
 10
410.66455383764406
 20
-212.2689566516612
 10
410.73527981902197
 20
-212.33300332463108
 10
410.80897644134006
 20
-212.39360731714717
 10
410.8854766256216
 20
-212.45063017674087
 10
410.96460713269676
 20
-212.50394132958263
 10
411.04618890159975
 20
-212.55341841887952
 10
411.1300373879665
 20
-212.5989476432726
 10
411.21596290243184
 20
-212.64042409523415
 10
411.3037709490269
 20
-212.67775209946538
 10
411.3932625635766
 20
-212.7108455512934
 10
411.48423465209703
 20
-212.739628255069
 10
411.57648032919263
 20
-212.7640342625637
 10
411.6697892564539
 20
-212.78400821136742
 10
411.7639479808544
 20
-212.79950566328563
 10
411.85874027314867
 20
-212.81049344273697
 10
411.95022028558367
 20
-212.81678282728464
 10
412.0418875620232
 20
-212.8188795023454
  0
LWPOLYLINE
  5
213
330
17
100
AcDbEntity
  8
GORUNEN
100
AcDbPolyline
 90
2
 70
0
 10
410.0418875620232
 20
-210.8188795023454
 10
410.0418875620232
 20
-204.5858349055454
  0
LWPOLYLINE
  5
214
330
17
100
AcDbEntity
  8
GORUNEN
100
AcDbPolyline
 90
2
 70
0
 10
263.04188756202325
 20
-214.8358349055454
 10
263.04188756202325
 20
-204.5858349055454
  0
LWPOLYLINE
  5
215
330
17
100
AcDbEntity
  8
GORUNEN
100
AcDbPolyline
 90
34
 70
0
 10
262.04188756202325
 20
-215.8358349055454
 10
262.08960684947516
 20
-215.8346773093464
 10
262.1372539603534
 20
-215.83121587437876
 10
262.1847042151118
 20
-215.82547026336766
 10
262.2318364439124
 20
-215.8174636487463
 10
262.2785329866252
 20
-215.80722271265603
 10
262.3246796928283
 20
-215.79477764694627
 10
262.37016592180794
 20
-215.78016215317456
 10
262.41488454255835
 20
-215.76341344260658
 10
262.458731933782
 20
-215.74457223621602
 10
262.5016079838894
 20
-215.72368276468472
 10
262.5434160909991
 20
-215.70079276840266
 10
262.58406316293764
 20
-215.67595349746784
 10
262.62345961723986
 20
-215.6492197116864
 10
262.66151938114854
 20
-215.62064968057263
 10
262.6981598916147
 20
-215.5903051833488
 10
262.73330209529723
 20
-215.55825150894538
 10
262.7668704485633
 20
-215.5245574560009
 10
262.798792917488
 20
-215.48929533286204
 10
262.8290009778547
 20
-215.4525409575835
 10
262.8574296151548
 20
-215.41437365792814
 10
262.88401732458755
 20
-215.37487627136687
 10
262.90870611106067
 20
-215.33413514507876
 10
262.9314414891897
 20
-215.29224013595095
 10
262.95217248329834
 20
-215.24928461057868
 10
262.9708516274184
 20
-215.20536544526527
 10
262.9874349652898
 20
-215.1605830260222
 10
263.0018820503605
 20
-215.115041248569
 10
263.0141559457865
 20
-215.06884751833329
 10
263.0242232244321
 20
-215.02211275045084
 10
263.0320539688693
 20
-214.97495136976548
 10
263.03762177137867
 20
-214.92748131082914
 10
263.04081861122677
 20
-214.88168915703352
 10
263.04188756202325
 20
-214.8358349055454
  0
LWPOLYLINE
  5
216
330
17
100
AcDbEntity
  8
GORUNEN
100
AcDbPolyline
 90
2
 70
0
 10
262.04188756202325
 20
-215.8358349055454
 10
258.04188756202325
 20
-215.8358349055454
  0
LWPOLYLINE
  5
217
330
17
100
AcDbEntity
  8
GORUNEN
100
AcDbPolyline
 90
2
 70
0
 10
258.04188756202325
 20
-215.8358349055454
 10
258.04188756202325
 20
-214.0858349055454
  0
LWPOLYLINE
  5
218
330
17
100
AcDbEntity
  8
GORUNEN
100
AcDbPolyline
 90
2
 70
0
 10
20.041887562023177
 20
-257.9242544630454
 10
20.041887562023177
 20
-215.7474153480454
  0
LWPOLYLINE
  5
219
330
17
100
AcDbEntity
  8
GORUNEN
100
AcDbPolyline
 90
2
 70
0
 10
258.04188756202325
 20
-214.0858349055454
 10
258.02094378112935
 20
-211.08590801342922
  0
LWPOLYLINE
  5
21A
330
17
100
AcDbEntity
  8
GORUNEN
100
AcDbPolyline
 90
12
 70
0
 10
20.070944871023173
 20
-212.7479201591454
 10
20.070841082918996
 20
-212.74816030937706
 10
20.070737517466124
 20
-212.74843235152625
 10
20.0706341746687
 20
-212.74873628618636
 10
20.070496730626857
 20
-212.7491911432306
 10
20.070342579218533
 20
-212.7497706284079
 10
20.07013782325779
 20
-212.75065489284083
 10
20.06990853720742
 20
-212.7518021526379
 10
20.069604575273758
 20
-212.75358289831354
 10
20.069152386945547
 20
-212.75679181074187
 10
20.051754937815417
 20
-213.71281056608785
 10
20.041887562023177
 20
-215.7474153480454
  0
LWPOLYLINE
  5
21B
330
17
100
AcDbEntity
  8
GORUNEN
100
AcDbPolyline
 90
2
 70
0
 10
4.952703654023182
 20
-212.8526863260454
 10
20.070944871023173
 20
-212.7479201591454
  0
LWPOLYLINE
  5
21C
330
17
100
AcDbEntity
  8
GORUNEN
100
AcDbPolyline
 90
2
 70
0
 10
0.0209437810231492
 20
-212.8871170645454
 10
4.9857946400231725
 20
-212.8524553036454
  0
LWPOLYLINE
  5
21D
330
17
100
AcDbEntity
  8
GORUNEN
100
AcDbPolyline
 90
2
 70
0
 10
4.985794640023599
 20
-212.8524553037097
 10
258.0209437810237
 20
-211.0859080135112
  0
LWPOLYLINE
  5
21E
330
17
100
AcDbEntity
  8
GORUNEN
100
AcDbPolyline
 90
2
 70
0
 10
258.0209437814698
 20
-211.0859080134423
 10
258.000000000576
 20
-208.08598112134155
  0
LWPOLYLINE
  5
21F
330
17
100
AcDbEntity
  8
GORUNEN
100
AcDbPolyline
 90
2
 70
0
 10
258.00000000002325
 20
-208.08598112134965
 10
4.964850859023201
 20
-209.85252841154815
  0
LWPOLYLINE
  5
220
330
17
100
AcDbEntity
  8
GORUNEN
100
AcDbPolyline
 90
2
 70
0
 10
0.0
 20
-209.88719017239333
 10
4.964850859022963
 20
-209.85252841153448
  0
LWPOLYLINE
  5
221
330
17
100
AcDbEntity
  8
GORUNEN
100
AcDbPolyline
 90
2
 70
0
 10
0.02094378147040163
 20
-212.88711706454228
 10
5.766211241126085e-10
 20
-209.88719017244154
  0
LWPOLYLINE
  5
222
330
17
100
AcDbEntity
  8
GORUNEN
100
AcDbPolyline
 90
2
 70
0
 10
20.037855100143936
 20
-212.7481477591219
 10
20.041887562023177
 20
-215.7474153480454
  0
LWPOLYLINE
  5
223
330
17
100
AcDbEntity
  8
GORUNEN
100
AcDbPolyline
 90
2
 70
0
 10
263.04188756202325
 20
-275.0858349054454
 10
263.04188756202325
 20
-272.0858349054454
  0
LWPOLYLINE
  5
224
330
17
100
AcDbEntity
  8
GORUNEN
100
AcDbPolyline
 90
2
 70
0
 10
263.0418875620232
 20
-275.0858349054454
 10
483.0418875620232
 20
-275.0858349054454
  0
LWPOLYLINE
  5
225
330
17
100
AcDbEntity
  8
GORUNEN
100
AcDbPolyline
 90
2
 70
0
 10
483.0418875620232
 20
-275.0858349054454
 10
483.0418875620232
 20
-272.0858349054454
  0
LWPOLYLINE
  5
226
330
17
100
AcDbEntity
  8
GORUNEN
100
AcDbPolyline
 90
2
 70
0
 10
263.0418875620232
 20
-272.0858349054454
 10
483.0418875620232
 20
-272.0858349054454
  0
LWPOLYLINE
  5
227
330
17
100
AcDbEntity
  8
GORUNEN
100
AcDbPolyline
 90
2
 70
0
 10
258.0209437810237
 20
-262.5857617975796
 10
4.985794640023599
 20
-260.8192145073811
  0
LWPOLYLINE
  5
228
330
17
100
AcDbEntity
  8
GORUNEN
100
AcDbPolyline
 90
2
 70
0
 10
4.9857946400231725
 20
-260.8192145074454
 10
0.0209437810231492
 20
-260.7845527465454
  0
LWPOLYLINE
  5
229
330
17
100
AcDbEntity
  8
GORUNEN
100
AcDbPolyline
 90
2
 70
0
 10
4.964850859022963
 20
-263.8191413995563
 10
0.0
 20
-263.78447963869746
  0
LWPOLYLINE
  5
22A
330
17
100
AcDbEntity
  8
GORUNEN
100
AcDbPolyline
 90
2
 70
0
 10
4.964850859023201
 20
-263.8191413995427
 10
258.00000000002325
 20
-265.5856886897412
  0
LWPOLYLINE
  5
22B
330
17
100
AcDbEntity
  8
GORUNEN
100
AcDbPolyline
 90
2
 70
0
 10
4.98579464049567
 20
-260.8192145037241
 10
20.070944871023173
 20
-260.9237496519454
  0
LWPOLYLINE
  5
22C
330
17
100
AcDbEntity
  8
GORUNEN
100
AcDbPolyline
 90
2
 70
0
 10
20.03785510014393
 20
-260.92352205196886
 10
20.041887562023177
 20
-257.9242544630454
  0
LWPOLYLINE
  5
22D
330
17
100
AcDbEntity
  8
GORUNEN
100
AcDbPolyline
 90
12
 70
0
 10
20.070944871023173
 20
-260.9237496519454
 10
20.07084108291926
 20
-260.9235095016713
 10
20.070737517467176
 20
-260.92323745939575
 10
20.070634174671056
 20
-260.92293352452725
 10
20.070496730631724
 20
-260.9224786670801
 10
20.070342579227265
 20
-260.9218991812834
 10
20.07013782327333
 20
-260.9210149157598
 10
20.069908537232777
 20
-260.91986765438867
 10
20.069604575315577
 20
-260.91808690607223
 10
20.069152387018764
 20
-260.9148779886042
 10
20.051754939292714
 20
-259.9588589947893
 10
20.041887562023177
 20
-257.9242544630454
  0
LWPOLYLINE
  5
22E
330
17
100
AcDbEntity
  8
GORUNEN
100
AcDbPolyline
 90
2
 70
0
 10
258.04188756202325
 20
-259.58583490554537
 10
258.02094378112935
 20
-262.5857617976616
  0
LWPOLYLINE
  5
22F
330
17
100
AcDbEntity
  8
GORUNEN
100
AcDbPolyline
 90
2
 70
0
 10
0.020943781470401577
 20
-260.7845527465485
 10
5.766211761543127e-10
 20
-263.78447963864926
  0
LWPOLYLINE
  5
230
330
17
100
AcDbEntity
  8
GORUNEN
100
AcDbPolyline
 90
2
 70
0
 10
258.00000000057594
 20
-265.58568868974925
 10
258.02094378146984
 20
-262.5857617976485
  0
LWPOLYLINE
  5
231
330
17
100
AcDbEntity
  8
GORUNEN
100
AcDbPolyline
 90
2
 70
0
 10
263.04188756202325
 20
-269.08583490554537
 10
263.04188756202325
 20
-272.08583490554537
  0
LWPOLYLINE
  5
232
330
17
100
AcDbEntity
  8
GORUNEN
100
AcDbPolyline
 90
2
 70
0
 10
410.0418875620232
 20
-269.08583490554537
 10
410.0418875620232
 20
-272.08583490554537
  0
LWPOLYLINE
  5
233
330
17
100
AcDbEntity
  8
GORUNEN
100
AcDbPolyline
 90
2
 70
0
 10
263.04188756202325
 20
-204.5858349055454
 10
263.04188756202325
 20
-201.5858349055454
  0
LWPOLYLINE
  5
234
330
17
100
AcDbEntity
  8
GORUNEN
100
AcDbPolyline
 90
2
 70
0
 10
410.0418875620232
 20
-204.5858349055454
 10
410.0418875620232
 20
-201.5858349055454
  0
LWPOLYLINE
  5
235
330
17
100
AcDbEntity
  8
GORUNEN
100
AcDbPolyline
 90
2
 70
0
 10
263.0418875620232
 20
-198.5858349056454
 10
483.0418875620232
 20
-198.5858349056454
  0
LWPOLYLINE
  5
236
330
17
100
AcDbEntity
  8
GORUNEN
100
AcDbPolyline
 90
2
 70
0
 10
263.04188756202325
 20
-201.58583490564538
 10
263.04188756202325
 20
-198.58583490564538
  0
LWPOLYLINE
  5
237
330
17
100
AcDbEntity
  8
GORUNEN
100
AcDbPolyline
 90
2
 70
0
 10
263.0418875620232
 20
-201.5858349056454
 10
483.0418875620232
 20
-201.5858349056454
  0
LWPOLYLINE
  5
238
330
17
100
AcDbEntity
  8
GORUNEN
100
AcDbPolyline
 90
2
 70
0
 10
483.0418875620232
 20
-201.58583490564538
 10
483.0418875620232
 20
-198.58583490564538
  0
LWPOLYLINE
  5
239
330
17
100
AcDbEntity
  8
GORUNEN
100
AcDbPolyline
 90
2
 70
0
 10
483.0418875620232
 20
-210.67510137946218
 10
483.0418875620232
 20
-212.66749077564538
  0
LWPOLYLINE
  5
23A
330
17
100
AcDbEntity
  8
GORUNEN
100
AcDbPolyline
 90
2
 70
0
 10
415.0418875620232
 20
-212.66749077564538
 10
415.0418875620232
 20
-210.67510137946218
  0
LWPOLYLINE
  5
23B
330
17
100
AcDbEntity
  8
GORUNEN
100
AcDbPolyline
 90
2
 70
0
 10
483.0418875620232
 20
-203.8569489269457
 10
483.0418875620232
 20
-201.5858349055454
  0
LWPOLYLINE
  5
23C
330
17
100
AcDbEntity
  8
GORUNEN
100
AcDbPolyline
 90
2
 70
0
 10
483.0418875620232
 20
-210.67510137940832
 10
483.0418875620232
 20
-210.32695279008323
  0
LWPOLYLINE
  5
23D
330
17
100
AcDbEntity
  8
GORUNEN
100
AcDbPolyline
 90
2
 70
0
 10
415.0418875620232
 20
-201.5858349055454
 10
415.0418875620232
 20
-203.8569489269457
  0
LWPOLYLINE
  5
23E
330
17
100
AcDbEntity
  8
GORUNEN
100
AcDbPolyline
 90
2
 70
0
 10
415.0418875620232
 20
-210.32695279008323
 10
415.0418875620232
 20
-210.67510137940832
  0
LWPOLYLINE
  5
23F
330
17
100
AcDbEntity
  8
GORUNEN
100
AcDbPolyline
 90
2
 70
0
 10
483.0418875620232
 20
-203.8569489269421
 10
483.0418875620232
 20
-204.33139846424538
  0
LWPOLYLINE
  5
240
330
17
100
AcDbEntity
  8
GORUNEN
100
AcDbPolyline
 90
2
 70
0
 10
483.0418875620232
 20
-206.84027134684538
 10
483.0418875620232
 20
-210.32695279016605
  0
LWPOLYLINE
  5
241
330
17
100
AcDbEntity
  8
GORUNEN
100
AcDbPolyline
 90
2
 70
0
 10
415.0418875620232
 20
-203.8569489269421
 10
415.0418875620232
 20
-204.33139846424538
  0
LWPOLYLINE
  5
242
330
17
100
AcDbEntity
  8
GORUNEN
100
AcDbPolyline
 90
2
 70
0
 10
415.0418875620232
 20
-206.84027134684538
 10
415.0418875620232
 20
-210.32695279016605
  0
LWPOLYLINE
  5
243
330
17
100
AcDbEntity
  8
GORUNEN
100
AcDbPolyline
 90
2
 70
0
 10
483.0418875620232
 20
-206.84027134684538
 10
483.0418875620232
 20
-204.3313984642454
  0
LWPOLYLINE
  5
244
330
17
100
AcDbEntity
  8
GORUNEN
100
AcDbPolyline
 90
2
 70
0
 10
415.0418875620232
 20
-204.3313984642454
 10
415.0418875620232
 20
-206.84027134684538
  0
LWPOLYLINE
  5
245
330
17
100
AcDbEntity
  8
GIZLI
100
AcDbPolyline
 90
2
 70
0
 10
415.0418875620232
 20
-269.3402713468454
 10
415.0418875620232
 20
-269.4080498521464
  0
LWPOLYLINE
  5
246
330
17
100
AcDbEntity
  8
GIZLI
100
AcDbPolyline
 90
2
 70
0
 10
483.0418875620232
 20
-269.3402713468454
 10
483.0418875620232
 20
-269.4080498521464
  0
LWPOLYLINE
  5
247
330
17
100
AcDbEntity
  8
GIZLI
100
AcDbPolyline
 90
2
 70
0
 10
483.0418875620232
 20
-275.08583490554537
 10
483.0418875620232
 20
-269.40804985214277
  0
LWPOLYLINE
  5
248
330
17
100
AcDbEntity
  8
GIZLI
100
AcDbPolyline
 90
2
 70
0
 10
483.0418875620232
 20
-272.08583490554537
 10
415.0418875620232
 20
-272.08583490554537
  0
LWPOLYLINE
  5
249
330
17
100
AcDbEntity
  8
GIZLI
100
AcDbPolyline
 90
2
 70
0
 10
415.0418875620232
 20
-275.08583490554537
 10
415.0418875620232
 20
-269.40804985214277
  0
LWPOLYLINE
  5
24A
330
17
100
AcDbEntity
  8
GIZLI
100
AcDbPolyline
 90
2
 70
0
 10
415.0418875620232
 20
-275.08583490554537
 10
415.0418875620232
 20
-272.08583490554537
  0
LWPOLYLINE
  5
24B
330
17
100
AcDbEntity
  8
GIZLI
100
AcDbPolyline
 90
2
 70
0
 10
483.0418875620232
 20
-275.08583490554537
 10
415.0418875620232
 20
-275.08583490554537
  0
LWPOLYLINE
  5
24C
330
17
100
AcDbEntity
  8
GIZLI
100
AcDbPolyline
 90
2
 70
0
 10
483.0418875620232
 20
-266.33330111519956
 10
483.0418875620232
 20
-266.8313984642454
  0
LWPOLYLINE
  5
24D
330
17
100
AcDbEntity
  8
GIZLI
100
AcDbPolyline
 90
2
 70
0
 10
415.0418875620232
 20
-266.33330111519956
 10
415.0418875620232
 20
-266.8313984642454
  0
LWPOLYLINE
  5
24E
330
17
100
AcDbEntity
  8
GIZLI
100
AcDbPolyline
 90
2
 70
0
 10
415.0418875620232
 20
-266.3333011152464
 10
415.0418875620232
 20
-263.344717020946
  0
LWPOLYLINE
  5
24F
330
17
100
AcDbEntity
  8
GIZLI
100
AcDbPolyline
 90
2
 70
0
 10
483.0418875620232
 20
-266.3333011152464
 10
483.0418875620232
 20
-263.344717020946
  0
LWPOLYLINE
  5
250
330
17
100
AcDbEntity
  8
GIZLI
100
AcDbPolyline
 90
2
 70
0
 10
483.0418875620232
 20
-265.9851525258832
 10
483.0418875620232
 20
-266.33330111520746
  0
LWPOLYLINE
  5
251
330
17
100
AcDbEntity
  8
GIZLI
100
AcDbPolyline
 90
2
 70
0
 10
483.0418875620232
 20
-265.9851525259448
 10
483.0418875620232
 20
-262.99656843164524
  0
LWPOLYLINE
  5
252
330
17
100
AcDbEntity
  8
GIZLI
100
AcDbPolyline
 90
2
 70
0
 10
415.0418875620232
 20
-265.9851525259448
 10
415.0418875620232
 20
-262.99656843164524
  0
LWPOLYLINE
  5
253
330
17
100
AcDbEntity
  8
GIZLI
100
AcDbPolyline
 90
2
 70
0
 10
415.0418875620232
 20
-265.9851525258832
 10
415.0418875620232
 20
-266.33330111520746
  0
LWPOLYLINE
  5
254
330
17
100
AcDbEntity
  8
GIZLI
100
AcDbPolyline
 90
2
 70
0
 10
415.0418875620232
 20
-261.0041790354454
 10
415.0418875620232
 20
-265.9851525259043
  0
LWPOLYLINE
  5
255
330
17
100
AcDbEntity
  8
GIZLI
100
AcDbPolyline
 90
2
 70
0
 10
483.0418875620232
 20
-261.0041790354454
 10
483.0418875620232
 20
-265.98515252590425
  0
LWPOLYLINE
  5
256
330
17
100
AcDbEntity
  8
GIZLI
100
AcDbPolyline
 90
2
 70
0
 10
4.875902603023164
 20
-212.8532225072454
 10
0.0209437810231492
 20
-212.8871170645454
  0
LWPOLYLINE
  5
257
330
17
100
AcDbEntity
  8
GIZLI
100
AcDbPolyline
 90
2
 70
0
 10
4.875902603022965
 20
-212.85322250722086
 10
4.95270365402304
 20
-212.85268632602632
  0
LWPOLYLINE
  5
258
330
17
100
AcDbEntity
  8
GIZLI
100
AcDbPolyline
 90
2
 70
0
 10
9.136050622023205
 20
-212.8234805802454
 10
6.618719742023174
 20
-212.8410551506454
  0
LWPOLYLINE
  5
259
330
17
100
AcDbEntity
  8
GIZLI
100
AcDbPolyline
 90
2
 70
0
 10
6.618719742023174
 20
-212.8410551506454
 10
4.136233219061263
 20
-212.8583864575632
  0
LWPOLYLINE
  5
25A
330
17
100
AcDbEntity
  8
GIZLI
100
AcDbPolyline
 90
2
 70
0
 10
4.136294312023196
 20
-212.8583860310454
 10
6.653625192023171
 20
-212.8408114606454
  0
LWPOLYLINE
  5
25B
330
17
100
AcDbEntity
  8
GIZLI
100
AcDbPolyline
 90
2
 70
0
 10
6.653625192023171
 20
-212.8408114606454
 10
9.136111714985137
 20
-212.8234801537298
  0
LWPOLYLINE
  5
25C
330
17
100
AcDbEntity
  8
GIZLI
100
AcDbPolyline
 90
2
 70
0
 10
43.179885823023184
 20
-212.5858059132454
 10
47.679776161023156
 20
-212.55439024189542
  0
LWPOLYLINE
  5
25D
330
17
100
AcDbEntity
  8
GIZLI
100
AcDbPolyline
 90
2
 70
0
 10
47.679776161023156
 20
-212.55439024189542
 10
43.179885823023184
 20
-212.5858059132454
  0
LWPOLYLINE
  5
25E
330
17
100
AcDbEntity
  8
GIZLI
100
AcDbPolyline
 90
2
 70
0
 10
19.1804706860229
 20
-212.75335616031109
 10
43.17988582302257
 20
-212.5858059131595
  0
LWPOLYLINE
  5
25F
330
17
100
AcDbEntity
  8
GIZLI
100
AcDbPolyline
 90
2
 70
0
 10
19.180470686023156
 20
-212.7533561603454
 10
14.680580348023188
 20
-212.7847718316954
  0
LWPOLYLINE
  5
260
330
17
100
AcDbEntity
  8
GIZLI
100
AcDbPolyline
 90
2
 70
0
 10
14.680580348023188
 20
-212.7847718316954
 10
19.180470686023156
 20
-212.7533561603454
  0
LWPOLYLINE
  5
261
330
17
100
AcDbEntity
  8
GIZLI
100
AcDbPolyline
 90
2
 70
0
 10
19.180470686023597
 20
-212.7533561604111
 10
43.17988582302327
 20
-212.5858059132595
  0
LWPOLYLINE
  5
262
330
17
100
AcDbEntity
  8
GIZLI
100
AcDbPolyline
 90
2
 70
0
 10
4.854960596540263
 20
-209.85329560278086
 10
6.933680296583589e-10
 20
-209.88719017243247
  0
LWPOLYLINE
  5
263
330
17
100
AcDbEntity
  8
GIZLI
100
AcDbPolyline
 90
2
 70
0
 10
4.931759873023201
 20
-209.85275943395212
 10
4.8549570450232205
 20
-209.85329562755265
  0
LWPOLYLINE
  5
264
330
17
100
AcDbEntity
  8
GIZLI
100
AcDbPolyline
 90
2
 70
0
 10
20.050006540023205
 20
-209.7487740113454
 10
20.070944871023173
 20
-212.7479201591454
  0
LWPOLYLINE
  5
265
330
17
100
AcDbEntity
  8
GIZLI
100
AcDbPolyline
 90
2
 70
0
 10
4.931759873023154
 20
-209.8527594339454
 10
20.050006540023205
 20
-209.7487740113454
  0
LWPOLYLINE
  5
266
330
17
100
AcDbEntity
  8
GIZLI
100
AcDbPolyline
 90
5
 70
0
 10
20.050006540023205
 20
-209.7487740113454
 10
20.049809858357158
 20
-209.74975679186446
 10
20.049614835362156
 20
-209.75097715565332
 10
20.039237237210493
 20
-210.60532046806577
 10
20.037855100143936
 20
-212.7481477591219
  0
LWPOLYLINE
  5
267
330
17
100
AcDbEntity
  8
GIZLI
100
AcDbPolyline
 90
2
 70
0
 10
4.931759873023012
 20
-209.85275943392634
 10
258.00000000002296
 20
-208.0859811213112
  0
LWPOLYLINE
  5
268
330
17
100
AcDbEntity
  8
GIZLI
100
AcDbPolyline
 90
2
 70
0
 10
258.04188756202325
 20
-214.0858349055454
 10
258.00000000023545
 20
-208.085981121313
  0
LWPOLYLINE
  5
269
330
17
100
AcDbEntity
  8
GIZLI
100
AcDbPolyline
 90
2
 70
0
 10
6.632681411023777
 20
-209.84088456856563
 10
9.115167762786688
 20
-209.8235532628005
  0
LWPOLYLINE
  5
26A
330
17
100
AcDbEntity
  8
GIZLI
100
AcDbPolyline
 90
2
 70
0
 10
9.115167762786688
 20
-209.8235532628005
 10
9.115106841034446
 20
-209.82355368812142
  0
LWPOLYLINE
  5
26B
330
17
100
AcDbEntity
  8
GIZLI
100
AcDbPolyline
 90
2
 70
0
 10
4.1153505310112575
 20
-209.85845913896935
 10
6.632681411023777
 20
-209.84088456856563
  0
LWPOLYLINE
  5
26C
330
17
100
AcDbEntity
  8
GIZLI
100
AcDbPolyline
 90
2
 70
0
 10
6.597775961023325
 20
-209.84112825852515
 10
4.1152896092597135
 20
-209.85845956429029
  0
LWPOLYLINE
  5
26D
330
17
100
AcDbEntity
  8
GIZLI
100
AcDbPolyline
 90
2
 70
0
 10
4.1152896092597135
 20
-209.85845956429029
 10
4.1153505310112575
 20
-209.85845913896935
  0
LWPOLYLINE
  5
26E
330
17
100
AcDbEntity
  8
GIZLI
100
AcDbPolyline
 90
2
 70
0
 10
9.115106841034446
 20
-209.82355368812142
 10
6.597775961023325
 20
-209.84112825852515
  0
LWPOLYLINE
  5
26F
330
17
100
AcDbEntity
  8
GIZLI
100
AcDbPolyline
 90
2
 70
0
 10
43.15894204202265
 20
-209.58587902107308
 10
19.159526905023036
 20
-209.7534292682247
  0
LWPOLYLINE
  5
270
330
17
100
AcDbEntity
  8
GIZLI
100
AcDbPolyline
 90
2
 70
0
 10
19.15952690502313
 20
-209.7534292682352
 10
14.659636566848908
 20
-209.7848449395862
  0
LWPOLYLINE
  5
271
330
17
100
AcDbEntity
  8
GIZLI
100
AcDbPolyline
 90
2
 70
0
 10
14.659636566848908
 20
-209.7848449395862
 10
19.159526905023238
 20
-209.75342926825556
  0
LWPOLYLINE
  5
272
330
17
100
AcDbEntity
  8
GIZLI
100
AcDbPolyline
 90
2
 70
0
 10
19.159526905023036
 20
-209.7534292682247
 10
43.158942042023355
 20
-209.58587902107308
  0
LWPOLYLINE
  5
273
330
17
100
AcDbEntity
  8
GIZLI
100
AcDbPolyline
 90
2
 70
0
 10
43.15894204202321
 20
-209.58587902115556
 10
47.65883238019743
 20
-209.55446334980456
  0
LWPOLYLINE
  5
274
330
17
100
AcDbEntity
  8
GIZLI
100
AcDbPolyline
 90
2
 70
0
 10
47.65883238019743
 20
-209.55446334980456
 10
43.15894204202378
 20
-209.5858790211352
  0
LWPOLYLINE
  5
275
330
17
100
AcDbEntity
  8
GIZLI
100
AcDbPolyline
 90
2
 70
0
 10
19.180470686023213
 20
-260.91831365073523
 10
14.68058034784888
 20
-260.8868979794046
  0
LWPOLYLINE
  5
276
330
17
100
AcDbEntity
  8
GIZLI
100
AcDbPolyline
 90
2
 70
0
 10
14.68058034784888
 20
-260.8868979794046
 10
19.1804706860231
 20
-260.9183136507556
  0
LWPOLYLINE
  5
277
330
17
100
AcDbEntity
  8
GIZLI
100
AcDbPolyline
 90
2
 70
0
 10
19.15952690502324
 20
-263.91824054283524
 10
14.659636566848908
 20
-263.8868248715046
  0
LWPOLYLINE
  5
278
330
17
100
AcDbEntity
  8
GIZLI
100
AcDbPolyline
 90
2
 70
0
 10
14.659636566848908
 20
-263.8868248715046
 10
19.159526905023128
 20
-263.91824054285553
  0
LWPOLYLINE
  5
279
330
17
100
AcDbEntity
  8
GIZLI
100
AcDbPolyline
 90
2
 70
0
 10
6.653625192023749
 20
-260.83085835042516
 10
4.136294312011229
 20
-260.81328378002144
  0
LWPOLYLINE
  5
27A
330
17
100
AcDbEntity
  8
GIZLI
100
AcDbPolyline
 90
2
 70
0
 10
6.6326814110237775
 20
-263.83078524252517
 10
4.1153505310112575
 20
-263.81321067212144
  0
LWPOLYLINE
  5
27B
330
17
100
AcDbEntity
  8
GIZLI
100
AcDbPolyline
 90
2
 70
0
 10
378.0418875620232
 20
-272.0858349055454
 10
401.0418875620232
 20
-272.0858349055454
  0
LWPOLYLINE
  5
27C
330
17
100
AcDbEntity
  8
GIZLI
100
AcDbPolyline
 90
2
 70
0
 10
378.0418875620232
 20
-275.08583490554537
 10
401.0418875620232
 20
-275.08583490554537
  0
LWPOLYLINE
  5
27D
330
17
100
AcDbEntity
  8
GIZLI
100
AcDbPolyline
 90
2
 70
0
 10
377.0418875620232
 20
-275.0858349055454
 10
377.0418875620232
 20
-272.0858349055454
  0
LWPOLYLINE
  5
27E
330
17
100
AcDbEntity
  8
GIZLI
100
AcDbPolyline
 90
2
 70
0
 10
377.0418875620232
 20
-275.0858349055454
 10
377.0418875620232
 20
-272.0858349055454
  0
LWPOLYLINE
  5
27F
330
17
100
AcDbEntity
  8
GIZLI
100
AcDbPolyline
 90
2
 70
0
 10
378.0418875620232
 20
-272.08583490554315
 10
377.0418875620232
 20
-272.0858349055454
  0
LWPOLYLINE
  5
280
330
17
100
AcDbEntity
  8
GIZLI
100
AcDbPolyline
 90
2
 70
0
 10
378.0418875620232
 20
-275.08583490554315
 10
377.0418875620232
 20
-275.0858349055454
  0
LWPOLYLINE
  5
281
330
17
100
AcDbEntity
  8
GIZLI
100
AcDbPolyline
 90
2
 70
0
 10
298.79188756202325
 20
-272.08583490554537
 10
298.79188756202325
 20
-275.08583490554537
  0
LWPOLYLINE
  5
282
330
17
100
AcDbEntity
  8
GIZLI
100
AcDbPolyline
 90
2
 70
0
 10
298.79188756202325
 20
-272.08583490554537
 10
304.04188756202325
 20
-272.08583490555725
  0
LWPOLYLINE
  5
283
330
17
100
AcDbEntity
  8
GIZLI
100
AcDbPolyline
 90
2
 70
0
 10
298.79188756202325
 20
-275.08583490554537
 10
304.04188756202325
 20
-275.08583490555725
  0
LWPOLYLINE
  5
284
330
17
100
AcDbEntity
  8
GIZLI
100
AcDbPolyline
 90
2
 70
0
 10
304.04188756202325
 20
-272.08583490555725
 10
309.29188756202325
 20
-272.08583490554537
  0
LWPOLYLINE
  5
285
330
17
100
AcDbEntity
  8
GIZLI
100
AcDbPolyline
 90
2
 70
0
 10
309.29188756202325
 20
-272.08583490554537
 10
309.29188756202325
 20
-275.08583490554537
  0
LWPOLYLINE
  5
286
330
17
100
AcDbEntity
  8
GIZLI
100
AcDbPolyline
 90
2
 70
0
 10
304.04188756202325
 20
-275.08583490555725
 10
309.29188756202325
 20
-275.08583490554537
  0
LWPOLYLINE
  5
287
330
17
100
AcDbEntity
  8
GIZLI
100
AcDbPolyline
 90
2
 70
0
 10
304.04188756202325
 20
-272.08583490553355
 10
298.79188756202325
 20
-272.08583490554537
  0
LWPOLYLINE
  5
288
330
17
100
AcDbEntity
  8
GIZLI
100
AcDbPolyline
 90
2
 70
0
 10
304.04188756202325
 20
-275.08583490553355
 10
298.79188756202325
 20
-275.08583490554537
  0
LWPOLYLINE
  5
289
330
17
100
AcDbEntity
  8
GIZLI
100
AcDbPolyline
 90
2
 70
0
 10
309.29188756202325
 20
-275.08583490554537
 10
304.04188756202325
 20
-275.08583490553355
  0
LWPOLYLINE
  5
28A
330
17
100
AcDbEntity
  8
GIZLI
100
AcDbPolyline
 90
2
 70
0
 10
309.29188756202325
 20
-272.08583490554537
 10
304.04188756202325
 20
-272.08583490553355
  0
LWPOLYLINE
  5
28B
330
17
100
AcDbEntity
  8
GIZLI
100
AcDbPolyline
 90
2
 70
0
 10
377.0418875620232
 20
-272.0858349055454
 10
378.0418875620232
 20
-272.08583490554764
  0
LWPOLYLINE
  5
28C
330
17
100
AcDbEntity
  8
GIZLI
100
AcDbPolyline
 90
2
 70
0
 10
377.0418875620232
 20
-275.0858349055454
 10
378.0418875620232
 20
-275.08583490554764
  0
LWPOLYLINE
  5
28D
330
17
100
AcDbEntity
  8
GIZLI
100
AcDbPolyline
 90
2
 70
0
 10
402.0418875620232
 20
-272.0858349055454
 10
402.0418875620232
 20
-275.0858349055454
  0
LWPOLYLINE
  5
28E
330
17
100
AcDbEntity
  8
GIZLI
100
AcDbPolyline
 90
2
 70
0
 10
402.0418875620232
 20
-272.0858349055454
 10
401.0418875620232
 20
-272.08583490554315
  0
LWPOLYLINE
  5
28F
330
17
100
AcDbEntity
  8
GIZLI
100
AcDbPolyline
 90
2
 70
0
 10
402.0418875620232
 20
-275.08583490554537
 10
401.0418875620232
 20
-275.08583490554315
  0
LWPOLYLINE
  5
290
330
17
100
AcDbEntity
  8
GIZLI
100
AcDbPolyline
 90
2
 70
0
 10
402.0418875620232
 20
-275.0858349055454
 10
402.0418875620232
 20
-272.0858349055454
  0
LWPOLYLINE
  5
291
330
17
100
AcDbEntity
  8
GIZLI
100
AcDbPolyline
 90
2
 70
0
 10
401.0418875620232
 20
-272.08583490554764
 10
402.0418875620232
 20
-272.0858349055454
  0
LWPOLYLINE
  5
292
330
17
100
AcDbEntity
  8
GIZLI
100
AcDbPolyline
 90
2
 70
0
 10
401.0418875620232
 20
-275.08583490554764
 10
402.0418875620232
 20
-275.08583490554537
  0
LWPOLYLINE
  5
293
330
17
100
AcDbEntity
  8
GIZLI
100
AcDbPolyline
 90
2
 70
0
 10
401.0418875620232
 20
-275.08583490554537
 10
378.0418875620232
 20
-275.08583490554537
  0
LWPOLYLINE
  5
294
330
17
100
AcDbEntity
  8
GIZLI
100
AcDbPolyline
 90
2
 70
0
 10
401.0418875620232
 20
-272.0858349055454
 10
378.0418875620232
 20
-272.0858349055454
  0
LWPOLYLINE
  5
295
330
17
100
AcDbEntity
  8
GIZLI
100
AcDbPolyline
 90
2
 70
0
 10
4.1153505310112575
 20
-263.81321067212144
 10
4.1152896092597135
 20
-263.8132102468005
  0
LWPOLYLINE
  5
296
330
17
100
AcDbEntity
  8
GIZLI
100
AcDbPolyline
 90
2
 70
0
 10
4.1152896092597135
 20
-263.8132102468005
 10
6.597775961023322
 20
-263.83054155256565
  0
LWPOLYLINE
  5
297
330
17
100
AcDbEntity
  8
GIZLI
100
AcDbPolyline
 90
2
 70
0
 10
4.136294312011229
 20
-260.81328378002144
 10
4.136233390259685
 20
-260.8132833547005
  0
LWPOLYLINE
  5
298
330
17
100
AcDbEntity
  8
GIZLI
100
AcDbPolyline
 90
2
 70
0
 10
4.136233390259685
 20
-260.8132833547005
 10
6.618719742023293
 20
-260.83061466046564
  0
LWPOLYLINE
  5
299
330
17
100
AcDbEntity
  8
GIZLI
100
AcDbPolyline
 90
2
 70
0
 10
415.0418875620232
 20
-275.08583490554537
 10
415.0418875620232
 20
-272.08583490554537
  0
LWPOLYLINE
  5
29A
330
17
100
AcDbEntity
  8
GIZLI
100
AcDbPolyline
 90
2
 70
0
 10
415.0418875620232
 20
-272.08583490554537
 10
413.0418875620232
 20
-272.08583490554537
  0
LWPOLYLINE
  5
29B
330
17
100
AcDbEntity
  8
GIZLI
100
AcDbPolyline
 90
2
 70
0
 10
415.0418875620232
 20
-275.08583490554537
 10
413.0418875620232
 20
-275.08583490554537
  0
LWPOLYLINE
  5
29C
330
17
100
AcDbEntity
  8
GIZLI
100
AcDbPolyline
 90
2
 70
0
 10
413.0418875620232
 20
-275.0858349055386
 10
410.0418875620232
 20
-275.08583490554537
  0
LWPOLYLINE
  5
29D
330
17
100
AcDbEntity
  8
GIZLI
100
AcDbPolyline
 90
2
 70
0
 10
413.0418875620232
 20
-272.0858349055386
 10
410.0418875620232
 20
-272.08583490554537
  0
LWPOLYLINE
  5
29E
330
17
100
AcDbEntity
  8
GIZLI
100
AcDbPolyline
 90
2
 70
0
 10
410.0418875620232
 20
-272.08583490554537
 10
410.0418875620232
 20
-275.08583490554537
  0
LWPOLYLINE
  5
29F
330
17
100
AcDbEntity
  8
GIZLI
100
AcDbPolyline
 90
2
 70
0
 10
410.0418875620232
 20
-275.08583490554537
 10
410.0418875620232
 20
-272.08583490554537
  0
LWPOLYLINE
  5
2A0
330
17
100
AcDbEntity
  8
GIZLI
100
AcDbPolyline
 90
2
 70
0
 10
6.618719742023293
 20
-260.83061466046564
 10
9.136050622034418
 20
-260.84818923086937
  0
LWPOLYLINE
  5
2A1
330
17
100
AcDbEntity
  8
GIZLI
100
AcDbPolyline
 90
2
 70
0
 10
6.597775961023322
 20
-263.83054155256565
 10
9.115106841034446
 20
-263.8481161229694
  0
LWPOLYLINE
  5
2A2
330
17
100
AcDbEntity
  8
GIZLI
100
AcDbPolyline
 90
2
 70
0
 10
6.933671414799392e-10
 20
-263.78447963865835
 10
4.854960599539664
 20
-263.8183742083309
  0
LWPOLYLINE
  5
2A3
330
17
100
AcDbEntity
  8
GIZLI
100
AcDbPolyline
 90
2
 70
0
 10
0.020943780719096416
 20
-260.7845527465585
 10
4.875902604022896
 20
-260.8184473038352
  0
LWPOLYLINE
  5
2A4
330
17
100
AcDbEntity
  8
GIZLI
100
AcDbPolyline
 90
2
 70
0
 10
4.95270365402304
 20
-260.81898348506445
 10
4.875902604022912
 20
-260.8184473038769
  0
LWPOLYLINE
  5
2A5
330
17
100
AcDbEntity
  8
GIZLI
100
AcDbPolyline
 90
2
 70
0
 10
9.136111714985137
 20
-260.848189657361
 10
6.653625192023171
 20
-260.8308583504454
  0
LWPOLYLINE
  5
2A6
330
17
100
AcDbEntity
  8
GIZLI
100
AcDbPolyline
 90
2
 70
0
 10
43.17988582302257
 20
-261.0858638979313
 10
19.1804706860229
 20
-260.9183136507797
  0
LWPOLYLINE
  5
2A7
330
17
100
AcDbEntity
  8
GIZLI
100
AcDbPolyline
 90
2
 70
0
 10
43.179885823023184
 20
-261.0858638978454
 10
47.679776161023156
 20
-261.1172795691954
  0
LWPOLYLINE
  5
2A8
330
17
100
AcDbEntity
  8
GIZLI
100
AcDbPolyline
 90
2
 70
0
 10
47.679776161023156
 20
-261.1172795691954
 10
43.179885823023184
 20
-261.0858638978454
  0
LWPOLYLINE
  5
2A9
330
17
100
AcDbEntity
  8
GIZLI
100
AcDbPolyline
 90
2
 70
0
 10
43.17988582302327
 20
-261.0858638978313
 10
19.180470686023597
 20
-260.9183136506797
  0
LWPOLYLINE
  5
2AA
330
17
100
AcDbEntity
  8
GIZLI
100
AcDbPolyline
 90
2
 70
0
 10
9.115106841034446
 20
-263.8481161229694
 10
9.115167762786688
 20
-263.8481165482903
  0
LWPOLYLINE
  5
2AB
330
17
100
AcDbEntity
  8
GIZLI
100
AcDbPolyline
 90
2
 70
0
 10
9.115167762786688
 20
-263.8481165482903
 10
6.6326814110237775
 20
-263.83078524252517
  0
LWPOLYLINE
  5
2AC
330
17
100
AcDbEntity
  8
GIZLI
100
AcDbPolyline
 90
2
 70
0
 10
19.159526905023036
 20
-263.9182405428661
 10
43.15894204202265
 20
-264.0857907900177
  0
LWPOLYLINE
  5
2AD
330
17
100
AcDbEntity
  8
GIZLI
100
AcDbPolyline
 90
2
 70
0
 10
4.854957048023099
 20
-263.81837418355906
 10
4.931759873023201
 20
-263.8189103771387
  0
LWPOLYLINE
  5
2AE
330
17
100
AcDbEntity
  8
GIZLI
100
AcDbPolyline
 90
2
 70
0
 10
43.15894204202378
 20
-264.0857907899556
 10
47.65883238019743
 20
-264.11720646128623
  0
LWPOLYLINE
  5
2AF
330
17
100
AcDbEntity
  8
GIZLI
100
AcDbPolyline
 90
2
 70
0
 10
47.65883238019743
 20
-264.11720646128623
 10
43.15894204202321
 20
-264.08579078993523
  0
LWPOLYLINE
  5
2B0
330
17
100
AcDbEntity
  8
GIZLI
100
AcDbPolyline
 90
2
 70
0
 10
19.159526905023036
 20
-263.9182405428661
 10
43.158942042023355
 20
-264.0857907900177
  0
LWPOLYLINE
  5
2B1
330
17
100
AcDbEntity
  8
GIZLI
100
AcDbPolyline
 90
2
 70
0
 10
4.931759873023154
 20
-263.8189103771454
 10
20.050006540023205
 20
-263.9228957997454
  0
LWPOLYLINE
  5
2B2
330
17
100
AcDbEntity
  8
GIZLI
100
AcDbPolyline
 90
2
 70
0
 10
4.952703654023182
 20
-260.8189834850454
 10
4.98579464049567
 20
-260.8192145037241
  0
LWPOLYLINE
  5
2B3
330
17
100
AcDbEntity
  8
GIZLI
100
AcDbPolyline
 90
2
 70
0
 10
20.050006540023205
 20
-263.9228957997454
 10
20.070944871023173
 20
-260.9237496519454
  0
LWPOLYLINE
  5
2B4
330
17
100
AcDbEntity
  8
GIZLI
100
AcDbPolyline
 90
5
 70
0
 10
20.050006540023205
 20
-263.9228957997454
 10
20.049809858357158
 20
-263.92191301922634
 10
20.049614835362156
 20
-263.9206926554375
 10
20.039237237210493
 20
-263.066349343025
 10
20.03785510014393
 20
-260.92352205196886
  0
LWPOLYLINE
  5
2B5
330
17
100
AcDbEntity
  8
GIZLI
100
AcDbPolyline
 90
2
 70
0
 10
258.04188756202325
 20
-259.58583490554537
 10
258.00000000023545
 20
-265.5856886897778
  0
LWPOLYLINE
  5
2B6
330
17
100
AcDbEntity
  8
GIZLI
100
AcDbPolyline
 90
2
 70
0
 10
263.04188756202325
 20
-269.08583490554537
 10
263.04188756202325
 20
-275.08583490554537
  0
LWPOLYLINE
  5
2B7
330
17
100
AcDbEntity
  8
GIZLI
100
AcDbPolyline
 90
2
 70
0
 10
410.0418875620232
 20
-269.08583490554537
 10
410.0418875620232
 20
-275.08583490554537
  0
LWPOLYLINE
  5
2B8
330
17
100
AcDbEntity
  8
GIZLI
100
AcDbPolyline
 90
2
 70
0
 10
410.0418875620232
 20
-272.08583490554537
 10
263.0418875620232
 20
-272.08583490554537
  0
LWPOLYLINE
  5
2B9
330
17
100
AcDbEntity
  8
GIZLI
100
AcDbPolyline
 90
2
 70
0
 10
263.04188756202325
 20
-204.5858349055454
 10
263.04188756202325
 20
-198.5858349055454
  0
LWPOLYLINE
  5
2BA
330
17
100
AcDbEntity
  8
GIZLI
100
AcDbPolyline
 90
2
 70
0
 10
410.0418875620232
 20
-204.5858349055454
 10
410.0418875620232
 20
-198.5858349055454
  0
LWPOLYLINE
  5
2BB
330
17
100
AcDbEntity
  8
GIZLI
100
AcDbPolyline
 90
2
 70
0
 10
410.0418875620232
 20
-198.5858349055454
 10
410.0418875620232
 20
-201.5858349055454
  0
LWPOLYLINE
  5
2BC
330
17
100
AcDbEntity
  8
GIZLI
100
AcDbPolyline
 90
2
 70
0
 10
258.0000000000232
 20
-265.5856886897495
 10
4.931759873023211
 20
-263.81891037713433
  0
LWPOLYLINE
  5
2BD
330
17
100
AcDbEntity
  8
GIZLI
100
AcDbPolyline
 90
3
 70
0
 10
262.814898015386
 20
-215.47022818970905
 10
262.8450950935039
 20
-215.43153421003782
 10
262.8733571743258
 20
-215.391405138565
  0
LWPOLYLINE
  5
2BE
330
17
100
AcDbEntity
  8
GIZLI
100
AcDbPolyline
 90
2
 70
0
 10
262.9458768551467
 20
-215.2633899989757
 10
262.96576709453456
 20
-215.2185183379105
  0
LWPOLYLINE
  5
2BF
330
17
100
AcDbEntity
  8
GIZLI
100
AcDbPolyline
 90
3
 70
0
 10
262.96576709453456
 20
-258.4531514731803
 10
262.9458768551467
 20
-258.4082798121151
 10
262.9238088263716
 20
-258.3644381687194
  0
LWPOLYLINE
  5
2C0
330
17
100
AcDbEntity
  8
GIZLI
100
AcDbPolyline
 90
3
 70
0
 10
262.8733571743258
 20
-258.2802646725258
 10
262.8450950935039
 20
-258.24013560105294
 10
262.814898015386
 20
-258.2014416213818
  0
LWPOLYLINE
  5
2C1
330
17
100
AcDbEntity
  8
GIZLI
100
AcDbPolyline
 90
3
 70
0
 10
410.27804503332646
 20
-211.76167297599739
 10
410.32643034202266
 20
-211.84708499073184
 10
410.3789483374181
 20
-211.9300199683846
  0
LWPOLYLINE
  5
2C2
330
17
100
AcDbEntity
  8
GIZLI
100
AcDbPolyline
 90
2
 70
0
 10
410.55998531131326
 20
-212.16199741203943
 10
410.6276739996501
 20
-212.2330930647185
  0
LWPOLYLINE
  5
2C3
330
17
100
AcDbEntity
  8
GIZLI
100
AcDbPolyline
 90
3
 70
0
 10
410.7731009936959
 20
-212.36490040907086
 10
410.85048895303834
 20
-212.42529456530667
 10
410.930747095984
 20
-212.48181872695048
  0
LWPOLYLINE
  5
2C4
330
17
100
AcDbEntity
  8
GIZLI
100
AcDbPolyline
 90
4
 70
0
 10
411.01368207363674
 20
-212.53433672234593
 10
411.0990940883712
 20
-212.5827220310421
 10
411.18677737516265
 20
-212.6268580885923
 10
411.276520697293
 20
-212.66663856736795
  0
LWPOLYLINE
  5
2C5
330
17
100
AcDbEntity
  8
GIZLI
100
AcDbPolyline
 90
3
 70
0
 10
411.36810785523875
 20
-212.70196763271144
 10
411.46131820751424
 20
-212.73276017380982
 10
411.55592720221665
 20
-212.7589420087345
  0
LWPOLYLINE
  5
2C6
330
17
100
AcDbEntity
  8
GIZLI
100
AcDbPolyline
 90
2
 70
0
 10
411.6517069179909
 20
-212.78045006315185
 10
411.7484266131125
 20
-212.79723252227495
  0
LWPOLYLINE
  5
2C7
330
17
100
AcDbEntity
  8
GIZLI
100
AcDbPolyline
 90
2
 70
0
 10
411.7484266131125
 20
-260.87443728881584
 10
411.6517069179909
 20
-260.8912197479389
  0
LWPOLYLINE
  5
2C8
330
17
100
AcDbEntity
  8
GIZLI
100
AcDbPolyline
 90
3
 70
0
 10
411.55592720221665
 20
-260.9127278023563
 10
411.46131820751424
 20
-260.938909637281
 10
411.36810785523875
 20
-260.96970217837935
  0
LWPOLYLINE
  5
2C9
330
17
100
AcDbEntity
  8
GIZLI
100
AcDbPolyline
 90
4
 70
0
 10
411.276520697293
 20
-261.00503124372284
 10
411.18677737516265
 20
-261.0448117224985
 10
411.0990940883712
 20
-261.08894778004867
 10
411.01368207363674
 20
-261.13733308874487
  0
LWPOLYLINE
  5
2CA
330
17
100
AcDbEntity
  8
GIZLI
100
AcDbPolyline
 90
3
 70
0
 10
410.930747095984
 20
-261.1898510841403
 10
410.85048895303834
 20
-261.2463752457841
 10
410.7731009936959
 20
-261.30676940201994
  0
LWPOLYLINE
  5
2CB
330
17
100
AcDbEntity
  8
GIZLI
100
AcDbPolyline
 90
2
 70
0
 10
410.6276739996501
 20
-261.4385767463723
 10
410.55998531131326
 20
-261.50967239905134
  0
LWPOLYLINE
  5
2CC
330
17
100
AcDbEntity
  8
GIZLI
100
AcDbPolyline
 90
4
 70
0
 10
410.3789483374181
 20
-261.7416498427062
 10
410.32643034202266
 20
-261.82458482035895
 10
410.27804503332646
 20
-261.9099968350934
 10
410.23390897577633
 20
-261.99768012188485
  0
LWPOLYLINE
  5
2CD
330
17
100
AcDbEntity
  8
GIZLI
100
AcDbPolyline
 90
2
 70
0
 10
410.0418875620232
 20
-275.08583490554537
 10
263.0418875620232
 20
-275.0858349055454
  0
LWPOLYLINE
  5
2CE
330
17
100
AcDbEntity
  8
GIZLI
100
AcDbPolyline
 90
2
 70
0
 10
263.0418875620232
 20
-201.5858349055454
 10
410.0418875620232
 20
-201.5858349055454
  0
LWPOLYLINE
  5
2CF
330
17
100
AcDbEntity
  8
GIZLI
100
AcDbPolyline
 90
2
 70
0
 10
377.0418875620232
 20
-201.5858349055454
 10
377.0418875620232
 20
-198.5858349055454
  0
LWPOLYLINE
  5
2D0
330
17
100
AcDbEntity
  8
GIZLI
100
AcDbPolyline
 90
2
 70
0
 10
377.0418875620232
 20
-201.5858349055454
 10
378.0418875620232
 20
-201.58583490554764
  0
LWPOLYLINE
  5
2D1
330
17
100
AcDbEntity
  8
GIZLI
100
AcDbPolyline
 90
2
 70
0
 10
377.0418875620232
 20
-198.5858349055454
 10
378.0418875620232
 20
-198.58583490554764
  0
LWPOLYLINE
  5
2D2
330
17
100
AcDbEntity
  8
GIZLI
100
AcDbPolyline
 90
2
 70
0
 10
377.0418875620232
 20
-198.5858349055454
 10
377.0418875620232
 20
-201.5858349055454
  0
LWPOLYLINE
  5
2D3
330
17
100
AcDbEntity
  8
GIZLI
100
AcDbPolyline
 90
2
 70
0
 10
378.0418875620232
 20
-201.58583490554315
 10
377.0418875620232
 20
-201.5858349055454
  0
LWPOLYLINE
  5
2D4
330
17
100
AcDbEntity
  8
GIZLI
100
AcDbPolyline
 90
2
 70
0
 10
378.0418875620232
 20
-198.58583490554315
 10
377.0418875620232
 20
-198.5858349055454
  0
LWPOLYLINE
  5
2D5
330
17
100
AcDbEntity
  8
GIZLI
100
AcDbPolyline
 90
2
 70
0
 10
378.0418875620232
 20
-198.5858349055454
 10
401.0418875620232
 20
-198.5858349055454
  0
LWPOLYLINE
  5
2D6
330
17
100
AcDbEntity
  8
GIZLI
100
AcDbPolyline
 90
2
 70
0
 10
378.0418875620232
 20
-201.5858349055454
 10
401.0418875620232
 20
-201.5858349055454
  0
LWPOLYLINE
  5
2D7
330
17
100
AcDbEntity
  8
GIZLI
100
AcDbPolyline
 90
2
 70
0
 10
402.0418875620232
 20
-201.5858349055454
 10
402.0418875620232
 20
-198.5858349055454
  0
LWPOLYLINE
  5
2D8
330
17
100
AcDbEntity
  8
GIZLI
100
AcDbPolyline
 90
2
 70
0
 10
402.0418875620232
 20
-201.5858349055454
 10
401.0418875620232
 20
-201.58583490554315
  0
LWPOLYLINE
  5
2D9
330
17
100
AcDbEntity
  8
GIZLI
100
AcDbPolyline
 90
2
 70
0
 10
402.0418875620232
 20
-198.5858349055454
 10
401.0418875620232
 20
-198.58583490554315
  0
LWPOLYLINE
  5
2DA
330
17
100
AcDbEntity
  8
GIZLI
100
AcDbPolyline
 90
2
 70
0
 10
304.04188756202325
 20
-201.58583490555725
 10
309.29188756202325
 20
-201.5858349055454
  0
LWPOLYLINE
  5
2DB
330
17
100
AcDbEntity
  8
GIZLI
100
AcDbPolyline
 90
2
 70
0
 10
309.29188756202325
 20
-201.5858349055454
 10
309.29188756202325
 20
-198.5858349055454
  0
LWPOLYLINE
  5
2DC
330
17
100
AcDbEntity
  8
GIZLI
100
AcDbPolyline
 90
2
 70
0
 10
304.04188756202325
 20
-198.58583490555725
 10
309.29188756202325
 20
-198.5858349055454
  0
LWPOLYLINE
  5
2DD
330
17
100
AcDbEntity
  8
GIZLI
100
AcDbPolyline
 90
2
 70
0
 10
298.79188756202325
 20
-201.5858349055454
 10
298.79188756202325
 20
-198.5858349055454
  0
LWPOLYLINE
  5
2DE
330
17
100
AcDbEntity
  8
GIZLI
100
AcDbPolyline
 90
2
 70
0
 10
298.79188756202325
 20
-201.5858349055454
 10
304.04188756202325
 20
-201.58583490555725
  0
LWPOLYLINE
  5
2DF
330
17
100
AcDbEntity
  8
GIZLI
100
AcDbPolyline
 90
2
 70
0
 10
298.79188756202325
 20
-198.5858349055454
 10
304.04188756202325
 20
-198.58583490555725
  0
LWPOLYLINE
  5
2E0
330
17
100
AcDbEntity
  8
GIZLI
100
AcDbPolyline
 90
2
 70
0
 10
304.04188756202325
 20
-198.58583490553355
 10
298.79188756202325
 20
-198.5858349055454
  0
LWPOLYLINE
  5
2E1
330
17
100
AcDbEntity
  8
GIZLI
100
AcDbPolyline
 90
2
 70
0
 10
304.04188756202325
 20
-201.58583490553355
 10
298.79188756202325
 20
-201.5858349055454
  0
LWPOLYLINE
  5
2E2
330
17
100
AcDbEntity
  8
GIZLI
100
AcDbPolyline
 90
2
 70
0
 10
309.29188756202325
 20
-201.5858349055454
 10
304.04188756202325
 20
-201.58583490553355
  0
LWPOLYLINE
  5
2E3
330
17
100
AcDbEntity
  8
GIZLI
100
AcDbPolyline
 90
2
 70
0
 10
309.29188756202325
 20
-198.5858349055454
 10
304.04188756202325
 20
-198.58583490553355
  0
LWPOLYLINE
  5
2E4
330
17
100
AcDbEntity
  8
GIZLI
100
AcDbPolyline
 90
2
 70
0
 10
401.0418875620232
 20
-198.5858349055454
 10
378.0418875620232
 20
-198.5858349055454
  0
LWPOLYLINE
  5
2E5
330
17
100
AcDbEntity
  8
GIZLI
100
AcDbPolyline
 90
2
 70
0
 10
401.0418875620232
 20
-201.5858349055454
 10
378.0418875620232
 20
-201.5858349055454
  0
LWPOLYLINE
  5
2E6
330
17
100
AcDbEntity
  8
GIZLI
100
AcDbPolyline
 90
2
 70
0
 10
402.0418875620232
 20
-198.5858349055454
 10
402.0418875620232
 20
-201.5858349055454
  0
LWPOLYLINE
  5
2E7
330
17
100
AcDbEntity
  8
GIZLI
100
AcDbPolyline
 90
2
 70
0
 10
401.0418875620232
 20
-201.58583490554764
 10
402.0418875620232
 20
-201.5858349055454
  0
LWPOLYLINE
  5
2E8
330
17
100
AcDbEntity
  8
GIZLI
100
AcDbPolyline
 90
2
 70
0
 10
401.0418875620232
 20
-198.58583490554764
 10
402.0418875620232
 20
-198.5858349055454
  0
LWPOLYLINE
  5
2E9
330
17
100
AcDbEntity
  8
GIZLI
100
AcDbPolyline
 90
2
 70
0
 10
410.0418875620232
 20
-201.5858349055454
 10
410.0418875620232
 20
-198.5858349055454
  0
LWPOLYLINE
  5
2EA
330
17
100
AcDbEntity
  8
GIZLI
100
AcDbPolyline
 90
2
 70
0
 10
410.0418875620232
 20
-201.5858349055454
 10
413.0418875620232
 20
-201.58583490555216
  0
LWPOLYLINE
  5
2EB
330
17
100
AcDbEntity
  8
GIZLI
100
AcDbPolyline
 90
2
 70
0
 10
410.0418875620232
 20
-198.5858349055454
 10
413.0418875620232
 20
-198.58583490555216
  0
LWPOLYLINE
  5
2EC
330
17
100
AcDbEntity
  8
GIZLI
100
AcDbPolyline
 90
2
 70
0
 10
263.0418875620232
 20
-198.5858349055454
 10
410.0418875620232
 20
-198.5858349055454
  0
LWPOLYLINE
  5
2ED
330
17
100
AcDbEntity
  8
GIZLI
100
AcDbPolyline
 90
2
 70
0
 10
483.0418875620232
 20
-210.67510137944555
 10
483.0418875620232
 20
-207.686517285146
  0
LWPOLYLINE
  5
2EE
330
17
100
AcDbEntity
  8
GIZLI
100
AcDbPolyline
 90
2
 70
0
 10
483.0418875620232
 20
-207.68651728518648
 10
483.0418875620232
 20
-212.66749077564538
  0
LWPOLYLINE
  5
2EF
330
17
100
AcDbEntity
  8
GIZLI
100
AcDbPolyline
 90
2
 70
0
 10
413.0418875620232
 20
-198.5858349055454
 10
415.0418875620232
 20
-198.5858349055454
  0
LWPOLYLINE
  5
2F0
330
17
100
AcDbEntity
  8
GIZLI
100
AcDbPolyline
 90
2
 70
0
 10
415.0418875620232
 20
-198.5858349055454
 10
415.0418875620232
 20
-201.5858349055454
  0
LWPOLYLINE
  5
2F1
330
17
100
AcDbEntity
  8
GIZLI
100
AcDbPolyline
 90
2
 70
0
 10
413.0418875620232
 20
-201.5858349055454
 10
415.0418875620232
 20
-201.5858349055454
  0
LWPOLYLINE
  5
2F2
330
17
100
AcDbEntity
  8
GIZLI
100
AcDbPolyline
 90
2
 70
0
 10
483.0418875620232
 20
-204.26361995894803
 10
483.0418875620232
 20
-198.5858349055454
  0
LWPOLYLINE
  5
2F3
330
17
100
AcDbEntity
  8
GIZLI
100
AcDbPolyline
 90
2
 70
0
 10
415.0418875620232
 20
-212.66749077564538
 10
415.0418875620232
 20
-207.68651728518648
  0
LWPOLYLINE
  5
2F4
330
17
100
AcDbEntity
  8
GIZLI
100
AcDbPolyline
 90
2
 70
0
 10
483.0418875620232
 20
-207.33836869584437
 10
483.0418875620232
 20
-210.3269527901448
  0
LWPOLYLINE
  5
2F5
330
17
100
AcDbEntity
  8
GIZLI
100
AcDbPolyline
 90
2
 70
0
 10
483.0418875620232
 20
-207.68651728520757
 10
483.0418875620232
 20
-207.33836869588333
  0
LWPOLYLINE
  5
2F6
330
17
100
AcDbEntity
  8
GIZLI
100
AcDbPolyline
 90
2
 70
0
 10
415.0418875620232
 20
-198.5858349055454
 10
415.0418875620232
 20
-201.5858349055454
  0
LWPOLYLINE
  5
2F7
330
17
100
AcDbEntity
  8
GIZLI
100
AcDbPolyline
 90
2
 70
0
 10
415.0418875620232
 20
-201.5858349055454
 10
483.0418875620232
 20
-201.5858349055454
  0
LWPOLYLINE
  5
2F8
330
17
100
AcDbEntity
  8
GIZLI
100
AcDbPolyline
 90
2
 70
0
 10
415.0418875620232
 20
-210.67510137944487
 10
415.0418875620232
 20
-207.68651728514493
  0
LWPOLYLINE
  5
2F9
330
17
100
AcDbEntity
  8
GIZLI
100
AcDbPolyline
 90
2
 70
0
 10
415.0418875620232
 20
-198.5858349055454
 10
415.0418875620232
 20
-204.263619958948
  0
LWPOLYLINE
  5
2FA
330
17
100
AcDbEntity
  8
GIZLI
100
AcDbPolyline
 90
2
 70
0
 10
483.0418875620232
 20
-198.5858349055454
 10
415.0418875620232
 20
-198.5858349055454
  0
LWPOLYLINE
  5
2FB
330
17
100
AcDbEntity
  8
GIZLI
100
AcDbPolyline
 90
2
 70
0
 10
483.0418875620232
 20
-204.2636199589444
 10
483.0418875620232
 20
-204.33139846424538
  0
LWPOLYLINE
  5
2FC
330
17
100
AcDbEntity
  8
GIZLI
100
AcDbPolyline
 90
2
 70
0
 10
415.0418875620232
 20
-207.68651728520757
 10
415.0418875620232
 20
-207.33836869588333
  0
LWPOLYLINE
  5
2FD
330
17
100
AcDbEntity
  8
GIZLI
100
AcDbPolyline
 90
2
 70
0
 10
483.0418875620232
 20
-206.84027134684538
 10
483.0418875620232
 20
-207.33836869589123
  0
LWPOLYLINE
  5
2FE
330
17
100
AcDbEntity
  8
GIZLI
100
AcDbPolyline
 90
2
 70
0
 10
415.0418875620232
 20
-207.33836869584437
 10
415.0418875620232
 20
-210.3269527901448
  0
LWPOLYLINE
  5
2FF
330
17
100
AcDbEntity
  8
GIZLI
100
AcDbPolyline
 90
2
 70
0
 10
415.0418875620232
 20
-204.2636199589444
 10
415.0418875620232
 20
-204.33139846424538
  0
LWPOLYLINE
  5
300
330
17
100
AcDbEntity
  8
GIZLI
100
AcDbPolyline
 90
2
 70
0
 10
415.0418875620232
 20
-206.84027134684538
 10
415.0418875620232
 20
-207.33836869589123
  0
LWPOLYLINE
  5
301
330
17
100
AcDbEntity
  8
GIZLI
100
AcDbPolyline
 90
2
 70
0
 10
9.136111543680634
 20
-212.82348015492494
 10
9.115167762786688
 20
-209.8235532628005
  0
LWPOLYLINE
  5
302
330
17
100
AcDbEntity
  8
GIZLI
100
AcDbPolyline
 90
2
 70
0
 10
4.136233390153329
 20
-212.85838645636733
 10
4.1152896092597135
 20
-209.85845956429029
  0
LWPOLYLINE
  5
303
330
17
100
AcDbEntity
  8
GIZLI
100
AcDbPolyline
 90
2
 70
0
 10
14.680580347742689
 20
-260.88689797940384
 10
14.659636566848908
 20
-263.8868248715046
  0
LWPOLYLINE
  5
304
330
17
100
AcDbEntity
  8
GIZLI
100
AcDbPolyline
 90
2
 70
0
 10
4.136233390153494
 20
-260.81328335469976
 10
4.1152896092597135
 20
-263.8132102468005
  0
LWPOLYLINE
  5
305
330
17
100
AcDbEntity
  8
GIZLI
100
AcDbPolyline
 90
2
 70
0
 10
9.136111543680634
 20
-260.84818965616586
 10
9.115167762786688
 20
-263.8481165482903
  0
LWPOLYLINE
  5
306
330
17
100
AcDbEntity
  8
GIZLI
100
AcDbPolyline
 90
2
 70
0
 10
47.67977616109121
 20
-261.1172795691855
 10
47.65883238019743
 20
-264.11720646128623
  0
LWPOLYLINE
  5
307
330
17
100
AcDbEntity
  8
GIZLI
100
AcDbPolyline
 90
2
 70
0
 10
47.67977616109121
 20
-212.5543902419053
 10
47.65883238019743
 20
-209.55446334980456
  0
LWPOLYLINE
  5
308
330
17
100
AcDbEntity
  8
GIZLI
100
AcDbPolyline
 90
2
 70
0
 10
14.680580347742689
 20
-212.78477183168695
 10
14.659636566848908
 20
-209.7848449395862
  0
TEXT
  5
309
330
17
100
AcDbEntity
  8
YAZI
100
AcDbText
 10
0.0
 20
-189.99839903192697
 30
0.0
 40
13.954583294610684
  1
UST
 11
0.0
 21
-189.99839903192697
 31
0.0
100
AcDbText
  0
DIMENSION
  5
30A
330
17
100
AcDbEntity
  8
OLCU
100
AcDbDimension
280
0
  2
*D3
  3
PF_MM
 10
0.0
 20
-318.0230142735901
 30
0.0
 11
241.5209437810116
 21
-308.8988636578831
 31
0.0
 70
32
 71
5
  1
<>
100
AcDbAlignedDimension
 13
0.0
 23
-275.08583490555725
 33
0.0
 14
483.0418875620232
 24
-275.08583490555725
 34
0.0
 50
0.0
100
AcDbRotatedDimension
  0
DIMENSION
  5
319
330
17
100
AcDbEntity
  8
OLCU
100
AcDbDimension
280
0
  2
*D4
  3
PF_MM
 10
-42.93717936803287
 20
-275.08583490555725
 30
0.0
 11
-52.06132998373985
 21
-236.8358349055454
 31
0.0
 70
32
 71
5
  1
<>
100
AcDbAlignedDimension
 13
0.0
 23
-275.08583490555725
 33
0.0
 14
0.0
 24
-198.58583490553355
 34
0.0
 50
90.0
100
AcDbRotatedDimension
  0
LWPOLYLINE
  5
328
330
17
100
AcDbEntity
  8
GORUNEN
100
AcDbPolyline
 90
4
 70
0
 10
687.3732860262511
 20
12.0
 10
687.2147020900371
 20
11.996405459207335
 10
687.0564438889246
 20
11.985629220099918
 10
686.8988364889478
 20
11.967693417324071
  0
LWPOLYLINE
  5
329
330
17
100
AcDbEntity
  8
GORUNEN
100
AcDbPolyline
 90
2
 70
0
 10
689.8821589088511
 20
12.000000000000007
 10
687.3732860262511
 20
12.000000000000007
  0
LWPOLYLINE
  5
32A
330
17
100
AcDbEntity
  8
GORUNEN
100
AcDbPolyline
 90
2
 70
0
 10
689.8821589088511
 20
9.000000000000007
 10
687.3732860262511
 20
9.000000000000007
  0
LWPOLYLINE
  5
32B
330
17
100
AcDbEntity
  8
GORUNEN
100
AcDbPolyline
 90
4
 70
0
 10
687.3732860262511
 20
9.0
 10
687.35063117823
 20
8.999486494172904
 10
687.3280228637947
 20
8.997947031444554
 10
687.3055075209502
 20
8.995384773907276
  0
LWPOLYLINE
  5
32C
330
17
100
AcDbEntity
  8
GORUNEN
100
AcDbPolyline
 90
36
 70
0
 10
684.6277224675512
 20
13.949232512900004
 10
684.6301000131169
 20
13.8517413361707
 10
684.6372269970913
 20
13.754481949156329
 10
684.649086474745
 20
13.657685590481213
 10
684.6656502496296
 20
13.561582397898702
 10
684.6868789406157
 20
13.466400861128172
 10
684.7127220755231
 20
13.372367278610312
 10
684.7431182111208
 20
13.279705219472271
 10
684.7779950792117
 20
13.188634991981866
 10
684.8172697584525
 20
13.099373119754635
 10
684.8608488715039
 20
13.012131826959084
 10
684.9086288070388
 20
12.92711853374405
 10
684.9604959660833
 20
12.844535363087843
 10
685.0163270321034
 20
12.764578660241664
 10
685.0759892641958
 20
12.687438525909817
 10
685.1393408126851
 20
12.613298364276622
 10
685.206231056378
 20
12.542334446954614
 10
685.2765009606723
 20
12.474715493890752
 10
685.3499834556685
 20
12.410602272227049
 10
685.4265038333867
 20
12.35014721406938
 10
685.5058801631421
 20
12.293494054073197
 10
685.5879237240937
 20
12.240777487707827
 10
685.6724394539372
 20
12.192122851011883
 10
685.7592264126737
 20
12.147645822601087
 10
685.8480782603542
 20
12.107452148637117
 10
685.9387837476626
 20
12.071637391411278
 10
686.0311272181694
 20
12.040286702140797
 10
686.124889121066
 20
12.013474618517938
 10
686.2198465331558
 20
11.991264887493221
 10
686.3157736888647
 20
11.973710313714164
 10
686.4124425170093
 20
11.960852633979814
 10
686.5096231830455
 20
11.952722418009607
 10
686.607084635512
 20
11.949338995762472
 10
686.7045951553646
 20
11.95071041147897
 10
686.8019229068991
 20
11.956833404555747
 10
686.8988364889515
 20
11.967693417297761
  0
LWPOLYLINE
  5
32D
330
17
100
AcDbEntity
  8
GORUNEN
100
AcDbPolyline
 90
36
 70
0
 10
681.6277224675512
 20
13.949232512900005
 10
681.6336663314654
 20
13.705504571079576
 10
681.6514837914008
 20
13.462356103546458
 10
681.6811324855345
 20
13.220365206861437
 10
681.7225419227451
 20
12.980107225407867
 10
681.775613650209
 20
12.742153383484169
 10
681.8402214874759
 20
12.507069427192052
 10
681.9162118264687
 20
12.275414279349361
 10
682.0034039966938
 20
12.047738710625621
 10
682.1015906947937
 20
11.824584030059665
 10
682.2105384774196
 20
11.606480798072736
 10
682.3299883162542
 20
11.393947565036907
 10
682.4596562138627
 20
11.187489638397945
 10
682.59923387891
 20
10.987597881283833
 10
682.7483894591378
 20
10.794747545455314
 10
682.9067683303575
 20
10.609397141373178
 10
683.0739939395863
 20
10.431987348068752
 10
683.2496687003184
 20
10.262939965409414
 10
683.4333749378054
 20
10.102656911250198
 10
683.6246758820971
 20
9.95151926585578
 10
683.8231167064816
 20
9.809886365864768
 10
684.0282256088568
 20
9.678094949950498
 10
684.2395149334615
 20
9.556458358209472
 10
684.4564823302986
 20
9.445265787181008
 10
684.6786119494963
 20
9.344781602269293
 10
684.9053756677631
 20
9.255244709202586
 10
685.1362343440264
 20
9.176867986023964
 10
685.3706391012641
 20
9.10983777696407
 10
685.608032631485
 20
9.054313449399228
 10
685.8478505207539
 20
9.010427014948224
 10
686.0895225911119
 20
8.97828281560868
 10
686.3324742561995
 20
8.957957275679199
 10
686.5761278873626
 20
8.949498720057111
 10
686.8199041869913
 20
8.952927259343827
 10
687.063223565825
 20
8.968234742030972
 10
687.3055075209537
 20
8.995384773880966
  0
LWPOLYLINE
  5
32E
330
17
100
AcDbEntity
  8
GORUNEN
100
AcDbPolyline
 90
31
 70
0
 10
690.380256257897
 20
8.54357787137402
 10
690.3774932671962
 20
8.568145971581929
 10
690.3735192322043
 20
8.592547461522532
 10
690.3683438690499
 20
8.61672268192812
 10
690.3619798309923
 20
8.640612526737975
 10
690.3544426774849
 20
8.664158587606932
 10
690.3457508361345
 20
8.6873032967081
 10
690.3359255576471
 20
8.70999006748059
 10
690.3249908638722
 20
8.732163432978155
 10
690.3129734890719
 20
8.75376918148047
 10
690.2999028145575
 20
8.774754489035512
 10
690.2858107968563
 20
8.795068048608982
 10
690.2707318895796
 20
8.814660195525011
 10
690.254702959188
 20
8.833483028891452
 10
690.2377631948561
 20
8.851490528712908
 10
690.219954012659
 20
8.868638668405131
 10
690.2013189543133
 20
8.884885522435745
 10
690.1819035807229
 20
8.900191368828088
 10
690.1617553605864
 20
8.914518786277569
 10
690.1409235543409
 20
8.927832745643135
 10
690.1194590937249
 20
8.940100695590091
 10
690.0974144572552
 20
8.95129264217496
 10
690.0748435419223
 20
8.961381222177748
 10
690.0518015314171
 20
8.970341770002348
 10
690.0283447612125
 20
8.978152377981536
 10
690.0045305808283
 20
8.984793949939073
 10
689.9804172136176
 20
8.990250247878002
 10
689.9560636144159
 20
8.994507931680968
 10
689.931529325403
 20
8.99755659172551
 10
689.9068743305272
 20
8.99938877433457
 10
689.8821589088511
 20
9.000000000000007
  0
LWPOLYLINE
  5
32F
330
17
100
AcDbEntity
  8
GORUNEN
100
AcDbPolyline
 90
31
 70
0
 10
693.3688403521718
 20
8.805045099621815
 10
693.3494994172664
 20
8.977021801077047
 10
693.3216811723228
 20
9.147832230661116
 10
693.2854536302419
 20
9.317058773500072
 10
693.2409053638381
 20
9.48428768716889
 10
693.1881452892864
 20
9.649110113251425
 10
693.1273023998334
 20
9.811123076959424
 10
693.0585254504215
 20
9.969930472366686
 10
692.9819825939975
 20
10.12514403084947
 10
692.8978609703947
 20
10.276384270365503
 10
692.8063662487946
 20
10.423281423250629
 10
692.7077221248855
 20
10.565476340264754
 10
692.6021697739486
 20
10.702621368676784
 10
692.4899672612077
 20
10.834381202241708
 10
692.3713889108848
 20
10.960433700991732
 10
692.246724635504
 20
11.080470678837141
 10
692.1162792270845
 20
11.194198657051295
 10
691.9803716119521
 20
11.301339581797539
 10
691.8393340709971
 20
11.401631503943781
 10
691.6935114272786
 20
11.494829219502613
 10
691.5432602029664
 20
11.580704869131196
 10
691.3889477476788
 20
11.659048495225171
 10
691.2309513403485
 20
11.729668555244576
 10
691.0696572668122
 20
11.79239239001669
 10
690.9054598753797
 20
11.847066645870928
 10
690.7387606126905
 20
11.893557649573621
 10
690.5699670422154
 20
11.931751735146069
 10
690.3994918478043
 20
11.961555521766792
 10
690.2277518247137
 20
11.982896142078552
 10
690.0551668605833
 20
11.995721420341946
 10
689.8821589088511
 20
12.000000000000007
  0
LWPOLYLINE
  5
330
330
17
100
AcDbEntity
  8
GORUNEN
100
AcDbPolyline
 90
2
 70
0
 10
690.7284048472134
 20
4.564221286265448
 10
690.3802562578891
 20
8.543577871373326
  0
LWPOLYLINE
  5
331
330
17
100
AcDbEntity
  8
GORUNEN
100
AcDbPolyline
 90
2
 70
0
 10
693.7169889414141
 20
4.8256885144967665
 10
693.3688403520889
 20
8.805045099614569
  0
LWPOLYLINE
  5
332
330
17
100
AcDbEntity
  8
GORUNEN
100
AcDbPolyline
 90
31
 70
0
 10
695.7093783376512
 20
7.105427357601002e-15
 10
695.4622241208906
 20
0.006112256654397186
 10
695.2156741721326
 20
0.024434082745004915
 10
694.9703312820029
 20
0.05492068319045096
 10
694.7267952899867
 20
0.09749752122016098
 10
694.4856616178793
 20
0.1520605006095046
 10
694.2475198140371
 20
0.21847622018494128
 10
694.0129521119904
 20
0.29658229997689745
 10
693.7825320069385
 20
0.38618777822299144
 10
693.5568228536091
 20
0.48707357825095077
 10
693.3363764889124
 20
0.5989930440997542
 10
693.121731882752
 20
0.7216725435694444
 10
692.9134138202968
 20
0.8548121372252266
 10
692.7119316189322
 20
0.9980863117201855
 10
692.5177778830288
 20
1.151144775643738
 10
692.3314272995722
 20
1.313613315950033
 10
692.1533354775997
 20
1.4850947128724243
 10
691.9839378342812
 20
1.6651697110871342
 10
691.8236485303655
 20
1.853398044751712
 10
691.6728594575986
 20
2.0493195139121614
 10
691.5319392805858
 20
2.252455109647039
 10
691.4012325354429
 20
2.4623081851976347
 10
691.281058787439
 20
2.678365670220957
 10
691.1717118496905
 20
2.9000993251967806
 10
691.0734590648167
 20
3.126967032921854
 10
690.9865406513126
 20
3.3584141239336933
 10
690.911169116239
 20
3.5938747326234286
 10
690.8475287356623
 20
3.8327731807221355
 10
690.7957751041188
 20
4.074525384778167
 10
690.7560347541996
 20
4.318540284184343
 10
690.7284048471922
 20
4.5642212862636
  0
LWPOLYLINE
  5
333
330
17
100
AcDbEntity
  8
GORUNEN
100
AcDbPolyline
 90
31
 70
0
 10
695.7093783376512
 20
3.000000000000007
 10
695.610516650947
 20
3.0024449026617566
 10
695.511896671444
 20
3.0097736330979794
 10
695.4137595153923
 20
3.0219682732761255
 10
695.3163451185859
 20
3.0389990084879637
 10
695.219891649743
 20
3.060824200243643
 10
695.1246349282063
 20
3.087390488073747
 10
695.0308078473878
 20
3.1186329199904472
 10
694.9386398053671
 20
3.1544751112887903
 10
694.8483561440354
 20
3.194829431299868
 10
694.7601775981568
 20
3.2395972176392736
 10
694.6743197556927
 20
3.288669017427024
 10
694.5909925307108
 20
3.341924854889201
 10
694.510399650165
 20
3.3992345246870403
 10
694.4327381558037
 20
3.460457910256309
 10
694.358197922421
 20
3.5254453263786676
 10
694.2869611936321
 20
3.5940378851474577
 10
694.2192021363047
 20
3.66606788443317
 10
694.1550864147384
 20
3.7413592178988253
 10
694.0947707856317
 20
3.8197278055628265
 10
694.0384027148265
 20
3.9009820438565965
 10
693.9861200167693
 20
3.9849232740766523
 10
693.9380505175676
 20
4.071346268085797
 10
693.8943117424682
 20
4.160039730075944
 10
693.8550106285186
 20
4.250786813165791
 10
693.8202432631168
 20
4.343365649570347
 10
693.7900946490872
 20
4.437549893046065
 10
693.7646384968565
 20
4.533109272285376
 10
693.7439370442389
 20
4.629810153907623
 10
693.7280409042711
 20
4.727416113669934
 10
693.7169889414679
 20
4.825688514501477
  0
LWPOLYLINE
  5
334
330
17
100
AcDbEntity
  8
GORUNEN
100
AcDbPolyline
 90
2
 70
0
 10
695.7093783376512
 20
7.105427357601002e-15
 10
744.0460665974512
 20
7.105427357601002e-15
  0
LWPOLYLINE
  5
335
330
17
100
AcDbEntity
  8
GORUNEN
100
AcDbPolyline
 90
2
 70
0
 10
695.7093783376512
 20
3.000000000000007
 10
744.0460665974512
 20
3.000000000000007
  0
LWPOLYLINE
  5
336
330
17
100
AcDbEntity
  8
GORUNEN
100
AcDbPolyline
 90
2
 70
0
 10
687.6277224675512
 20
3.000000000000007
 10
691.1268026426953
 20
3.000000000000007
  0
LWPOLYLINE
  5
337
330
17
100
AcDbEntity
  8
GORUNEN
100
AcDbPolyline
 90
2
 70
0
 10
748.628642292407
 20
3.000000000000007
 10
752.1277224675512
 20
3.000000000000007
  0
LWPOLYLINE
  5
338
330
17
100
AcDbEntity
  8
GORUNEN
100
AcDbPolyline
 90
35
 70
0
 10
742.6277224675512
 20
3.000000000000007
 10
742.7688371775782
 20
3.0033208933839246
 10
742.9096394696674
 20
3.013276221313766
 10
743.0498176175516
 20
3.029843943401092
 10
743.1890612767753
 20
3.0529873798867926
 10
743.3270621717738
 20
3.0826552928474635
 10
743.4635147783745
 20
3.1187819996325272
 10
743.598117000205
 20
3.1612875182809543
 10
743.7305708375131
 20
3.2100777445956377
 10
743.8605830469179
 20
3.265044660483399
 10
743.9878657906283
 20
3.326066573099367
 10
744.112137273697
 20
3.3930083842662886
 10
744.2331223678932
 20
3.465721889572289
 10
744.3505532208176
 20
3.544046106484907
 10
744.4641698489087
 20
3.6278076307549787
 10
744.5737207130272
 20
3.71682102032132
 10
744.6789632753467
 20
3.810889205866272
 10
744.7796645363147
 20
3.9098039271131575
 10
744.8756015504969
 20
4.013346193899737
 10
744.9665619201627
 20
4.121286771006857
 10
745.0523442655191
 20
4.23338668566894
 10
745.1327586705505
 20
4.34939775664269
 10
745.20762710348
 20
4.469063143662736
 10
745.2767838109183
 20
4.592117916067721
 10
745.3400756848309
 20
4.71828963933795
 10
745.3973626015074
 20
4.84729897824606
 10
745.4485177317861
 20
4.978860315285354
 10
745.4934278218444
 20
5.112682383006666
 10
745.5319934439353
 20
5.2484689088637815
 10
745.5641292165125
 20
5.385919271139805
 10
745.5897639932596
 20
5.524729164502272
 10
745.6088410206029
 20
5.66459127371352
 10
745.6213180633598
 20
5.80519595400479
 10
745.6260661178046
 20
5.902546544957462
 10
745.6276493596673
 20
6.000000000010007
  0
LWPOLYLINE
  5
339
330
17
100
AcDbEntity
  8
GORUNEN
100
AcDbPolyline
 90
34
 70
0
 10
743.9656372139511
 20
5.93156046175001
 10
743.9591023457914
 20
5.790658746672959
 10
743.9459611588708
 20
5.650211879210923
 10
743.9262359797455
 20
5.510535859701636
 10
743.8999658699544
 20
5.371943383300945
 10
743.8672061484372
 20
5.234743373163679
 10
743.8280279139534
 20
5.09924051362451
 10
743.7825175675009
 20
4.965734783378812
 10
743.7307763347341
 20
4.8345209886635265
 10
743.6729197883827
 20
4.7058882964380215
 10
743.609077370671
 20
4.580119767564957
 10
743.5393919157351
 20
4.457491889991146
 10
743.4640191720428
 20
4.338274111928412
 10
743.3831273248111
 20
4.222728375034459
 10
743.2968965184257
 20
4.111108647593725
 10
743.205518378859
 20
4.003660457698254
 10
743.1091955360889
 20
3.9006204264285484
 10
743.0081411465172
 20
3.8022158010344365
 10
742.9025784153883
 20
3.7086639881159336
 10
742.7927401192081
 20
3.6201720868041023
 10
742.6788681281619
 20
3.5369364219419177
 10
742.5612129285332
 20
3.4591420772651267
 10
742.440033145123
 20
3.3869624285831117
 10
742.3155950636674
 20
3.3205586769597506
 10
742.1881721532566
 20
3.2600793818942826
 10
742.0580445887535
 20
3.2056599945021653
 10
741.9254987732122
 20
3.1574223906959413
 10
741.7908268602966
 20
3.1154744043660987
 10
741.6543262766992
 20
3.07990936056193
 10
741.5162992445591
 20
3.0508056086724
 10
741.3770523038812
 20
3.0282260556070035
 10
741.2368958349547
 20
3.0122176989766283
 10
741.1016535525825
 20
3.0030546790522314
 10
740.9661420250511
 20
3.000000000000007
  0
LWPOLYLINE
  5
33A
330
17
100
AcDbEntity
  8
GORUNEN
100
AcDbPolyline
 90
2
 70
0
 10
743.8608710470511
 20
6.0000000000100115
 10
743.9656372139511
 20
5.93156046175001
  0
LWPOLYLINE
  5
33B
330
17
100
AcDbEntity
  8
GORUNEN
100
AcDbPolyline
 90
2
 70
0
 10
743.8264403085511
 20
27.035028148000006
 10
743.8611020694511
 20
32.0
  0
LWPOLYLINE
  5
33C
330
17
100
AcDbEntity
  8
GORUNEN
100
AcDbPolyline
 90
2
 70
0
 10
743.8264403085716
 20
9.948893914760006
 10
743.826440308533
 20
27.035028148000006
  0
LWPOLYLINE
  5
33D
330
17
100
AcDbEntity
  8
GORUNEN
100
AcDbPolyline
 90
23
 70
0
 10
743.8603348658511
 20
6.000536520470014
 10
743.8603124632255
 20
6.0005587925166095
 10
743.8602900606876
 20
6.000583120622287
 10
743.8602676582468
 20
6.0006095048095
 10
743.8602452559126
 20
6.0006379450997125
 10
743.8602228536942
 20
6.000668441513397
 10
743.860200451601
 20
6.000700994070038
 10
743.8601705823545
 20
6.000747595955315
 10
743.860136979766
 20
6.000804392470261
 10
743.86010337754
 20
6.000865815454069
 10
743.8600697757083
 20
6.000931864955541
 10
743.860024973934
 20
6.001027127837753
 10
743.859974572936
 20
6.001144130134146
 10
743.8599241730976
 20
6.001271542410911
 10
743.8598569753013
 20
6.001457618882399
 10
743.8597813807861
 20
6.001689076428966
 10
743.8596805936503
 20
6.002034121984172
 10
743.8595672166826
 20
6.002472071400429
 10
743.8594160635189
 20
6.00313798157899
 10
743.859189374169
 20
6.004312504215263
 10
743.8588494502246
 20
6.006469469152752
 10
743.8379709939386
 20
7.189339685444733
 10
743.8264403085511
 20
9.948893914760014
  0
LWPOLYLINE
  5
33E
330
17
100
AcDbEntity
  8
GORUNEN
100
AcDbPolyline
 90
2
 70
0
 10
743.8603348658756
 20
6.0000000000100115
 10
743.8608710470702
 20
6.0000000000100115
  0
LWPOLYLINE
  5
33F
330
17
100
AcDbEntity
  8
GORUNEN
100
AcDbPolyline
 90
2
 70
0
 10
745.6276493596805
 20
6.000000000010008
 10
745.6276493596218
 20
32.00000000000001
  0
LWPOLYLINE
  5
340
330
17
100
AcDbEntity
  8
GORUNEN
100
AcDbPolyline
 90
2
 70
0
 10
743.8611020693868
 20
32.0
 10
745.6276493595853
 20
32.0
  0
LWPOLYLINE
  5
341
330
17
100
AcDbEntity
  8
GORUNEN
100
AcDbPolyline
 90
2
 70
0
 10
743.8900767928511
 20
15.221018963900015
 10
743.8726240684111
 20
12.738471943440933
  0
LWPOLYLINE
  5
342
330
17
100
AcDbEntity
  8
GORUNEN
100
AcDbPolyline
 90
23
 70
0
 10
743.8726240684111
 20
12.738471943440933
 10
743.872618991417
 20
12.738472062988437
 10
743.8726139144266
 20
12.738472393514105
 10
743.8726088374402
 20
12.738472935015743
 10
743.8726037604583
 20
12.738473687491151
 10
743.8725986834814
 20
12.738474650938098
 10
743.87259360651
 20
12.738475825354332
 10
743.8725885295444
 20
12.738477210737582
 10
743.8725834525851
 20
12.738478807085558
 10
743.8725783756324
 20
12.73848061439594
 10
743.872573298687
 20
12.738482632666395
 10
743.8725682217492
 20
12.738484861894564
 10
743.8725631448194
 20
12.738487302078065
 10
743.8725580678982
 20
12.738489953214497
 10
743.8725529909859
 20
12.738492815301436
 10
743.8725479140829
 20
12.738495888336438
 10
743.8725428371898
 20
12.738499172317034
 10
743.872537760307
 20
12.738502667240738
 10
743.8725309911465
 20
12.738507655268387
 10
743.8725233758651
 20
12.738513715040769
 10
743.8725157606104
 20
12.738520249413215
 10
743.8725089915191
 20
12.738526456166873
 10
743.8725022224511
 20
12.738533037900012
  0
LWPOLYLINE
  5
343
330
17
100
AcDbEntity
  8
GORUNEN
100
AcDbPolyline
 90
22
 70
0
 10
743.8725022224511
 20
12.738533037900012
 10
743.8724905123336
 20
12.738545309441076
 10
743.8724788022575
 20
12.738558703235052
 10
743.8724670922284
 20
12.738573219302992
 10
743.8724553822514
 20
12.73858885766534
 10
743.8724436723321
 20
12.738605618341918
 10
743.872431962476
 20
12.738623501351944
 10
743.872416349442
 20
12.738649091249393
 10
743.8723987849404
 20
12.738680264934734
 10
743.8723812206275
 20
12.7387139640231
 10
743.8723578018687
 20
12.73876282463907
 10
743.8723314562587
 20
12.738823159577729
 10
743.872305111231
 20
12.738889177103106
 10
743.8722699855392
 20
12.738986040290435
 10
743.8722304706857
 20
12.739107087528895
 10
743.8721777871142
 20
12.739288374531137
 10
743.8721185226216
 20
12.739519495145279
 10
743.8720395119224
 20
12.739872411742212
 10
743.871921017726
 20
12.74049769133755
 10
743.8717433366761
 20
12.741651383000788
 10
743.8599337421415
 20
13.522268586931505
 10
743.8551713420511
 20
15.255925265400009
  0
LWPOLYLINE
  5
344
330
17
100
AcDbEntity
  8
GORUNEN
100
AcDbPolyline
 90
2
 70
0
 10
743.8551713420511
 20
15.255925265400009
 10
743.8726240664897
 20
17.738472285859103
  0
LWPOLYLINE
  5
345
330
17
100
AcDbEntity
  8
GORUNEN
100
AcDbPolyline
 90
23
 70
0
 10
743.8726240664897
 20
17.738472285859103
 10
743.8726291434839
 20
17.73847216631165
 10
743.8726342204743
 20
17.738471835786036
 10
743.8726392974608
 20
17.738471294284444
 10
743.8726443744426
 20
17.73847054180908
 10
743.8726494514196
 20
17.738469578362174
 10
743.8726545283912
 20
17.738468403945973
 10
743.8726596053568
 20
17.738467018562748
 10
743.8726646823162
 20
17.738465422214794
 10
743.8726697592689
 20
17.738463614904433
 10
743.8726748362144
 20
17.73846159663399
 10
743.8726799131523
 20
17.738459367405827
 10
743.872684990082
 20
17.73845692722233
 10
743.8726900670034
 20
17.738454276085896
 10
743.8726951439157
 20
17.73845141399895
 10
743.8727002208188
 20
17.738448340963934
 10
743.872705297712
 20
17.738445056983316
 10
743.8727103745949
 20
17.73844156205959
 10
743.8727171437554
 20
17.7384365740319
 10
743.8727247590369
 20
17.738430514259466
 10
743.8727323742917
 20
17.738423979886953
 10
743.8727391433831
 20
17.73841777313323
 10
743.8727459124511
 20
17.73841119140001
  0
LWPOLYLINE
  5
346
330
17
100
AcDbEntity
  8
GORUNEN
100
AcDbPolyline
 90
22
 70
0
 10
743.8727459124511
 20
17.73841119140001
 10
743.8727576225687
 20
17.73839891985895
 10
743.8727693326448
 20
17.738385526064974
 10
743.872781042674
 20
17.73837100999703
 10
743.8727927526509
 20
17.738355371634686
 10
743.8728044625701
 20
17.738338610958106
 10
743.8728161724263
 20
17.738320727948082
 10
743.8728317854602
 20
17.73829513805063
 10
743.8728493499618
 20
17.73826396436529
 10
743.8728669142748
 20
17.738230265276922
 10
743.8728903330335
 20
17.738181404660956
 10
743.8729166786435
 20
17.738121069722297
 10
743.8729430236713
 20
17.73805505219692
 10
743.872978149363
 20
17.73795818900959
 10
743.8730176642164
 20
17.73783714177113
 10
743.8730703477879
 20
17.73765585476889
 10
743.8731296122805
 20
17.737424734154743
 10
743.8732086229796
 20
17.737071817557812
 10
743.8733271171758
 20
17.736446537962472
 10
743.8735047982256
 20
17.735292846299238
 10
743.8853143927134
 20
16.95467564236852
 10
743.8900767928511
 20
15.221018963900015
  0
LWPOLYLINE
  5
347
330
17
100
AcDbEntity
  8
GORUNEN
100
AcDbPolyline
 90
79
 70
0
 10
744.1277514598512
 20
26.000000000000007
 10
744.1277619376518
 20
25.999999749717617
 10
744.1277724154514
 20
25.999998998870055
 10
744.1277828932486
 20
25.99999774745678
 10
744.1277933710423
 20
25.999995995477313
 10
744.1278038488314
 20
25.99999374293122
 10
744.1278143266146
 20
25.999990989818148
 10
744.1278248043909
 20
25.999987736137783
 10
744.1278352821589
 20
25.999983981889876
 10
744.1278457599176
 20
25.999979727074244
 10
744.1278562376658
 20
25.999974971690758
 10
744.1278667154023
 20
25.999969715739343
 10
744.1278771931261
 20
25.999963959219986
 10
744.1278876708358
 20
25.99995770213274
 10
744.1278981485303
 20
25.999950944477707
 10
744.1279086262085
 20
25.999943686255055
 10
744.1279191038692
 20
25.999935927465
 10
744.1279295815112
 20
25.999927668107834
 10
744.1279400591334
 20
25.99991890818389
 10
744.1279540292634
 20
25.99990644962657
 10
744.1279697456116
 20
25.999891370047443
 10
744.127985461905
 20
25.99987516419725
 10
744.1280011781399
 20
25.999857832078156
 10
744.1280168943122
 20
25.999839373692623
 10
744.128032610418
 20
25.999819789043396
 10
744.1280535651154
 20
25.999791924217348
 10
744.1280771389886
 20
25.999758182994302
 10
744.1281007126782
 20
25.999721907707986
 10
744.128124286171
 20
25.999683098372806
 10
744.1281557171653
 20
25.999627410766475
 10
744.128191076548
 20
25.99955937744181
 10
744.1282264353731
 20
25.999485642663085
 10
744.1282735795281
 20
25.999378460825927
 10
744.1283266152898
 20
25.999245766075056
 10
744.1283796494098
 20
25.999100243788856
 10
744.1284503587548
 20
25.998886260750588
 10
744.1285299025111
 20
25.998618273268498
 10
744.1286359529888
 20
25.99821606606336
 10
744.1287552476468
 20
25.997702264093927
 10
744.1289142843337
 20
25.996916210694906
 10
744.1291527820905
 20
25.995520775871555
 10
744.1295103725943
 20
25.992940984739214
 10
744.1300463150922
 20
25.987977039015117
 10
744.1328282881115
 20
17.059154136111804
 10
744.1302982617267
 20
17.014812496580713
 10
744.1296624799575
 20
17.008333918772692
 10
744.129185112634
 20
17.0046884059815
 10
744.1288268630343
 20
17.00263740166277
 10
744.1286091549553
 20
17.001677452225028
 10
744.1284621780279
 20
17.0011517325591
 10
744.1283629595949
 20
17.000852576663316
 10
744.1282802728588
 20
17.000637578266726
 10
744.1282182553675
 20
17.000496792284366
 10
744.128166572723
 20
17.00039286927301
 10
744.1281235029871
 20
17.000315571548484
 10
744.1280876110022
 20
17.000257618520134
 10
744.1280606917227
 20
17.000218008801262
 10
744.128031255231
 20
17.0001784778067
 10
744.1280067246322
 20
17.000148553570803
 10
744.1279840109755
 20
17.000123292480882
 10
744.1279669756525
 20
17.00010589045586
 10
744.1279483474543
 20
17.0000883759657
 10
744.1279310990607
 20
17.000073569651217
 10
744.12791557546
 20
17.000061403815163
 10
744.1279000518191
 20
17.000050336782657
 10
744.1278860805111
 20
17.000041315931107
 10
744.1278735063111
 20
17.000033958141998
 10
744.1278609320914
 20
17.000027321278903
 10
744.1278483578542
 20
17.00002140534186
 10
744.1278357836015
 20
17.000016210330784
 10
744.1278244667625
 20
17.000012151212342
 10
744.1278142815992
 20
17.000008997282688
 10
744.1278040964291
 20
17.000006316352
 10
744.1277939112538
 20
17.000004108420004
 10
744.1277837260737
 20
17.000002373486364
 10
744.1277735408904
 20
17.000001111550695
 10
744.1277633557048
 20
17.00000032261256
 10
744.1277574077781
 20
17.000000080653127
 10
744.1277514598512
 20
17.000000000000007
  0
LWPOLYLINE
  5
348
330
17
100
AcDbEntity
  8
GORUNEN
100
AcDbPolyline
 90
2
 70
0
 10
743.9602012127855
 20
17.000000000000014
 10
744.127751459937
 20
17.000000000000014
  0
LWPOLYLINE
  5
349
330
17
100
AcDbEntity
  8
GORUNEN
100
AcDbPolyline
 90
79
 70
0
 10
743.9602012127511
 20
17.000000000000007
 10
743.9601907349504
 20
17.000000250282397
 10
743.9601802571509
 20
17.00000100112996
 10
743.9601697793537
 20
17.000002252543233
 10
743.9601593015599
 20
17.0000040045227
 10
743.9601488237709
 20
17.000006257068794
 10
743.9601383459876
 20
17.000009010181866
 10
743.9601278682114
 20
17.00001226386223
 10
743.9601173904434
 20
17.000016018110138
 10
743.9601069126846
 20
17.00002027292577
 10
743.9600964349365
 20
17.000025028309256
 10
743.9600859571999
 20
17.00003028426067
 10
743.9600754794762
 20
17.000036040780028
 10
743.9600650017666
 20
17.000042297867274
 10
743.960054524072
 20
17.000049055522307
 10
743.9600440463938
 20
17.00005631374496
 10
743.9600335687331
 20
17.000064072535015
 10
743.9600230910911
 20
17.00007233189218
 10
743.960012613469
 20
17.000081091816124
 10
743.959998643339
 20
17.000093550373442
 10
743.9599829269907
 20
17.00010862995257
 10
743.9599672106973
 20
17.000124835802765
 10
743.9599514944624
 20
17.000142167921858
 10
743.9599357782902
 20
17.00016062630739
 10
743.9599200621844
 20
17.000180210956618
 10
743.959899107487
 20
17.000208075782666
 10
743.9598755336139
 20
17.000241817005712
 10
743.9598519599242
 20
17.000278092292028
 10
743.9598283864316
 20
17.000316901627208
 10
743.9597969554372
 20
17.00037258923354
 10
743.9597615960546
 20
17.000440622558205
 10
743.9597262372296
 20
17.00051435733693
 10
743.9596790930747
 20
17.000621539174087
 10
743.959626057313
 20
17.000754233924958
 10
743.9595730231931
 20
17.000899756211158
 10
743.9595023138482
 20
17.001113739249426
 10
743.959422770092
 20
17.001381726731516
 10
743.9593167196145
 20
17.001783933936654
 10
743.959197424957
 20
17.002297735906083
 10
743.9590383882705
 20
17.0030837893051
 10
743.9587998905146
 20
17.004479224128453
 10
743.958442300012
 20
17.00705901526079
 10
743.9579063575165
 20
17.012022960984865
 10
743.95512438453
 20
25.94084586384796
 10
743.957654410908
 20
25.98518750340921
 10
743.9582901926723
 20
25.991666081221645
 10
743.9587675599907
 20
25.99531159401532
 10
743.9591258095858
 20
25.99736259833545
 10
743.9593435176618
 20
25.998322547773846
 10
743.9594904945869
 20
25.99884826744013
 10
743.9595897130183
 20
25.99914742333612
 10
743.9596723997531
 20
25.999362421732855
 10
743.9597344172433
 20
25.99950320771531
 10
743.959786099887
 20
25.999607130726737
 10
743.9598291696221
 20
25.999684428451317
 10
743.9598650616064
 20
25.999742381479706
 10
743.9598919808855
 20
25.999781991198606
 10
743.9599214173767
 20
25.999821522193194
 10
743.9599459479749
 20
25.999851446429112
 10
743.9599686616313
 20
25.99987670751905
 10
743.9599856969539
 20
25.999894109544083
 10
743.9600043251518
 20
25.999911624034258
 10
743.9600215735451
 20
25.99992643034875
 10
743.9600370971456
 20
25.99993859618481
 10
743.9600526207861
 20
25.999949663217322
 10
743.9600665920938
 20
25.99995868406888
 10
743.9600791662936
 20
25.999966041857995
 10
743.960091740513
 20
25.999972678721093
 10
743.96010431475
 20
25.999978594658142
 10
743.9601168890024
 20
25.999983789669223
 10
743.9601282058412
 20
25.999987848787665
 10
743.9601383910044
 20
25.999991002717323
 10
743.9601485761741
 20
25.99999368364801
 10
743.9601587613494
 20
25.99999589158001
 10
743.9601689465292
 20
25.99999762651365
 10
743.9601791317123
 20
25.99999888844932
 10
743.9601893168978
 20
25.999999677387457
 10
743.9601952648243
 20
25.999999919346887
 10
743.9602012127511
 20
26.000000000000007
  0
LWPOLYLINE
  5
34A
330
17
100
AcDbEntity
  8
GORUNEN
100
AcDbPolyline
 90
2
 70
0
 10
743.9602012126854
 20
26.000000000000014
 10
744.1277514598371
 20
26.000000000000014
  0
LWPOLYLINE
  5
34B
330
17
100
AcDbEntity
  8
GORUNEN
100
AcDbPolyline
 90
2
 70
0
 10
745.6276493596542
 20
32.0
 10
748.627576251755
 20
32.0
  0
LWPOLYLINE
  5
34C
330
17
100
AcDbEntity
  8
GORUNEN
100
AcDbPolyline
 90
2
 70
0
 10
748.6275762517674
 20
11.770811391345557
 10
748.6275762517218
 20
32.00000000000001
  0
LWPOLYLINE
  5
34D
330
17
100
AcDbEntity
  8
GORUNEN
100
AcDbPolyline
 90
2
 70
0
 10
695.795243722348
 20
25.99999999999663
 10
695.6276934752511
 20
25.99999999999701
  0
LWPOLYLINE
  5
34E
330
17
100
AcDbEntity
  8
GORUNEN
100
AcDbPolyline
 90
79
 70
0
 10
695.7952437223613
 20
26.000000000000014
 10
695.795254200162
 20
25.99999974971773
 10
695.7952646779617
 20
25.9999989988709
 10
695.7952751557589
 20
25.999997747459613
 10
695.7952856335527
 20
25.999995995484007
 10
695.7952961113417
 20
25.999993742944273
 10
695.7953065891251
 20
25.99999098984067
 10
695.7953170669014
 20
25.999987736173495
 10
695.7953275446695
 20
25.99998398194311
 10
695.7953380224283
 20
25.99997972714994
 10
695.7953485001765
 20
25.999974971794455
 10
695.7953589779132
 20
25.99996971587718
 10
695.795369455637
 20
25.99996395939871
 10
695.7953799333469
 20
25.999957702359673
 10
695.7953904110416
 20
25.999950944760773
 10
695.7954008887199
 20
25.99994368660276
 10
695.7954113663808
 20
25.999935927886437
 10
695.795421844023
 20
25.99992766861267
 10
695.7954323216455
 20
25.999918908782384
 10
695.7954462917759
 20
25.999906450366872
 10
695.7954620081246
 20
25.99989137097196
 10
695.7954777244187
 20
25.999875165333968
 10
695.7954934406541
 20
25.999857833456947
 10
695.795509156827
 20
25.99983937534524
 10
695.7955248729337
 20
25.99981979100346
 10
695.7955458276323
 20
25.999791926642825
 10
695.795569401507
 20
25.999758186024145
 10
695.7955929751985
 20
25.999721911433593
 10
695.7956165486931
 20
25.9996831028916
 10
695.7956479796906
 20
25.999627416504676
 10
695.7956833390773
 20
25.999559384788803
 10
695.795718697907
 20
25.999485651888453
 10
695.7957658420694
 20
25.999378473007972
 10
695.7958188778409
 20
25.99924578225143
 10
695.7958719119729
 20
25.999100264725534
 10
695.7959426213367
 20
25.99888628932766
 10
695.7960221651193
 20
25.998618312361586
 10
695.7961282156405
 20
25.99821612264546
 10
695.7962475103603
 20
25.99770234555378
 10
695.7964065471537
 20
25.996916334788068
 10
695.796645045127
 20
25.99552098649587
 10
695.7970026361015
 20
25.992941382341055
 10
695.7975385796792
 20
25.98797786166506
 10
695.8003205662998
 20
17.059148136830466
 10
695.7977905269349
 20
17.014811409524526
 10
695.7971547436737
 20
17.008333418904986
 10
695.7966773756614
 20
17.00468818137301
 10
695.7963191257529
 20
17.0026373024
 10
695.7961014175589
 20
17.001677400453783
 10
695.7959544405797
 20
17.001151702550573
 10
695.7958552221221
 20
17.000852557309706
 10
695.7957725353707
 20
17.00063756561983
 10
695.7957105178709
 20
17.000496783517818
 10
695.7956588352209
 20
17.000392863067862
 10
695.7956157654816
 20
17.00031556705723
 10
695.7955798734944
 20
17.000257615192503
 10
695.7955529542135
 20
17.00021800620205
 10
695.7955235177207
 20
17.000178475874275
 10
695.7954989871212
 20
17.000148552098892
 10
695.795476273464
 20
17.00012329136481
 10
695.7954592381407
 20
17.000105889565646
 10
695.7954406099424
 20
17.000088375285365
 10
695.7954233615486
 20
17.00007356913337
 10
695.7954078379479
 20
17.000061403419537
 10
695.795392314307
 20
17.000050336488442
 10
695.7953783429991
 20
17.00004131571194
 10
695.7953657687991
 20
17.00003395797843
 10
695.7953531945797
 20
17.000027321160676
 10
695.7953406203426
 20
17.000021405259744
 10
695.79532804609
 20
17.00001621027658
 10
695.7953167292511
 20
17.000012151177117
 10
695.7953065440879
 20
17.000008997260213
 10
695.7952963589181
 20
17.00000631633877
 10
695.7952861737429
 20
17.000004108413055
 10
695.795275988563
 20
17.000002373483312
 10
695.79526580338
 20
17.00000111154972
 10
695.7952556181945
 20
17.00000032261241
 10
695.7952496702678
 20
17.000000080653116
 10
695.795243722341
 20
17.000000000000014
  0
LWPOLYLINE
  5
34F
330
17
100
AcDbEntity
  8
GORUNEN
100
AcDbPolyline
 90
19
 70
0
 10
695.8826990226713
 20
17.73841119146645
 10
695.8827091762753
 20
17.738420922227547
 10
695.882719329917
 20
17.738429806846526
 10
695.8827284682241
 20
17.738437079549602
 10
695.8827366927221
 20
17.73844303898291
 10
695.8827449172389
 20
17.73844844325746
 10
695.8827523193185
 20
17.738452832442817
 10
695.8827589812007
 20
17.738456398232955
 10
695.8827656430918
 20
17.738459599781482
 10
695.8827723049911
 20
17.73846243708793
 10
695.8827789668974
 20
17.738464910151883
 10
695.8827856288099
 20
17.73846701897299
 10
695.8827916245355
 20
17.73846860548409
 10
695.8827970206914
 20
17.738469781087325
 10
695.8828024168497
 20
17.73847071771036
 10
695.8828078130098
 20
17.738471415353104
 10
695.8828132091711
 20
17.738471874015488
 10
695.8828170384143
 20
17.73847205452889
 10
695.8828208676575
 20
17.73847211470001
  0
LWPOLYLINE
  5
350
330
17
100
AcDbEntity
  8
GORUNEN
100
AcDbPolyline
 90
44
 70
0
 10
695.8828208676575
 20
17.73847211470001
 10
695.8828266968452
 20
17.73847197526285
 10
695.8828325260322
 20
17.73847155695146
 10
695.8828383552178
 20
17.738470859765883
 10
695.8828441844016
 20
17.738469883706195
 10
695.8828500135827
 20
17.738468628772512
 10
695.8828558427606
 20
17.738467094964967
 10
695.8828616719346
 20
17.738465282283737
 10
695.882867501104
 20
17.73846319072902
 10
695.8828733302682
 20
17.738460820301054
 10
695.8828791594266
 20
17.738458171000097
 10
695.8828849885786
 20
17.738455242826447
 10
695.8828908177233
 20
17.73845203578043
 10
695.8828966468601
 20
17.738448549862408
 10
695.8829024759887
 20
17.738444785072765
 10
695.882908305108
 20
17.738440741411925
 10
695.8829141342176
 20
17.738436418880333
 10
695.8829199633168
 20
17.738431817478478
 10
695.882925792405
 20
17.73842693720687
 10
695.8829335645041
 20
17.738419996381612
 10
695.882942308089
 20
17.73841159535785
 10
695.8829510516433
 20
17.73840256688223
 10
695.882959795165
 20
17.73839291095701
 10
695.8829685386518
 20
17.73838262758462
 10
695.8829772821016
 20
17.738371716767645
 10
695.8829889399731
 20
17.73835619299151
 10
695.8830020549887
 20
17.73833739543809
 10
695.8830151699019
 20
17.73831718615992
 10
695.8830282847055
 20
17.73829556516842
 10
695.8830457709267
 20
17.738264541202447
 10
695.8830654426548
 20
17.738226639414826
 10
695.8830851140722
 20
17.738185561387436
 10
695.8831113421021
 20
17.738125849957633
 10
695.8831408478484
 20
17.738051925369508
 10
695.8831703526799
 20
17.737970854742343
 10
695.8832096908866
 20
17.7378516449156
 10
695.8832539439969
 20
17.73770234977979
 10
695.8833129437614
 20
17.737478282148306
 10
695.8833793117366
 20
17.737192047069662
 10
695.8834677896315
 20
17.7367541454457
 10
695.8836004745526
 20
17.735976770413885
 10
695.8837994149096
 20
17.73453962454775
 10
695.8954614284337
 20
16.962298311365704
 10
695.9002735930751
 20
15.255925265400094
  0
LWPOLYLINE
  5
351
330
17
100
AcDbEntity
  8
GORUNEN
100
AcDbPolyline
 90
2
 70
0
 10
681.6277224676511
 20
32.00000000000338
 10
684.6277224676511
 20
31.999999999996618
  0
LWPOLYLINE
  5
352
330
17
100
AcDbEntity
  8
GORUNEN
100
AcDbPolyline
 90
2
 70
0
 10
681.6277224675715
 20
32.00000000000001
 10
681.6277224675308
 20
13.949232512900007
  0
LWPOLYLINE
  5
353
330
17
100
AcDbEntity
  8
GORUNEN
100
AcDbPolyline
 90
2
 70
0
 10
684.6277224675308
 20
13.949232512900007
 10
684.6277224675715
 20
32.00000000000001
  0
LWPOLYLINE
  5
354
330
17
100
AcDbEntity
  8
GORUNEN
100
AcDbPolyline
 90
2
 70
0
 10
695.9002735930751
 20
15.255925265400094
 10
695.8829427126309
 20
12.73853303793356
  0
LWPOLYLINE
  5
355
330
17
100
AcDbEntity
  8
GORUNEN
100
AcDbPolyline
 90
2
 70
0
 10
681.6277224675578
 20
13.94923251290339
 10
681.6277224675512
 20
11.000000000000007
  0
LWPOLYLINE
  5
356
330
17
100
AcDbEntity
  8
GORUNEN
100
AcDbPolyline
 90
2
 70
0
 10
684.6277224675531
 20
9.366656817943312
 10
684.6277224675455
 20
6.000000000010005
  0
LWPOLYLINE
  5
357
330
17
100
AcDbEntity
  8
GORUNEN
100
AcDbPolyline
 90
2
 70
0
 10
681.6277224675567
 20
11.000000000000005
 10
681.6277224675455
 20
6.000000000020005
  0
LWPOLYLINE
  5
358
330
17
100
AcDbEntity
  8
GORUNEN
100
AcDbPolyline
 90
19
 70
0
 10
695.8829427126309
 20
12.73853303793356
 10
695.8829325590272
 20
12.73852330717258
 10
695.8829224053854
 20
12.738514422553695
 10
695.8829132670786
 20
12.738507149850683
 10
695.8829050425805
 20
12.738501190417422
 10
695.882896818064
 20
12.738495786142906
 10
695.8828894159844
 20
12.738491396957563
 10
695.8828827541024
 20
12.738487831167433
 10
695.8828760922113
 20
12.738484629618904
 10
695.8828694303121
 20
12.738481792312445
 10
695.8828627684059
 20
12.738479319248468
 10
695.8828561064935
 20
12.738477210427334
 10
695.882850110768
 20
12.738475623916198
 10
695.882844714612
 20
12.738474448312926
 10
695.8828393184538
 20
12.73847351168985
 10
695.8828339222938
 20
12.738472814047059
 10
695.8828285261326
 20
12.73847235538462
 10
695.8828246968895
 20
12.738472174871173
 10
695.8828208676463
 20
12.73847211470001
  0
LWPOLYLINE
  5
359
330
17
100
AcDbEntity
  8
GORUNEN
100
AcDbPolyline
 90
44
 70
0
 10
695.8828208676463
 20
12.73847211470001
 10
695.8828150384586
 20
12.738472254137097
 10
695.8828092092716
 20
12.738472672448419
 10
695.8828033800859
 20
12.738473369633926
 10
695.8827975509022
 20
12.73847434569354
 10
695.882791721721
 20
12.738475600627153
 10
695.8827858925432
 20
12.738477134434625
 10
695.8827800633692
 20
12.738478947115784
 10
695.8827742341997
 20
12.73848103867043
 10
695.8827684050356
 20
12.738483409098329
 10
695.8827625758771
 20
12.738486058399214
 10
695.8827567467252
 20
12.738488986572793
 10
695.8827509175806
 20
12.738492193618738
 10
695.8827450884436
 20
12.73849567953669
 10
695.8827392593151
 20
12.738499444326262
 10
695.8827334301958
 20
12.738503487987032
 10
695.8827276010861
 20
12.738507810518552
 10
695.882721771987
 20
12.738512411920336
 10
695.8827159428988
 20
12.738517292191874
 10
695.8827081707996
 20
12.738524233017039
 10
695.8826994272148
 20
12.738532634040695
 10
695.8826906836604
 20
12.738541662516212
 10
695.8826819401387
 20
12.738551318441322
 10
695.8826731966519
 20
12.738561601813604
 10
695.8826644532022
 20
12.738572512630478
 10
695.8826527953306
 20
12.73858803640647
 10
695.882639680315
 20
12.738606833959732
 10
695.8826265654018
 20
12.738627043237742
 10
695.8826134505982
 20
12.738648664229085
 10
695.8825959643771
 20
12.738679688194848
 10
695.8825762926489
 20
12.738717589982233
 10
695.8825566212315
 20
12.738758668009384
 10
695.8825303932017
 20
12.738818379438872
 10
695.8825008874553
 20
12.738892304026644
 10
695.8824713826237
 20
12.738973374653453
 10
695.8824320444171
 20
12.739092584479724
 10
695.8823877913069
 20
12.739241879615003
 10
695.8823287915424
 20
12.739465947245783
 10
695.8822624235671
 20
12.739752182323636
 10
695.8821739456722
 20
12.740190083946548
 10
695.8820412607511
 20
12.740967458976796
 10
695.8818423203941
 20
12.74240460484059
 10
695.8701803068693
 20
13.514645917922685
 10
695.8653681422272
 20
15.22101896389993
  0
LWPOLYLINE
  5
35A
330
17
100
AcDbEntity
  8
GORUNEN
100
AcDbPolyline
 90
2
 70
0
 10
695.929004626538
 20
9.948893914694622
 10
695.8951100692612
 20
6.00053652041257
  0
LWPOLYLINE
  5
35B
330
17
100
AcDbEntity
  8
GORUNEN
100
AcDbPolyline
 90
2
 70
0
 10
694.127795575517
 20
32.0
 10
695.8943428657154
 20
32.0
  0
LWPOLYLINE
  5
35C
330
17
100
AcDbEntity
  8
GORUNEN
100
AcDbPolyline
 90
2
 70
0
 10
694.1277955754218
 20
6.000000000010008
 10
694.1277955754805
 20
32.00000000000001
  0
LWPOLYLINE
  5
35D
330
17
100
AcDbEntity
  8
GORUNEN
100
AcDbPolyline
 90
2
 70
0
 10
695.894573888032
 20
6.0000000000100115
 10
695.8951100692196
 20
6.0000000000100115
  0
LWPOLYLINE
  5
35E
330
17
100
AcDbEntity
  8
GORUNEN
100
AcDbPolyline
 90
2
 70
0
 10
695.9290046265307
 20
9.948893914760014
 10
695.9290046265693
 20
27.035028148000013
  0
LWPOLYLINE
  5
35F
330
17
100
AcDbEntity
  8
GORUNEN
100
AcDbPolyline
 90
22
 70
0
 10
695.8943428656511
 20
32.0
 10
695.8943665396789
 20
31.999975178565784
 10
695.8943902136203
 20
31.999948063522545
 10
695.8944138874642
 20
31.999918654828008
 10
695.8944375611993
 20
31.9998869524412
 10
695.8944612348143
 20
31.999852956322407
 10
695.8944849082983
 20
31.99981666643322
 10
695.8945164727204
 20
31.999764711762985
 10
695.8945519823598
 20
31.999701388313035
 10
695.8945874916077
 20
31.99963290357521
 10
695.8946348365976
 20
31.99953356173608
 10
695.8946880986881
 20
31.999410833907177
 10
695.8947413595728
 20
31.99927649233148
 10
695.8948123719902
 20
31.99907930393196
 10
695.8948922577518
 20
31.998832786496457
 10
695.8949987661006
 20
31.99846344532606
 10
695.8951185786319
 20
31.99799240282048
 10
695.8952783108391
 20
31.997272877818123
 10
695.8955178639736
 20
31.995997588871916
 10
695.8958770691679
 20
31.99364368319193
 10
695.9193176452123
 20
30.456979806587253
 10
695.9290046265511
 20
27.035028148000006
  0
LWPOLYLINE
  5
360
330
17
100
AcDbEntity
  8
GORUNEN
100
AcDbPolyline
 90
2
 70
0
 10
695.8653681422511
 20
15.221018963900008
 10
695.8826990226512
 20
17.73841119140001
  0
LWPOLYLINE
  5
361
330
17
100
AcDbEntity
  8
GORUNEN
100
AcDbPolyline
 90
2
 70
0
 10
695.6276934751652
 20
17.000000000000007
 10
695.7952437223169
 20
17.000000000000007
  0
LWPOLYLINE
  5
362
330
17
100
AcDbEntity
  8
GORUNEN
100
AcDbPolyline
 90
79
 70
0
 10
695.6276934752511
 20
17.000000000000007
 10
695.6276829974502
 20
17.000000250282397
 10
695.6276725196504
 20
17.00000100112996
 10
695.627662041853
 20
17.000002252543233
 10
695.6276515640591
 20
17.0000040045227
 10
695.6276410862698
 20
17.000006257068794
 10
695.6276306084864
 20
17.000009010181866
 10
695.6276201307099
 20
17.00001226386223
 10
695.6276096529417
 20
17.000016018110138
 10
695.6275991751828
 20
17.00002027292577
 10
695.6275886974344
 20
17.000025028309256
 10
695.6275782196976
 20
17.00003028426067
 10
695.6275677419737
 20
17.000036040780028
 10
695.6275572642638
 20
17.000042297867274
 10
695.627546786569
 20
17.000049055522307
 10
695.6275363088907
 20
17.00005631374496
 10
695.6275258312298
 20
17.000064072535015
 10
695.6275153535876
 20
17.00007233189218
 10
695.6275048759652
 20
17.000081091816124
 10
695.627490905835
 20
17.000093550373442
 10
695.6274751894864
 20
17.00010862995257
 10
695.6274594731926
 20
17.000124835802765
 10
695.6274437569575
 20
17.000142167921858
 10
695.6274280407849
 20
17.00016062630739
 10
695.6274123246789
 20
17.000180210956618
 10
695.6273913699811
 20
17.000208075782666
 10
695.6273677961074
 20
17.000241817005712
 10
695.6273442224174
 20
17.000278092292028
 10
695.6273206489242
 20
17.000316901627208
 10
695.6272892179293
 20
17.00037258923354
 10
695.6272538585459
 20
17.000440622558205
 10
695.6272184997204
 20
17.00051435733693
 10
695.6271713555645
 20
17.000621539174087
 10
695.627118319802
 20
17.000754233924958
 10
695.627065285681
 20
17.000899756211158
 10
695.6269945763349
 20
17.001113739249426
 10
695.6269150325772
 20
17.001381726731516
 10
695.6268089820979
 20
17.001783933936654
 10
695.6266896874382
 20
17.002297735906087
 10
695.6265306507491
 20
17.003083789305105
 10
695.6262921529893
 20
17.004479224128456
 10
695.6259345624815
 20
17.007059015260793
 10
695.6253986199787
 20
17.012022960984883
 10
695.62261664703
 20
25.940845863847958
 10
695.625146673408
 20
25.985187503409207
 10
695.6257824551723
 20
25.99166608122164
 10
695.6262598224907
 20
25.995311594015316
 10
695.6266180720858
 20
25.997362598335446
 10
695.6268357801617
 20
25.998322547773842
 10
695.626982757087
 20
25.99884826744013
 10
695.6270819755183
 20
25.99914742333612
 10
695.6271646622531
 20
25.999362421732855
 10
695.6272266797433
 20
25.999503207715307
 10
695.627278362387
 20
25.999607130726737
 10
695.6273214321221
 20
25.999684428451314
 10
695.6273573241064
 20
25.999742381479702
 10
695.6273842433854
 20
25.999781991198603
 10
695.6274136798767
 20
25.999821522193194
 10
695.6274382104749
 20
25.999851446429112
 10
695.6274609241312
 20
25.99987670751905
 10
695.6274779594539
 20
25.999894109544083
 10
695.6274965876518
 20
25.999911624034254
 10
695.6275138360451
 20
25.999926430348747
 10
695.6275293596456
 20
25.99993859618481
 10
695.6275448832861
 20
25.999949663217322
 10
695.6275588545938
 20
25.99995868406888
 10
695.6275714287937
 20
25.999966041857995
 10
695.627584003013
 20
25.999972678721093
 10
695.62759657725
 20
25.99997859465814
 10
695.6276091515024
 20
25.99998378966922
 10
695.6276204683412
 20
25.99998784878766
 10
695.6276306535044
 20
25.999991002717323
 10
695.6276408386741
 20
25.99999368364801
 10
695.6276510238494
 20
25.999995891580006
 10
695.6276612090292
 20
25.999997626513647
 10
695.6276713942123
 20
25.999998888449316
 10
695.6276815793977
 20
25.999999677387454
 10
695.6276875273243
 20
25.999999919346887
 10
695.6276934752511
 20
26.000000000000007
  0
LWPOLYLINE
  5
363
330
17
100
AcDbEntity
  8
GORUNEN
100
AcDbPolyline
 90
2
 70
0
 10
695.6276934752652
 20
26.000000000000007
 10
695.7952437224168
 20
26.000000000000007
  0
LWPOLYLINE
  5
364
330
17
100
AcDbEntity
  8
GORUNEN
100
AcDbPolyline
 90
2
 70
0
 10
691.1278686833348
 20
11.770811391345557
 10
691.1278686833805
 20
32.00000000000001
  0
LWPOLYLINE
  5
365
330
17
100
AcDbEntity
  8
GORUNEN
100
AcDbPolyline
 90
2
 70
0
 10
695.8945738880511
 20
6.0000000000100115
 10
695.7898077211512
 20
5.93156046175001
  0
LWPOLYLINE
  5
366
330
17
100
AcDbEntity
  8
GORUNEN
100
AcDbPolyline
 90
34
 70
0
 10
695.7898077211512
 20
5.93156046175001
 10
695.7963425973611
 20
5.790658745975758
 10
695.8094838053795
 20
5.650211877667076
 10
695.829209014519
 20
5.5105358587095665
 10
695.8554791596796
 20
5.3719433854078025
 10
695.8882389188968
 20
5.234743381699856
 10
695.92741719089
 20
5.099240532371823
 10
695.9729275726097
 20
4.965734816272351
 10
696.024668836786
 20
4.834521039527167
 10
696.0825254094764
 20
4.705888368753603
 10
696.1463678476135
 20
4.580119864275121
 10
696.2160533165537
 20
4.457492013335845
 10
696.2914260676239
 20
4.338274263315083
 10
696.3723179156708
 20
4.222728554941858
 10
696.458548716608
 20
4.111108855509431
 10
696.549926844964
 20
4.003660692089831
 10
696.6462496714306
 20
3.9006206847483784
 10
696.7473040404104
 20
3.8022160797582156
 10
696.8528667475651
 20
3.708664282814833
 10
696.9627050173632
 20
3.6201723922505935
 10
697.0765769806279
 20
3.536936732249262
 10
697.1942321520854
 20
3.459142386060531
 10
697.3154119079124
 20
3.3869627292145483
 10
697.4398499632846
 20
3.3205589627364427
 10
697.567272849924
 20
3.260079646360853
 10
697.6974003936474
 20
3.2056602317464518
 10
697.8299461919139
 20
3.157422595690475
 10
697.9646180913734
 20
3.115474573343248
 10
698.1011186654141
 20
3.079909491422711
 10
698.2391456917104
 20
3.0508057014289496
 10
698.3783926297713
 20
3.028226112858717
 10
698.5185490984879
 20
3.0122177264199648
 10
698.6537913818258
 20
3.003054686599246
 10
698.7893029100511
 20
3.000000000000007
  0
LWPOLYLINE
  5
367
330
17
100
AcDbEntity
  8
GORUNEN
100
AcDbPolyline
 90
35
 70
0
 10
697.1277224675512
 20
3.000000000000007
 10
696.9866077575241
 20
3.0033208933839246
 10
696.845805465435
 20
3.0132762213137654
 10
696.7056273175506
 20
3.0298439434010915
 10
696.5663836583269
 20
3.0529873798867926
 10
696.4283827633284
 20
3.0826552928474635
 10
696.2919301567277
 20
3.1187819996325272
 10
696.1573279348974
 20
3.1612875182809543
 10
696.0248740975891
 20
3.2100777445956377
 10
695.8948618881844
 20
3.265044660483399
 10
695.7675791444739
 20
3.3260665730993675
 10
695.6433076614053
 20
3.3930083842662886
 10
695.5223225672091
 20
3.4657218895722885
 10
695.4048917142846
 20
3.5440461064849065
 10
695.2912750861937
 20
3.6278076307549783
 10
695.1817242220751
 20
3.7168210203213206
 10
695.0764816597555
 20
3.8108892058662716
 10
694.9757803987875
 20
3.909803927113157
 10
694.8798433846055
 20
4.013346193899736
 10
694.7888830149395
 20
4.121286771006857
 10
694.7031006695831
 20
4.233386685668939
 10
694.6226862645517
 20
4.34939775664269
 10
694.5478178316223
 20
4.469063143662736
 10
694.4786611241839
 20
4.59211791606772
 10
694.4153692502714
 20
4.71828963933795
 10
694.3580823335949
 20
4.84729897824606
 10
694.3069272033163
 20
4.978860315285354
 10
694.2620171132578
 20
5.112682383006666
 10
694.223451491167
 20
5.2484689088637815
 10
694.1913157185899
 20
5.385919271139805
 10
694.1656809418428
 20
5.524729164502271
 10
694.1466039144995
 20
5.66459127371352
 10
694.1341268717424
 20
5.80519595400479
 10
694.1293788172976
 20
5.902546544957462
 10
694.1277955754349
 20
6.000000000010007
  0
LWPOLYLINE
  5
368
330
17
100
AcDbEntity
  8
GORUNEN
100
AcDbPolyline
 90
2
 70
0
 10
691.1278686833473
 20
32.00000000000339
 10
694.127795575448
 20
31.999999999996618
  0
LWPOLYLINE
  5
369
330
17
100
AcDbEntity
  8
GORUNEN
100
AcDbPolyline
 90
33
 70
0
 10
687.6277224675512
 20
3.000000000000007
 10
687.4805194445686
 20
3.003613631384505
 10
687.3336710465618
 20
3.014445819983478
 10
687.1875310441841
 20
3.0324704701058014
 10
687.0424515015015
 20
3.0576441587905596
 10
686.8987819278399
 20
3.089906240416755
 10
686.7568684357859
 20
3.129178992803925
 10
686.6170529073725
 20
3.1753678044516818
 10
686.4796721704536
 20
3.2283614024671037
 10
686.3450571872578
 20
3.28803212063088
 10
686.2135322570704
 20
3.3542362069564153
 10
686.0854142349685
 20
3.4268141700009584
 10
685.9610117684892
 20
3.505591163094455
 10
685.8406245540706
 20
3.590377405560493
 10
685.7245426150569
 20
3.680968639914572
 10
685.6130456030066
 20
3.777146623938278
 10
685.506402123988
 20
3.8786796564439006
 10
685.4048690914827
 20
3.985323135462889
 10
685.3086911074594
 20
4.096820147513419
 10
685.2180998731056
 20
4.212902086527476
 10
685.13331363064
 20
4.3332893009463955
 10
685.0545366375469
 20
4.457691767425969
 10
684.9819586745028
 20
4.585809789528074
 10
684.9157545881777
 20
4.717334719715653
 10
684.8560838700145
 20
4.851949702911661
 10
684.8030902719994
 20
4.989330439830695
 10
684.7569014603522
 20
5.129145968244386
 10
684.7176287079654
 20
5.27105946029839
 10
684.6853666263397
 20
5.414729033960192
 10
684.6601929376554
 20
5.559808576642873
 10
684.6421682875337
 20
5.7059485790206415
 10
684.6313360989351
 20
5.852796977027413
 10
684.6277224675512
 20
6.000000000010006
  0
LWPOLYLINE
  5
36A
330
17
100
AcDbEntity
  8
GORUNEN
100
AcDbPolyline
 90
33
 70
0
 10
687.6277224675512
 20
7.105427357601002e-15
 10
687.333316421586
 20
0.0072272627690033175
 10
687.0396196255725
 20
0.028891639966948546
 10
686.7473396208171
 20
0.06494094021159569
 10
686.4571805354519
 20
0.11528831758111213
 10
686.1698413881285
 20
0.17981248083350287
 10
685.8860144040208
 20
0.2583579856078426
 10
685.6063833471937
 20
0.3507356089033564
 10
685.331621873356
 20
0.45672280493420025
 10
685.0623919069643
 20
0.5760642412617525
 10
684.7993420465897
 20
0.7084724139128236
 10
684.5431060023859
 20
0.8536283400019098
 10
684.2943010694273
 20
1.0111823261889032
 10
684.05352664059
 20
1.1807548111209787
 10
683.8213627625626
 20
1.361937279829137
 10
683.5983687384621
 20
1.554293247876549
 10
683.3850817804248
 20
1.757359312887794
 10
683.1820157154142
 20
1.970646270925771
 10
682.9896597473676
 20
2.1936402950268317
 10
682.8084772786602
 20
2.425804173054945
 10
682.6389047937289
 20
2.6665786018927844
 10
682.4813508075428
 20
2.9153835348519292
 10
682.3361948814545
 20
3.1716195790561406
 10
682.2037867088044
 20
3.4346694394312998
 10
682.0844452724776
 20
3.703899405823315
 10
681.9784580764477
 20
3.978660879661384
 10
681.8860804531532
 20
4.2582919364887655
 10
681.8075349483797
 20
4.542118920596773
 10
681.7430107851284
 20
4.8294580679203785
 10
681.6926634077598
 20
5.11961715328574
 10
681.6566141075161
 20
5.411897158041275
 10
681.6349497303191
 20
5.70559395405482
 10
681.6277224675512
 20
6.000000000020006
  0
LWPOLYLINE
  5
36B
330
17
100
AcDbEntity
  8
GORUNEN
100
AcDbPolyline
 90
2
 70
0
 10
744.1277514961702
 20
25.999999999996998
 10
743.9602012127542
 20
25.99999999999662
  0
LWPOLYLINE
  5
36C
330
17
100
AcDbEntity
  8
GORUNEN
100
AcDbPolyline
 90
33
 70
0
 10
752.1277224675512
 20
1.4210854715202004e-14
 10
752.422128513516
 20
0.007227262768995324
 10
752.7158253095291
 20
0.02889163996689348
 10
753.0081053142842
 20
0.06494094021146601
 10
753.2982643996492
 20
0.11528831758087499
 10
753.5856035469723
 20
0.17981248083312984
 10
753.8694305310797
 20
0.2583579856073053
 10
754.1490615879065
 20
0.35073560890262634
 10
754.423823061744
 20
0.4567228049332499
 10
754.6930530281354
 20
0.576064241260557
 10
754.9561028885099
 20
0.7084724139113572
 10
755.2123389327135
 20
0.8536283400001485
 10
755.4611438656718
 20
1.0111823261868258
 10
755.701918294509
 20
1.1807548111185646
 10
755.9340821725364
 20
1.3619372798263676
 10
756.1570761966367
 20
1.5542932478734075
 10
756.3703631546739
 20
1.7573593128842644
 10
756.5734292196845
 20
1.97064627092184
 10
756.7657851877311
 20
2.1936402950224902
 10
756.9469676564386
 20
2.4258041730501843
 10
757.1165401413699
 20
2.6665786018875988
 10
757.2740941275562
 20
2.915383534846314
 10
757.4192500536445
 20
3.1716195790500925
 10
757.5516582262949
 20
3.4346694394248196
 10
757.6709996626217
 20
3.703899405816405
 10
757.7769868586519
 20
3.9786608796540497
 10
757.8693644819467
 20
4.258291936481015
 10
757.9479099867204
 20
4.5421189205886146
 10
758.0124341499723
 20
4.829458067911825
 10
758.0627815273411
 20
5.119617153276806
 10
758.0988308275853
 20
5.411897158031978
 10
758.1204952047826
 20
5.705593954045179
 10
758.1277224675512
 20
6.000000000010014
  0
LWPOLYLINE
  5
36D
330
17
100
AcDbEntity
  8
GORUNEN
100
AcDbPolyline
 90
33
 70
0
 10
752.1277224675512
 20
3.000000000000014
 10
752.2749254905337
 20
3.0036136313845123
 10
752.4217738885404
 20
3.014445819983485
 10
752.5679138909181
 20
3.0324704701058085
 10
752.7129934336008
 20
3.0576441587905667
 10
752.8566630072625
 20
3.089906240416762
 10
752.9985764993163
 20
3.129178992803932
 10
753.1383920277299
 20
3.175367804451689
 10
753.2757727646488
 20
3.228361402467111
 10
753.4103877478445
 20
3.2880321206308865
 10
753.5419126780318
 20
3.354236206956422
 10
753.6700307001338
 20
3.4268141700009656
 10
753.7944331666131
 20
3.5055911630944623
 10
753.9148203810317
 20
3.5903774055605
 10
754.0309023200455
 20
3.680968639914579
 10
754.1423993320957
 20
3.777146623938285
 10
754.2490428111144
 20
3.8786796564439077
 10
754.3505758436196
 20
3.9853231354628957
 10
754.446753827643
 20
4.0968201475134265
 10
754.5373450619966
 20
4.2129020865274835
 10
754.6221313044623
 20
4.333289300946404
 10
754.7009082975553
 20
4.457691767425979
 10
754.7734862605994
 20
4.585809789528085
 10
754.8396903469245
 20
4.717334719715666
 10
754.8993610650879
 20
4.851949702911675
 10
754.9523546631028
 20
4.989330439830711
 10
754.9985434747501
 20
5.129145968244403
 10
755.0378162271368
 20
5.271059460298408
 10
755.0700783087625
 20
5.414729033960213
 10
755.0952519974468
 20
5.559808576642895
 10
755.1132766475687
 20
5.705948579020664
 10
755.1241088361671
 20
5.852796977027438
 10
755.1277224675512
 20
6.000000000010014
  0
LWPOLYLINE
  5
36E
330
17
100
AcDbEntity
  8
GORUNEN
100
AcDbPolyline
 90
2
 70
0
 10
745.8946778707511
 20
1.4210854715202004e-14
 10
752.1277224675512
 20
1.4210854715202004e-14
  0
LWPOLYLINE
  5
36F
330
17
100
AcDbEntity
  8
GORUNEN
100
AcDbPolyline
 90
2
 70
0
 10
745.8946778707511
 20
1.4210854715202004e-14
 10
744.0460665974512
 20
1.4210854715202004e-14
  0
LWPOLYLINE
  5
370
330
17
100
AcDbEntity
  8
GORUNEN
100
AcDbPolyline
 90
2
 70
0
 10
687.6277224675512
 20
1.4210854715202004e-14
 10
693.8607670643512
 20
1.4210854715202004e-14
  0
LWPOLYLINE
  5
371
330
17
100
AcDbEntity
  8
GORUNEN
100
AcDbPolyline
 90
2
 70
0
 10
695.7093783376512
 20
1.4210854715202004e-14
 10
693.8607670643512
 20
1.4210854715202004e-14
  0
LWPOLYLINE
  5
372
330
17
100
AcDbEntity
  8
GORUNEN
100
AcDbPolyline
 90
2
 70
0
 10
755.1277224674511
 20
31.999999999996625
 10
758.1277224674511
 20
32.00000000000339
  0
LWPOLYLINE
  5
373
330
17
100
AcDbEntity
  8
GORUNEN
100
AcDbPolyline
 90
2
 70
0
 10
758.1277224675512
 20
11.000000000000007
 10
758.1277224675445
 20
13.9492243578187
  0
LWPOLYLINE
  5
374
330
17
100
AcDbEntity
  8
GORUNEN
100
AcDbPolyline
 90
2
 70
0
 10
758.1277224675455
 20
11.000000000000012
 10
758.1277224675567
 20
6.000000000010012
  0
LWPOLYLINE
  5
375
330
17
100
AcDbEntity
  8
GORUNEN
100
AcDbPolyline
 90
2
 70
0
 10
755.1277224675491
 20
9.366656817943309
 10
755.1277224675567
 20
6.000000000010012
  0
LWPOLYLINE
  5
376
330
17
100
AcDbEntity
  8
GORUNEN
100
AcDbPolyline
 90
2
 70
0
 10
755.1277224675715
 20
13.949232512900007
 10
755.1277224675308
 20
32.00000000000001
  0
LWPOLYLINE
  5
377
330
17
100
AcDbEntity
  8
GORUNEN
100
AcDbPolyline
 90
2
 70
0
 10
758.1277224675308
 20
32.00000000000001
 10
758.1277224675715
 20
13.949232512900007
  0
LWPOLYLINE
  5
378
330
17
100
AcDbEntity
  8
GORUNEN
100
AcDbPolyline
 90
31
 70
0
 10
746.0384559936343
 20
4.8256885145014765
 10
746.0274040308312
 20
4.727416113669928
 10
746.0115078908634
 20
4.629810153907619
 10
745.9908064382458
 20
4.533109272285373
 10
745.9653502860151
 20
4.4375498930460635
 10
745.9352016719855
 20
4.343365649570346
 10
745.9004343065837
 20
4.25078681316579
 10
745.8611331926342
 20
4.160039730075944
 10
745.8173944175346
 20
4.071346268085799
 10
745.769324918333
 20
3.984923274076654
 10
745.7170422202759
 20
3.900982043856599
 10
745.6606741494707
 20
3.81972780556283
 10
745.6003585203639
 20
3.7413592178988293
 10
745.5362427987976
 20
3.6660678844331738
 10
745.4684837414702
 20
3.5940378851474613
 10
745.3972470126813
 20
3.5254453263786707
 10
745.3227067792986
 20
3.460457910256312
 10
745.2450452849373
 20
3.399234524687043
 10
745.1644524043916
 20
3.3419248548892035
 10
745.0811251794096
 20
3.288669017427026
 10
744.9952673369455
 20
3.239597217639276
 10
744.9070887910668
 20
3.194829431299871
 10
744.8168051297353
 20
3.154475111288792
 10
744.7246370877145
 20
3.118632919990449
 10
744.630810006896
 20
3.0873904880737486
 10
744.5355532853592
 20
3.060824200243644
 10
744.4390998165164
 20
3.0389990084879646
 10
744.3416854197101
 20
3.0219682732761264
 10
744.2435482636583
 20
3.0097736330979803
 10
744.1449282841552
 20
3.0024449026617566
 10
744.0460665974512
 20
3.000000000000007
  0
LWPOLYLINE
  5
379
330
17
100
AcDbEntity
  8
GORUNEN
100
AcDbPolyline
 90
31
 70
0
 10
749.02704008791
 20
4.564221286263603
 10
748.9994101809027
 20
4.3185402841843485
 10
748.9596698309836
 20
4.0745253847781715
 10
748.9079161994399
 20
3.8327731807221386
 10
748.8442758188634
 20
3.593874732623431
 10
748.7689042837897
 20
3.358414123933694
 10
748.6819858702856
 20
3.126967032921854
 10
748.5837330854117
 20
2.9000993251967797
 10
748.4743861476634
 20
2.678365670220954
 10
748.3542123996594
 20
2.46230818519763
 10
748.2235056545165
 20
2.252455109647032
 10
748.0825854775037
 20
2.0493195139121534
 10
747.9317964047367
 20
1.8533980447517027
 10
747.771507100821
 20
1.6651697110871249
 10
747.6021094575026
 20
1.4850947128724155
 10
747.4240176355302
 20
1.313613315950025
 10
747.2376670520734
 20
1.15114477564373
 10
747.04351331617
 20
0.9980863117201784
 10
746.8420311148055
 20
0.8548121372252195
 10
746.6337130523503
 20
0.7216725435694382
 10
746.4190684461898
 20
0.598993044099748
 10
746.1986220814931
 20
0.4870735782509463
 10
745.9729129281639
 20
0.386187778222987
 10
745.7424928231118
 20
0.2965822999768939
 10
745.5079251210652
 20
0.21847622018493773
 10
745.2697833172231
 20
0.15206050060950194
 10
745.0286496451156
 20
0.09749752122015831
 10
744.7851136530994
 20
0.05492068319044918
 10
744.5397707629697
 20
0.02443408274500314
 10
744.2932208142116
 20
0.006112256654397186
 10
744.0460665974512
 20
7.105427357601002e-15
  0
LWPOLYLINE
  5
37A
330
17
100
AcDbEntity
  8
GORUNEN
100
AcDbPolyline
 90
36
 70
0
 10
752.4499374141485
 20
8.995384773880968
 10
752.6922213692771
 20
8.968234742030978
 10
752.935540748111
 20
8.95292725934383
 10
753.1793170477396
 20
8.949498720057111
 10
753.4229706789029
 20
8.957957275679195
 10
753.6659223439904
 20
8.978282815608672
 10
753.9075944143483
 20
9.010427014948213
 10
754.1474123036173
 20
9.054313449399217
 10
754.3848058338381
 20
9.109837776964056
 10
754.6192105910758
 20
9.176867986023945
 10
754.8500692673391
 20
9.255244709202564
 10
755.076832985606
 20
9.34478160226927
 10
755.2989626048036
 20
9.445265787180983
 10
755.5159300016408
 20
9.556458358209444
 10
755.7272193262454
 20
9.678094949950468
 10
755.9323282286207
 20
9.809886365864735
 10
756.1307690530051
 20
9.951519265855742
 10
756.3220699972968
 20
10.102656911250161
 10
756.5057762347839
 20
10.262939965409373
 10
756.6814509955159
 20
10.43198734806871
 10
756.8486766047447
 20
10.609397141373133
 10
757.0070554759644
 20
10.794747545455266
 10
757.1562110561922
 20
10.987597881283785
 10
757.2957887212397
 20
11.187489638397896
 10
757.4254566188481
 20
11.393947565036857
 10
757.5449064576826
 20
11.606480798072683
 10
757.6538542403085
 20
11.824584030059611
 10
757.7520409384084
 20
12.047738710625564
 10
757.8392331086336
 20
12.275414279349304
 10
757.9152234476263
 20
12.507069427191993
 10
757.9798312848932
 20
12.74215338348411
 10
758.0329030123571
 20
12.980107225407806
 10
758.0743124495679
 20
13.220365206861379
 10
758.1039611437016
 20
13.462356103546398
 10
758.1217786036369
 20
13.705504571079516
 10
758.1277224675512
 20
13.949232512900002
  0
LWPOLYLINE
  5
37B
330
17
100
AcDbEntity
  8
GORUNEN
100
AcDbPolyline
 90
36
 70
0
 10
752.8566084461509
 20
11.967693417297761
 10
752.9535220282032
 20
11.956833404555747
 10
753.0508497797377
 20
11.95071041147897
 10
753.1483602995903
 20
11.949338995762472
 10
753.2458217520568
 20
11.952722418009607
 10
753.3430024180931
 20
11.960852633979815
 10
753.4396712462376
 20
11.973710313714166
 10
753.5355984019466
 20
11.991264887493223
 10
753.6305558140364
 20
12.01347461851794
 10
753.7243177169329
 20
12.0402867021408
 10
753.8166611874398
 20
12.07163739141128
 10
753.907366674748
 20
12.10745214863712
 10
753.9962185224286
 20
12.14764582260109
 10
754.0830054811652
 20
12.192122851011886
 10
754.1675212110085
 20
12.240777487707833
 10
754.2495647719602
 20
12.293494054073202
 10
754.3289411017156
 20
12.350147214069386
 10
754.4054614794337
 20
12.410602272227056
 10
754.4789439744301
 20
12.474715493890757
 10
754.5492138787243
 20
12.542334446954621
 10
754.6161041224173
 20
12.613298364276629
 10
754.6794556709065
 20
12.687438525909824
 10
754.7391179029988
 20
12.764578660241673
 10
754.7949489690191
 20
12.844535363087852
 10
754.8468161280636
 20
12.927118533744059
 10
754.8945960635984
 20
13.012131826959093
 10
754.9381751766498
 20
13.099373119754643
 10
754.9774498558907
 20
13.188634991981875
 10
755.0123267239815
 20
13.27970521947228
 10
755.0427228595793
 20
13.372367278610321
 10
755.0685659944866
 20
13.46640086112818
 10
755.0897946854726
 20
13.561582397898711
 10
755.1063584603573
 20
13.657685590481224
 10
755.1182179380111
 20
13.75448194915634
 10
755.1253449219854
 20
13.851741336170711
 10
755.1277224675512
 20
13.949232512900004
  0
LWPOLYLINE
  5
37C
330
17
100
AcDbEntity
  8
GORUNEN
100
AcDbPolyline
 90
2
 70
0
 10
746.0384559936882
 20
4.8256885144967665
 10
746.3866045830133
 20
8.805045099614569
  0
LWPOLYLINE
  5
37D
330
17
100
AcDbEntity
  8
GORUNEN
100
AcDbPolyline
 90
2
 70
0
 10
749.027040087889
 20
4.564221286265448
 10
749.3751886772133
 20
8.543577871373326
  0
LWPOLYLINE
  5
37E
330
17
100
AcDbEntity
  8
GORUNEN
100
AcDbPolyline
 90
4
 70
0
 10
752.4499374141521
 20
8.995384773907283
 10
752.4274220713075
 20
8.99794703144456
 10
752.4048137568723
 20
8.999486494172912
 10
752.3821589088511
 20
9.000000000000007
  0
LWPOLYLINE
  5
37F
330
17
100
AcDbEntity
  8
GORUNEN
100
AcDbPolyline
 90
4
 70
0
 10
752.8566084461545
 20
11.967693417324078
 10
752.6990010461777
 20
11.985629220099925
 10
752.5407428450652
 20
11.996405459207342
 10
752.3821589088511
 20
12.000000000000007
  0
LWPOLYLINE
  5
380
330
17
100
AcDbEntity
  8
GORUNEN
100
AcDbPolyline
 90
31
 70
0
 10
749.8732860262512
 20
9.000000000000007
 10
749.8485706045751
 20
8.99938877433457
 10
749.8239156096993
 20
8.997556591725509
 10
749.7993813206864
 20
8.994507931680968
 10
749.7750277214848
 20
8.990250247878002
 10
749.7509143542741
 20
8.984793949939073
 10
749.7271001738898
 20
8.978152377981536
 10
749.7036434036852
 20
8.970341770002348
 10
749.6806013931799
 20
8.961381222177748
 10
749.6580304778471
 20
8.95129264217496
 10
749.6359858413774
 20
8.940100695590091
 10
749.6145213807613
 20
8.927832745643133
 10
749.5936895745158
 20
8.914518786277569
 10
749.5735413543794
 20
8.900191368828086
 10
749.5541259807891
 20
8.884885522435745
 10
749.5354909224434
 20
8.868638668405131
 10
749.5176817402462
 20
8.851490528712906
 10
749.5007419759143
 20
8.833483028891452
 10
749.4847130455228
 20
8.814660195525011
 10
749.4696341382461
 20
8.795068048608982
 10
749.4555421205448
 20
8.774754489035512
 10
749.4424714460305
 20
8.75376918148047
 10
749.4304540712301
 20
8.732163432978155
 10
749.4195193774552
 20
8.70999006748059
 10
749.4096940989679
 20
8.6873032967081
 10
749.4010022576174
 20
8.664158587606932
 10
749.39346510411
 20
8.640612526737975
 10
749.3871010660523
 20
8.61672268192812
 10
749.381925702898
 20
8.592547461522534
 10
749.377951667906
 20
8.56814597158193
 10
749.3751886772053
 20
8.54357787137402
  0
LWPOLYLINE
  5
381
330
17
100
AcDbEntity
  8
GORUNEN
100
AcDbPolyline
 90
31
 70
0
 10
749.8732860262512
 20
12.000000000000007
 10
749.700278074519
 20
11.995721420341944
 10
749.5276931103886
 20
11.982896142078552
 10
749.355953087298
 20
11.96155552176679
 10
749.1854778928869
 20
11.931751735146065
 10
749.0166843224118
 20
11.893557649573617
 10
748.8499850597225
 20
11.847066645870925
 10
748.6857876682901
 20
11.792392390016685
 10
748.5244935947538
 20
11.729668555244569
 10
748.3664971874234
 20
11.659048495225166
 10
748.2121847321359
 20
11.580704869131187
 10
748.0619335078237
 20
11.494829219502604
 10
747.9161108641052
 20
11.401631503943772
 10
747.7750733231501
 20
11.30133958179753
 10
747.6391657080178
 20
11.194198657051285
 10
747.5087202995982
 20
11.08047067883713
 10
747.3840560242176
 20
10.960433700991722
 10
747.2654776738946
 20
10.834381202241696
 10
747.1532751611536
 20
10.70262136867677
 10
747.0477228102168
 20
10.565476340264741
 10
746.9490786863078
 20
10.423281423250618
 10
746.8575839647076
 20
10.276384270365492
 10
746.7734623411047
 20
10.12514403084946
 10
746.6969194846807
 20
9.969930472366677
 10
746.6281425352689
 20
9.811123076959419
 10
746.5672996458159
 20
9.649110113251417
 10
746.5145395712641
 20
9.484287687168887
 10
746.4699913048603
 20
9.317058773500067
 10
746.4337637627796
 20
9.14783223066111
 10
746.4059455178359
 20
8.977021801077045
 10
746.3866045829304
 20
8.805045099621815
  0
LWPOLYLINE
  5
382
330
17
100
AcDbEntity
  8
GORUNEN
100
AcDbPolyline
 90
2
 70
0
 10
749.8732860262511
 20
12.000000000000007
 10
752.3821589088511
 20
12.000000000000007
  0
LWPOLYLINE
  5
383
330
17
100
AcDbEntity
  8
GORUNEN
100
AcDbPolyline
 90
2
 70
0
 10
752.3821589088511
 20
9.000000000000007
 10
749.8732860262511
 20
9.000000000000007
  0
LWPOLYLINE
  5
384
330
17
100
AcDbEntity
  8
GIZLI
100
AcDbPolyline
 90
2
 70
0
 10
697.1277224675512
 20
3.000000000000007
 10
698.7893029100511
 20
3.000000000000007
  0
LWPOLYLINE
  5
385
330
17
100
AcDbEntity
  8
GIZLI
100
AcDbPolyline
 90
2
 70
0
 10
697.1277224675512
 20
3.000000000000007
 10
698.8777224675512
 20
3.000000000000007
  0
LWPOLYLINE
  5
386
330
17
100
AcDbEntity
  8
GIZLI
100
AcDbPolyline
 90
2
 70
0
 10
697.8777224675512
 20
3.000000000000007
 10
698.8777224675512
 20
3.000000000000007
  0
LWPOLYLINE
  5
387
330
17
100
AcDbEntity
  8
GIZLI
100
AcDbPolyline
 90
2
 70
0
 10
687.6277224675512
 20
3.000000000000007
 10
697.8777224675512
 20
3.000000000000007
  0
LWPOLYLINE
  5
388
330
17
100
AcDbEntity
  8
GIZLI
100
AcDbPolyline
 90
2
 70
0
 10
691.1268026426953
 20
3.000000000000007
 10
693.8607670643512
 20
3.000000000000007
  0
LWPOLYLINE
  5
389
330
17
100
AcDbEntity
  8
GIZLI
100
AcDbPolyline
 90
2
 70
0
 10
695.8607670643512
 20
3.000000000000014
 10
693.8607670643512
 20
3.000000000000014
  0
LWPOLYLINE
  5
38A
330
17
100
AcDbEntity
  8
GIZLI
100
AcDbPolyline
 90
2
 70
0
 10
695.7093783376512
 20
3.000000000000007
 10
695.8607670643512
 20
3.000000000000007
  0
LWPOLYLINE
  5
38B
330
17
100
AcDbEntity
  8
GIZLI
100
AcDbPolyline
 90
2
 70
0
 10
743.8946778707511
 20
3.000000000000007
 10
744.0460665974512
 20
3.000000000000007
  0
LWPOLYLINE
  5
38C
330
17
100
AcDbEntity
  8
GIZLI
100
AcDbPolyline
 90
2
 70
0
 10
745.8946778707511
 20
3.000000000000014
 10
743.8946778707511
 20
3.000000000000014
  0
LWPOLYLINE
  5
38D
330
17
100
AcDbEntity
  8
GIZLI
100
AcDbPolyline
 90
2
 70
0
 10
745.8946778707511
 20
3.000000000000007
 10
748.628642292407
 20
3.000000000000007
  0
LWPOLYLINE
  5
38E
330
17
100
AcDbEntity
  8
GIZLI
100
AcDbPolyline
 90
2
 70
0
 10
741.8777224675512
 20
3.000000000000007
 10
752.1277224675512
 20
3.000000000000007
  0
LWPOLYLINE
  5
38F
330
17
100
AcDbEntity
  8
GIZLI
100
AcDbPolyline
 90
2
 70
0
 10
740.8777224675512
 20
3.000000000000007
 10
741.8777224675512
 20
3.000000000000007
  0
LWPOLYLINE
  5
390
330
17
100
AcDbEntity
  8
GIZLI
100
AcDbPolyline
 90
2
 70
0
 10
740.8777224675512
 20
3.000000000000007
 10
742.6277224675512
 20
3.000000000000007
  0
LWPOLYLINE
  5
391
330
17
100
AcDbEntity
  8
GIZLI
100
AcDbPolyline
 90
2
 70
0
 10
740.9661420250511
 20
3.000000000000007
 10
742.6277224675512
 20
3.000000000000007
  0
LWPOLYLINE
  5
392
330
17
100
AcDbEntity
  8
GIZLI
100
AcDbPolyline
 90
2
 70
0
 10
698.7893029100511
 20
3.000000000000007
 10
740.9661420250511
 20
3.000000000000007
  0
LWPOLYLINE
  5
393
330
17
100
AcDbEntity
  8
GIZLI
100
AcDbPolyline
 90
2
 70
0
 10
748.6275762517805
 20
6.000000000010008
 10
748.6275762517674
 20
11.770811391345557
  0
LWPOLYLINE
  5
394
330
17
100
AcDbEntity
  8
GIZLI
100
AcDbPolyline
 90
2
 70
0
 10
748.6275762517469
 20
32.0
 10
746.8610289615484
 20
32.0
  0
LWPOLYLINE
  5
395
330
17
100
AcDbEntity
  8
GIZLI
100
AcDbPolyline
 90
2
 70
0
 10
746.861028961555
 20
32.00000000000339
 10
743.8611020694542
 20
31.999999999996618
  0
LWPOLYLINE
  5
396
330
17
100
AcDbEntity
  8
GIZLI
100
AcDbPolyline
 90
2
 70
0
 10
746.8263672007032
 20
27.035028148000166
 10
746.861028961562
 20
32.00000000002592
  0
LWPOLYLINE
  5
397
330
17
100
AcDbEntity
  8
GIZLI
100
AcDbPolyline
 90
2
 70
0
 10
746.826367200755
 20
9.9488939147634
 10
743.8264403085543
 20
9.948893914756628
  0
LWPOLYLINE
  5
398
330
17
100
AcDbEntity
  8
GIZLI
100
AcDbPolyline
 90
2
 70
0
 10
746.8263672006318
 20
27.03502814800001
 10
746.8263672006705
 20
9.94889391477001
  0
LWPOLYLINE
  5
399
330
17
100
AcDbEntity
  8
GIZLI
100
AcDbPolyline
 90
23
 70
0
 10
746.8602617703157
 20
6.000536508778187
 10
746.8602393676923
 20
6.000558781441639
 10
746.8602169651734
 20
6.000583113641904
 10
746.8601945627681
 20
6.000609505368958
 10
746.8601721604857
 20
6.000637956611931
 10
746.8601497583353
 20
6.000668467359102
 10
746.8601273563263
 20
6.000701037597904
 10
746.8600974872168
 20
6.000747668213309
 10
746.8600638848156
 20
6.000804504004107
 10
746.860030282812
 20
6.000865973524795
 10
746.8599966812371
 20
6.000932076718401
 10
746.859951879858
 20
6.001027422139017
 10
746.8599014793756
 20
6.001144531965245
 10
746.8598510801264
 20
6.001272066973646
 10
746.8597838832274
 20
6.001458330138756
 10
746.85970828987
 20
6.001690028281014
 10
746.8596075045143
 20
6.002035443081885
 10
746.8594941298583
 20
6.00247387106927
 10
746.8593429802578
 20
6.00314051726013
 10
746.8591162972072
 20
6.004316336621088
 10
746.8587763846127
 20
6.006475626386448
 10
746.8378976305494
 20
7.189294054514955
 10
746.8263672006641
 20
9.948893914914049
  0
LWPOLYLINE
  5
39A
330
17
100
AcDbEntity
  8
GIZLI
100
AcDbPolyline
 90
2
 70
0
 10
746.8607979391444
 20
6.0000000000100115
 10
746.8602617455439
 20
6.0000000000100115
  0
LWPOLYLINE
  5
39B
330
17
100
AcDbEntity
  8
GIZLI
100
AcDbPolyline
 90
2
 70
0
 10
746.860797939148
 20
6.000000000013396
 10
743.8608710470472
 20
6.000000000006626
  0
LWPOLYLINE
  5
39C
330
17
100
AcDbEntity
  8
GIZLI
100
AcDbPolyline
 90
2
 70
0
 10
743.8603348658543
 20
6.000536520466628
 10
746.860261757961
 20
6.0005365204734
  0
LWPOLYLINE
  5
39D
330
17
100
AcDbEntity
  8
GIZLI
100
AcDbPolyline
 90
2
 70
0
 10
746.9647833617512
 20
5.863120923490008
 10
743.9656372139511
 20
5.93156046175001
  0
LWPOLYLINE
  5
39E
330
17
100
AcDbEntity
  8
GIZLI
100
AcDbPolyline
 90
2
 70
0
 10
746.8607979391511
 20
6.000000000020009
 10
746.9647833617512
 20
5.863120923490008
  0
LWPOLYLINE
  5
39F
330
17
100
AcDbEntity
  8
GIZLI
100
AcDbPolyline
 90
35
 70
0
 10
746.9647833617512
 20
5.863120923490008
 10
746.9522684343235
 20
5.589178750121124
 10
746.9272677196816
 20
5.316079430523257
 10
746.8898209395948
 20
5.044403720487698
 10
746.839997746961
 20
4.774726519423306
 10
746.7778968968432
 20
4.507616060074957
 10
746.7036454175058
 20
4.2436330982419825
 10
746.61739778145
 20
3.9833301024966175
 10
746.5193350764505
 20
3.7272504439024465
 10
746.4096641765917
 20
3.4759275857328444
 10
746.2886169133034
 20
3.2298842731894224
 10
746.1564492463971
 20
2.9896317231204734
 10
746.0134404351023
 20
2.7556688137394154
 10
745.8598922091026
 20
2.5284812743432354
 10
745.6961279395712
 20
2.3085408750309355
 10
745.5224918102082
 20
2.0963046164219765
 10
745.3393479882756
 20
1.8922139193747225
 10
745.147079795634
 20
1.6966938147048847
 10
744.9460888797787
 20
1.5101521329039684
 10
744.7367943848757
 20
1.3329786938577133
 10
744.5196321227977
 20
1.1655444965645412
 10
744.2950537441607
 20
1.0082009088539996
 10
744.0635259093596
 20
0.861278857105205
 10
743.8255294596044
 20
0.7250880159652908
 10
743.5815585879567
 20
0.5999159980678472
 10
743.3321200103655
 20
0.48602754375136925
 10
743.0777321367036
 20
0.38366371077769745
 10
742.8189242418032
 20
0.2930410640504668
 10
742.5562356364925
 20
0.21435086533355108
 10
742.2902148386316
 20
0.1477582629695
 10
742.0214187441491
 20
0.09340148159799533
 10
741.7504117980773
 20
0.05139101187428352
 10
741.4777651655891
 20
0.021808800187630872
 10
741.2221799905872
 20
0.0054524578303318805
 10
740.9661420250511
 20
7.105427357601002e-15
  0
LWPOLYLINE
  5
3A0
330
17
100
AcDbEntity
  8
GIZLI
100
AcDbPolyline
 90
2
 70
0
 10
740.9661420251268
 20
7.105427357601002e-15
 10
742.6277224675854
 20
7.105427357601002e-15
  0
LWPOLYLINE
  5
3A1
330
17
100
AcDbEntity
  8
GIZLI
100
AcDbPolyline
 90
36
 70
0
 10
742.6277224675512
 20
7.105427357601002e-15
 10
742.9014819939975
 20
0.006248915005912181
 10
743.1746712871064
 20
0.02498264371070924
 10
743.4467213013199
 20
0.05616216428825904
 10
743.717065364166
 20
0.09972253068055714
 10
743.9851403566212
 20
0.1555730078785329
 10
744.2503878860708
 20
0.2235972609205028
 10
744.512255449426
 20
0.30365359721460017
 10
744.7701975839713
 20
0.3955752616804302
 10
745.0236770035483
 20
0.4991707840951767
 10
745.2721657177076
 20
0.6142243779206522
 10
745.5151461314974
 20
0.7404963897805441
 10
745.7521121236
 20
0.8777237986516067
 10
745.9825701005672
 20
1.025620763729
 10
746.2060400249621
 20
1.1838792198245924
 10
746.4220564152638
 20
1.3521695190580134
 10
746.6301693154509
 20
1.530141117503855
 10
746.8299452322486
 20
1.7174233053647328
 10
747.0209680380822
 20
1.9136259791492911
 10
747.2028398378591
 20
2.118340454246728
 10
747.3751817977728
 20
2.3311403162052553
 10
747.5376349344037
 20
2.551582308941324
 10
747.6898608624707
 20
2.779207258029487
 10
747.8315424996784
 20
3.01354102714972
 10
747.9623847271905
 20
3.25409550569994
 10
748.082115004354
 20
3.5003696255165657
 10
748.1904839363938
 20
3.7518504045852987
 10
748.2872657938944
 20
4.0080140155681345
 10
748.3722589829891
 20
4.268326876920859
 10
748.4452864652726
 20
4.532246764328294
 10
748.5061961265683
 20
4.799223940142181
 10
748.5548610937775
 20
5.068702298469127
 10
748.5911799991522
 20
5.340120523523425
 10
748.6150771914415
 20
5.61291325883194
 10
748.6244506725745
 20
5.806355751890011
 10
748.6275762517835
 20
6.000000000010007
  0
LWPOLYLINE
  5
3A2
330
17
100
AcDbEntity
  8
GIZLI
100
AcDbPolyline
 90
22
 70
0
 10
746.8726728045309
 20
17.73841119146645
 10
746.8726845146391
 20
17.73839891832002
 10
746.872696224687
 20
17.73838551972755
 10
746.8727079346697
 20
17.738370995695085
 10
746.8727196445816
 20
17.738355346229152
 10
746.8727313544176
 20
17.738338571336804
 10
746.8727430641725
 20
17.738320671025587
 10
746.8727586770434
 20
17.7382950533064
 10
746.8727762413239
 20
17.738263841900004
 10
746.8727938053761
 20
17.738230098376977
 10
746.8728172237268
 20
17.73818116822429
 10
746.872843568796
 20
17.738120741237683
 10
746.8728699131984
 20
17.738054617315388
 10
746.8729050379271
 20
17.737957590448048
 10
746.8729445515249
 20
17.737836330047077
 10
746.8729972331475
 20
17.737654712627926
 10
746.8730564950858
 20
17.73742315974197
 10
746.8731355018123
 20
17.737069572256562
 10
746.8732539889143
 20
17.73644309836636
 10
746.8734316570228
 20
17.73528723845843
 10
746.8852416433739
 20
16.954725487582785
 10
746.8900036849751
 20
15.22101896389993
  0
LWPOLYLINE
  5
3A3
330
17
100
AcDbEntity
  8
GIZLI
100
AcDbPolyline
 90
2
 70
0
 10
746.8550982341271
 20
15.255925265400093
 10
746.8725509595455
 20
17.73847211470001
  0
LWPOLYLINE
  5
3A4
330
17
100
AcDbEntity
  8
GIZLI
100
AcDbPolyline
 90
23
 70
0
 10
746.8725509595455
 20
17.73847211470001
 10
746.8725560364611
 20
17.738472008930078
 10
746.8725611133762
 20
17.73847169162029
 10
746.8725661902905
 20
17.73847116277068
 10
746.8725712672035
 20
17.738470422381283
 10
746.8725763441147
 20
17.738469470452166
 10
746.8725814210238
 20
17.738468306983414
 10
746.8725864979303
 20
17.73846693197512
 10
746.8725915748339
 20
17.738465345427397
 10
746.872596651734
 20
17.738463547340388
 10
746.8726017286302
 20
17.738461537714237
 10
746.8726068055222
 20
17.738459316549122
 10
746.8726118824094
 20
17.738456883845224
 10
746.8726169592915
 20
17.738454239602753
 10
746.8726220361679
 20
17.738451383821932
 10
746.8726271130383
 20
17.738448316503
 10
746.8726321899023
 20
17.73844503764622
 10
746.8726372667595
 20
17.738441547251867
 10
746.872644035891
 20
17.738436564334798
 10
746.872651651147
 20
17.73843050903732
 10
746.8726592663838
 20
17.73842397778308
 10
746.8726660354661
 20
17.73841777265611
 10
746.8726728045309
 20
17.73841119146645
  0
LWPOLYLINE
  5
3A5
330
17
100
AcDbEntity
  8
GIZLI
100
AcDbPolyline
 90
22
 70
0
 10
746.8724291145713
 20
12.73853303793356
 10
746.8724174044632
 20
12.738545311079994
 10
746.8724056944152
 20
12.73855870967246
 10
746.8723939844326
 20
12.738573233704926
 10
746.8723822745206
 20
12.738588883170857
 10
746.8723705646846
 20
12.738605658063207
 10
746.8723588549299
 20
12.738623558374421
 10
746.872343242059
 20
12.73864917609361
 10
746.8723256777785
 20
12.738680387499999
 10
746.8723081137261
 20
12.738714131023023
 10
746.8722846953755
 20
12.738763061175709
 10
746.8722583503063
 20
12.738823488162314
 10
746.8722320059039
 20
12.738889612084606
 10
746.8721968811752
 20
12.738986638951939
 10
746.8721573675773
 20
12.739107899352904
 10
746.8721046859548
 20
12.739289516772047
 10
746.8720454240164
 20
12.73952106965799
 10
746.87196641729
 20
12.739874657143378
 10
746.8718479301881
 20
12.740501131033547
 10
746.8716702620795
 20
12.741656990941417
 10
746.8598602757286
 20
13.522218741779634
 10
746.8550982341271
 20
15.255925265400094
  0
LWPOLYLINE
  5
3A6
330
17
100
AcDbEntity
  8
GIZLI
100
AcDbPolyline
 90
2
 70
0
 10
746.8900036849751
 20
15.22101896389993
 10
746.8725509595567
 20
12.73847211470001
  0
LWPOLYLINE
  5
3A7
330
17
100
AcDbEntity
  8
GIZLI
100
AcDbPolyline
 90
23
 70
0
 10
746.8725509595567
 20
12.73847211470001
 10
746.8725458826412
 20
12.73847222046994
 10
746.8725408057261
 20
12.738472537779726
 10
746.8725357288118
 20
12.73847306662934
 10
746.8725306518988
 20
12.738473807018735
 10
746.8725255749875
 20
12.73847475894785
 10
746.8725204980784
 20
12.738475922416605
 10
746.8725154211719
 20
12.7384772974249
 10
746.8725103442684
 20
12.73847888397262
 10
746.8725052673683
 20
12.738480682059631
 10
746.872500190472
 20
12.73848269168578
 10
746.8724951135802
 20
12.738484912850897
 10
746.872490036693
 20
12.738487345554793
 10
746.8724849598109
 20
12.738489989797264
 10
746.8724798829344
 20
12.738492845578087
 10
746.8724748060639
 20
12.738495912897017
 10
746.8724697291999
 20
12.738499191753796
 10
746.8724646523428
 20
12.738502682148148
 10
746.8724578832114
 20
12.738507665065217
 10
746.8724502679553
 20
12.738513720362693
 10
746.8724426527184
 20
12.738520251616935
 10
746.8724358836363
 20
12.738526456743903
 10
746.8724291145713
 20
12.73853303793356
  0
LWPOLYLINE
  5
3A8
330
17
100
AcDbEntity
  8
GIZLI
100
AcDbPolyline
 90
2
 70
0
 10
747.1276783520234
 20
26.000000000000007
 10
746.9601281048718
 20
26.000000000000007
  0
LWPOLYLINE
  5
3A9
330
17
100
AcDbEntity
  8
GIZLI
100
AcDbPolyline
 90
79
 70
0
 10
746.9601281048613
 20
17.000000000000007
 10
746.9601176270605
 20
17.00000025028229
 10
746.9601071492609
 20
17.00000100112912
 10
746.9600966714637
 20
17.00000225254041
 10
746.9600861936699
 20
17.000004004516015
 10
746.9600757158809
 20
17.000006257055748
 10
746.9600652380975
 20
17.000009010159353
 10
746.9600547603213
 20
17.000012263826527
 10
746.9600442825532
 20
17.00001601805691
 10
746.9600338047944
 20
17.00002027285008
 10
746.9600233270461
 20
17.000025028205567
 10
746.9600128493095
 20
17.00003028412284
 10
746.9600023715856
 20
17.000036040601312
 10
746.9599918938758
 20
17.00004229764035
 10
746.9599814161811
 20
17.000049055239252
 10
746.9599709385027
 20
17.000056313397266
 10
746.9599604608418
 20
17.000064072113588
 10
746.9599499831995
 20
17.00007233138735
 10
746.9599395055772
 20
17.00008109121764
 10
746.9599255354467
 20
17.00009354963315
 10
746.959909819098
 20
17.00010862902806
 10
746.959894102804
 20
17.000124834666053
 10
746.9598783865684
 20
17.000142166543075
 10
746.9598626703955
 20
17.000160624654782
 10
746.9598469542889
 20
17.00018020899656
 10
746.9598259995903
 20
17.000208073357193
 10
746.9598024257156
 20
17.000241813975876
 10
746.9597788520242
 20
17.00027808856643
 10
746.9597552785294
 20
17.000316897108423
 10
746.9597238475321
 20
17.000372583495345
 10
746.9596884881454
 20
17.000440615211218
 10
746.9596531293156
 20
17.00051434811157
 10
746.9596059851533
 20
17.00062152699205
 10
746.9595529493816
 20
17.000754217748593
 10
746.9594999152498
 20
17.000899735274484
 10
746.9594292058858
 20
17.00111371067236
 10
746.9593496621034
 20
17.001381687638435
 10
746.9592436115821
 20
17.001783877354562
 10
746.9591243168622
 20
17.00229765444624
 10
746.9589652800689
 20
17.003083665211953
 10
746.9587267820956
 20
17.004479013504152
 10
746.958369191121
 20
17.007058617658966
 10
746.9578332475434
 20
17.012022138334963
 10
746.9550512608824
 20
25.94085186316955
 10
746.957581300247
 20
25.98518859047549
 10
746.9582170835083
 20
25.991666581095032
 10
746.9586944515206
 20
25.99531181862701
 10
746.9590527014291
 20
25.997362697600018
 10
746.9592704096231
 20
25.998322599546235
 10
746.9594173866022
 20
25.99884829744945
 10
746.9595166050599
 20
25.999147442690315
 10
746.9595992918113
 20
25.999362434380192
 10
746.9596613093111
 20
25.999503216482204
 10
746.959712991961
 20
25.99960713693216
 10
746.9597560617004
 20
25.999684432942793
 10
746.9597919536876
 20
25.99974238480752
 10
746.9598188729685
 20
25.99978199379797
 10
746.9598483094613
 20
25.999821524125746
 10
746.9598728400608
 20
25.99985144790113
 10
746.959895553718
 20
25.99987670863521
 10
746.9599125890413
 20
25.999894110434376
 10
746.9599312172396
 20
25.999911624714652
 10
746.9599484656334
 20
25.99992643086665
 10
746.9599639892341
 20
25.999938596580485
 10
746.959979512875
 20
25.99994966351158
 10
746.9599934841829
 20
25.99995868428808
 10
746.9600060583829
 20
25.99996604202159
 10
746.9600186326023
 20
25.999972678839345
 10
746.9600312068394
 20
25.999978594740277
 10
746.9600437810919
 20
25.99998378972344
 10
746.9600550979309
 20
25.999987848822904
 10
746.9600652830941
 20
25.999991002739808
 10
746.9600754682639
 20
25.999993683661256
 10
746.9600856534391
 20
25.999995891586966
 10
746.9600958386189
 20
25.99999762651671
 10
746.960106023802
 20
25.9999988884503
 10
746.9601162089875
 20
25.99999967738761
 10
746.9601221569142
 20
25.999999919346905
 10
746.960128104841
 20
26.000000000000007
  0
LWPOLYLINE
  5
3AA
330
17
100
AcDbEntity
  8
GIZLI
100
AcDbPolyline
 90
2
 70
0
 10
746.9601281048718
 20
17.000000000000007
 10
747.1276783520234
 20
17.000000000000007
  0
LWPOLYLINE
  5
3AB
330
17
100
AcDbEntity
  8
GIZLI
100
AcDbPolyline
 90
79
 70
0
 10
747.127678351941
 20
26.000000000000007
 10
747.1276888297417
 20
25.999999749717723
 10
747.1276993075413
 20
25.999998998870893
 10
747.1277097853385
 20
25.999997747459606
 10
747.1277202631323
 20
25.999995995484
 10
747.1277307409215
 20
25.999993742944266
 10
747.1277412187047
 20
25.99999098984066
 10
747.127751696481
 20
25.999987736173487
 10
747.1277621742491
 20
25.999983981943103
 10
747.1277726520079
 20
25.999979727149935
 10
747.1277831297563
 20
25.999974971794447
 10
747.1277936074929
 20
25.999969715877175
 10
747.1278040852167
 20
25.999963959398702
 10
747.1278145629266
 20
25.999957702359666
 10
747.1278250406212
 20
25.999950944760762
 10
747.1278355182997
 20
25.999943686602748
 10
747.1278459959606
 20
25.999935927886426
 10
747.1278564736027
 20
25.999927668612663
 10
747.1278669512252
 20
25.999918908782373
 10
747.1278809213557
 20
25.999906450366865
 10
747.1278966377042
 20
25.999891370971955
 10
747.1279123539983
 20
25.99987516533396
 10
747.1279280702338
 20
25.99985783345694
 10
747.1279437864068
 20
25.999839375345232
 10
747.1279595025134
 20
25.999819791003453
 10
747.127980457212
 20
25.99979192664282
 10
747.1280040310867
 20
25.99975818602414
 10
747.1280276047781
 20
25.999721911433586
 10
747.1280511782728
 20
25.99968310289159
 10
747.1280826092702
 20
25.99962741650467
 10
747.128117968657
 20
25.999559384788796
 10
747.1281533274866
 20
25.999485651888445
 10
747.128200471649
 20
25.999378473007965
 10
747.1282535074206
 20
25.99924578225142
 10
747.1283065415525
 20
25.999100264725527
 10
747.1283772509164
 20
25.998886289327654
 10
747.128456794699
 20
25.99861831236158
 10
747.1285628452201
 20
25.998216122645452
 10
747.12868213994
 20
25.997702345553773
 10
747.1288411767333
 20
25.996916334788057
 10
747.1290796747066
 20
25.995520986495862
 10
747.1294372656813
 20
25.992941382341044
 10
747.1299732092589
 20
25.98797786166504
 10
747.1327551959198
 20
17.059148136829215
 10
747.1302251565552
 20
17.014811409524235
 10
747.1295893732939
 20
17.00833341890483
 10
747.1291120052816
 20
17.004688181372927
 10
747.1287537553733
 20
17.002637302399958
 10
747.1285360471792
 20
17.001677400453758
 10
747.1283890702001
 20
17.001151702550555
 10
747.1282898517425
 20
17.000852557309692
 10
747.1282071649911
 20
17.00063756561982
 10
747.1281451474913
 20
17.000496783517807
 10
747.1280934648412
 20
17.000392863067855
 10
747.1280503951018
 20
17.00031556705722
 10
747.1280145031147
 20
17.000257615192496
 10
747.1279875838338
 20
17.000218006202047
 10
747.127958147341
 20
17.00017847587427
 10
747.1279336167415
 20
17.00014855209889
 10
747.1279109030843
 20
17.000123291364808
 10
747.127893867761
 20
17.00010588956564
 10
747.1278752395626
 20
17.000088375285365
 10
747.127857991169
 20
17.000073569133363
 10
747.1278424675681
 20
17.00006140341953
 10
747.1278269439273
 20
17.00005033648844
 10
747.1278129726194
 20
17.000041315711936
 10
747.1278003984195
 20
17.000033957978424
 10
747.1277878241999
 20
17.000027321160672
 10
747.127775249963
 20
17.000021405259737
 10
747.1277626757103
 20
17.000016210276577
 10
747.1277513588714
 20
17.00001215117711
 10
747.1277411737083
 20
17.00000899726021
 10
747.1277309885385
 20
17.000006316338762
 10
747.1277208033631
 20
17.00000410841305
 10
747.1277106181834
 20
17.000002373483305
 10
747.1277004330002
 20
17.000001111549714
 10
747.1276902478147
 20
17.000000322612404
 10
747.1276842998882
 20
17.00000008065311
 10
747.1276783519613
 20
17.000000000000007
  0
LWPOLYLINE
  5
3AC
330
17
100
AcDbEntity
  8
GIZLI
100
AcDbPolyline
 90
2
 70
0
 10
695.6276934752511
 20
25.99999999999701
 10
692.7953168302473
 20
26.0000000000034
  0
LWPOLYLINE
  5
3AD
330
17
100
AcDbEntity
  8
GIZLI
100
AcDbPolyline
 90
2
 70
0
 10
695.795243722348
 20
16.99999999999663
 10
692.7953168302473
 20
17.0000000000034
  0
LWPOLYLINE
  5
3AE
330
17
100
AcDbEntity
  8
GIZLI
100
AcDbPolyline
 90
79
 70
0
 10
692.7953168302613
 20
26.000000000000014
 10
692.795327308062
 20
25.99999974971773
 10
692.7953377858616
 20
25.9999989988709
 10
692.7953482636589
 20
25.999997747459613
 10
692.7953587414527
 20
25.999995995484007
 10
692.7953692192417
 20
25.999993742944273
 10
692.795379697025
 20
25.99999098984067
 10
692.7953901748014
 20
25.999987736173495
 10
692.7954006525695
 20
25.99998398194311
 10
692.7954111303283
 20
25.99997972714994
 10
692.7954216080765
 20
25.999974971794455
 10
692.7954320858132
 20
25.99996971587718
 10
692.795442563537
 20
25.99996395939871
 10
692.7954530412469
 20
25.999957702359673
 10
692.7954635189416
 20
25.999950944760773
 10
692.7954739966199
 20
25.99994368660276
 10
692.7954844742808
 20
25.999935927886437
 10
692.795494951923
 20
25.99992766861267
 10
692.7955054295455
 20
25.999918908782384
 10
692.7955193996759
 20
25.999906450366872
 10
692.7955351160246
 20
25.99989137097196
 10
692.7955508323187
 20
25.999875165333968
 10
692.7955665485541
 20
25.999857833456947
 10
692.7955822647272
 20
25.99983937534524
 10
692.7955979808337
 20
25.99981979100346
 10
692.7956189355323
 20
25.999791926642825
 10
692.795642509407
 20
25.999758186024145
 10
692.7956660830985
 20
25.999721911433593
 10
692.7956896565931
 20
25.9996831028916
 10
692.7957210875906
 20
25.999627416504676
 10
692.7957564469773
 20
25.999559384788803
 10
692.795791805807
 20
25.999485651888453
 10
692.7958389499694
 20
25.999378473007972
 10
692.7958919857409
 20
25.99924578225143
 10
692.7959450198729
 20
25.999100264725534
 10
692.7960157292367
 20
25.99888628932766
 10
692.7960952730193
 20
25.998618312361586
 10
692.7962013235405
 20
25.99821612264546
 10
692.7963206182603
 20
25.99770234555378
 10
692.7964796550536
 20
25.996916334788068
 10
692.796718153027
 20
25.99552098649587
 10
692.7970757440015
 20
25.992941382341055
 10
692.7976116875792
 20
25.98797786166506
 10
692.8003936741998
 20
17.059148136830466
 10
692.7978636348349
 20
17.014811409524526
 10
692.7972278515737
 20
17.008333418904986
 10
692.7967504835614
 20
17.00468818137301
 10
692.7963922336529
 20
17.0026373024
 10
692.7961745254589
 20
17.001677400453783
 10
692.7960275484797
 20
17.001151702550573
 10
692.7959283300221
 20
17.000852557309706
 10
692.7958456432707
 20
17.00063756561983
 10
692.7957836257709
 20
17.000496783517818
 10
692.7957319431209
 20
17.000392863067862
 10
692.7956888733816
 20
17.00031556705723
 10
692.7956529813944
 20
17.000257615192503
 10
692.7956260621136
 20
17.00021800620205
 10
692.7955966256206
 20
17.000178475874275
 10
692.7955720950212
 20
17.000148552098892
 10
692.795549381364
 20
17.00012329136481
 10
692.7955323460407
 20
17.000105889565646
 10
692.7955137178424
 20
17.000088375285365
 10
692.7954964694486
 20
17.00007356913337
 10
692.7954809458479
 20
17.000061403419537
 10
692.795465422207
 20
17.000050336488442
 10
692.7954514508991
 20
17.00004131571194
 10
692.7954388766991
 20
17.00003395797843
 10
692.7954263024797
 20
17.000027321160676
 10
692.7954137282426
 20
17.000021405259744
 10
692.79540115399
 20
17.00001621027658
 10
692.7953898371511
 20
17.000012151177117
 10
692.7953796519879
 20
17.000008997260213
 10
692.7953694668181
 20
17.00000631633877
 10
692.7953592816428
 20
17.000004108413055
 10
692.795349096463
 20
17.000002373483312
 10
692.7953389112799
 20
17.00000111154972
 10
692.7953287260945
 20
17.00000032261241
 10
692.7953227781678
 20
17.000000080653116
 10
692.795316830241
 20
17.000000000000014
  0
LWPOLYLINE
  5
3AF
330
17
100
AcDbEntity
  8
GIZLI
100
AcDbPolyline
 90
19
 70
0
 10
692.8827721305714
 20
17.73841119146645
 10
692.8827822841753
 20
17.73842092222749
 10
692.8827924378169
 20
17.738429806846423
 10
692.8828015761239
 20
17.738437079549467
 10
692.8828098006219
 20
17.73844303898275
 10
692.8828180251386
 20
17.738448443257287
 10
692.8828254272181
 20
17.738452832442636
 10
692.8828320891002
 20
17.73845639823277
 10
692.8828387509915
 20
17.738459599781297
 10
692.8828454128907
 20
17.73846243708775
 10
692.8828520747969
 20
17.738464910151716
 10
692.8828587367093
 20
17.738467018972838
 10
692.8828647324349
 20
17.738468605483956
 10
692.8828701285909
 20
17.738469781087208
 10
692.8828755247491
 20
17.738470717710264
 10
692.8828809209091
 20
17.738471415353033
 10
692.8828863170704
 20
17.738471874015442
 10
692.8828901463135
 20
17.738472054528867
 10
692.8828939755568
 20
17.73847211470001
  0
LWPOLYLINE
  5
3B0
330
17
100
AcDbEntity
  8
GIZLI
100
AcDbPolyline
 90
44
 70
0
 10
692.8828939755568
 20
17.73847211470001
 10
692.8828998047444
 20
17.738471975262886
 10
692.8829056339314
 20
17.73847155695153
 10
692.8829114631171
 20
17.738470859765986
 10
692.8829172923008
 20
17.738469883706337
 10
692.882923121482
 20
17.73846862877269
 10
692.8829289506599
 20
17.73846709496518
 10
692.8829347798338
 20
17.738465282283986
 10
692.8829406090033
 20
17.738463190729306
 10
692.8829464381676
 20
17.73846082030137
 10
692.8829522673259
 20
17.73845817100045
 10
692.8829580964778
 20
17.738455242826834
 10
692.8829639256224
 20
17.738452035780856
 10
692.8829697547594
 20
17.738448549862866
 10
692.8829755838879
 20
17.73844478507326
 10
692.8829814130072
 20
17.738440741412454
 10
692.8829872421169
 20
17.7384364188809
 10
692.8829930712161
 20
17.73843181747908
 10
692.8829989003042
 20
17.738426937207507
 10
692.8830066724034
 20
17.738419996382294
 10
692.8830154159882
 20
17.738411595358585
 10
692.8830241595426
 20
17.738402566883014
 10
692.8830329030643
 20
17.738392910957852
 10
692.8830416465511
 20
17.738382627585516
 10
692.8830503900008
 20
17.73837171676859
 10
692.8830620478724
 20
17.738356192992526
 10
692.883075162888
 20
17.738337395439185
 10
692.8830882778012
 20
17.738317186161094
 10
692.8831013926048
 20
17.738295565169672
 10
692.8831188788259
 20
17.738264541203804
 10
692.8831385505541
 20
17.7382266394163
 10
692.8831582219715
 20
17.738185561389027
 10
692.8831844500013
 20
17.73812584995938
 10
692.8832139557477
 20
17.73805192537143
 10
692.8832434605793
 20
17.73797085474444
 10
692.8832827987859
 20
17.73785164491793
 10
692.8833270518962
 20
17.737702349782385
 10
692.8833860516606
 20
17.737478282151244
 10
692.8834524196359
 20
17.737192047072988
 10
692.8835408975308
 20
17.73675414544954
 10
692.8836735824519
 20
17.73597677041849
 10
692.8838725228089
 20
17.734539624553488
 10
692.8955345363335
 20
16.96229831140275
 10
692.9003467009751
 20
15.255925265400094
  0
LWPOLYLINE
  5
3B1
330
17
100
AcDbEntity
  8
GIZLI
100
AcDbPolyline
 90
2
 70
0
 10
681.6277224675512
 20
25.999999999903384
 10
684.6277224675512
 20
25.999999999896612
  0
LWPOLYLINE
  5
3B2
330
17
100
AcDbEntity
  8
GIZLI
100
AcDbPolyline
 90
2
 70
0
 10
681.6277224675512
 20
25.999999999903384
 10
684.6277224675512
 20
25.999999999896612
  0
LWPOLYLINE
  5
3B3
330
17
100
AcDbEntity
  8
GIZLI
100
AcDbPolyline
 90
2
 70
0
 10
681.6277224675466
 20
20.999999999900005
 10
681.6277224675556
 20
24.999999999900005
  0
LWPOLYLINE
  5
3B4
330
17
100
AcDbEntity
  8
GIZLI
100
AcDbPolyline
 90
2
 70
0
 10
684.6277224675466
 20
20.999999999899998
 10
684.6277224675556
 20
24.999999999899998
  0
LWPOLYLINE
  5
3B5
330
17
100
AcDbEntity
  8
GIZLI
100
AcDbPolyline
 90
2
 70
0
 10
684.6277224675534
 20
25.999999999899998
 10
684.6277224675512
 20
24.999999999899998
  0
LWPOLYLINE
  5
3B6
330
17
100
AcDbEntity
  8
GIZLI
100
AcDbPolyline
 90
2
 70
0
 10
681.6277224675534
 20
25.999999999900005
 10
681.6277224675512
 20
24.999999999900005
  0
LWPOLYLINE
  5
3B7
330
17
100
AcDbEntity
  8
GIZLI
100
AcDbPolyline
 90
2
 70
0
 10
684.6277224675512
 20
16.499999999900012
 10
684.6277224675393
 20
11.249999999900012
  0
LWPOLYLINE
  5
3B8
330
17
100
AcDbEntity
  8
GIZLI
100
AcDbPolyline
 90
2
 70
0
 10
684.6277224675512
 20
11.24999999989662
 10
681.6277224675512
 20
11.249999999903391
  0
LWPOLYLINE
  5
3B9
330
17
100
AcDbEntity
  8
GIZLI
100
AcDbPolyline
 90
2
 70
0
 10
681.6277224675512
 20
16.499999999900012
 10
681.6277224675393
 20
11.249999999900012
  0
LWPOLYLINE
  5
3BA
330
17
100
AcDbEntity
  8
GIZLI
100
AcDbPolyline
 90
2
 70
0
 10
684.6277224675393
 20
11.249999999900012
 10
684.6277224675512
 20
16.499999999900012
  0
LWPOLYLINE
  5
3BB
330
17
100
AcDbEntity
  8
GIZLI
100
AcDbPolyline
 90
2
 70
0
 10
681.6277224675393
 20
11.249999999900012
 10
681.6277224675512
 20
16.499999999900012
  0
LWPOLYLINE
  5
3BC
330
17
100
AcDbEntity
  8
GIZLI
100
AcDbPolyline
 90
2
 70
0
 10
684.6277224675218
 20
6.000000000010008
 10
684.6277224675805
 20
32.00000000000001
  0
LWPOLYLINE
  5
3BD
330
17
100
AcDbEntity
  8
GIZLI
100
AcDbPolyline
 90
2
 70
0
 10
681.6277224675218
 20
6.000000000010008
 10
681.6277224675805
 20
32.00000000000001
  0
LWPOLYLINE
  5
3BE
330
17
100
AcDbEntity
  8
GIZLI
100
AcDbPolyline
 90
2
 70
0
 10
684.6277224675512
 20
21.749999999896627
 10
681.6277224675512
 20
21.749999999903398
  0
LWPOLYLINE
  5
3BF
330
17
100
AcDbEntity
  8
GIZLI
100
AcDbPolyline
 90
2
 70
0
 10
684.627722467563
 20
21.749999999900012
 10
684.6277224675512
 20
16.499999999900012
  0
LWPOLYLINE
  5
3C0
330
17
100
AcDbEntity
  8
GIZLI
100
AcDbPolyline
 90
2
 70
0
 10
681.627722467563
 20
21.749999999900012
 10
681.6277224675512
 20
16.499999999900012
  0
LWPOLYLINE
  5
3C1
330
17
100
AcDbEntity
  8
GIZLI
100
AcDbPolyline
 90
2
 70
0
 10
681.6277224675512
 20
16.499999999900012
 10
681.627722467563
 20
21.749999999900012
  0
LWPOLYLINE
  5
3C2
330
17
100
AcDbEntity
  8
GIZLI
100
AcDbPolyline
 90
2
 70
0
 10
684.6277224675512
 20
16.499999999900012
 10
684.627722467563
 20
21.749999999900012
  0
LWPOLYLINE
  5
3C3
330
17
100
AcDbEntity
  8
GIZLI
100
AcDbPolyline
 90
2
 70
0
 10
684.6277224675512
 20
20.999999999899998
 10
684.6277224675489
 20
19.999999999899998
  0
LWPOLYLINE
  5
3C4
330
17
100
AcDbEntity
  8
GIZLI
100
AcDbPolyline
 90
2
 70
0
 10
684.6277224675512
 20
19.999999999896612
 10
681.6277224675512
 20
19.999999999903384
  0
LWPOLYLINE
  5
3C5
330
17
100
AcDbEntity
  8
GIZLI
100
AcDbPolyline
 90
2
 70
0
 10
681.6277224675512
 20
20.999999999900005
 10
681.6277224675489
 20
19.999999999900005
  0
LWPOLYLINE
  5
3C6
330
17
100
AcDbEntity
  8
GIZLI
100
AcDbPolyline
 90
2
 70
0
 10
684.6277224675512
 20
24.999999999899998
 10
684.6277224675534
 20
25.999999999899998
  0
LWPOLYLINE
  5
3C7
330
17
100
AcDbEntity
  8
GIZLI
100
AcDbPolyline
 90
2
 70
0
 10
681.6277224675512
 20
24.999999999899998
 10
681.6277224675534
 20
25.999999999899998
  0
LWPOLYLINE
  5
3C8
330
17
100
AcDbEntity
  8
GIZLI
100
AcDbPolyline
 90
2
 70
0
 10
681.6277224675557
 20
24.999999999899998
 10
681.6277224675466
 20
20.999999999899998
  0
LWPOLYLINE
  5
3C9
330
17
100
AcDbEntity
  8
GIZLI
100
AcDbPolyline
 90
2
 70
0
 10
684.6277224675556
 20
24.999999999899998
 10
684.6277224675466
 20
20.999999999899998
  0
LWPOLYLINE
  5
3CA
330
17
100
AcDbEntity
  8
GIZLI
100
AcDbPolyline
 90
2
 70
0
 10
684.6277224675512
 20
19.999999999896612
 10
681.6277224675512
 20
19.999999999903384
  0
LWPOLYLINE
  5
3CB
330
17
100
AcDbEntity
  8
GIZLI
100
AcDbPolyline
 90
2
 70
0
 10
684.6277224675489
 20
19.999999999899998
 10
684.6277224675512
 20
20.999999999899998
  0
LWPOLYLINE
  5
3CC
330
17
100
AcDbEntity
  8
GIZLI
100
AcDbPolyline
 90
2
 70
0
 10
681.6277224675489
 20
19.999999999899998
 10
681.6277224675512
 20
20.999999999899998
  0
LWPOLYLINE
  5
3CD
330
17
100
AcDbEntity
  8
GIZLI
100
AcDbPolyline
 90
2
 70
0
 10
692.9003467009751
 20
15.255925265400094
 10
692.8830158205309
 20
12.73853303793356
  0
LWPOLYLINE
  5
3CE
330
17
100
AcDbEntity
  8
GIZLI
100
AcDbPolyline
 90
2
 70
0
 10
681.6277224675512
 20
14.000000000003393
 10
684.6277224675512
 20
13.999999999996621
  0
LWPOLYLINE
  5
3CF
330
17
100
AcDbEntity
  8
GIZLI
100
AcDbPolyline
 90
2
 70
0
 10
684.6277224675512
 20
13.949232512900007
 10
684.6277224675512
 20
14.000000000000007
  0
LWPOLYLINE
  5
3D0
330
17
100
AcDbEntity
  8
GIZLI
100
AcDbPolyline
 90
2
 70
0
 10
681.6277224675512
 20
13.949232512900007
 10
681.6277224675512
 20
14.000000000000007
  0
LWPOLYLINE
  5
3D1
330
17
100
AcDbEntity
  8
GIZLI
100
AcDbPolyline
 90
2
 70
0
 10
681.6277224675512
 20
14.000000000003393
 10
684.6277224675512
 20
13.999999999996621
  0
LWPOLYLINE
  5
3D2
330
17
100
AcDbEntity
  8
GIZLI
100
AcDbPolyline
 90
2
 70
0
 10
681.6277224675579
 20
14.000000000000007
 10
681.6277224675578
 20
13.94923251290339
  0
LWPOLYLINE
  5
3D3
330
17
100
AcDbEntity
  8
GIZLI
100
AcDbPolyline
 90
2
 70
0
 10
684.6277224675579
 20
14.000000000000007
 10
684.6277224675512
 20
11.000000000000007
  0
LWPOLYLINE
  5
3D4
330
17
100
AcDbEntity
  8
GIZLI
100
AcDbPolyline
 90
2
 70
0
 10
684.6277224675567
 20
11.000000000000005
 10
684.6277224675531
 20
9.366656817943312
  0
LWPOLYLINE
  5
3D5
330
17
100
AcDbEntity
  8
GIZLI
100
AcDbPolyline
 90
19
 70
0
 10
692.8830158205309
 20
12.73853303793356
 10
692.883005666927
 20
12.738523307172523
 10
692.8829955132853
 20
12.738514422553592
 10
692.8829863749784
 20
12.738507149850548
 10
692.8829781504803
 20
12.738501190417264
 10
692.8829699259636
 20
12.738495786142732
 10
692.8829625238841
 20
12.73849139695738
 10
692.882955862002
 20
12.738487831167248
 10
692.8829492001108
 20
12.738484629618721
 10
692.8829425382116
 20
12.738481792312268
 10
692.8829358763054
 20
12.7384793192483
 10
692.882929214393
 20
12.738477210427181
 10
692.8829232186674
 20
12.738475623916063
 10
692.8829178225114
 20
12.73847444831281
 10
692.8829124263532
 20
12.738473511689755
 10
692.8829070301931
 20
12.738472814046988
 10
692.8829016340319
 20
12.738472355384575
 10
692.8828978047887
 20
12.738472174871152
 10
692.8828939755455
 20
12.73847211470001
  0
LWPOLYLINE
  5
3D6
330
17
100
AcDbEntity
  8
GIZLI
100
AcDbPolyline
 90
44
 70
0
 10
692.8828939755455
 20
12.73847211470001
 10
692.8828881463579
 20
12.738472254137132
 10
692.8828823171709
 20
12.73847267244849
 10
692.8828764879852
 20
12.73847336963403
 10
692.8828706588015
 20
12.738474345693682
 10
692.8828648296203
 20
12.738475600627329
 10
692.8828590004424
 20
12.738477134434836
 10
692.8828531712684
 20
12.738478947116032
 10
692.882847342099
 20
12.738481038670713
 10
692.8828415129348
 20
12.738483409098647
 10
692.8828356837764
 20
12.738486058399568
 10
692.8828298546246
 20
12.738488986573183
 10
692.8828240254797
 20
12.738492193619162
 10
692.8828181963429
 20
12.738495679537149
 10
692.8828123672145
 20
12.738499444326756
 10
692.882806538095
 20
12.738503487987561
 10
692.8828007089854
 20
12.738507810519117
 10
692.8827948798862
 20
12.738512411920937
 10
692.8827890507981
 20
12.73851729219251
 10
692.8827812786989
 20
12.73852423301772
 10
692.882772535114
 20
12.73853263404143
 10
692.8827637915597
 20
12.738541662517
 10
692.882755048038
 20
12.738551318442163
 10
692.8827463045512
 20
12.738561601814498
 10
692.8827375611014
 20
12.738572512631423
 10
692.8827259032299
 20
12.738588036407487
 10
692.8827127882143
 20
12.738606833960826
 10
692.8826996733011
 20
12.738627043238914
 10
692.8826865584975
 20
12.738648664230338
 10
692.8826690722763
 20
12.738679688196203
 10
692.8826494005482
 20
12.738717589983706
 10
692.8826297291308
 20
12.738758668010975
 10
692.8826035011009
 20
12.73881837944062
 10
692.8825739953546
 20
12.738892304028568
 10
692.8825444905231
 20
12.73897337465555
 10
692.8825051523164
 20
12.739092584482055
 10
692.8824608992061
 20
12.739241879617595
 10
692.8824018994417
 20
12.739465947248721
 10
692.8823355314664
 20
12.739752182326963
 10
692.8822470535715
 20
12.740190083950388
 10
692.8821143686504
 20
12.740967458981403
 10
692.8819154282934
 20
12.74240460484633
 10
692.8702534147691
 20
13.514645917959761
 10
692.8654412501272
 20
15.22101896389993
  0
LWPOLYLINE
  5
3D7
330
17
100
AcDbEntity
  8
GIZLI
100
AcDbPolyline
 90
2
 70
0
 10
692.9290777344382
 20
9.948893914914049
 10
692.8951831647656
 20
6.00053650875833
  0
LWPOLYLINE
  5
3D8
330
17
100
AcDbEntity
  8
GIZLI
100
AcDbPolyline
 90
2
 70
0
 10
695.929004626548
 20
9.948893914766625
 10
692.9290777343473
 20
9.948893914773397
  0
LWPOLYLINE
  5
3D9
330
17
100
AcDbEntity
  8
GIZLI
100
AcDbPolyline
 90
2
 70
0
 10
692.8654412501272
 20
15.22101896389993
 10
692.8827721305714
 20
17.73841119146645
  0
LWPOLYLINE
  5
3DA
330
17
100
AcDbEntity
  8
GIZLI
100
AcDbPolyline
 90
2
 70
0
 10
692.7953168302304
 20
26.000000000000103
 10
692.6277665830788
 20
25.99999999999991
  0
LWPOLYLINE
  5
3DB
330
17
100
AcDbEntity
  8
GIZLI
100
AcDbPolyline
 90
2
 70
0
 10
692.6277665831473
 20
26.00000000000339
 10
695.6276934752481
 20
25.99999999999662
  0
LWPOLYLINE
  5
3DC
330
17
100
AcDbEntity
  8
GIZLI
100
AcDbPolyline
 90
22
 70
0
 10
692.8944159735403
 20
32.00000000002592
 10
692.8944396144727
 20
31.999975211696757
 10
692.8944632552827
 20
31.999948129849997
 10
692.8944868959592
 20
31.999918754498076
 10
692.8945105364913
 20
31.999887085654464
 10
692.8945341768683
 20
31.999853123333686
 10
692.8945578170792
 20
31.999816867551317
 10
692.8945893370835
 20
31.999764958930143
 10
692.8946247966807
 20
31.999701688213776
 10
692.8946602558107
 20
31.99963325736539
 10
692.8947075338608
 20
31.999533989484995
 10
692.8947607204891
 20
31.999411348217272
 10
692.8948139057509
 20
31.999277097327976
 10
692.8948848170941
 20
31.999080037273664
 10
692.8949645888243
 20
31.998833675949236
 10
692.8950709446196
 20
31.998464565455084
 10
692.895190584862
 20
31.99799381837821
 10
692.8953500863197
 20
31.997274756890548
 10
692.895589291309
 20
31.99600034162046
 10
692.8959479703369
 20
31.993648240045623
 10
692.9193906868454
 20
30.457185935074044
 10
692.9290777343991
 20
27.035028148000166
  0
LWPOLYLINE
  5
3DD
330
17
100
AcDbEntity
  8
GIZLI
100
AcDbPolyline
 90
2
 70
0
 10
692.9290777344704
 20
27.03502814800001
 10
692.9290777344319
 20
9.94889391477001
  0
LWPOLYLINE
  5
3DE
330
17
100
AcDbEntity
  8
GIZLI
100
AcDbPolyline
 90
2
 70
0
 10
692.8951831895374
 20
6.0000000000100115
 10
692.8946469959578
 20
6.0000000000100115
  0
LWPOLYLINE
  5
3DF
330
17
100
AcDbEntity
  8
GIZLI
100
AcDbPolyline
 90
2
 70
0
 10
691.1278686833218
 20
6.000000000010008
 10
691.1278686833348
 20
11.770811391345557
  0
LWPOLYLINE
  5
3E0
330
17
100
AcDbEntity
  8
GIZLI
100
AcDbPolyline
 90
2
 70
0
 10
692.8944159735539
 20
32.0
 10
691.1278686833554
 20
32.0
  0
LWPOLYLINE
  5
3E1
330
17
100
AcDbEntity
  8
GIZLI
100
AcDbPolyline
 90
79
 70
0
 10
692.627766583141
 20
17.000000000000007
 10
692.6277561053403
 20
17.00000025028229
 10
692.6277456275407
 20
17.00000100112912
 10
692.6277351497433
 20
17.00000225254041
 10
692.6277246719496
 20
17.000004004516015
 10
692.6277141941605
 20
17.000006257055748
 10
692.6277037163773
 20
17.000009010159356
 10
692.627693238601
 20
17.00001226382653
 10
692.6276827608328
 20
17.00001601805691
 10
692.627672283074
 20
17.000020272850083
 10
692.6276618053257
 20
17.00002502820557
 10
692.6276513275891
 20
17.000030284122843
 10
692.6276408498653
 20
17.000036040601316
 10
692.6276303721554
 20
17.000042297640352
 10
692.6276198944607
 20
17.000049055239252
 10
692.6276094167823
 20
17.000056313397266
 10
692.6275989391214
 20
17.000064072113588
 10
692.6275884614793
 20
17.000072331387354
 10
692.6275779838568
 20
17.000081091217645
 10
692.6275640137263
 20
17.000093549633156
 10
692.6275482973776
 20
17.000108629028066
 10
692.6275325810836
 20
17.00012483466606
 10
692.6275168648482
 20
17.00014216654308
 10
692.6275011486752
 20
17.00016062465479
 10
692.6274854325686
 20
17.000180208996568
 10
692.62746447787
 20
17.0002080733572
 10
692.6274409039952
 20
17.000241813975883
 10
692.6274173303038
 20
17.00027808856644
 10
692.6273937568092
 20
17.00031689710843
 10
692.6273623258118
 20
17.000372583495352
 10
692.627326966425
 20
17.000440615211225
 10
692.6272916075953
 20
17.00051434811158
 10
692.6272444634329
 20
17.00062152699206
 10
692.6271914276614
 20
17.000754217748607
 10
692.6271383935294
 20
17.0008997352745
 10
692.6270676841656
 20
17.001113710672374
 10
692.626988140383
 20
17.001381687638453
 10
692.6268820898619
 20
17.001783877354583
 10
692.626762795142
 20
17.002297654446267
 10
692.6266037583487
 20
17.00308366521198
 10
692.6263652603753
 20
17.004479013504188
 10
692.6260076694007
 20
17.00705861765901
 10
692.6254717258231
 20
17.012022138335027
 10
692.6226897392025
 20
25.940851863170916
 10
692.6252197785674
 20
25.985188590475836
 10
692.6258555618286
 20
25.991666581095227
 10
692.6263329298409
 20
25.99531181862712
 10
692.6266911797494
 20
25.99736269760008
 10
692.6269088879434
 20
25.998322599546277
 10
692.6270558649225
 20
25.998848297449477
 10
692.6271550833801
 20
25.999147442690337
 10
692.6272377701316
 20
25.999362434380206
 10
692.6272997876314
 20
25.999503216482218
 10
692.6273514702814
 20
25.99960713693217
 10
692.6273945400208
 20
25.9996844329428
 10
692.6274304320078
 20
25.999742384807526
 10
692.6274573512887
 20
25.999781993797974
 10
692.6274867877817
 20
25.99982152412575
 10
692.6275113183812
 20
25.999851447901133
 10
692.6275340320383
 20
25.999876708635213
 10
692.6275510673615
 20
25.99989411043438
 10
692.6275696955599
 20
25.999911624714656
 10
692.6275869439537
 20
25.999926430866655
 10
692.6276024675544
 20
25.99993859658049
 10
692.6276179911953
 20
25.99994966351158
 10
692.6276319625032
 20
25.99995868428808
 10
692.6276445367032
 20
25.99996604202159
 10
692.6276571109227
 20
25.999972678839345
 10
692.6276696851597
 20
25.999978594740277
 10
692.6276822594123
 20
25.99998378972344
 10
692.6276935762512
 20
25.999987848822904
 10
692.6277037614144
 20
25.999991002739808
 10
692.6277139465841
 20
25.999993683661256
 10
692.6277241317595
 20
25.999995891586966
 10
692.6277343169393
 20
25.99999762651671
 10
692.6277445021224
 20
25.9999988884503
 10
692.6277546873079
 20
25.99999967738761
 10
692.6277606352345
 20
25.999999919346905
 10
692.6277665831612
 20
26.000000000000007
  0
LWPOLYLINE
  5
3E2
330
17
100
AcDbEntity
  8
GIZLI
100
AcDbPolyline
 90
2
 70
0
 10
692.7953168302304
 20
17.000000000000007
 10
692.6277665830788
 20
17.000000000000007
  0
LWPOLYLINE
  5
3E3
330
17
100
AcDbEntity
  8
GIZLI
100
AcDbPolyline
 90
2
 70
0
 10
692.8946469959511
 20
6.000000000020009
 10
692.7906615733511
 20
5.863120923490008
  0
LWPOLYLINE
  5
3E4
330
17
100
AcDbEntity
  8
GIZLI
100
AcDbPolyline
 90
2
 70
0
 10
692.7906615733511
 20
5.863120923490008
 10
695.7898077211512
 20
5.93156046175001
  0
LWPOLYLINE
  5
3E5
330
17
100
AcDbEntity
  8
GIZLI
100
AcDbPolyline
 90
2
 70
0
 10
695.6276934752481
 20
16.99999999999662
 10
692.6277665830473
 20
17.000000000003393
  0
LWPOLYLINE
  5
3E6
330
17
100
AcDbEntity
  8
GIZLI
100
AcDbPolyline
 90
35
 70
0
 10
692.7906615733511
 20
5.863120923490008
 10
692.8031765007788
 20
5.589178750121123
 10
692.8281772154206
 20
5.316079430523255
 10
692.8656239955075
 20
5.0444037204876935
 10
692.9154471881413
 20
4.774726519423301
 10
692.977548038259
 20
4.50761606007495
 10
693.0517995175965
 20
4.2436330982419745
 10
693.1380471536523
 20
3.983330102496609
 10
693.2361098586517
 20
3.727250443902437
 10
693.3457807585106
 20
3.475927585732834
 10
693.466828021799
 20
3.2298842731894117
 10
693.5989956887051
 20
2.9896317231204614
 10
693.7420044999999
 20
2.7556688137394025
 10
693.8955527259998
 20
2.5284812743432217
 10
694.059316995531
 20
2.308540875030922
 10
694.2329531248942
 20
2.096304616421963
 10
694.4160969468268
 20
1.8922139193747096
 10
694.6083651394683
 20
1.696693814704874
 10
694.8093560553236
 20
1.5101521329039578
 10
695.0186505502267
 20
1.3329786938577035
 10
695.2358128123045
 20
1.1655444965645332
 10
695.4603911909416
 20
1.0082009088539925
 10
695.6919190257428
 20
0.8612788571052006
 10
695.929915475498
 20
0.7250880159652864
 10
696.1738863471456
 20
0.5999159980678446
 10
696.4233249247367
 20
0.4860275437513666
 10
696.6777127983987
 20
0.3836637107776957
 10
696.9365206932991
 20
0.2930410640504668
 10
697.1992092986098
 20
0.21435086533355108
 10
697.4652300964707
 20
0.14775826296950179
 10
697.7340261909533
 20
0.09340148159799622
 10
698.0050331370251
 20
0.0513910118742853
 10
698.2776797695132
 20
0.021808800187630872
 10
698.533264944515
 20
0.005452457830333657
 10
698.7893029100511
 20
7.105427357601002e-15
  0
LWPOLYLINE
  5
3E7
330
17
100
AcDbEntity
  8
GIZLI
100
AcDbPolyline
 90
36
 70
0
 10
697.1277224675512
 20
7.105427357601002e-15
 10
696.8539629411047
 20
0.006248915005911293
 10
696.5807736479958
 20
0.02498264371070924
 10
696.3087236337823
 20
0.05616216428825904
 10
696.0383795709362
 20
0.09972253068055714
 10
695.7703045784812
 20
0.1555730078785329
 10
695.5050570490315
 20
0.22359726092050192
 10
695.2431894856763
 20
0.3036535972145993
 10
694.985247351131
 20
0.3955752616804302
 10
694.7317679315539
 20
0.4991707840951758
 10
694.4832792173946
 20
0.6142243779206522
 10
694.2402988036048
 20
0.7404963897805441
 10
694.0033328115023
 20
0.8777237986516058
 10
693.7728748345352
 20
1.0256207637289991
 10
693.5494049101401
 20
1.1838792198245915
 10
693.3333885198385
 20
1.3521695190580134
 10
693.1252756196513
 20
1.530141117503855
 10
692.9254997028537
 20
1.7174233053647319
 10
692.73447689702
 20
1.9136259791492911
 10
692.5526050972433
 20
2.1183404542467277
 10
692.3802631373295
 20
2.331140316205255
 10
692.2178100006986
 20
2.551582308941323
 10
692.0655840726315
 20
2.779207258029487
 10
691.9239024354239
 20
3.0135410271497194
 10
691.7930602079118
 20
3.2540955056999397
 10
691.6733299307483
 20
3.500369625516565
 10
691.5649609987086
 20
3.7518504045852983
 10
691.4681791412078
 20
4.008014015568134
 10
691.3831859521132
 20
4.268326876920858
 10
691.3101584698297
 20
4.532246764328294
 10
691.2492488085339
 20
4.799223940142181
 10
691.2005838413247
 20
5.068702298469126
 10
691.16426493595
 20
5.340120523523425
 10
691.1403677436607
 20
5.612913258831939
 10
691.1309942625277
 20
5.806355751890011
 10
691.1278686833188
 20
6.000000000010006
  0
LWPOLYLINE
  5
3E8
330
17
100
AcDbEntity
  8
GIZLI
100
AcDbPolyline
 90
2
 70
0
 10
695.894342865648
 20
31.999999999996618
 10
692.8944159735473
 20
32.00000000000338
  0
LWPOLYLINE
  5
3E9
330
17
100
AcDbEntity
  8
GIZLI
100
AcDbPolyline
 90
2
 70
0
 10
747.127678351955
 20
26.00000000000339
 10
744.1277514598543
 20
25.99999999999662
  0
LWPOLYLINE
  5
3EA
330
17
100
AcDbEntity
  8
GIZLI
100
AcDbPolyline
 90
2
 70
0
 10
746.960128104855
 20
26.000000000003393
 10
744.1277514961702
 20
25.999999999996998
  0
LWPOLYLINE
  5
3EB
330
17
100
AcDbEntity
  8
GIZLI
100
AcDbPolyline
 90
2
 70
0
 10
744.1277514598543
 20
16.99999999999662
 10
747.127678352055
 20
17.000000000003393
  0
LWPOLYLINE
  5
3EC
330
17
100
AcDbEntity
  8
GIZLI
100
AcDbPolyline
 90
2
 70
0
 10
695.895110069255
 20
6.000536520466621
 10
692.8951831771623
 20
6.000536520473393
  0
LWPOLYLINE
  5
3ED
330
17
100
AcDbEntity
  8
GIZLI
100
AcDbPolyline
 90
2
 70
0
 10
692.8946469959511
 20
6.000000000020009
 10
695.8945738880511
 20
6.0000000000100115
  0
LWPOLYLINE
  5
3EE
330
17
100
AcDbEntity
  8
GIZLI
100
AcDbPolyline
 90
2
 70
0
 10
697.127722467517
 20
7.105427357601002e-15
 10
698.7893029099754
 20
7.105427357601002e-15
  0
LWPOLYLINE
  5
3EF
330
17
100
AcDbEntity
  8
GIZLI
100
AcDbPolyline
 90
2
 70
0
 10
740.8777224675512
 20
7.105427357601002e-15
 10
740.8777224675512
 20
3.000000000000007
  0
LWPOLYLINE
  5
3F0
330
17
100
AcDbEntity
  8
GIZLI
100
AcDbPolyline
 90
2
 70
0
 10
740.8777224675512
 20
7.105427357601002e-15
 10
741.8777224675512
 20
7.105427357601002e-15
  0
LWPOLYLINE
  5
3F1
330
17
100
AcDbEntity
  8
GIZLI
100
AcDbPolyline
 90
2
 70
0
 10
752.1277224675512
 20
7.105427357601002e-15
 10
741.8777224675512
 20
7.105427357601002e-15
  0
LWPOLYLINE
  5
3F2
330
17
100
AcDbEntity
  8
GIZLI
100
AcDbPolyline
 90
2
 70
0
 10
697.8777224675512
 20
7.105427357601002e-15
 10
687.6277224675512
 20
7.105427357601002e-15
  0
LWPOLYLINE
  5
3F3
330
17
100
AcDbEntity
  8
GIZLI
100
AcDbPolyline
 90
2
 70
0
 10
698.8777224675512
 20
7.105427357601002e-15
 10
698.8777224675512
 20
3.000000000000007
  0
LWPOLYLINE
  5
3F4
330
17
100
AcDbEntity
  8
GIZLI
100
AcDbPolyline
 90
2
 70
0
 10
697.8777224675512
 20
7.105427357601002e-15
 10
698.8777224675512
 20
7.105427357601002e-15
  0
LWPOLYLINE
  5
3F5
330
17
100
AcDbEntity
  8
GIZLI
100
AcDbPolyline
 90
2
 70
0
 10
740.8777224675512
 20
3.000000000000007
 10
740.8777224675512
 20
7.105427357601002e-15
  0
LWPOLYLINE
  5
3F6
330
17
100
AcDbEntity
  8
GIZLI
100
AcDbPolyline
 90
2
 70
0
 10
740.8777224675512
 20
7.105427357601002e-15
 10
742.6277224675512
 20
7.105427357601002e-15
  0
LWPOLYLINE
  5
3F7
330
17
100
AcDbEntity
  8
GIZLI
100
AcDbPolyline
 90
2
 70
0
 10
698.7893029100511
 20
7.105427357601002e-15
 10
740.9661420250511
 20
7.105427357601002e-15
  0
LWPOLYLINE
  5
3F8
330
17
100
AcDbEntity
  8
GIZLI
100
AcDbPolyline
 90
2
 70
0
 10
698.8777224675512
 20
3.000000000000007
 10
698.8777224675512
 20
7.105427357601002e-15
  0
LWPOLYLINE
  5
3F9
330
17
100
AcDbEntity
  8
GIZLI
100
AcDbPolyline
 90
2
 70
0
 10
697.1277224675512
 20
7.105427357601002e-15
 10
698.8777224675512
 20
7.105427357601002e-15
  0
LWPOLYLINE
  5
3FA
330
17
100
AcDbEntity
  8
GIZLI
100
AcDbPolyline
 90
2
 70
0
 10
743.8946778707511
 20
1.4210854715202004e-14
 10
743.8946778707511
 20
3.000000000000014
  0
LWPOLYLINE
  5
3FB
330
17
100
AcDbEntity
  8
GIZLI
100
AcDbPolyline
 90
2
 70
0
 10
744.0460665974512
 20
1.4210854715202004e-14
 10
743.8946778707511
 20
1.4210854715202004e-14
  0
LWPOLYLINE
  5
3FC
330
17
100
AcDbEntity
  8
GIZLI
100
AcDbPolyline
 90
2
 70
0
 10
695.8607670643512
 20
1.4210854715202004e-14
 10
695.7093783376512
 20
1.4210854715202004e-14
  0
LWPOLYLINE
  5
3FD
330
17
100
AcDbEntity
  8
GIZLI
100
AcDbPolyline
 90
2
 70
0
 10
695.8607670643512
 20
1.4210854715202004e-14
 10
695.8607670643512
 20
3.000000000000014
  0
LWPOLYLINE
  5
3FE
330
17
100
AcDbEntity
  8
GIZLI
100
AcDbPolyline
 90
2
 70
0
 10
695.8607670643512
 20
1.4210854715202004e-14
 10
695.8607670643512
 20
3.000000000000014
  0
LWPOLYLINE
  5
3FF
330
17
100
AcDbEntity
  8
GIZLI
100
AcDbPolyline
 90
2
 70
0
 10
695.7093783376512
 20
1.4210854715202004e-14
 10
695.8607670643512
 20
1.4210854715202004e-14
  0
LWPOLYLINE
  5
400
330
17
100
AcDbEntity
  8
GIZLI
100
AcDbPolyline
 90
2
 70
0
 10
743.9602012127542
 20
16.99999999999662
 10
746.960128104855
 20
17.000000000003393
  0
LWPOLYLINE
  5
401
330
17
100
AcDbEntity
  8
GIZLI
100
AcDbPolyline
 90
2
 70
0
 10
743.8946778707511
 20
1.4210854715202004e-14
 10
743.8946778707511
 20
3.000000000000014
  0
LWPOLYLINE
  5
402
330
17
100
AcDbEntity
  8
GIZLI
100
AcDbPolyline
 90
2
 70
0
 10
755.1277224675512
 20
24.999999999900012
 10
755.1277224675489
 20
25.999999999900012
  0
LWPOLYLINE
  5
403
330
17
100
AcDbEntity
  8
GIZLI
100
AcDbPolyline
 90
2
 70
0
 10
755.1277224675512
 20
25.999999999896627
 10
758.1277224675512
 20
25.999999999903398
  0
LWPOLYLINE
  5
404
330
17
100
AcDbEntity
  8
GIZLI
100
AcDbPolyline
 90
2
 70
0
 10
758.1277224675512
 20
24.999999999900012
 10
758.1277224675489
 20
25.999999999900012
  0
LWPOLYLINE
  5
405
330
17
100
AcDbEntity
  8
GIZLI
100
AcDbPolyline
 90
2
 70
0
 10
755.1277224675557
 20
20.999999999900012
 10
755.1277224675466
 20
24.999999999900012
  0
LWPOLYLINE
  5
406
330
17
100
AcDbEntity
  8
GIZLI
100
AcDbPolyline
 90
2
 70
0
 10
758.1277224675557
 20
20.999999999900012
 10
758.1277224675466
 20
24.999999999900012
  0
LWPOLYLINE
  5
407
330
17
100
AcDbEntity
  8
GIZLI
100
AcDbPolyline
 90
2
 70
0
 10
755.1277224675512
 20
19.999999999896627
 10
758.1277224675512
 20
19.999999999903398
  0
LWPOLYLINE
  5
408
330
17
100
AcDbEntity
  8
GIZLI
100
AcDbPolyline
 90
2
 70
0
 10
755.1277224675534
 20
19.999999999900012
 10
755.1277224675512
 20
20.999999999900012
  0
LWPOLYLINE
  5
409
330
17
100
AcDbEntity
  8
GIZLI
100
AcDbPolyline
 90
2
 70
0
 10
758.1277224675534
 20
19.999999999900012
 10
758.1277224675512
 20
20.999999999900012
  0
LWPOLYLINE
  5
40A
330
17
100
AcDbEntity
  8
GIZLI
100
AcDbPolyline
 90
2
 70
0
 10
758.1277224675512
 20
19.99999999990339
 10
755.1277224675512
 20
19.99999999989662
  0
LWPOLYLINE
  5
40B
330
17
100
AcDbEntity
  8
GIZLI
100
AcDbPolyline
 90
2
 70
0
 10
755.1277224675512
 20
20.999999999900005
 10
755.1277224675534
 20
19.999999999900005
  0
LWPOLYLINE
  5
40C
330
17
100
AcDbEntity
  8
GIZLI
100
AcDbPolyline
 90
2
 70
0
 10
758.1277224675512
 20
20.999999999900005
 10
758.1277224675534
 20
19.999999999900005
  0
LWPOLYLINE
  5
40D
330
17
100
AcDbEntity
  8
GIZLI
100
AcDbPolyline
 90
2
 70
0
 10
755.1277224675512
 20
21.749999999896627
 10
758.1277224675512
 20
21.749999999903398
  0
LWPOLYLINE
  5
40E
330
17
100
AcDbEntity
  8
GIZLI
100
AcDbPolyline
 90
2
 70
0
 10
755.1277224675393
 20
21.749999999900012
 10
755.1277224675512
 20
16.499999999900012
  0
LWPOLYLINE
  5
40F
330
17
100
AcDbEntity
  8
GIZLI
100
AcDbPolyline
 90
2
 70
0
 10
758.1277224675393
 20
21.749999999900012
 10
758.1277224675512
 20
16.499999999900012
  0
LWPOLYLINE
  5
410
330
17
100
AcDbEntity
  8
GIZLI
100
AcDbPolyline
 90
2
 70
0
 10
755.1277224675512
 20
16.499999999900012
 10
755.1277224675393
 20
21.749999999900012
  0
LWPOLYLINE
  5
411
330
17
100
AcDbEntity
  8
GIZLI
100
AcDbPolyline
 90
2
 70
0
 10
758.1277224675512
 20
16.499999999900012
 10
758.1277224675393
 20
21.749999999900012
  0
LWPOLYLINE
  5
412
330
17
100
AcDbEntity
  8
GIZLI
100
AcDbPolyline
 90
2
 70
0
 10
758.127722467563
 20
11.249999999900012
 10
758.1277224675512
 20
16.499999999900012
  0
LWPOLYLINE
  5
413
330
17
100
AcDbEntity
  8
GIZLI
100
AcDbPolyline
 90
2
 70
0
 10
755.1277224675512
 20
11.249999999896627
 10
758.1277224675512
 20
11.249999999903398
  0
LWPOLYLINE
  5
414
330
17
100
AcDbEntity
  8
GIZLI
100
AcDbPolyline
 90
2
 70
0
 10
755.127722467563
 20
11.249999999900012
 10
755.1277224675512
 20
16.499999999900012
  0
LWPOLYLINE
  5
415
330
17
100
AcDbEntity
  8
GIZLI
100
AcDbPolyline
 90
2
 70
0
 10
755.1277224675512
 20
16.499999999900012
 10
755.127722467563
 20
11.249999999900012
  0
LWPOLYLINE
  5
416
330
17
100
AcDbEntity
  8
GIZLI
100
AcDbPolyline
 90
2
 70
0
 10
758.1277224675512
 20
16.499999999900012
 10
758.127722467563
 20
11.249999999900012
  0
LWPOLYLINE
  5
417
330
17
100
AcDbEntity
  8
GIZLI
100
AcDbPolyline
 90
2
 70
0
 10
758.1277224675805
 20
6.000000000010008
 10
758.1277224675218
 20
32.00000000000001
  0
LWPOLYLINE
  5
418
330
17
100
AcDbEntity
  8
GIZLI
100
AcDbPolyline
 90
2
 70
0
 10
755.1277224675805
 20
6.000000000010008
 10
755.1277224675218
 20
32.00000000000001
  0
LWPOLYLINE
  5
419
330
17
100
AcDbEntity
  8
GIZLI
100
AcDbPolyline
 90
2
 70
0
 10
758.1277224675512
 20
25.99999999990339
 10
755.1277224675512
 20
25.99999999989662
  0
LWPOLYLINE
  5
41A
330
17
100
AcDbEntity
  8
GIZLI
100
AcDbPolyline
 90
2
 70
0
 10
758.1277224675557
 20
20.999999999900005
 10
758.1277224675466
 20
24.999999999900005
  0
LWPOLYLINE
  5
41B
330
17
100
AcDbEntity
  8
GIZLI
100
AcDbPolyline
 90
2
 70
0
 10
755.1277224675557
 20
20.999999999900005
 10
755.1277224675466
 20
24.999999999900005
  0
LWPOLYLINE
  5
41C
330
17
100
AcDbEntity
  8
GIZLI
100
AcDbPolyline
 90
2
 70
0
 10
755.1277224675489
 20
25.999999999900005
 10
755.1277224675512
 20
24.999999999900005
  0
LWPOLYLINE
  5
41D
330
17
100
AcDbEntity
  8
GIZLI
100
AcDbPolyline
 90
2
 70
0
 10
758.1277224675489
 20
25.999999999900005
 10
758.1277224675512
 20
24.999999999900005
  0
LWPOLYLINE
  5
41E
330
17
100
AcDbEntity
  8
GIZLI
100
AcDbPolyline
 90
2
 70
0
 10
755.1277224675512
 20
11.000000000000007
 10
755.1277224675443
 20
14.000000000000007
  0
LWPOLYLINE
  5
41F
330
17
100
AcDbEntity
  8
GIZLI
100
AcDbPolyline
 90
2
 70
0
 10
755.1277224675512
 20
13.999999999996621
 10
758.1277224675512
 20
14.000000000003393
  0
LWPOLYLINE
  5
420
330
17
100
AcDbEntity
  8
GIZLI
100
AcDbPolyline
 90
2
 70
0
 10
758.1277224675445
 20
13.9492243578187
 10
758.1277224675443
 20
14.000000000000007
  0
LWPOLYLINE
  5
421
330
17
100
AcDbEntity
  8
GIZLI
100
AcDbPolyline
 90
2
 70
0
 10
755.1277224675455
 20
11.000000000000012
 10
755.1277224675491
 20
9.366656817943309
  0
LWPOLYLINE
  5
422
330
17
100
AcDbEntity
  8
GIZLI
100
AcDbPolyline
 90
2
 70
0
 10
743.8946778707511
 20
1.4210854715202004e-14
 10
744.0460665974512
 20
1.4210854715202004e-14
  0
LWPOLYLINE
  5
423
330
17
100
AcDbEntity
  8
GIZLI
100
AcDbPolyline
 90
2
 70
0
 10
758.1277224675512
 20
14.000000000003393
 10
755.1277224675512
 20
13.999999999996621
  0
LWPOLYLINE
  5
424
330
17
100
AcDbEntity
  8
GIZLI
100
AcDbPolyline
 90
2
 70
0
 10
755.1277224675625
 20
13.949232512900007
 10
755.1277224675624
 20
14.000000000000007
  0
LWPOLYLINE
  5
425
330
17
100
AcDbEntity
  8
GIZLI
100
AcDbPolyline
 90
2
 70
0
 10
758.127722467551
 20
14.000000000000007
 10
758.1277224675512
 20
13.949232512900007
  0
LWPOLYLINE
  5
426
330
17
100
AcDbEntity
  8
GIZLI
100
AcDbPolyline
 90
2
 70
0
 10
743.8726240674358
 20
12.738472114693238
 10
746.8725509595567
 20
12.73847211470001
  0
LWPOLYLINE
  5
427
330
17
100
AcDbEntity
  8
GIZLI
100
AcDbPolyline
 90
2
 70
0
 10
743.872624067465
 20
17.738472114693238
 10
746.8725509595455
 20
17.73847211470001
  0
LWPOLYLINE
  5
428
330
17
100
AcDbEntity
  8
GIZLI
100
AcDbPolyline
 90
2
 70
0
 10
695.8828208676575
 20
17.738472114693238
 10
692.8828939755567
 20
17.73847211470001
  0
LWPOLYLINE
  5
429
330
17
100
AcDbEntity
  8
GIZLI
100
AcDbPolyline
 90
2
 70
0
 10
695.8828208676463
 20
12.738472114693238
 10
692.8828939755455
 20
12.73847211470001
  0
TEXT
  5
42A
330
17
100
AcDbEntity
  8
YAZI
100
AcDbText
 10
681.6277224675218
 20
40.587435873632494
 30
0.0
 40
13.954583294610684
  1
SAG
 11
681.6277224675218
 21
40.587435873632494
 31
0.0
100
AcDbText
  0
DIMENSION
  5
42B
330
17
100
AcDbEntity
  8
OLCU
100
AcDbDimension
280
0
  2
*D5
  3
PF_MM
 10
681.6277224675218
 20
-42.93717936803287
 30
0.0
 11
719.8777224675512
 21
-33.81302875232589
 31
0.0
 70
32
 71
5
  1
<>
100
AcDbAlignedDimension
 13
681.6277224675218
 23
0.0
 33
0.0
 14
758.1277224675805
 24
0.0
 34
0.0
 50
0.0
100
AcDbRotatedDimension
  0
DIMENSION
  5
43A
330
17
100
AcDbEntity
  8
OLCU
100
AcDbDimension
280
0
  2
*D6
  3
PF_MM
 10
638.690543099489
 20
0.0
 30
0.0
 11
629.566392483782
 21
16.00000000001296
 31
0.0
 70
32
 71
5
  1
<>
100
AcDbAlignedDimension
 13
681.6277224675218
 23
0.0
 33
0.0
 14
681.6277224675218
 24
32.00000000002592
 34
0.0
 50
90.0
100
AcDbRotatedDimension
  0
LINE
  5
449
330
17
100
AcDbEntity
  8
EKSEN
100
AcDbLine
 10
13.16
 20
21.5
 30
0.0
 11
25.16
 21
21.5
 31
0.0
  0
LINE
  5
44A
330
17
100
AcDbEntity
  8
EKSEN
100
AcDbLine
 10
19.16
 20
15.5
 30
0.0
 11
19.16
 21
27.5
 31
0.0
  0
LINE
  5
44B
330
17
100
AcDbEntity
  8
EKSEN
100
AcDbLine
 10
37.16
 20
21.5
 30
0.0
 11
49.16
 21
21.5
 31
0.0
  0
LINE
  5
44C
330
17
100
AcDbEntity
  8
EKSEN
100
AcDbLine
 10
43.16
 20
15.5
 30
0.0
 11
43.16
 21
27.5
 31
0.0
  0
LINE
  5
44D
330
17
100
AcDbEntity
  8
EKSEN
100
AcDbLine
 10
2.62
 20
15.24
 30
0.0
 11
10.620000000000001
 21
15.24
 31
0.0
  0
LINE
  5
44E
330
17
100
AcDbEntity
  8
EKSEN
100
AcDbLine
 10
6.62
 20
11.24
 30
0.0
 11
6.62
 21
19.240000000000002
 31
0.0
  0
LINE
  5
44F
330
17
100
AcDbEntity
  8
EKSEN
100
AcDbLine
 10
297.29
 20
16.5
 30
0.0
 11
310.79
 21
16.5
 31
0.0
  0
LINE
  5
450
330
17
100
AcDbEntity
  8
EKSEN
100
AcDbLine
 10
304.04
 20
9.75
 30
0.0
 11
304.04
 21
23.25
 31
0.0
  0
DIMENSION
  5
451
330
17
100
AcDbEntity
  8
OLCU
100
AcDbDimension
280
0
  2
*D7
  3
PF_MM
 10
302.54649219736257
 20
11.466916010688765
 30
0.0
 11
316.92115381040986
 21
59.90916658924729
 31
0.0
 70
163
 71
5
  1
%%c10.5
100
AcDbDiametricDimension
 15
305.5335078026375
 25
21.533083989311237
 35
0.0
1001
ACAD
1000
DSTYLE
1002
{
1070
172
1070
1
1070
77
1070
0
1070
174
1070
0
1070
279
1070
1
1070
289
1070
3
1070
147
1040
3.2202884526024653
1002
}
  0
DIMENSION
  5
45C
330
17
100
AcDbEntity
  8
OLCU
100
AcDbDimension
280
0
  2
*D8
  3
PF_MM
 10
18.19710086438477
 20
17.104226432738894
 30
0.0
 11
32.04115381040986
 21
80.3043267890629
 31
0.0
 70
163
 71
5
  1
2x %%c9
100
AcDbDiametricDimension
 15
20.12289913561523
 25
25.895773567261106
 35
0.0
1001
ACAD
1000
DSTYLE
1002
{
1070
172
1070
1
1070
77
1070
0
1070
174
1070
0
1070
279
1070
1
1070
289
1070
3
1070
147
1040
3.2202884526024653
1002
}
  0
DIMENSION
  5
467
330
17
100
AcDbEntity
  8
OLCU
100
AcDbDimension
280
0
  2
*D9
  3
PF_MM
 10
413.04
 20
11.0
 30
0.0
 11
425.92115381040986
 21
100.69948698887852
 31
0.0
 70
164
 71
5
  1
R3
100
AcDbRadialDimension
 15
413.46643575414294
 25
13.96953742990193
 35
0.0
1001
ACAD
1000
DSTYLE
1002
{
1070
172
1070
1
1070
77
1070
0
1070
174
1070
0
1070
279
1070
1
1070
289
1070
3
1070
147
1040
3.2202884526024653
1002
}
  0
DIMENSION
  5
472
330
17
100
AcDbEntity
  8
OLCU
100
AcDbDimension
280
0
  2
*D10
  3
PF_MM
 10
6.3180097276801686
 20
12.758306651613823
 30
0.0
 11
19.50115381040986
 21
121.09464718869413
 31
0.0
 70
163
 71
5
  1
%%c5
100
AcDbDiametricDimension
 15
6.921990272319832
 25
17.721693348386175
 35
0.0
1001
ACAD
1000
DSTYLE
1002
{
1070
172
1070
1
1070
77
1070
0
1070
174
1070
0
1070
279
1070
1
1070
289
1070
3
1070
147
1040
3.2202884526024653
1002
}
  0
DIMENSION
  5
47D
330
17
100
AcDbEntity
  8
OLCU
100
AcDbDimension
280
0
  2
*D11
  3
PF_MM
 10
401.04
 20
25.0
 30
0.0
 11
413.92115381040986
 21
141.48980738850975
 31
0.0
 70
164
 71
5
  1
4x R1
100
AcDbRadialDimension
 15
401.1499076183557
 25
25.993941806861642
 35
0.0
1001
ACAD
1000
DSTYLE
1002
{
1070
172
1070
1
1070
77
1070
0
1070
174
1070
0
1070
279
1070
1
1070
289
1070
3
1070
147
1040
3.2202884526024653
1002
}
  0
DIMENSION
  5
488
330
17
100
AcDbEntity
  8
OLCU
100
AcDbDimension
280
0
  2
*D12
  3
PF_MM
 10
687.6277224675218
 20
6.0
 30
0.0
 11
700.5088762779317
 21
59.90916658924729
 31
0.0
 70
164
 71
5
  1
4x R3
100
AcDbRadialDimension
 15
688.3249214838922
 25
8.917861122735642
 35
0.0
1001
ACAD
1000
DSTYLE
1002
{
1070
172
1070
1
1070
77
1070
0
1070
174
1070
0
1070
279
1070
1
1070
289
1070
3
1070
147
1040
3.2202884526024653
1002
}
  0
DIMENSION
  5
493
330
17
100
AcDbEntity
  8
OLCU
100
AcDbDimension
280
0
  2
*D13
  3
PF_MM
 10
686.6277224675218
 20
13.95
 30
0.0
 11
699.5088762779317
 21
80.3043267890629
 31
0.0
 70
164
 71
5
  1
4x R2
100
AcDbRadialDimension
 15
687.0088608611351
 25
15.913347530345543
 35
0.0
1001
ACAD
1000
DSTYLE
1002
{
1070
172
1070
1
1070
77
1070
0
1070
174
1070
0
1070
279
1070
1
1070
289
1070
3
1070
147
1040
3.2202884526024653
1002
}
  0
DIMENSION
  5
49E
330
17
100
AcDbEntity
  8
OLCU
100
AcDbDimension
280
0
  2
*D14
  3
PF_MM
 10
752.3877224675218
 20
8.5
 30
0.0
 11
765.2688762779317
 21
100.69948698887852
 31
0.0
 70
164
 71
5
  1
4x R0.5
100
AcDbRadialDimension
 15
752.4569053499035
 25
8.99519059844202
 35
0.0
1001
ACAD
1000
DSTYLE
1002
{
1070
172
1070
1
1070
77
1070
0
1070
174
1070
0
1070
279
1070
1
1070
289
1070
3
1070
147
1040
3.2202884526024653
1002
}
  0
DIMENSION
  5
4A9
330
17
100
AcDbEntity
  8
OLCU
100
AcDbDimension
280
0
  2
*D15
  3
PF_MM
 10
412.04
 20
-210.81583490555727
 30
0.0
 11
424.92115381040986
 21
-170.67666831631217
 31
0.0
 70
164
 71
5
  1
2x R2
100
AcDbRadialDimension
 15
412.6511272665087
 25
-208.9114915898367
 35
0.0
1001
ACAD
1000
DSTYLE
1002
{
1070
172
1070
1
1070
77
1070
0
1070
174
1070
0
1070
279
1070
1
1070
289
1070
3
1070
147
1040
3.2202884526024653
1002
}
  0
DIMENSION
  5
4B4
330
17
100
AcDbEntity
  8
OLCU
100
AcDbDimension
280
0
  2
*D16
  3
PF_MM
 10
262.04
 20
-214.83583490555725
 30
0.0
 11
274.92115381040986
 21
-150.28150811649655
 31
0.0
 70
164
 71
5
  1
2x R1
100
AcDbRadialDimension
 15
262.23568211735386
 25
-213.8551675261936
 35
0.0
1001
ACAD
1000
DSTYLE
1002
{
1070
172
1070
1
1070
77
1070
0
1070
174
1070
0
1070
279
1070
1
1070
289
1070
3
1070
147
1040
3.2202884526024653
1002
}
  0
TEXT
  5
4BF
330
17
100
AcDbEntity
  8
YAZI
100
AcDbText
 10
0.0
 20
325.0462491868503
 30
0.0
 40
16.101442263012327
  1
01.050.000.01   01.050.000.01 U-Blech-Mechanismus
 11
0.0
 21
325.0462491868503
 31
0.0
100
AcDbText
  0
TEXT
  5
4C0
330
17
100
AcDbEntity
  8
YAZI
100
AcDbText
 10
0.0
 20
301.4308005344322
 30
0.0
 40
11.80772432620904
  1
adet: 1
 11
0.0
 21
301.4308005344322
 31
0.0
100
AcDbText
  0
TEXT
  5
4C1
330
17
100
AcDbEntity
  8
YAZI
100
AcDbText
 10
0.0
 20
277.8153518820141
 30
0.0
 40
11.80772432620904
  1
BOY x EN x KALINLIK : 483.04 x 76.5 x 32.0 mm
 11
0.0
 21
277.8153518820141
 31
0.0
100
AcDbText
  0
TEXT
  5
4C2
330
17
100
AcDbEntity
  8
YAZI
100
AcDbText
 10
0.0
 20
254.19990322959603
 30
0.0
 40
11.80772432620904
  1
hacim 163651.2 mm3   kutle 1.2847 kg   yuzey 114694.7 mm2
 11
0.0
 21
254.19990322959603
 31
0.0
100
AcDbText
  0
TEXT
  5
4C3
330
17
100
AcDbEntity
  8
YAZI
100
AcDbText
 10
0.0
 20
230.58445457717795
 30
0.0
 40
11.80772432620904
  1
dis capler: %%c12.0, %%c10.0, %%c7.0
 11
0.0
 21
230.58445457717795
 31
0.0
100
AcDbText
  0
TEXT
  5
4C4
330
17
100
AcDbEntity
  8
YAZI
100
AcDbText
 10
0.0
 20
206.96900592475987
 30
0.0
 40
11.80772432620904
  1
toplam delik: 4   toplam radus: 21
 11
0.0
 21
206.96900592475987
 31
0.0
100
AcDbText
  0
TEXT
  5
4C5
330
17
100
AcDbEntity
  8
YAZI
100
AcDbText
 10
889.786696445227
 20
325.0462491868503
 30
0.0
 40
13.954583294610684
  1
DELIK TABLOSU
 11
889.786696445227
 21
325.0462491868503
 31
0.0
100
AcDbText
  0
TEXT
  5
4C6
330
17
100
AcDbEntity
  8
YAZI
100
AcDbText
 10
889.786696445227
 20
301.4308005344322
 30
0.0
 40
11.27100958410863
  1
     cap  adet  eksen  derinlik
 11
889.786696445227
 21
301.4308005344322
 31
0.0
100
AcDbText
  0
TEXT
  5
4C7
330
17
100
AcDbEntity
  8
YAZI
100
AcDbText
 10
889.786696445227
 20
277.8153518820141
 30
0.0
 40
11.27100958410863
  1
%%c  9.00     2      Y      9.00
 11
889.786696445227
 21
277.8153518820141
 31
0.0
100
AcDbText
  0
TEXT
  5
4C8
330
17
100
AcDbEntity
  8
YAZI
100
AcDbText
 10
889.786696445227
 20
254.19990322959603
 30
0.0
 40
11.27100958410863
  1
%%c  5.00     1      Y      3.02
 11
889.786696445227
 21
254.19990322959603
 31
0.0
100
AcDbText
  0
TEXT
  5
4C9
330
17
100
AcDbEntity
  8
YAZI
100
AcDbText
 10
889.786696445227
 20
230.58445457717795
 30
0.0
 40
11.27100958410863
  1
%%c 10.50     1      Y      5.25
 11
889.786696445227
 21
230.58445457717795
 31
0.0
100
AcDbText
  0
TEXT
  5
4CA
330
17
100
AcDbEntity
  8
YAZI
100
AcDbText
 10
1208.638190432239
 20
325.0462491868503
 30
0.0
 40
13.954583294610684
  1
RADUS TABLOSU (kenar yuvarlamalari)
 11
1208.638190432239
 21
325.0462491868503
 31
0.0
100
AcDbText
  0
TEXT
  5
4CB
330
17
100
AcDbEntity
  8
YAZI
100
AcDbText
 10
1208.638190432239
 20
301.4308005344322
 30
0.0
 40
11.27100958410863
  1
       R  adet  eksen   uzunluk
 11
1208.638190432239
 21
301.4308005344322
 31
0.0
100
AcDbText
  0
TEXT
  5
4CC
330
17
100
AcDbEntity
  8
YAZI
100
AcDbText
 10
1208.638190432239
 20
277.8153518820141
 30
0.0
 40
11.27100958410863
  1
R   0.50     4      X     68.00
 11
1208.638190432239
 21
277.8153518820141
 31
0.0
100
AcDbText
  0
TEXT
  5
4CD
330
17
100
AcDbEntity
  8
YAZI
100
AcDbText
 10
1208.638190432239
 20
254.19990322959603
 30
0.0
 40
11.27100958410863
  1
R   1.00     4      Y      3.00
 11
1208.638190432239
 21
254.19990322959603
 31
0.0
100
AcDbText
  0
TEXT
  5
4CE
330
17
100
AcDbEntity
  8
YAZI
100
AcDbText
 10
1208.638190432239
 20
230.58445457717795
 30
0.0
 40
11.27100958410863
  1
R   2.00     4      X     68.00
 11
1208.638190432239
 21
230.58445457717795
 31
0.0
100
AcDbText
  0
TEXT
  5
4CF
330
17
100
AcDbEntity
  8
YAZI
100
AcDbText
 10
1208.638190432239
 20
206.96900592475987
 30
0.0
 40
11.27100958410863
  1
R   3.00     4      X    253.09
 11
1208.638190432239
 21
206.96900592475987
 31
0.0
100
AcDbText
  0
TEXT
  5
4D0
330
17
100
AcDbEntity
  8
YAZI
100
AcDbText
 10
1208.638190432239
 20
183.3535572723418
 30
0.0
 40
11.27100958410863
  1
R   1.00     2      Z      3.00
 11
1208.638190432239
 21
183.3535572723418
 31
0.0
100
AcDbText
  0
TEXT
  5
4D1
330
17
100
AcDbEntity
  8
YAZI
100
AcDbText
 10
1208.638190432239
 20
159.7381086199237
 30
0.0
 40
11.27100958410863
  1
R   2.00     2      Z      3.00
 11
1208.638190432239
 21
159.7381086199237
 31
0.0
100
AcDbText
  0
TEXT
  5
4D2
330
17
100
AcDbEntity
  8
YAZI
100
AcDbText
 10
1208.638190432239
 20
136.12265996750563
 30
0.0
 40
11.27100958410863
  1
R   3.00     1      Y      3.00
 11
1208.638190432239
 21
136.12265996750563
 31
0.0
100
AcDbText
  0
ENDSEC
  0
SECTION
  2
OBJECTS
  0
DICTIONARY
  5
A
330
0
100
AcDbDictionary
281
1
  3
ACAD_COLOR
350
B
  3
ACAD_GROUP
350
C
  3
ACAD_LAYOUT
350
D
  3
ACAD_MATERIAL
350
E
  3
ACAD_MLEADERSTYLE
350
F
  3
ACAD_MLINESTYLE
350
10
  3
ACAD_PLOTSETTINGS
350
11
  3
ACAD_PLOTSTYLENAME
350
12
  3
ACAD_SCALELIST
350
14
  3
ACAD_TABLESTYLE
350
15
  3
ACAD_VISUALSTYLE
350
16
  3
EZDXF_META
350
2D
  0
DICTIONARY
  5
B
330
A
100
AcDbDictionary
281
1
  0
DICTIONARY
  5
C
330
A
100
AcDbDictionary
281
1
  0
DICTIONARY
  5
D
330
A
100
AcDbDictionary
281
1
  3
Model
350
1A
  3
Layout1
350
1E
  0
DICTIONARY
  5
E
330
A
100
AcDbDictionary
281
1
  3
ByBlock
350
1F
  3
ByLayer
350
20
  3
Global
350
21
  0
DICTIONARY
  5
F
330
A
100
AcDbDictionary
281
1
  3
Standard
350
2C
  0
DICTIONARY
  5
10
330
A
100
AcDbDictionary
281
1
  3
Standard
350
22
  0
DICTIONARY
  5
11
330
A
100
AcDbDictionary
281
1
  0
ACDBDICTIONARYWDFLT
  5
12
330
A
100
AcDbDictionary
281
1
  3
Normal
350
13
100
AcDbDictionaryWithDefault
340
13
  0
ACDBPLACEHOLDER
  5
13
330
12
  0
DICTIONARY
  5
14
330
A
100
AcDbDictionary
281
1
  0
DICTIONARY
  5
15
330
A
100
AcDbDictionary
281
1
  0
DICTIONARY
  5
16
330
A
100
AcDbDictionary
281
1
  3
2dWireframe
350
5A
  3
Basic
350
5B
  3
Brighten
350
5C
  3
ColorChange
350
5D
  3
Conceptual
350
5E
  3
Dim
350
5F
  3
EdgeColorOff
350
60
  3
Facepattern
350
61
  3
Flat
350
62
  3
FlatWithEdges
350
63
  3
Gouraud
350
64
  3
GouraudWithEdges
350
65
  3
Hidden
350
66
  3
JitterOff
350
67
  3
Linepattern
350
68
  3
Modeling
350
69
  3
OverhangOff
350
6A
  3
Realistic
350
6B
  3
Shaded
350
6C
  3
Shaded with edges
350
6D
  3
Shades of Gray
350
6E
  3
Sketchy
350
6F
  3
Thicken
350
70
  3
Wireframe
350
71
  3
X-Ray
350
72
  0
LAYOUT
  5
1A
330
D
100
AcDbPlotSettings
  1

  4
A3
  6

 40
7.5
 41
20.0
 42
7.5
 43
20.0
 44
420.0
 45
297.0
 46
0.0
 47
0.0
 48
0.0
 49
0.0
140
0.0
141
0.0
142
1.0
143
1.0
 70
1024
 72
1
 73
0
 74
5
  7

 75
16
 76
0
 77
2
 78
300
147
1.0
148
0.0
149
0.0
100
AcDbLayout
  1
Model
 70
1
 71
0
 10
0.0
 20
0.0
 11
420.0
 21
297.0
 12
0.0
 22
0.0
 32
0.0
 14
1e+20
 24
1e+20
 34
1e+20
 15
-1e+20
 25
-1e+20
 35
-1e+20
146
0.0
 13
0.0
 23
0.0
 33
0.0
 16
1.0
 26
0.0
 36
0.0
 17
0.0
 27
1.0
 37
0.0
 76
1
330
17
  0
LAYOUT
  5
1E
330
D
100
AcDbPlotSettings
  1

  4
A3
  6

 40
7.5
 41
20.0
 42
7.5
 43
20.0
 44
420.0
 45
297.0
 46
0.0
 47
0.0
 48
0.0
 49
0.0
140
0.0
141
0.0
142
1.0
143
1.0
 70
0
 72
1
 73
0
 74
5
  7

 75
16
 76
0
 77
2
 78
300
147
1.0
148
0.0
149
0.0
100
AcDbLayout
  1
Layout1
 70
1
 71
1
 10
0.0
 20
0.0
 11
420.0
 21
297.0
 12
0.0
 22
0.0
 32
0.0
 14
1e+20
 24
1e+20
 34
1e+20
 15
-1e+20
 25
-1e+20
 35
-1e+20
146
0.0
 13
0.0
 23
0.0
 33
0.0
 16
1.0
 26
0.0
 36
0.0
 17
0.0
 27
1.0
 37
0.0
 76
1
330
1B
  0
MATERIAL
  5
1F
102
{ACAD_REACTORS
330
E
102
}
330
E
100
AcDbMaterial
  1
ByBlock
  2

 70
0
 40
1.0
 71
1
 41
1.0
 91
-1023410177
 42
1.0
 72
1
  3

 73
1
 74
1
 75
1
 44
0.5
 73
0
 45
1.0
 46
1.0
 77
1
  4

 78
1
 79
1
170
1
 48
1.0
171
1
  6

172
1
173
1
174
1
140
1.0
141
1.0
175
1
  7

176
1
177
1
178
1
143
1.0
179
1
  8

270
1
271
1
272
1
145
1.0
146
1.0
273
1
  9

274
1
275
1
276
1
 42
1.0
 72
1
  3

 73
1
 74
1
 75
1
 94
63
  0
MATERIAL
  5
20
102
{ACAD_REACTORS
330
E
102
}
330
E
100
AcDbMaterial
  1
ByLayer
  2

 70
0
 40
1.0
 71
1
 41
1.0
 91
-1023410177
 42
1.0
 72
1
  3

 73
1
 74
1
 75
1
 44
0.5
 73
0
 45
1.0
 46
1.0
 77
1
  4

 78
1
 79
1
170
1
 48
1.0
171
1
  6

172
1
173
1
174
1
140
1.0
141
1.0
175
1
  7

176
1
177
1
178
1
143
1.0
179
1
  8

270
1
271
1
272
1
145
1.0
146
1.0
273
1
  9

274
1
275
1
276
1
 42
1.0
 72
1
  3

 73
1
 74
1
 75
1
 94
63
  0
MATERIAL
  5
21
102
{ACAD_REACTORS
330
E
102
}
330
E
100
AcDbMaterial
  1
Global
  2

 70
0
 40
1.0
 71
1
 41
1.0
 91
-1023410177
 42
1.0
 72
1
  3

 73
1
 74
1
 75
1
 44
0.5
 73
0
 45
1.0
 46
1.0
 77
1
  4

 78
1
 79
1
170
1
 48
1.0
171
1
  6

172
1
173
1
174
1
140
1.0
141
1.0
175
1
  7

176
1
177
1
178
1
143
1.0
179
1
  8

270
1
271
1
272
1
145
1.0
146
1.0
273
1
  9

274
1
275
1
276
1
 42
1.0
 72
1
  3

 73
1
 74
1
 75
1
 94
63
  0
MLINESTYLE
  5
22
102
{ACAD_REACTORS
330
10
102
}
330
10
100
AcDbMlineStyle
  2
Standard
 70
0
  3

 62
256
 51
90.0
 52
90.0
 71
2
 49
0.5
 62
256
  6
BYLAYER
 49
-0.5
 62
256
  6
BYLAYER
  0
MLEADERSTYLE
  5
2C
102
{ACAD_REACTORS
330
F
102
}
330
F
100
AcDbMLeaderStyle
179
2
170
2
171
1
172
0
 90
2
 40
0.0
 41
0.0
173
1
 91
-1056964608
 92
-2
290
1
 42
2.0
291
1
 43
8.0
  3
Standard
 44
4.0
300

342
29
174
1
175
1
176
0
178
1
 93
-1056964608
 45
4.0
292
0
297
0
 46
4.0
 94
-1056964608
 47
1.0
 49
1.0
140
1.0
294
1
141
0.0
177
0
142
1.0
295
0
296
0
143
3.75
271
0
272
9
273
9
  0
DICTIONARY
  5
2D
330
A
100
AcDbDictionary
280
1
281
1
  3
CREATED_BY_EZDXF
350
2E
  3
WRITTEN_BY_EZDXF
350
4D5
  0
DICTIONARYVAR
  5
2E
330
2D
100
DictionaryVariables
280
0
  1
1.4.4 @ 2026-09-21T17:16:36.408855+00:00
  0
VISUALSTYLE
  5
5A
102
{ACAD_REACTORS
330
16
102
}
330
16
100
AcDbVisualStyle
  2
2dWireframe
 70
4
 90
0
 40
0.6
 62
7
290
0
291
0
  0
VISUALSTYLE
  5
5B
102
{ACAD_REACTORS
330
16
102
}
330
16
100
AcDbVisualStyle
  2
Basic
 70
7
 90
1
 40
0.6
 62
7
290
0
291
1
  0
VISUALSTYLE
  5
5C
102
{ACAD_REACTORS
330
16
102
}
330
16
100
AcDbVisualStyle
  2
Brighten
 70
12
 90
2
 40
0.6
 62
7
290
0
291
1
  0
VISUALSTYLE
  5
5D
102
{ACAD_REACTORS
330
16
102
}
330
16
100
AcDbVisualStyle
  2
ColorChange
 70
16
 90
2
 40
0.6
 62
8
290
0
291
1
  0
VISUALSTYLE
  5
5E
102
{ACAD_REACTORS
330
16
102
}
330
16
100
AcDbVisualStyle
  2
Conceptual
 70
9
 90
3
 40
0.6
 62
7
290
0
291
0
  0
VISUALSTYLE
  5
5F
102
{ACAD_REACTORS
330
16
102
}
330
16
100
AcDbVisualStyle
  2
Dim
 70
11
 90
2
 40
0.6
 62
7
290
0
291
1
  0
VISUALSTYLE
  5
60
102
{ACAD_REACTORS
330
16
102
}
330
16
100
AcDbVisualStyle
  2
EdgeColorOff
 70
22
 90
2
 40
0.6
 62
7
290
0
291
1
  0
VISUALSTYLE
  5
61
102
{ACAD_REACTORS
330
16
102
}
330
16
100
AcDbVisualStyle
  2
Facepattern
 70
15
 90
2
 40
0.6
 62
7
290
0
291
1
  0
VISUALSTYLE
  5
62
102
{ACAD_REACTORS
330
16
102
}
330
16
100
AcDbVisualStyle
  2
Flat
 70
0
 90
2
 40
0.6
 62
7
290
0
291
1
  0
VISUALSTYLE
  5
63
102
{ACAD_REACTORS
330
16
102
}
330
16
100
AcDbVisualStyle
  2
FlatWithEdges
 70
1
 90
2
 40
0.6
 62
7
290
0
291
1
  0
VISUALSTYLE
  5
64
102
{ACAD_REACTORS
330
16
102
}
330
16
100
AcDbVisualStyle
  2
Gouraud
 70
2
 90
2
 40
0.6
 62
7
290
0
291
1
  0
VISUALSTYLE
  5
65
102
{ACAD_REACTORS
330
16
102
}
330
16
100
AcDbVisualStyle
  2
GouraudWithEdges
 70
3
 90
2
 40
0.6
 62
7
290
0
291
1
  0
VISUALSTYLE
  5
66
102
{ACAD_REACTORS
330
16
102
}
330
16
100
AcDbVisualStyle
  2
Hidden
 70
6
 90
1
 40
0.6
 62
7
290
0
291
0
  0
VISUALSTYLE
  5
67
102
{ACAD_REACTORS
330
16
102
}
330
16
100
AcDbVisualStyle
  2
JitterOff
 70
20
 90
2
 40
0.6
 62
7
290
0
291
1
  0
VISUALSTYLE
  5
68
102
{ACAD_REACTORS
330
16
102
}
330
16
100
AcDbVisualStyle
  2
Linepattern
 70
14
 90
2
 40
0.6
 62
7
290
0
291
1
  0
VISUALSTYLE
  5
69
102
{ACAD_REACTORS
330
16
102
}
330
16
100
AcDbVisualStyle
  2
Modeling
 70
10
 90
2
 40
0.6
 62
7
290
0
291
0
  0
VISUALSTYLE
  5
6A
102
{ACAD_REACTORS
330
16
102
}
330
16
100
AcDbVisualStyle
  2
OverhangOff
 70
21
 90
2
 40
0.6
 62
7
290
0
291
1
  0
VISUALSTYLE
  5
6B
102
{ACAD_REACTORS
330
16
102
}
330
16
100
AcDbVisualStyle
  2
Realistic
 70
8
 90
2
 40
0.6
 62
7
290
0
291
0
  0
VISUALSTYLE
  5
6C
102
{ACAD_REACTORS
330
16
102
}
330
16
100
AcDbVisualStyle
  2
Shaded
 70
27
 90
2
 40
0.6
 62
7
290
0
291
0
  0
VISUALSTYLE
  5
6D
102
{ACAD_REACTORS
330
16
102
}
330
16
100
AcDbVisualStyle
  2
Shaded with edges
 70
26
 90
2
 40
0.6
 62
7
290
0
291
0
  0
VISUALSTYLE
  5
6E
102
{ACAD_REACTORS
330
16
102
}
330
16
100
AcDbVisualStyle
  2
Shades of Gray
 70
23
 90
2
 40
0.6
 62
7
290
0
291
0
  0
VISUALSTYLE
  5
6F
102
{ACAD_REACTORS
330
16
102
}
330
16
100
AcDbVisualStyle
  2
Sketchy
 70
24
 90
1
 40
0.6
 62
7
290
0
291
0
  0
VISUALSTYLE
  5
70
102
{ACAD_REACTORS
330
16
102
}
330
16
100
AcDbVisualStyle
  2
Thicken
 70
13
 90
2
 40
0.6
 62
7
290
0
291
1
  0
VISUALSTYLE
  5
71
102
{ACAD_REACTORS
330
16
102
}
330
16
100
AcDbVisualStyle
  2
Wireframe
 70
5
 90
0
 40
0.6
 62
7
290
0
291
0
  0
VISUALSTYLE
  5
72
102
{ACAD_REACTORS
330
16
102
}
330
16
100
AcDbVisualStyle
  2
X-Ray
 70
25
 90
2
 40
0.5
 62
7
290
0
291
0
  0
DICTIONARYVAR
  5
4D5
330
2D
100
DictionaryVariables
280
0
  1
1.4.4 @ 2026-09-21T17:16:36.687414+00:00
  0
ENDSEC
  0
EOF
