  0
SECTION
  2
HEADER
  9
$ACADVER
  1
AC1024
  9
$ACADMAINTVER
 70
6
  9
$DWGCODEPAGE
  3
ANSI_1252
  9
$LASTSAVEDBY
  1
ezdxf
  9
$INSBASE
 10
0.0
 20
0.0
 30
0.0
  9
$EXTMIN
 10
1e+20
 20
1e+20
 30
1e+20
  9
$EXTMAX
 10
-1e+20
 20
-1e+20
 30
-1e+20
  9
$LIMMIN
 10
0.0
 20
0.0
  9
$LIMMAX
 10
420.0
 20
297.0
  9
$ORTHOMODE
 70
0
  9
$REGENMODE
 70
1
  9
$FILLMODE
 70
1
  9
$QTEXTMODE
 70
0
  9
$MIRRTEXT
 70
1
  9
$LTSCALE
 40
1.0
  9
$ATTMODE
 70
1
  9
$TEXTSIZE
 40
2.5
  9
$TRACEWID
 40
1.0
  9
$TEXTSTYLE
  7
Standard
  9
$CLAYER
  8
0
  9
$CELTYPE
  6
ByLayer
  9
$CECOLOR
 62
256
  9
$CELTSCALE
 40
1.0
  9
$DISPSILH
 70
0
  9
$DIMSCALE
 40
1.0
  9
$DIMASZ
 40
2.5
  9
$DIMEXO
 40
0.625
  9
$DIMDLI
 40
3.75
  9
$DIMRND
 40
0.0
  9
$DIMDLE
 40
0.0
  9
$DIMEXE
 40
1.25
  9
$DIMTP
 40
0.0
  9
$DIMTM
 40
0.0
  9
$DIMTXT
 40
2.5
  9
$DIMCEN
 40
2.5
  9
$DIMTSZ
 40
0.0
  9
$DIMTOL
 70
0
  9
$DIMLIM
 70
0
  9
$DIMTIH
 70
0
  9
$DIMTOH
 70
0
  9
$DIMSE1
 70
0
  9
$DIMSE2
 70
0
  9
$DIMTAD
 70
1
  9
$DIMZIN
 70
8
  9
$DIMBLK
  1

  9
$DIMASO
 70
1
  9
$DIMSHO
 70
1
  9
$DIMPOST
  1

  9
$DIMAPOST
  1

  9
$DIMALT
 70
0
  9
$DIMALTD
 70
3
  9
$DIMALTF
 40
0.03937007874
  9
$DIMLFAC
 40
1.0
  9
$DIMTOFL
 70
1
  9
$DIMTVP
 40
0.0
  9
$DIMTIX
 70
0
  9
$DIMSOXD
 70
0
  9
$DIMSAH
 70
0
  9
$DIMBLK1
  1

  9
$DIMBLK2
  1

  9
$DIMSTYLE
  2
ISO-25
  9
$DIMCLRD
 70
0
  9
$DIMCLRE
 70
0
  9
$DIMCLRT
 70
0
  9
$DIMTFAC
 40
1.0
  9
$DIMGAP
 40
0.625
  9
$DIMJUST
 70
0
  9
$DIMSD1
 70
0
  9
$DIMSD2
 70
0
  9
$DIMTOLJ
 70
0
  9
$DIMTZIN
 70
8
  9
$DIMALTZ
 70
0
  9
$DIMALTTZ
 70
0
  9
$DIMUPT
 70
0
  9
$DIMDEC
 70
2
  9
$DIMTDEC
 70
2
  9
$DIMALTU
 70
2
  9
$DIMALTTD
 70
3
  9
$DIMTXSTY
  7
Standard
  9
$DIMAUNIT
 70
0
  9
$DIMADEC
 70
0
  9
$DIMALTRND
 40
0.0
  9
$DIMAZIN
 70
0
  9
$DIMDSEP
 70
44
  9
$DIMATFIT
 70
3
  9
$DIMFRAC
 70
0
  9
$DIMLDRBLK
  1

  9
$DIMLUNIT
 70
2
  9
$DIMLWD
 70
-2
  9
$DIMLWE
 70
-2
  9
$DIMTMOVE
 70
0
  9
$DIMFXL
 40
1.0
  9
$DIMFXLON
 70
0
  9
$DIMJOGANG
 40
0.785398163397
  9
$DIMTFILL
 70
0
  9
$DIMTFILLCLR
 70
0
  9
$DIMARCSYM
 70
0
  9
$DIMLTYPE
  6

  9
$DIMLTEX1
  6

  9
$DIMLTEX2
  6

  9
$DIMTXTDIRECTION
 70
0
  9
$LUNITS
 70
2
  9
$LUPREC
 70
4
  9
$SKETCHINC
 40
1.0
  9
$FILLETRAD
 40
10.0
  9
$AUNITS
 70
0
  9
$AUPREC
 70
2
  9
$MENU
  1
.
  9
$ELEVATION
 40
0.0
  9
$PELEVATION
 40
0.0
  9
$THICKNESS
 40
0.0
  9
$LIMCHECK
 70
0
  9
$CHAMFERA
 40
0.0
  9
$CHAMFERB
 40
0.0
  9
$CHAMFERC
 40
0.0
  9
$CHAMFERD
 40
0.0
  9
$SKPOLY
 70
0
  9
$TDCREATE
 40
2461308.496747685
  9
$TDUCREATE
 40
2458532.153996898
  9
$TDUPDATE
 40
2461308.496747685
  9
$TDUUPDATE
 40
2458532.1544311
  9
$TDINDWG
 40
0.0
  9
$TDUSRTIMER
 40
0.0
  9
$USRTIMER
 70
1
  9
$ANGBASE
 50
0.0
  9
$ANGDIR
 70
0
  9
$PDMODE
 70
0
  9
$PDSIZE
 40
0.0
  9
$PLINEWID
 40
0.0
  9
$SPLFRAME
 70
0
  9
$SPLINETYPE
 70
6
  9
$SPLINESEGS
 70
8
  9
$HANDSEED
  5
76F
  9
$SURFTAB1
 70
6
  9
$SURFTAB2
 70
6
  9
$SURFTYPE
 70
6
  9
$SURFU
 70
6
  9
$SURFV
 70
6
  9
$UCSBASE
  2

  9
$UCSNAME
  2

  9
$UCSORG
 10
0.0
 20
0.0
 30
0.0
  9
$UCSXDIR
 10
1.0
 20
0.0
 30
0.0
  9
$UCSYDIR
 10
0.0
 20
1.0
 30
0.0
  9
$UCSORTHOREF
  2

  9
$UCSORTHOVIEW
 70
0
  9
$UCSORGTOP
 10
0.0
 20
0.0
 30
0.0
  9
$UCSORGBOTTOM
 10
0.0
 20
0.0
 30
0.0
  9
$UCSORGLEFT
 10
0.0
 20
0.0
 30
0.0
  9
$UCSORGRIGHT
 10
0.0
 20
0.0
 30
0.0
  9
$UCSORGFRONT
 10
0.0
 20
0.0
 30
0.0
  9
$UCSORGBACK
 10
0.0
 20
0.0
 30
0.0
  9
$PUCSBASE
  2

  9
$PUCSNAME
  2

  9
$PUCSORG
 10
0.0
 20
0.0
 30
0.0
  9
$PUCSXDIR
 10
1.0
 20
0.0
 30
0.0
  9
$PUCSYDIR
 10
0.0
 20
1.0
 30
0.0
  9
$PUCSORTHOREF
  2

  9
$PUCSORTHOVIEW
 70
0
  9
$PUCSORGTOP
 10
0.0
 20
0.0
 30
0.0
  9
$PUCSORGBOTTOM
 10
0.0
 20
0.0
 30
0.0
  9
$PUCSORGLEFT
 10
0.0
 20
0.0
 30
0.0
  9
$PUCSORGRIGHT
 10
0.0
 20
0.0
 30
0.0
  9
$PUCSORGFRONT
 10
0.0
 20
0.0
 30
0.0
  9
$PUCSORGBACK
 10
0.0
 20
0.0
 30
0.0
  9
$USERI1
 70
0
  9
$USERI2
 70
0
  9
$USERI3
 70
0
  9
$USERI4
 70
0
  9
$USERI5
 70
0
  9
$USERR1
 40
0.0
  9
$USERR2
 40
0.0
  9
$USERR3
 40
0.0
  9
$USERR4
 40
0.0
  9
$USERR5
 40
0.0
  9
$WORLDVIEW
 70
1
  9
$SHADEDGE
 70
3
  9
$SHADEDIF
 70
70
  9
$TILEMODE
 70
1
  9
$MAXACTVP
 70
64
  9
$PINSBASE
 10
0.0
 20
0.0
 30
0.0
  9
$PLIMCHECK
 70
0
  9
$PEXTMIN
 10
1e+20
 20
1e+20
 30
1e+20
  9
$PEXTMAX
 10
-1e+20
 20
-1e+20
 30
-1e+20
  9
$PLIMMIN
 10
0.0
 20
0.0
  9
$PLIMMAX
 10
420.0
 20
297.0
  9
$UNITMODE
 70
0
  9
$VISRETAIN
 70
1
  9
$PLINEGEN
 70
0
  9
$PSLTSCALE
 70
1
  9
$TREEDEPTH
 70
3020
  9
$CMLSTYLE
  2
Standard
  9
$CMLJUST
 70
0
  9
$CMLSCALE
 40
20.0
  9
$PROXYGRAPHICS
 70
1
  9
$MEASUREMENT
 70
1
  9
$CELWEIGHT
370
-1
  9
$ENDCAPS
280
0
  9
$JOINSTYLE
280
0
  9
$LWDISPLAY
290
0
  9
$INSUNITS
 70
6
  9
$HYPERLINKBASE
  1

  9
$STYLESHEET
  1

  9
$XEDIT
290
1
  9
$CEPSNTYPE
380
0
  9
$PSTYLEMODE
290
1
  9
$FINGERPRINTGUID
  2
{3BCC4842-6DCF-4C14-9A64-DE7C955B9937}
  9
$VERSIONGUID
  2
{4776761B-E539-4A52-B83F-53A7A134DC1A}
  9
$EXTNAMES
290
1
  9
$PSVPSCALE
 40
0.0
  9
$OLESTARTUP
290
0
  9
$SORTENTS
280
127
  9
$INDEXCTL
280
0
  9
$HIDETEXT
280
1
  9
$XCLIPFRAME
280
1
  9
$HALOGAP
280
0
  9
$OBSCOLOR
 70
257
  9
$OBSLTYPE
280
0
  9
$INTERSECTIONDISPLAY
280
0
  9
$INTERSECTIONCOLOR
 70
257
  9
$DIMASSOC
280
2
  9
$PROJECTNAME
  1

  9
$CAMERADISPLAY
290
0
  9
$LENSLENGTH
 40
50.0
  9
$CAMERAHEIGHT
 40
0.0
  9
$STEPSPERSEC
 40
24.0
  9
$STEPSIZE
 40
100.0
  9
$3DDWFPREC
 40
2.0
  9
$PSOLWIDTH
 40
0.005
  9
$PSOLHEIGHT
 40
0.08
  9
$LOFTANG1
 40
1.570796326795
  9
$LOFTANG2
 40
1.570796326795
  9
$LOFTMAG1
 40
0.0
  9
$LOFTMAG2
 40
0.0
  9
$LOFTPARAM
 70
7
  9
$LOFTNORMALS
280
1
  9
$LATITUDE
 40
37.795
  9
$LONGITUDE
 40
-122.394
  9
$NORTHDIRECTION
 40
0.0
  9
$TIMEZONE
 70
-8000
  9
$LIGHTGLYPHDISPLAY
280
1
  9
$TILEMODELIGHTSYNCH
280
1
  9
$CMATERIAL
347
20
  9
$SOLIDHIST
280
0
  9
$SHOWHIST
280
1
  9
$DWFFRAME
280
2
  9
$DGNFRAME
280
2
  9
$REALWORLDSCALE
290
1
  9
$INTERFERECOLOR
 62
256
  9
$CSHADOW
280
0
  9
$SHADOWPLANELOCATION
 40
0.0
  0
ENDSEC
  0
SECTION
  2
CLASSES
  0
CLASS
  1
ACDBDICTIONARYWDFLT
  2
AcDbDictionaryWithDefault
  3
ObjectDBX Classes
 90
0
 91
0
280
0
281
0
  0
CLASS
  1
SUN
  2
AcDbSun
  3
SCENEOE
 90
1153
 91
0
280
0
281
0
  0
CLASS
  1
VISUALSTYLE
  2
AcDbVisualStyle
  3
ObjectDBX Classes
 90
4095
 91
0
280
0
281
0
  0
CLASS
  1
MATERIAL
  2
AcDbMaterial
  3
ObjectDBX Classes
 90
1153
 91
0
280
0
281
0
  0
CLASS
  1
SCALE
  2
AcDbScale
  3
ObjectDBX Classes
 90
1153
 91
0
280
0
281
0
  0
CLASS
  1
TABLESTYLE
  2
AcDbTableStyle
  3
ObjectDBX Classes
 90
4095
 91
0
280
0
281
0
  0
CLASS
  1
MLEADERSTYLE
  2
AcDbMLeaderStyle
  3
ACDB_MLEADERSTYLE_CLASS
 90
4095
 91
0
280
0
281
0
  0
CLASS
  1
DICTIONARYVAR
  2
AcDbDictionaryVar
  3
ObjectDBX Classes
 90
0
 91
0
280
0
281
0
  0
CLASS
  1
CELLSTYLEMAP
  2
AcDbCellStyleMap
  3
ObjectDBX Classes
 90
1152
 91
0
280
0
281
0
  0
CLASS
  1
MENTALRAYRENDERSETTINGS
  2
AcDbMentalRayRenderSettings
  3
SCENEOE
 90
1024
 91
0
280
0
281
0
  0
CLASS
  1
ACDBDETAILVIEWSTYLE
  2
AcDbDetailViewStyle
  3
ObjectDBX Classes
 90
1025
 91
0
280
0
281
0
  0
CLASS
  1
ACDBSECTIONVIEWSTYLE
  2
AcDbSectionViewStyle
  3
ObjectDBX Classes
 90
1025
 91
0
280
0
281
0
  0
CLASS
  1
RASTERVARIABLES
  2
AcDbRasterVariables
  3
ISM
 90
0
 91
0
280
0
281
0
  0
CLASS
  1
ACDBPLACEHOLDER
  2
AcDbPlaceHolder
  3
ObjectDBX Classes
 90
0
 91
0
280
0
281
0
  0
CLASS
  1
LAYOUT
  2
AcDbLayout
  3
ObjectDBX Classes
 90
0
 91
0
280
0
281
0
  0
ENDSEC
  0
SECTION
  2
TABLES
  0
TABLE
  2
VPORT
  5
8
330
0
100
AcDbSymbolTable
 70
1
  0
VPORT
  5
23
330
8
100
AcDbSymbolTableRecord
100
AcDbViewportTableRecord
  2
*Active
 70
0
 10
0.0
 20
0.0
 11
1.0
 21
1.0
 12
0.0
 22
0.0
 13
0.0
 23
0.0
 14
0.5
 24
0.5
 15
0.5
 25
0.5
 16
0.0
 26
0.0
 36
1.0
 17
0.0
 27
0.0
 37
0.0
 40
1000.0
 41
1.34
 42
50.0
 43
0.0
 44
0.0
 50
0.0
 51
0.0
 71
0
 72
1000
 73
1
 74
3
 75
0
 76
0
 77
0
 78
0
281
0
 65
0
146
0.0
  0
ENDTAB
  0
TABLE
  2
LTYPE
  5
2
330
0
100
AcDbSymbolTable
 70
3
  0
LTYPE
  5
24
330
2
100
AcDbSymbolTableRecord
100
AcDbLinetypeTableRecord
  2
ByBlock
 70
0
  3

 72
65
 73
0
 40
0.0
  0
LTYPE
  5
25
330
2
100
AcDbSymbolTableRecord
100
AcDbLinetypeTableRecord
  2
ByLayer
 70
0
  3

 72
65
 73
0
 40
0.0
  0
LTYPE
  5
26
330
2
100
AcDbSymbolTableRecord
100
AcDbLinetypeTableRecord
  2
Continuous
 70
0
  3

 72
65
 73
0
 40
0.0
  0
ENDTAB
  0
TABLE
  2
LAYER
  5
1
330
0
100
AcDbSymbolTable
 70
3
  0
LAYER
  5
27
330
1
100
AcDbSymbolTableRecord
100
AcDbLayerTableRecord
  2
0
 70
0
 62
7
  6
Continuous
370
-3
390
13
347
21
  0
LAYER
  5
28
330
1
100
AcDbSymbolTableRecord
100
AcDbLayerTableRecord
  2
Defpoints
 70
0
 62
7
  6
Continuous
290
0
370
-3
390
13
347
21
  0
LAYER
  5
2F
330
1
100
AcDbSymbolTableRecord
100
AcDbLayerTableRecord
  2
PAFTA_ANTET
 70
0
 62
7
  6
Continuous
370
-3
390
13
347
21
  0
ENDTAB
  0
TABLE
  2
STYLE
  5
5
330
0
100
AcDbSymbolTable
 70
1
  0
STYLE
  5
29
330
5
100
AcDbSymbolTableRecord
100
AcDbTextStyleTableRecord
  2
Standard
 70
0
 40
0.0
 41
1.0
 50
0.0
 71
0
 42
2.5
  3
txt
  4

  0
ENDTAB
  0
TABLE
  2
VIEW
  5
7
330
0
100
AcDbSymbolTable
 70
0
  0
ENDTAB
  0
TABLE
  2
UCS
  5
6
330
0
100
AcDbSymbolTable
 70
0
  0
ENDTAB
  0
TABLE
  2
APPID
  5
3
330
0
100
AcDbSymbolTable
 70
3
  0
APPID
  5
2A
330
3
100
AcDbSymbolTableRecord
100
AcDbRegAppTableRecord
  2
ACAD
 70
0
  0
APPID
  5
76C
330
3
100
AcDbSymbolTableRecord
100
AcDbRegAppTableRecord
  2
HATCHBACKGROUNDCOLOR
 70
0
  0
APPID
  5
76D
330
3
100
AcDbSymbolTableRecord
100
AcDbRegAppTableRecord
  2
EZDXF
 70
0
  0
ENDTAB
  0
TABLE
  2
DIMSTYLE
  5
4
330
0
100
AcDbSymbolTable
 70
1
100
AcDbDimStyleTable
  0
DIMSTYLE
105
2B
330
4
100
AcDbSymbolTableRecord
100
AcDbDimStyleTableRecord
  2
Standard
 70
0
 40
1.0
 41
2.5
 42
0.625
 43
3.75
 44
1.25
 45
0.0
 46
0.0
 47
0.0
 48
0.0
 49
2.5
140
2.5
141
2.5
142
0.0
143
0.03937007874
144
1.0
145
0.0
146
1.0
147
0.625
148
0.0
 69
0
 70
0
 71
0
 72
0
 73
0
 74
0
 75
0
 76
0
 77
1
 78
8
 79
3
170
0
171
3
172
1
173
0
174
0
175
0
176
0
177
0
178
0
179
2
271
2
272
2
273
2
274
3
275
0
276
0
277
2
278
44
279
0
280
0
281
0
282
0
283
0
284
8
285
0
286
0
288
0
289
3
290
0
371
-2
372
-2
  0
ENDTAB
  0
TABLE
  2
BLOCK_RECORD
  5
9
330
0
100
AcDbSymbolTable
 70
3
  0
BLOCK_RECORD
  5
17
330
9
100
AcDbSymbolTableRecord
100
AcDbBlockTableRecord
  2
*Model_Space
340
1A
 70
0
280
1
281
0
  0
BLOCK_RECORD
  5
1B
330
9
100
AcDbSymbolTableRecord
100
AcDbBlockTableRecord
  2
*Paper_Space
340
1E
 70
0
280
1
281
0
  0
BLOCK_RECORD
  5
30
330
9
100
AcDbSymbolTableRecord
100
AcDbBlockTableRecord
  2
PI3D_ANTET
340
0
 70
0
280
1
281
0
  0
ENDTAB
  0
ENDSEC
  0
SECTION
  2
BLOCKS
  0
BLOCK
  5
18
330
17
100
AcDbEntity
  8
0
100
AcDbBlockBegin
  2
*Model_Space
 70
0
 10
0.0
 20
0.0
 30
0.0
  3
*Model_Space
  1

  0
ENDBLK
  5
19
330
17
100
AcDbEntity
  8
0
100
AcDbBlockEnd
  0
BLOCK
  5
1C
330
1B
100
AcDbEntity
  8
0
100
AcDbBlockBegin
  2
*Paper_Space
 70
0
 10
0.0
 20
0.0
 30
0.0
  3
*Paper_Space
  1

  0
ENDBLK
  5
1D
330
1B
100
AcDbEntity
  8
0
100
AcDbBlockEnd
  0
BLOCK
  5
31
330
30
100
AcDbEntity
  8
0
100
AcDbBlockBegin
  2
PI3D_ANTET
 70
0
 10
0.0
 20
0.0
 30
0.0
  3
PI3D_ANTET
  1

  0
LWPOLYLINE
  5
33
330
30
100
AcDbEntity
  8
PAFTA_ANTET
100
AcDbPolyline
 90
4
 70
1
 10
547.035
 20
90.844
 10
547.035
 20
91.276
 10
548.355
 20
91.276
 10
548.355
 20
90.844
  0
LWPOLYLINE
  5
34
330
30
100
AcDbEntity
  8
PAFTA_ANTET
100
AcDbPolyline
 90
4
 70
1
 10
550.022
 20
90.844
 10
550.022
 20
91.276
 10
551.342
 20
91.276
 10
551.342
 20
90.844
  0
LWPOLYLINE
  5
35
330
30
100
AcDbEntity
  8
PAFTA_ANTET
100
AcDbPolyline
 90
4
 70
1
 10
553.009
 20
90.844
 10
553.009
 20
91.276
 10
554.329
 20
91.276
 10
554.329
 20
90.844
  0
LINE
  5
36
330
30
100
AcDbEntity
  8
PAFTA_ANTET
 62
7
370
35
100
AcDbLine
 10
0.0
 20
-0.18
 30
0.0
 11
0.0
 21
419.820007
 31
0.0
  0
LINE
  5
37
330
30
100
AcDbEntity
  8
PAFTA_ANTET
 62
7
370
35
100
AcDbLine
 10
0.0
 20
419.820007
 30
0.0
 11
594.000007
 21
419.820007
 31
0.0
  0
LINE
  5
38
330
30
100
AcDbEntity
  8
PAFTA_ANTET
 62
7
370
35
100
AcDbLine
 10
594.000007
 20
419.820007
 30
0.0
 11
594.000007
 21
0.0
 31
0.0
  0
LINE
  5
39
330
30
100
AcDbEntity
  8
PAFTA_ANTET
 62
7
370
35
100
AcDbLine
 10
593.820007
 20
-0.18
 30
0.0
 11
0.0
 21
-0.18
 31
0.0
  0
LINE
  5
3A
330
30
100
AcDbEntity
  8
PAFTA_ANTET
 62
7
370
35
100
AcDbLine
 10
210.0
 20
420.0
 30
0.0
 11
210.0
 21
415.0
 31
0.0
  0
LINE
  5
3B
330
30
100
AcDbEntity
  8
PAFTA_ANTET
 62
7
370
35
100
AcDbLine
 10
402.1799999999999
 20
420.0
 30
0.0
 11
402.1799999999999
 21
415.0
 31
0.0
  0
LINE
  5
3C
330
30
100
AcDbEntity
  8
PAFTA_ANTET
 62
7
370
35
100
AcDbLine
 10
210.0
 20
-0.18
 30
0.0
 11
210.0
 21
4.82
 31
0.0
  0
LINE
  5
3D
330
30
100
AcDbEntity
  8
PAFTA_ANTET
 62
7
370
35
100
AcDbLine
 10
402.1799999999999
 20
-0.18
 30
0.0
 11
402.1799999999999
 21
4.82
 31
0.0
  0
LINE
  5
3E
330
30
100
AcDbEntity
  8
PAFTA_ANTET
 62
7
370
35
100
AcDbLine
 10
0.0
 20
148.32
 30
0.0
 11
15.0
 21
148.32
 31
0.0
  0
LINE
  5
3F
330
30
100
AcDbEntity
  8
PAFTA_ANTET
 62
7
370
35
100
AcDbLine
 10
0.0
 20
297.0
 30
0.0
 11
15.0
 21
297.0
 31
0.0
  0
LINE
  5
40
330
30
100
AcDbEntity
  8
PAFTA_ANTET
 62
7
370
35
100
AcDbLine
 10
594.18
 20
148.32
 30
0.0
 11
594.000007
 21
148.32
 31
0.0
  0
LINE
  5
41
330
30
100
AcDbEntity
  8
PAFTA_ANTET
 62
7
370
35
100
AcDbLine
 10
594.18
 20
297.0
 30
0.0
 11
594.000007
 21
297.0
 31
0.0
  0
LINE
  5
42
330
30
100
AcDbEntity
  8
PAFTA_ANTET
 62
7
370
35
100
AcDbLine
 10
0.0
 20
297.0
 30
0.0
 11
4.545206999999999
 21
302.323639
 31
0.0
  0
LINE
  5
43
330
30
100
AcDbEntity
  8
PAFTA_ANTET
 62
7
370
35
100
AcDbLine
 10
105.0
 20
420.0
 30
0.0
 11
100.714516
 21
414.98056
 31
0.0
  0
LINE
  5
44
330
30
100
AcDbEntity
  8
PAFTA_ANTET
 62
7
370
35
100
AcDbLine
 10
15.0
 20
5.0
 30
0.0
 11
15.0
 21
415.0
 31
0.0
  0
LINE
  5
45
330
30
100
AcDbEntity
  8
PAFTA_ANTET
 62
7
370
35
100
AcDbLine
 10
15.0
 20
415.0
 30
0.0
 11
588.640015
 21
415.0
 31
0.0
  0
LINE
  5
46
330
30
100
AcDbEntity
  8
PAFTA_ANTET
 62
7
370
35
100
AcDbLine
 10
588.820015
 20
415.0
 30
0.0
 11
588.820015
 21
5.0
 31
0.0
  0
LINE
  5
47
330
30
100
AcDbEntity
  8
PAFTA_ANTET
 62
7
370
35
100
AcDbLine
 10
588.640015
 20
4.82
 30
0.0
 11
15.0
 21
4.82
 31
0.0
  0
LINE
  5
48
330
30
100
AcDbEntity
  8
PAFTA_ANTET
 62
7
370
35
100
AcDbLine
 10
297.18
 20
415.0
 30
0.0
 11
297.18
 21
405.0
 31
0.0
  0
LINE
  5
49
330
30
100
AcDbEntity
  8
PAFTA_ANTET
 62
7
370
35
100
AcDbLine
 10
15.0
 20
209.82
 30
0.0
 11
25.0
 21
209.82
 31
0.0
  0
LINE
  5
4A
330
30
100
AcDbEntity
  8
PAFTA_ANTET
 62
7
370
35
100
AcDbLine
 10
588.820015
 20
209.82
 30
0.0
 11
578.820015
 21
209.82
 31
0.0
  0
LINE
  5
4B
330
30
100
AcDbEntity
  8
PAFTA_ANTET
 62
7
370
35
100
AcDbLine
 10
297.18
 20
4.82
 30
0.0
 11
297.18
 21
14.82
 31
0.0
  0
LWPOLYLINE
  5
4C
330
30
100
AcDbEntity
  8
PAFTA_ANTET
100
AcDbPolyline
 90
12
 70
1
 10
16.253
 20
30.654
 10
16.676
 20
30.654
 10
16.676
 20
32.298
 10
17.937
 20
32.298
 10
17.937
 20
30.654
 10
18.355
 20
30.654
 10
18.355
 20
34.154
 10
17.937
 20
34.154
 10
17.937
 20
32.727
 10
16.676
 20
32.727
 10
16.676
 20
34.154
 10
16.253
 20
34.154
  0
LWPOLYLINE
  5
4D
330
30
100
AcDbEntity
  8
PAFTA_ANTET
100
AcDbPolyline
 90
12
 70
1
 10
584.713
 20
30.654
 10
585.136
 20
30.654
 10
585.136
 20
32.298
 10
586.397
 20
32.298
 10
586.397
 20
30.654
 10
586.815
 20
30.654
 10
586.815
 20
34.154
 10
586.397
 20
34.154
 10
586.397
 20
32.727
 10
585.136
 20
32.727
 10
585.136
 20
34.154
 10
584.713
 20
34.154
  0
LINE
  5
4E
330
30
100
AcDbEntity
  8
PAFTA_ANTET
 62
7
370
35
100
AcDbLine
 10
15.0
 20
59.82
 30
0.0
 11
20.0
 21
59.82
 31
0.0
  0
LINE
  5
4F
330
30
100
AcDbEntity
  8
PAFTA_ANTET
 62
7
370
35
100
AcDbLine
 10
588.820015
 20
59.82
 30
0.0
 11
583.460029
 21
59.82
 31
0.0
  0
LWPOLYLINE
  5
50
330
30
100
AcDbEntity
  8
PAFTA_ANTET
100
AcDbPolyline
 90
39
 70
1
 10
18.023
 20
83.623
 10
18.1
 20
83.154
 10
18.327
 20
83.154
 10
18.327
 20
85.045
 10
17.179
 20
85.045
 10
17.179
 20
84.617
 10
17.887
 20
84.617
 10
17.832
 20
84.122
 10
17.687
 20
83.779
 10
17.465
 20
83.563
 10
17.188
 20
83.492
 10
16.879
 20
83.583
 10
16.639
 20
83.855
 10
16.484
 20
84.304
 10
16.43
 20
84.919
 10
16.48
 20
85.529
 10
16.634
 20
85.978
 10
16.879
 20
86.251
 10
17.21
 20
86.346
 10
17.437
 20
86.296
 10
17.623
 20
86.155
 10
17.76
 20
85.918
 10
17.837
 20
85.6
 10
18.286
 20
85.6
 10
18.168
 20
86.084
 10
17.946
 20
86.447
 10
17.633
 20
86.669
 10
17.238
 20
86.75
 10
16.72
 20
86.624
 10
16.33
 20
86.256
 10
16.08
 20
85.676
 10
15.994
 20
84.904
 10
16.08
 20
84.127
 10
16.33
 20
83.547
 10
16.698
 20
83.179
 10
17.161
 20
83.058
 10
17.419
 20
83.099
 10
17.651
 20
83.199
 10
17.85
 20
83.376
  0
LINE
  5
51
330
30
100
AcDbEntity
  8
PAFTA_ANTET
 62
7
370
35
100
AcDbLine
 10
15.0
 20
109.82
 30
0.0
 11
20.0
 21
109.82
 31
0.0
  0
LINE
  5
52
330
30
100
AcDbEntity
  8
PAFTA_ANTET
 62
7
370
35
100
AcDbLine
 10
588.820015
 20
109.82
 30
0.0
 11
583.460029
 21
109.82
 31
0.0
  0
LWPOLYLINE
  5
53
330
30
100
AcDbEntity
  8
PAFTA_ANTET
100
AcDbPolyline
 90
10
 70
1
 10
16.642
 20
133.154
 10
17.064
 20
133.154
 10
17.064
 20
134.763
 10
18.39
 20
134.763
 10
18.39
 20
135.181
 10
17.064
 20
135.181
 10
17.064
 20
136.23
 10
18.694
 20
136.23
 10
18.694
 20
136.654
 10
16.642
 20
136.654
  0
LWPOLYLINE
  5
54
330
30
100
AcDbEntity
  8
PAFTA_ANTET
100
AcDbPolyline
 90
10
 70
1
 10
585.102
 20
133.154
 10
585.524
 20
133.154
 10
585.524
 20
134.763
 10
586.85
 20
134.763
 10
586.85
 20
135.181
 10
585.524
 20
135.181
 10
585.524
 20
136.23
 10
587.154
 20
136.23
 10
587.154
 20
136.654
 10
585.102
 20
136.654
  0
LINE
  5
55
330
30
100
AcDbEntity
  8
PAFTA_ANTET
 62
7
370
35
100
AcDbLine
 10
15.0
 20
159.82
 30
0.0
 11
20.0
 21
159.82
 31
0.0
  0
LINE
  5
56
330
30
100
AcDbEntity
  8
PAFTA_ANTET
 62
7
370
35
100
AcDbLine
 10
588.820015
 20
159.82
 30
0.0
 11
583.460029
 21
159.82
 31
0.0
  0
LWPOLYLINE
  5
57
330
30
100
AcDbEntity
  8
PAFTA_ANTET
100
AcDbPolyline
 90
12
 70
1
 10
16.467
 20
183.154
 10
18.465
 20
183.154
 10
18.465
 20
183.578
 10
16.885
 20
183.578
 10
16.885
 20
184.763
 10
18.292
 20
184.763
 10
18.292
 20
185.181
 10
16.885
 20
185.181
 10
16.885
 20
186.23
 10
18.428
 20
186.23
 10
18.428
 20
186.654
 10
16.467
 20
186.654
  0
LWPOLYLINE
  5
58
330
30
100
AcDbEntity
  8
PAFTA_ANTET
100
AcDbPolyline
 90
12
 70
1
 10
584.927
 20
183.154
 10
586.925
 20
183.154
 10
586.925
 20
183.578
 10
585.345
 20
183.578
 10
585.345
 20
184.763
 10
586.752
 20
184.763
 10
586.752
 20
185.181
 10
585.345
 20
185.181
 10
585.345
 20
186.23
 10
586.888
 20
186.23
 10
586.888
 20
186.654
 10
584.927
 20
186.654
  0
LINE
  5
59
330
30
100
AcDbEntity
  8
PAFTA_ANTET
 62
7
370
35
100
AcDbLine
 10
15.0
 20
209.82
 30
0.0
 11
20.0
 21
209.82
 31
0.0
  0
LINE
  5
5A
330
30
100
AcDbEntity
  8
PAFTA_ANTET
 62
7
370
35
100
AcDbLine
 10
588.820015
 20
209.82
 30
0.0
 11
583.460029
 21
209.82
 31
0.0
  0
LWPOLYLINE
  5
5B
330
30
100
AcDbEntity
  8
PAFTA_ANTET
100
AcDbPolyline
 90
13
 70
1
 10
17.302
 20
236.834
 10
16.253
 20
236.834
 10
16.253
 20
233.334
 10
17.302
 20
233.334
 10
17.797
 20
233.445
 10
18.164
 20
233.783
 10
18.391
 20
234.333
 10
18.473
 20
235.084
 10
18.4
 20
235.851
 10
18.31
 20
236.153
 10
18.182
 20
236.395
 10
17.815
 20
236.723
 10
17.574
 20
236.804
  0
LWPOLYLINE
  5
5C
330
30
100
AcDbEntity
  8
PAFTA_ANTET
100
AcDbPolyline
 90
11
 70
1
 10
17.27
 20
236.415
 10
17.615
 20
236.34
 10
17.851
 20
236.108
 10
17.992
 20
235.694
 10
18.037
 20
235.084
 10
17.987
 20
234.494
 10
17.847
 20
234.08
 10
17.606
 20
233.833
 10
17.27
 20
233.753
 10
16.676
 20
233.753
 10
16.676
 20
236.415
  0
LWPOLYLINE
  5
5D
330
30
100
AcDbEntity
  8
PAFTA_ANTET
100
AcDbPolyline
 90
13
 70
1
 10
585.762
 20
236.834
 10
584.713
 20
236.834
 10
584.713
 20
233.334
 10
585.762
 20
233.334
 10
586.257
 20
233.445
 10
586.624
 20
233.783
 10
586.851
 20
234.333
 10
586.933
 20
235.084
 10
586.86
 20
235.851
 10
586.77
 20
236.153
 10
586.642
 20
236.395
 10
586.275
 20
236.723
 10
586.034
 20
236.804
  0
LWPOLYLINE
  5
5E
330
30
100
AcDbEntity
  8
PAFTA_ANTET
100
AcDbPolyline
 90
11
 70
1
 10
585.73
 20
236.415
 10
586.075
 20
236.34
 10
586.311
 20
236.108
 10
586.452
 20
235.694
 10
586.497
 20
235.084
 10
586.447
 20
234.494
 10
586.307
 20
234.08
 10
586.066
 20
233.833
 10
585.73
 20
233.753
 10
585.136
 20
233.753
 10
585.136
 20
236.415
  0
LINE
  5
5F
330
30
100
AcDbEntity
  8
PAFTA_ANTET
 62
7
370
35
100
AcDbLine
 10
15.0
 20
260.0
 30
0.0
 11
20.0
 21
260.0
 31
0.0
  0
LINE
  5
60
330
30
100
AcDbEntity
  8
PAFTA_ANTET
 62
7
370
35
100
AcDbLine
 10
588.820015
 20
260.0
 30
0.0
 11
583.460029
 21
260.0
 31
0.0
  0
LWPOLYLINE
  5
61
330
30
100
AcDbEntity
  8
PAFTA_ANTET
100
AcDbPolyline
 90
34
 70
1
 10
18.042
 20
284.635
 10
17.951
 20
284.212
 10
17.801
 20
283.909
 10
17.592
 20
283.722
 10
17.347
 20
283.662
 10
17.052
 20
283.753
 10
16.821
 20
284.025
 10
16.666
 20
284.469
 10
16.617
 20
285.084
 10
16.666
 20
285.694
 10
16.816
 20
286.143
 10
17.048
 20
286.415
 10
17.347
 20
286.511
 10
17.565
 20
286.461
 10
17.751
 20
286.32
 10
17.896
 20
286.093
 10
17.996
 20
285.78
 10
18.428
 20
285.78
 10
18.291
 20
286.259
 10
18.055
 20
286.622
 10
17.733
 20
286.849
 10
17.347
 20
286.93
 10
16.866
 20
286.804
 10
16.498
 20
286.451
 10
16.262
 20
285.871
 10
16.181
 20
285.084
 10
16.262
 20
284.297
 10
16.498
 20
283.717
 10
16.866
 20
283.359
 10
17.347
 20
283.238
 10
17.769
 20
283.334
 10
18.11
 20
283.601
 10
18.35
 20
284.04
 10
18.477
 20
284.635
  0
LWPOLYLINE
  5
62
330
30
100
AcDbEntity
  8
PAFTA_ANTET
100
AcDbPolyline
 90
34
 70
1
 10
586.502
 20
284.635
 10
586.411
 20
284.212
 10
586.261
 20
283.909
 10
586.052
 20
283.722
 10
585.807
 20
283.662
 10
585.512
 20
283.753
 10
585.281
 20
284.025
 10
585.126
 20
284.469
 10
585.076
 20
285.084
 10
585.126
 20
285.694
 10
585.276
 20
286.143
 10
585.508
 20
286.415
 10
585.807
 20
286.511
 10
586.025
 20
286.461
 10
586.211
 20
286.32
 10
586.356
 20
286.093
 10
586.456
 20
285.78
 10
586.888
 20
285.78
 10
586.751
 20
286.259
 10
586.515
 20
286.622
 10
586.193
 20
286.849
 10
585.807
 20
286.93
 10
585.326
 20
286.804
 10
584.959
 20
286.451
 10
584.722
 20
285.871
 10
584.641
 20
285.084
 10
584.722
 20
284.297
 10
584.959
 20
283.717
 10
585.326
 20
283.359
 10
585.807
 20
283.238
 10
586.229
 20
283.334
 10
586.57
 20
283.601
 10
586.81
 20
284.04
 10
586.937
 20
284.635
  0
LINE
  5
63
330
30
100
AcDbEntity
  8
PAFTA_ANTET
 62
7
370
35
100
AcDbLine
 10
15.0
 20
310.0
 30
0.0
 11
20.0
 21
310.0
 31
0.0
  0
LINE
  5
64
330
30
100
AcDbEntity
  8
PAFTA_ANTET
 62
7
370
35
100
AcDbLine
 10
588.820015
 20
310.0
 30
0.0
 11
583.460029
 21
310.0
 31
0.0
  0
LWPOLYLINE
  5
65
330
30
100
AcDbEntity
  8
PAFTA_ANTET
100
AcDbPolyline
 90
18
 70
1
 10
17.988
 20
335.225
 10
18.306
 20
335.518
 10
18.387
 20
335.714
 10
18.415
 20
335.957
 10
18.356
 20
336.335
 10
18.179
 20
336.607
 10
17.893
 20
336.774
 10
17.493
 20
336.834
 10
16.372
 20
336.834
 10
16.372
 20
333.334
 10
17.557
 20
333.334
 10
17.979
 20
333.405
 10
18.292
 20
333.611
 10
18.487
 20
333.939
 10
18.555
 20
334.383
 10
18.514
 20
334.681
 10
18.405
 20
334.928
 10
18.228
 20
335.109
  0
LWPOLYLINE
  5
66
330
30
100
AcDbEntity
  8
PAFTA_ANTET
100
AcDbPolyline
 90
11
 70
1
 10
17.407
 20
335.382
 10
16.79
 20
335.382
 10
16.79
 20
336.415
 10
17.443
 20
336.415
 10
17.688
 20
336.385
 10
17.861
 20
336.294
 10
17.965
 20
336.138
 10
18.002
 20
335.906
 10
17.961
 20
335.674
 10
17.852
 20
335.513
 10
17.666
 20
335.412
  0
LWPOLYLINE
  5
67
330
30
100
AcDbEntity
  8
PAFTA_ANTET
100
AcDbPolyline
 90
11
 70
1
 10
17.507
 20
333.753
 10
16.79
 20
333.753
 10
16.79
 20
334.958
 10
17.466
 20
334.958
 10
17.752
 20
334.923
 10
17.956
 20
334.817
 10
18.079
 20
334.635
 10
18.12
 20
334.373
 10
18.079
 20
334.096
 10
17.965
 20
333.904
 10
17.775
 20
333.788
  0
LWPOLYLINE
  5
68
330
30
100
AcDbEntity
  8
PAFTA_ANTET
100
AcDbPolyline
 90
18
 70
1
 10
586.448
 20
335.225
 10
586.766
 20
335.518
 10
586.847
 20
335.714
 10
586.875
 20
335.957
 10
586.816
 20
336.335
 10
586.639
 20
336.607
 10
586.353
 20
336.774
 10
585.953
 20
336.834
 10
584.832
 20
336.834
 10
584.832
 20
333.334
 10
586.017
 20
333.334
 10
586.439
 20
333.405
 10
586.752
 20
333.611
 10
586.947
 20
333.939
 10
587.015
 20
334.383
 10
586.974
 20
334.681
 10
586.865
 20
334.928
 10
586.688
 20
335.109
  0
LWPOLYLINE
  5
69
330
30
100
AcDbEntity
  8
PAFTA_ANTET
100
AcDbPolyline
 90
11
 70
1
 10
585.867
 20
335.382
 10
585.25
 20
335.382
 10
585.25
 20
336.415
 10
585.903
 20
336.415
 10
586.148
 20
336.385
 10
586.321
 20
336.294
 10
586.425
 20
336.138
 10
586.462
 20
335.906
 10
586.421
 20
335.674
 10
586.312
 20
335.513
 10
586.126
 20
335.412
  0
LWPOLYLINE
  5
6A
330
30
100
AcDbEntity
  8
PAFTA_ANTET
100
AcDbPolyline
 90
11
 70
1
 10
585.967
 20
333.753
 10
585.25
 20
333.753
 10
585.25
 20
334.958
 10
585.926
 20
334.958
 10
586.212
 20
334.923
 10
586.416
 20
334.817
 10
586.539
 20
334.635
 10
586.58
 20
334.373
 10
586.539
 20
334.096
 10
586.425
 20
333.904
 10
586.235
 20
333.788
  0
LINE
  5
6B
330
30
100
AcDbEntity
  8
PAFTA_ANTET
 62
7
370
35
100
AcDbLine
 10
15.0
 20
360.0
 30
0.0
 11
20.0
 21
360.0
 31
0.0
  0
LINE
  5
6C
330
30
100
AcDbEntity
  8
PAFTA_ANTET
 62
7
370
35
100
AcDbLine
 10
588.820015
 20
360.0
 30
0.0
 11
583.460029
 21
360.0
 31
0.0
  0
LWPOLYLINE
  5
6D
330
30
100
AcDbEntity
  8
PAFTA_ANTET
100
AcDbPolyline
 90
8
 70
1
 10
16.041
 20
383.334
 10
16.458
 20
383.334
 10
16.79
 20
384.363
 10
18.047
 20
384.363
 10
18.378
 20
383.334
 10
18.805
 20
383.334
 10
17.652
 20
386.839
 10
17.189
 20
386.839
  0
LWPOLYLINE
  5
6E
330
30
100
AcDbEntity
  8
PAFTA_ANTET
100
AcDbPolyline
 90
3
 70
1
 10
16.935
 20
384.792
 10
17.421
 20
386.335
 10
17.906
 20
384.792
  0
LWPOLYLINE
  5
6F
330
30
100
AcDbEntity
  8
PAFTA_ANTET
100
AcDbPolyline
 90
8
 70
1
 10
584.501
 20
383.334
 10
584.918
 20
383.334
 10
585.25
 20
384.363
 10
586.507
 20
384.363
 10
586.838
 20
383.334
 10
587.265
 20
383.334
 10
586.112
 20
386.839
 10
585.649
 20
386.839
  0
LWPOLYLINE
  5
70
330
30
100
AcDbEntity
  8
PAFTA_ANTET
100
AcDbPolyline
 90
3
 70
1
 10
585.395
 20
384.792
 10
585.881
 20
386.335
 10
586.366
 20
384.792
  0
LWPOLYLINE
  5
71
330
30
100
AcDbEntity
  8
PAFTA_ANTET
100
AcDbPolyline
 90
10
 70
1
 10
31.105
 20
410.834
 10
31.518
 20
410.834
 10
31.518
 20
414.359
 10
31.21
 20
414.359
 10
31.128
 20
414.052
 10
30.964
 20
413.845
 10
30.715
 20
413.724
 10
30.37
 20
413.683
 10
30.37
 20
413.325
 10
31.105
 20
413.325
  0
LWPOLYLINE
  5
72
330
30
100
AcDbEntity
  8
PAFTA_ANTET
100
AcDbPolyline
 90
10
 70
1
 10
31.105
 20
5.654
 10
31.518
 20
5.654
 10
31.518
 20
9.179
 10
31.21
 20
9.179
 10
31.128
 20
8.872
 10
30.964
 20
8.665
 10
30.715
 20
8.544
 10
30.37
 20
8.503
 10
30.37
 20
8.145
 10
31.105
 20
8.145
  0
LINE
  5
73
330
30
100
AcDbEntity
  8
PAFTA_ANTET
 62
7
370
35
100
AcDbLine
 10
47.0
 20
415.0
 30
0.0
 11
47.0
 21
410.0
 31
0.0
  0
LINE
  5
74
330
30
100
AcDbEntity
  8
PAFTA_ANTET
 62
7
370
35
100
AcDbLine
 10
47.0
 20
4.82
 30
0.0
 11
47.0
 21
9.82
 31
0.0
  0
LWPOLYLINE
  5
75
330
30
100
AcDbEntity
  8
PAFTA_ANTET
100
AcDbPolyline
 90
34
 70
1
 10
71.079
 20
410.834
 10
73.244
 20
410.834
 10
73.244
 20
411.268
 10
71.533
 20
411.268
 10
71.629
 20
411.505
 10
71.792
 20
411.701
 10
72.863
 20
412.428
 10
73.076
 20
412.68
 10
73.199
 20
412.977
 10
73.244
 20
413.315
 10
73.167
 20
413.739
 10
72.954
 20
414.072
 10
72.627
 20
414.284
 10
72.205
 20
414.359
 10
71.769
 20
414.274
 10
71.438
 20
414.036
 10
71.225
 20
413.658
 10
71.152
 20
413.088
 10
71.565
 20
413.088
 10
71.606
 20
413.472
 10
71.728
 20
413.724
 10
71.924
 20
413.885
 10
72.182
 20
413.941
 10
72.446
 20
413.89
 10
72.641
 20
413.764
 10
72.768
 20
413.567
 10
72.813
 20
413.32
 10
72.781
 20
413.088
 10
72.695
 20
412.892
 10
72.55
 20
412.72
 10
71.638
 20
412.095
 10
71.324
 20
411.762
 10
71.138
 20
411.359
 10
71.079
 20
410.849
  0
LWPOLYLINE
  5
76
330
30
100
AcDbEntity
  8
PAFTA_ANTET
100
AcDbPolyline
 90
34
 70
1
 10
71.079
 20
5.654
 10
73.244
 20
5.654
 10
73.244
 20
6.088
 10
71.533
 20
6.088
 10
71.629
 20
6.325
 10
71.792
 20
6.521
 10
72.863
 20
7.248
 10
73.076
 20
7.5
 10
73.199
 20
7.797
 10
73.244
 20
8.135
 10
73.167
 20
8.559
 10
72.954
 20
8.892
 10
72.627
 20
9.104
 10
72.205
 20
9.179
 10
71.769
 20
9.094
 10
71.438
 20
8.856
 10
71.225
 20
8.478
 10
71.152
 20
7.908
 10
71.565
 20
7.908
 10
71.606
 20
8.292
 10
71.728
 20
8.544
 10
71.924
 20
8.705
 10
72.182
 20
8.761
 10
72.446
 20
8.71
 10
72.641
 20
8.584
 10
72.768
 20
8.387
 10
72.813
 20
8.14
 10
72.781
 20
7.908
 10
72.695
 20
7.712
 10
72.55
 20
7.54
 10
71.638
 20
6.915
 10
71.324
 20
6.582
 10
71.138
 20
6.179
 10
71.079
 20
5.669
  0
LINE
  5
77
330
30
100
AcDbEntity
  8
PAFTA_ANTET
 62
7
370
35
100
AcDbLine
 10
97.0
 20
415.0
 30
0.0
 11
97.0
 21
410.0
 31
0.0
  0
LINE
  5
78
330
30
100
AcDbEntity
  8
PAFTA_ANTET
 62
7
370
35
100
AcDbLine
 10
97.0
 20
4.82
 30
0.0
 11
97.0
 21
9.82
 31
0.0
  0
LWPOLYLINE
  5
79
330
30
100
AcDbEntity
  8
PAFTA_ANTET
100
AcDbPolyline
 90
49
 70
1
 10
121.043
 20
411.933
 10
121.116
 20
411.414
 10
121.329
 20
411.051
 10
121.665
 20
410.819
 10
122.11
 20
410.733
 10
122.582
 20
410.819
 10
122.936
 20
411.041
 10
123.163
 20
411.394
 10
123.244
 20
411.848
 10
123.208
 20
412.145
 10
123.108
 20
412.387
 10
122.945
 20
412.574
 10
122.727
 20
412.71
 10
123.022
 20
412.982
 10
123.126
 20
413.416
 10
123.058
 20
413.81
 10
122.863
 20
414.107
 10
122.545
 20
414.294
 10
122.11
 20
414.359
 10
121.701
 20
414.279
 10
121.388
 20
414.057
 10
121.184
 20
413.704
 10
121.116
 20
413.199
 10
121.52
 20
413.199
 10
121.556
 20
413.522
 10
121.674
 20
413.754
 10
121.865
 20
413.895
 10
122.132
 20
413.946
 10
122.368
 20
413.905
 10
122.541
 20
413.799
 10
122.645
 20
413.628
 10
122.686
 20
413.396
 10
122.645
 20
413.149
 10
122.536
 20
412.982
 10
122.346
 20
412.882
 10
121.91
 20
412.856
 10
121.91
 20
412.458
 10
122.418
 20
412.423
 10
122.632
 20
412.302
 10
122.759
 20
412.105
 10
122.804
 20
411.848
 10
122.754
 20
411.555
 10
122.623
 20
411.338
 10
122.414
 20
411.202
 10
122.137
 20
411.157
 10
121.851
 20
411.207
 10
121.642
 20
411.359
 10
121.511
 20
411.601
 10
121.461
 20
411.933
  0
LWPOLYLINE
  5
7A
330
30
100
AcDbEntity
  8
PAFTA_ANTET
100
AcDbPolyline
 90
49
 70
1
 10
121.043
 20
6.753
 10
121.116
 20
6.234
 10
121.329
 20
5.871
 10
121.665
 20
5.639
 10
122.11
 20
5.553
 10
122.582
 20
5.639
 10
122.936
 20
5.861
 10
123.163
 20
6.214
 10
123.244
 20
6.668
 10
123.208
 20
6.965
 10
123.108
 20
7.207
 10
122.945
 20
7.394
 10
122.727
 20
7.53
 10
123.022
 20
7.802
 10
123.126
 20
8.236
 10
123.058
 20
8.63
 10
122.863
 20
8.927
 10
122.545
 20
9.114
 10
122.11
 20
9.179
 10
121.701
 20
9.099
 10
121.388
 20
8.877
 10
121.184
 20
8.524
 10
121.116
 20
8.019
 10
121.52
 20
8.019
 10
121.556
 20
8.342
 10
121.674
 20
8.574
 10
121.865
 20
8.715
 10
122.132
 20
8.766
 10
122.368
 20
8.725
 10
122.541
 20
8.619
 10
122.645
 20
8.448
 10
122.686
 20
8.216
 10
122.645
 20
7.969
 10
122.536
 20
7.802
 10
122.346
 20
7.702
 10
121.91
 20
7.676
 10
121.91
 20
7.278
 10
122.418
 20
7.243
 10
122.632
 20
7.122
 10
122.759
 20
6.925
 10
122.804
 20
6.668
 10
122.754
 20
6.375
 10
122.623
 20
6.158
 10
122.414
 20
6.022
 10
122.137
 20
5.977
 10
121.851
 20
6.027
 10
121.642
 20
6.179
 10
121.511
 20
6.421
 10
121.461
 20
6.753
  0
LINE
  5
7B
330
30
100
AcDbEntity
  8
PAFTA_ANTET
 62
7
370
35
100
AcDbLine
 10
147.0
 20
415.0
 30
0.0
 11
147.0
 21
410.0
 31
0.0
  0
LINE
  5
7C
330
30
100
AcDbEntity
  8
PAFTA_ANTET
 62
7
370
35
100
AcDbLine
 10
147.0
 20
4.82
 30
0.0
 11
147.0
 21
9.82
 31
0.0
  0
LWPOLYLINE
  5
7D
330
30
100
AcDbEntity
  8
PAFTA_ANTET
100
AcDbPolyline
 90
11
 70
1
 10
172.436
 20
410.834
 10
172.845
 20
410.834
 10
172.845
 20
411.701
 10
173.294
 20
411.701
 10
173.294
 20
412.105
 10
172.845
 20
412.105
 10
172.845
 20
414.258
 10
172.432
 20
414.258
 10
171.052
 20
412.145
 10
171.052
 20
411.701
 10
172.436
 20
411.701
  0
LWPOLYLINE
  5
7E
330
30
100
AcDbEntity
  8
PAFTA_ANTET
100
AcDbPolyline
 90
3
 70
1
 10
171.433
 20
412.105
 10
172.436
 20
413.673
 10
172.436
 20
412.105
  0
LWPOLYLINE
  5
7F
330
30
100
AcDbEntity
  8
PAFTA_ANTET
100
AcDbPolyline
 90
11
 70
1
 10
172.436
 20
5.654
 10
172.845
 20
5.654
 10
172.845
 20
6.521
 10
173.294
 20
6.521
 10
173.294
 20
6.925
 10
172.845
 20
6.925
 10
172.845
 20
9.078
 10
172.432
 20
9.078
 10
171.052
 20
6.965
 10
171.052
 20
6.521
 10
172.436
 20
6.521
  0
LWPOLYLINE
  5
80
330
30
100
AcDbEntity
  8
PAFTA_ANTET
100
AcDbPolyline
 90
3
 70
1
 10
171.433
 20
6.925
 10
172.436
 20
8.493
 10
172.436
 20
6.925
  0
LINE
  5
81
330
30
100
AcDbEntity
  8
PAFTA_ANTET
 62
7
370
35
100
AcDbLine
 10
197.0
 20
415.0
 30
0.0
 11
197.0
 21
410.0
 31
0.0
  0
LINE
  5
82
330
30
100
AcDbEntity
  8
PAFTA_ANTET
 62
7
370
35
100
AcDbLine
 10
197.0
 20
4.82
 30
0.0
 11
197.0
 21
9.82
 31
0.0
  0
LWPOLYLINE
  5
83
330
30
100
AcDbEntity
  8
PAFTA_ANTET
100
AcDbPolyline
 90
35
 70
1
 10
221.061
 20
411.747
 10
221.161
 20
411.333
 10
221.383
 20
411.011
 10
221.71
 20
410.809
 10
222.128
 20
410.733
 10
222.586
 20
410.824
 10
222.945
 20
411.071
 10
223.172
 20
411.464
 10
223.258
 20
411.969
 10
223.181
 20
412.438
 10
222.963
 20
412.806
 10
222.623
 20
413.043
 10
222.182
 20
413.129
 10
221.842
 20
413.068
 10
221.579
 20
412.902
 10
221.706
 20
413.845
 10
223.086
 20
413.845
 10
223.086
 20
414.258
 10
221.402
 20
414.258
 10
221.152
 20
412.402
 10
221.515
 20
412.402
 10
221.778
 20
412.64
 10
222.114
 20
412.725
 10
222.405
 20
412.67
 10
222.627
 20
412.508
 10
222.768
 20
412.261
 10
222.818
 20
411.944
 10
222.768
 20
411.626
 10
222.623
 20
411.379
 10
222.4
 20
411.222
 10
222.114
 20
411.167
 10
221.874
 20
411.202
 10
221.688
 20
411.318
 10
221.551
 20
411.5
 10
221.483
 20
411.747
  0
LWPOLYLINE
  5
84
330
30
100
AcDbEntity
  8
PAFTA_ANTET
100
AcDbPolyline
 90
35
 70
1
 10
221.061
 20
6.567
 10
221.161
 20
6.153
 10
221.383
 20
5.831
 10
221.71
 20
5.629
 10
222.128
 20
5.553
 10
222.586
 20
5.644
 10
222.945
 20
5.891
 10
223.172
 20
6.284
 10
223.258
 20
6.789
 10
223.181
 20
7.258
 10
222.963
 20
7.626
 10
222.623
 20
7.863
 10
222.182
 20
7.949
 10
221.842
 20
7.888
 10
221.579
 20
7.722
 10
221.706
 20
8.665
 10
223.086
 20
8.665
 10
223.086
 20
9.078
 10
221.402
 20
9.078
 10
221.152
 20
7.222
 10
221.515
 20
7.222
 10
221.778
 20
7.46
 10
222.114
 20
7.545
 10
222.405
 20
7.49
 10
222.627
 20
7.328
 10
222.768
 20
7.081
 10
222.818
 20
6.764
 10
222.768
 20
6.446
 10
222.623
 20
6.199
 10
222.4
 20
6.042
 10
222.114
 20
5.987
 10
221.874
 20
6.022
 10
221.688
 20
6.138
 10
221.551
 20
6.32
 10
221.483
 20
6.567
  0
LINE
  5
85
330
30
100
AcDbEntity
  8
PAFTA_ANTET
 62
7
370
35
100
AcDbLine
 10
247.18
 20
415.0
 30
0.0
 11
247.18
 21
410.0
 31
0.0
  0
LINE
  5
86
330
30
100
AcDbEntity
  8
PAFTA_ANTET
 62
7
370
35
100
AcDbLine
 10
247.18
 20
4.82
 30
0.0
 11
247.18
 21
9.82
 31
0.0
  0
LWPOLYLINE
  5
87
330
30
100
AcDbEntity
  8
PAFTA_ANTET
100
AcDbPolyline
 90
34
 70
1
 10
273.456
 20
413.391
 10
273.37
 20
413.799
 10
273.17
 20
414.102
 10
272.862
 20
414.294
 10
272.462
 20
414.359
 10
272.194
 20
414.324
 10
271.963
 20
414.228
 10
271.759
 20
414.072
 10
271.586
 20
413.85
 10
271.45
 20
413.573
 10
271.287
 20
412.836
 10
271.268
 20
412.387
 10
271.341
 20
411.671
 10
271.563
 20
411.152
 10
271.922
 20
410.839
 10
272.412
 20
410.733
 10
272.853
 20
410.824
 10
273.188
 20
411.061
 10
273.406
 20
411.434
 10
273.483
 20
411.908
 10
273.406
 20
412.387
 10
273.197
 20
412.756
 10
272.875
 20
412.988
 10
272.476
 20
413.068
 10
272.045
 20
412.967
 10
271.722
 20
412.68
 10
271.79
 20
413.235
 10
271.936
 20
413.633
 10
272.158
 20
413.87
 10
272.467
 20
413.951
 10
272.694
 20
413.91
 10
272.866
 20
413.805
 10
272.98
 20
413.628
 10
273.039
 20
413.391
  0
LWPOLYLINE
  5
88
330
30
100
AcDbEntity
  8
PAFTA_ANTET
100
AcDbPolyline
 90
16
 70
1
 10
273.043
 20
411.903
 10
272.993
 20
411.585
 10
272.866
 20
411.343
 10
272.662
 20
411.182
 10
272.408
 20
411.132
 10
272.14
 20
411.182
 10
271.936
 20
411.338
 10
271.804
 20
411.58
 10
271.763
 20
411.898
 10
271.809
 20
412.211
 10
271.936
 20
412.448
 10
272.144
 20
412.599
 10
272.426
 20
412.655
 10
272.671
 20
412.599
 10
272.866
 20
412.453
 10
272.993
 20
412.216
  0
LWPOLYLINE
  5
89
330
30
100
AcDbEntity
  8
PAFTA_ANTET
100
AcDbPolyline
 90
34
 70
1
 10
273.456
 20
8.211
 10
273.37
 20
8.619
 10
273.17
 20
8.922
 10
272.862
 20
9.114
 10
272.462
 20
9.179
 10
272.194
 20
9.144
 10
271.963
 20
9.048
 10
271.759
 20
8.892
 10
271.586
 20
8.67
 10
271.45
 20
8.393
 10
271.287
 20
7.656
 10
271.268
 20
7.207
 10
271.341
 20
6.491
 10
271.563
 20
5.972
 10
271.922
 20
5.659
 10
272.412
 20
5.553
 10
272.853
 20
5.644
 10
273.188
 20
5.881
 10
273.406
 20
6.254
 10
273.483
 20
6.728
 10
273.406
 20
7.207
 10
273.197
 20
7.576
 10
272.875
 20
7.807
 10
272.476
 20
7.888
 10
272.045
 20
7.787
 10
271.722
 20
7.5
 10
271.79
 20
8.055
 10
271.936
 20
8.453
 10
272.158
 20
8.69
 10
272.467
 20
8.771
 10
272.694
 20
8.73
 10
272.866
 20
8.625
 10
272.98
 20
8.448
 10
273.039
 20
8.211
  0
LWPOLYLINE
  5
8A
330
30
100
AcDbEntity
  8
PAFTA_ANTET
100
AcDbPolyline
 90
16
 70
1
 10
273.043
 20
6.723
 10
272.993
 20
6.405
 10
272.866
 20
6.163
 10
272.662
 20
6.002
 10
272.408
 20
5.952
 10
272.14
 20
6.002
 10
271.936
 20
6.158
 10
271.804
 20
6.4
 10
271.763
 20
6.718
 10
271.809
 20
7.031
 10
271.936
 20
7.268
 10
272.144
 20
7.419
 10
272.426
 20
7.475
 10
272.671
 20
7.419
 10
272.866
 20
7.273
 10
272.993
 20
7.036
  0
LINE
  5
8B
330
30
100
AcDbEntity
  8
PAFTA_ANTET
 62
7
370
35
100
AcDbLine
 10
297.18
 20
415.0
 30
0.0
 11
297.18
 21
410.0
 31
0.0
  0
LINE
  5
8C
330
30
100
AcDbEntity
  8
PAFTA_ANTET
 62
7
370
35
100
AcDbLine
 10
297.18
 20
4.82
 30
0.0
 11
297.18
 21
9.82
 31
0.0
  0
LWPOLYLINE
  5
8D
330
30
100
AcDbEntity
  8
PAFTA_ANTET
100
AcDbPolyline
 90
13
 70
1
 10
321.736
 20
410.834
 10
322.194
 20
410.834
 10
322.344
 20
411.666
 10
322.607
 20
412.443
 10
322.98
 20
413.164
 10
323.465
 20
413.84
 10
323.465
 20
414.258
 10
321.305
 20
414.258
 10
321.305
 20
413.799
 10
323.03
 20
413.799
 10
322.53
 20
413.119
 10
322.154
 20
412.408
 10
321.89
 20
411.651
  0
LWPOLYLINE
  5
8E
330
30
100
AcDbEntity
  8
PAFTA_ANTET
100
AcDbPolyline
 90
13
 70
1
 10
321.736
 20
5.654
 10
322.194
 20
5.654
 10
322.344
 20
6.486
 10
322.607
 20
7.263
 10
322.98
 20
7.984
 10
323.465
 20
8.66
 10
323.465
 20
9.078
 10
321.305
 20
9.078
 10
321.305
 20
8.619
 10
323.03
 20
8.619
 10
322.53
 20
7.939
 10
322.154
 20
7.228
 10
321.89
 20
6.471
  0
LINE
  5
8F
330
30
100
AcDbEntity
  8
PAFTA_ANTET
 62
7
370
35
100
AcDbLine
 10
347.18
 20
415.0
 30
0.0
 11
347.18
 21
410.0
 31
0.0
  0
LINE
  5
90
330
30
100
AcDbEntity
  8
PAFTA_ANTET
 62
7
370
35
100
AcDbLine
 10
347.18
 20
4.82
 30
0.0
 11
347.18
 21
9.82
 31
0.0
  0
LWPOLYLINE
  5
91
330
30
100
AcDbEntity
  8
PAFTA_ANTET
100
AcDbPolyline
 90
30
 70
1
 10
371.804
 20
412.72
 10
371.573
 20
412.579
 10
371.414
 20
412.382
 10
371.314
 20
412.135
 10
371.282
 20
411.838
 10
371.355
 20
411.389
 10
371.563
 20
411.041
 10
371.904
 20
410.819
 10
372.367
 20
410.733
 10
372.825
 20
410.819
 10
373.166
 20
411.041
 10
373.374
 20
411.389
 10
373.452
 20
411.838
 10
373.415
 20
412.135
 10
373.32
 20
412.382
 10
373.157
 20
412.579
 10
372.93
 20
412.72
 10
373.111
 20
412.841
 10
373.238
 20
413.008
 10
373.343
 20
413.457
 10
373.27
 20
413.815
 10
373.079
 20
414.102
 10
372.771
 20
414.289
 10
372.367
 20
414.359
 10
371.958
 20
414.289
 10
371.65
 20
414.102
 10
371.455
 20
413.815
 10
371.386
 20
413.457
 10
371.409
 20
413.209
 10
371.486
 20
413.008
  0
LWPOLYLINE
  5
92
330
30
100
AcDbEntity
  8
PAFTA_ANTET
100
AcDbPolyline
 90
16
 70
1
 10
371.718
 20
411.848
 10
371.759
 20
412.115
 10
371.89
 20
412.317
 10
372.095
 20
412.448
 10
372.367
 20
412.493
 10
372.635
 20
412.448
 10
372.839
 20
412.317
 10
372.971
 20
412.115
 10
373.016
 20
411.848
 10
372.971
 20
411.56
 10
372.839
 20
411.343
 10
372.635
 20
411.202
 10
372.367
 20
411.157
 10
372.095
 20
411.202
 10
371.89
 20
411.343
 10
371.759
 20
411.56
  0
LWPOLYLINE
  5
93
330
30
100
AcDbEntity
  8
PAFTA_ANTET
100
AcDbPolyline
 90
16
 70
1
 10
371.818
 20
413.416
 10
371.854
 20
413.638
 10
371.963
 20
413.81
 10
372.135
 20
413.915
 10
372.367
 20
413.956
 10
372.594
 20
413.915
 10
372.766
 20
413.81
 10
372.875
 20
413.638
 10
372.916
 20
413.416
 10
372.875
 20
413.189
 10
372.766
 20
413.013
 10
372.594
 20
412.897
 10
372.367
 20
412.861
 10
372.135
 20
412.902
 10
371.963
 20
413.013
 10
371.854
 20
413.189
  0
LWPOLYLINE
  5
94
330
30
100
AcDbEntity
  8
PAFTA_ANTET
100
AcDbPolyline
 90
30
 70
1
 10
371.804
 20
7.54
 10
371.573
 20
7.399
 10
371.414
 20
7.202
 10
371.314
 20
6.955
 10
371.282
 20
6.658
 10
371.355
 20
6.209
 10
371.563
 20
5.861
 10
371.904
 20
5.639
 10
372.367
 20
5.553
 10
372.825
 20
5.639
 10
373.166
 20
5.861
 10
373.374
 20
6.209
 10
373.452
 20
6.658
 10
373.415
 20
6.955
 10
373.32
 20
7.202
 10
373.157
 20
7.399
 10
372.93
 20
7.54
 10
373.111
 20
7.661
 10
373.238
 20
7.828
 10
373.343
 20
8.277
 10
373.27
 20
8.635
 10
373.079
 20
8.922
 10
372.771
 20
9.109
 10
372.367
 20
9.179
 10
371.958
 20
9.109
 10
371.65
 20
8.922
 10
371.455
 20
8.635
 10
371.386
 20
8.277
 10
371.409
 20
8.029
 10
371.486
 20
7.828
  0
LWPOLYLINE
  5
95
330
30
100
AcDbEntity
  8
PAFTA_ANTET
100
AcDbPolyline
 90
16
 70
1
 10
371.718
 20
6.668
 10
371.759
 20
6.935
 10
371.89
 20
7.137
 10
372.095
 20
7.268
 10
372.367
 20
7.313
 10
372.635
 20
7.268
 10
372.839
 20
7.137
 10
372.971
 20
6.935
 10
373.016
 20
6.668
 10
372.971
 20
6.38
 10
372.839
 20
6.163
 10
372.635
 20
6.022
 10
372.367
 20
5.977
 10
372.095
 20
6.022
 10
371.89
 20
6.163
 10
371.759
 20
6.38
  0
LWPOLYLINE
  5
96
330
30
100
AcDbEntity
  8
PAFTA_ANTET
100
AcDbPolyline
 90
16
 70
1
 10
371.818
 20
8.236
 10
371.854
 20
8.458
 10
371.963
 20
8.63
 10
372.135
 20
8.735
 10
372.367
 20
8.776
 10
372.594
 20
8.735
 10
372.766
 20
8.63
 10
372.875
 20
8.458
 10
372.916
 20
8.236
 10
372.875
 20
8.009
 10
372.766
 20
7.833
 10
372.594
 20
7.717
 10
372.367
 20
7.681
 10
372.135
 20
7.722
 10
371.963
 20
7.833
 10
371.854
 20
8.009
  0
LINE
  5
97
330
30
100
AcDbEntity
  8
PAFTA_ANTET
 62
7
370
35
100
AcDbLine
 10
397.18
 20
415.0
 30
0.0
 11
397.18
 21
410.0
 31
0.0
  0
LINE
  5
98
330
30
100
AcDbEntity
  8
PAFTA_ANTET
 62
7
370
35
100
AcDbLine
 10
397.18
 20
4.82
 30
0.0
 11
397.18
 21
9.82
 31
0.0
  0
LWPOLYLINE
  5
99
330
30
100
AcDbEntity
  8
PAFTA_ANTET
100
AcDbPolyline
 90
33
 70
1
 10
421.278
 20
411.701
 10
421.346
 20
411.303
 10
421.541
 20
410.995
 10
421.849
 20
410.804
 10
422.258
 20
410.733
 10
422.526
 20
410.768
 10
422.766
 20
410.859
 10
422.971
 20
411.016
 10
423.279
 20
411.515
 10
423.438
 20
412.251
 10
423.461
 20
412.705
 10
423.384
 20
413.416
 10
423.161
 20
413.936
 10
422.807
 20
414.248
 10
422.321
 20
414.359
 10
421.877
 20
414.268
 10
421.541
 20
414.026
 10
421.323
 20
413.653
 10
421.25
 20
413.184
 10
421.323
 20
412.7
 10
421.536
 20
412.332
 10
421.854
 20
412.1
 10
422.258
 20
412.024
 10
422.685
 20
412.12
 10
423.007
 20
412.413
 10
422.934
 20
411.853
 10
422.789
 20
411.454
 10
422.567
 20
411.217
 10
422.262
 20
411.142
 10
422.026
 20
411.177
 10
421.854
 20
411.288
 10
421.74
 20
411.464
 10
421.695
 20
411.701
  0
LWPOLYLINE
  5
9A
330
30
100
AcDbEntity
  8
PAFTA_ANTET
100
AcDbPolyline
 90
16
 70
1
 10
421.691
 20
413.189
 10
421.736
 20
413.502
 10
421.863
 20
413.749
 10
422.063
 20
413.905
 10
422.321
 20
413.961
 10
422.589
 20
413.905
 10
422.794
 20
413.749
 10
422.921
 20
413.507
 10
422.971
 20
413.194
 10
422.921
 20
412.877
 10
422.794
 20
412.64
 10
422.585
 20
412.493
 10
422.308
 20
412.443
 10
422.058
 20
412.493
 10
421.863
 20
412.64
 10
421.736
 20
412.872
  0
LWPOLYLINE
  5
9B
330
30
100
AcDbEntity
  8
PAFTA_ANTET
100
AcDbPolyline
 90
34
 70
1
 10
421.278
 20
6.521
 10
421.346
 20
6.123
 10
421.541
 20
5.815
 10
421.849
 20
5.624
 10
422.258
 20
5.553
 10
422.526
 20
5.588
 10
422.766
 20
5.679
 10
422.971
 20
5.836
 10
423.143
 20
6.057
 10
423.279
 20
6.335
 10
423.438
 20
7.071
 10
423.461
 20
7.525
 10
423.384
 20
8.236
 10
423.161
 20
8.756
 10
422.807
 20
9.068
 10
422.321
 20
9.179
 10
421.877
 20
9.088
 10
421.541
 20
8.846
 10
421.323
 20
8.473
 10
421.25
 20
8.004
 10
421.323
 20
7.52
 10
421.536
 20
7.152
 10
421.854
 20
6.92
 10
422.258
 20
6.844
 10
422.685
 20
6.94
 10
423.007
 20
7.233
 10
422.934
 20
6.673
 10
422.789
 20
6.274
 10
422.567
 20
6.037
 10
422.262
 20
5.962
 10
422.026
 20
5.997
 10
421.854
 20
6.108
 10
421.74
 20
6.284
 10
421.695
 20
6.521
  0
LWPOLYLINE
  5
9C
330
30
100
AcDbEntity
  8
PAFTA_ANTET
100
AcDbPolyline
 90
16
 70
1
 10
421.691
 20
8.009
 10
421.736
 20
8.322
 10
421.863
 20
8.569
 10
422.063
 20
8.725
 10
422.321
 20
8.781
 10
422.589
 20
8.725
 10
422.794
 20
8.569
 10
422.921
 20
8.327
 10
422.971
 20
8.014
 10
422.921
 20
7.697
 10
422.794
 20
7.46
 10
422.585
 20
7.313
 10
422.308
 20
7.263
 10
422.058
 20
7.313
 10
421.863
 20
7.46
 10
421.736
 20
7.692
  0
LINE
  5
9D
330
30
100
AcDbEntity
  8
PAFTA_ANTET
 62
7
370
35
100
AcDbLine
 10
447.1799999999999
 20
415.0
 30
0.0
 11
447.1799999999999
 21
410.0
 31
0.0
  0
LINE
  5
9E
330
30
100
AcDbEntity
  8
PAFTA_ANTET
 62
7
370
35
100
AcDbLine
 10
447.1799999999999
 20
4.82
 30
0.0
 11
447.1799999999999
 21
9.82
 31
0.0
  0
LWPOLYLINE
  5
9F
330
30
100
AcDbEntity
  8
PAFTA_ANTET
100
AcDbPolyline
 90
10
 70
1
 10
471.106
 20
410.834
 10
471.519
 20
410.834
 10
471.519
 20
414.359
 10
471.21
 20
414.359
 10
471.128
 20
414.052
 10
470.965
 20
413.845
 10
470.715
 20
413.724
 10
470.37
 20
413.683
 10
470.37
 20
413.325
 10
471.106
 20
413.325
  0
LWPOLYLINE
  5
A0
330
30
100
AcDbEntity
  8
PAFTA_ANTET
100
AcDbPolyline
 90
17
 70
1
 10
472.826
 20
412.544
 10
472.894
 20
411.752
 10
473.107
 20
411.187
 10
473.448
 20
410.844
 10
473.92
 20
410.733
 10
474.387
 20
410.844
 10
474.728
 20
411.187
 10
474.937
 20
411.752
 10
475.009
 20
412.544
 10
474.937
 20
413.33
 10
474.85
 20
413.643
 10
474.728
 20
413.9
 10
474.387
 20
414.243
 10
473.92
 20
414.359
 10
473.448
 20
414.243
 10
473.107
 20
413.895
 10
472.894
 20
413.33
  0
LWPOLYLINE
  5
A1
330
30
100
AcDbEntity
  8
PAFTA_ANTET
100
AcDbPolyline
 90
16
 70
1
 10
473.262
 20
412.544
 10
473.298
 20
413.154
 10
473.412
 20
413.593
 10
473.616
 20
413.85
 10
473.92
 20
413.941
 10
474.219
 20
413.85
 10
474.424
 20
413.593
 10
474.537
 20
413.154
 10
474.574
 20
412.544
 10
474.537
 20
411.928
 10
474.424
 20
411.49
 10
474.219
 20
411.232
 10
473.92
 20
411.147
 10
473.616
 20
411.232
 10
473.412
 20
411.49
 10
473.298
 20
411.928
  0
LWPOLYLINE
  5
A2
330
30
100
AcDbEntity
  8
PAFTA_ANTET
100
AcDbPolyline
 90
10
 70
1
 10
471.106
 20
5.654
 10
471.519
 20
5.654
 10
471.519
 20
9.179
 10
471.21
 20
9.179
 10
471.128
 20
8.872
 10
470.965
 20
8.665
 10
470.715
 20
8.544
 10
470.37
 20
8.503
 10
470.37
 20
8.145
 10
471.106
 20
8.145
  0
LWPOLYLINE
  5
A3
330
30
100
AcDbEntity
  8
PAFTA_ANTET
100
AcDbPolyline
 90
17
 70
1
 10
472.826
 20
7.364
 10
472.894
 20
6.572
 10
473.107
 20
6.007
 10
473.448
 20
5.664
 10
473.92
 20
5.553
 10
474.387
 20
5.664
 10
474.728
 20
6.007
 10
474.937
 20
6.572
 10
475.009
 20
7.364
 10
474.937
 20
8.15
 10
474.85
 20
8.463
 10
474.728
 20
8.72
 10
474.387
 20
9.063
 10
473.92
 20
9.179
 10
473.448
 20
9.063
 10
473.107
 20
8.715
 10
472.894
 20
8.15
  0
LWPOLYLINE
  5
A4
330
30
100
AcDbEntity
  8
PAFTA_ANTET
100
AcDbPolyline
 90
16
 70
1
 10
473.262
 20
7.364
 10
473.298
 20
7.974
 10
473.412
 20
8.413
 10
473.616
 20
8.67
 10
473.92
 20
8.761
 10
474.219
 20
8.67
 10
474.424
 20
8.413
 10
474.537
 20
7.974
 10
474.574
 20
7.364
 10
474.537
 20
6.748
 10
474.424
 20
6.31
 10
474.219
 20
6.052
 10
473.92
 20
5.967
 10
473.616
 20
6.052
 10
473.412
 20
6.31
 10
473.298
 20
6.748
  0
LINE
  5
A5
330
30
100
AcDbEntity
  8
PAFTA_ANTET
 62
7
370
35
100
AcDbLine
 10
497.1799999999999
 20
415.0
 30
0.0
 11
497.1799999999999
 21
410.0
 31
0.0
  0
LINE
  5
A6
330
30
100
AcDbEntity
  8
PAFTA_ANTET
 62
7
370
35
100
AcDbLine
 10
497.1799999999999
 20
4.82
 30
0.0
 11
497.1799999999999
 21
9.82
 31
0.0
  0
LWPOLYLINE
  5
A7
330
30
100
AcDbEntity
  8
PAFTA_ANTET
100
AcDbPolyline
 90
10
 70
1
 10
521.106
 20
410.834
 10
521.519
 20
410.834
 10
521.519
 20
414.359
 10
521.21
 20
414.359
 10
521.128
 20
414.052
 10
520.965
 20
413.845
 10
520.715
 20
413.724
 10
520.37
 20
413.683
 10
520.37
 20
413.325
 10
521.106
 20
413.325
  0
LWPOLYLINE
  5
A8
330
30
100
AcDbEntity
  8
PAFTA_ANTET
100
AcDbPolyline
 90
10
 70
1
 10
523.838
 20
410.834
 10
524.251
 20
410.834
 10
524.251
 20
414.359
 10
523.943
 20
414.359
 10
523.861
 20
414.052
 10
523.698
 20
413.845
 10
523.448
 20
413.724
 10
523.103
 20
413.683
 10
523.103
 20
413.325
 10
523.838
 20
413.325
  0
LWPOLYLINE
  5
A9
330
30
100
AcDbEntity
  8
PAFTA_ANTET
100
AcDbPolyline
 90
10
 70
1
 10
521.106
 20
5.654
 10
521.519
 20
5.654
 10
521.519
 20
9.179
 10
521.21
 20
9.179
 10
521.128
 20
8.872
 10
520.965
 20
8.665
 10
520.715
 20
8.544
 10
520.37
 20
8.503
 10
520.37
 20
8.145
 10
521.106
 20
8.145
  0
LWPOLYLINE
  5
AA
330
30
100
AcDbEntity
  8
PAFTA_ANTET
100
AcDbPolyline
 90
10
 70
1
 10
523.838
 20
5.654
 10
524.251
 20
5.654
 10
524.251
 20
9.179
 10
523.943
 20
9.179
 10
523.861
 20
8.872
 10
523.698
 20
8.665
 10
523.448
 20
8.544
 10
523.103
 20
8.503
 10
523.103
 20
8.145
 10
523.838
 20
8.145
  0
LINE
  5
AB
330
30
100
AcDbEntity
  8
PAFTA_ANTET
 62
7
370
35
100
AcDbLine
 10
547.18
 20
415.0
 30
0.0
 11
547.18
 21
410.0
 31
0.0
  0
LINE
  5
AC
330
30
100
AcDbEntity
  8
PAFTA_ANTET
 62
7
370
35
100
AcDbLine
 10
547.18
 20
4.82
 30
0.0
 11
547.18
 21
9.82
 31
0.0
  0
LWPOLYLINE
  5
AD
330
30
100
AcDbEntity
  8
PAFTA_ANTET
100
AcDbPolyline
 90
10
 70
1
 10
566.926
 20
410.834
 10
567.339
 20
410.834
 10
567.339
 20
414.359
 10
567.03
 20
414.359
 10
566.948
 20
414.052
 10
566.785
 20
413.845
 10
566.535
 20
413.724
 10
566.19
 20
413.683
 10
566.19
 20
413.325
 10
566.926
 20
413.325
  0
LWPOLYLINE
  5
AE
330
30
100
AcDbEntity
  8
PAFTA_ANTET
100
AcDbPolyline
 90
34
 70
1
 10
568.632
 20
410.834
 10
570.797
 20
410.834
 10
570.797
 20
411.268
 10
569.086
 20
411.268
 10
569.182
 20
411.505
 10
569.345
 20
411.701
 10
570.416
 20
412.428
 10
570.63
 20
412.68
 10
570.752
 20
412.977
 10
570.797
 20
413.315
 10
570.72
 20
413.739
 10
570.507
 20
414.072
 10
570.18
 20
414.284
 10
569.758
 20
414.359
 10
569.322
 20
414.274
 10
568.991
 20
414.036
 10
568.778
 20
413.658
 10
568.705
 20
413.088
 10
569.118
 20
413.088
 10
569.159
 20
413.472
 10
569.282
 20
413.724
 10
569.477
 20
413.885
 10
569.735
 20
413.941
 10
569.999
 20
413.89
 10
570.194
 20
413.764
 10
570.321
 20
413.567
 10
570.366
 20
413.32
 10
570.335
 20
413.088
 10
570.248
 20
412.892
 10
570.103
 20
412.72
 10
569.191
 20
412.095
 10
568.878
 20
411.762
 10
568.691
 20
411.359
 10
568.632
 20
410.849
  0
LWPOLYLINE
  5
AF
330
30
100
AcDbEntity
  8
PAFTA_ANTET
100
AcDbPolyline
 90
8
 70
1
 10
565.361
 20
5.654
 10
565.779
 20
5.654
 10
566.11
 20
6.683
 10
567.368
 20
6.683
 10
567.699
 20
5.654
 10
568.126
 20
5.654
 10
566.973
 20
9.159
 10
566.51
 20
9.159
  0
LWPOLYLINE
  5
B0
330
30
100
AcDbEntity
  8
PAFTA_ANTET
100
AcDbPolyline
 90
3
 70
1
 10
566.256
 20
7.112
 10
566.741
 20
8.655
 10
567.227
 20
7.112
  0
LINE
  5
B1
330
30
100
AcDbEntity
  8
PAFTA_ANTET
 62
7
370
35
100
AcDbLine
 10
20.0
 20
10.0
 30
0.0
 11
20.0
 21
410.0
 31
0.0
  0
LINE
  5
B2
330
30
100
AcDbEntity
  8
PAFTA_ANTET
 62
7
370
35
100
AcDbLine
 10
20.0
 20
410.0
 30
0.0
 11
583.280029
 21
410.0
 31
0.0
  0
LINE
  5
B3
330
30
100
AcDbEntity
  8
PAFTA_ANTET
 62
7
370
35
100
AcDbLine
 10
583.460029
 20
410.0
 30
0.0
 11
583.460029
 21
10.0
 31
0.0
  0
LINE
  5
B4
330
30
100
AcDbEntity
  8
PAFTA_ANTET
 62
7
370
35
100
AcDbLine
 10
583.280029
 20
9.82
 30
0.0
 11
20.0
 21
9.82
 31
0.0
  0
LINE
  5
B5
330
30
100
AcDbEntity
  8
PAFTA_ANTET
 62
7
370
35
100
AcDbLine
 10
453.9200509999999
 20
47.89
 30
0.0
 11
453.9200509999999
 21
9.82
 31
0.0
  0
LINE
  5
B6
330
30
100
AcDbEntity
  8
PAFTA_ANTET
 62
7
370
35
100
AcDbLine
 10
500.572578
 20
61.058503
 30
0.0
 11
583.460029
 21
61.058503
 31
0.0
  0
LINE
  5
B7
330
30
100
AcDbEntity
  8
PAFTA_ANTET
 62
7
370
35
100
AcDbLine
 10
400.580024
 20
88.081696
 30
0.0
 11
400.580024
 21
9.82
 31
0.0
  0
LINE
  5
B8
330
30
100
AcDbEntity
  8
PAFTA_ANTET
 62
7
370
35
100
AcDbLine
 10
500.572578
 20
80.91264399999999
 30
0.0
 11
500.572578
 21
9.813406
 31
0.0
  0
LINE
  5
B9
330
30
100
AcDbEntity
  8
PAFTA_ANTET
 62
7
370
35
100
AcDbLine
 10
583.460029
 20
88.081696
 30
0.0
 11
583.460029
 21
9.82
 31
0.0
  0
LINE
  5
BA
330
30
100
AcDbEntity
  8
PAFTA_ANTET
 62
7
370
35
100
AcDbLine
 10
500.572578
 20
43.66
 30
0.0
 11
583.460029
 21
43.66
 31
0.0
  0
LINE
  5
BB
330
30
100
AcDbEntity
  8
PAFTA_ANTET
 62
7
370
35
100
AcDbLine
 10
500.572578
 20
26.74
 30
0.0
 11
583.460029
 21
26.74
 31
0.0
  0
LINE
  5
BC
330
30
100
AcDbEntity
  8
PAFTA_ANTET
 62
7
370
35
100
AcDbLine
 10
453.9200509999999
 20
14.05
 30
0.0
 11
583.460029
 21
14.05
 31
0.0
  0
LINE
  5
BD
330
30
100
AcDbEntity
  8
PAFTA_ANTET
 62
7
370
35
100
AcDbLine
 10
400.580024
 20
9.82
 30
0.0
 11
583.460029
 21
9.82
 31
0.0
  0
LINE
  5
BE
330
30
100
AcDbEntity
  8
PAFTA_ANTET
 62
7
370
35
100
AcDbLine
 10
500.572578
 20
52.21262
 30
0.0
 11
556.783333
 21
52.21262
 31
0.0
  0
LINE
  5
BF
330
30
100
AcDbEntity
  8
PAFTA_ANTET
 62
7
370
35
100
AcDbLine
 10
525.126045
 20
61.058503
 30
0.0
 11
525.126045
 21
52.21262
 31
0.0
  0
LINE
  5
C0
330
30
100
AcDbEntity
  8
PAFTA_ANTET
 62
7
370
35
100
AcDbLine
 10
570.760017
 20
18.279999
 30
0.0
 11
583.460029
 21
18.279999
 31
0.0
  0
LINE
  5
C1
330
30
100
AcDbEntity
  8
PAFTA_ANTET
 62
7
370
35
100
AcDbLine
 10
570.760017
 20
26.74
 30
0.0
 11
570.760017
 21
14.05
 31
0.0
  0
LINE
  5
C2
330
30
100
AcDbEntity
  8
PAFTA_ANTET
 62
7
370
35
100
AcDbLine
 10
453.9200509999999
 20
30.97
 30
0.0
 11
500.572578
 21
30.97
 31
0.0
  0
LINE
  5
C3
330
30
100
AcDbEntity
  8
PAFTA_ANTET
 62
7
370
35
100
AcDbLine
 10
453.9200509999999
 20
35.199997
 30
0.0
 11
500.572578
 21
35.199997
 31
0.0
  0
LINE
  5
C4
330
30
100
AcDbEntity
  8
PAFTA_ANTET
 62
7
370
35
100
AcDbLine
 10
453.9200509999999
 20
39.43000100000001
 30
0.0
 11
500.572578
 21
39.43000100000001
 31
0.0
  0
LWPOLYLINE
  5
C5
330
30
100
AcDbEntity
  8
PAFTA_ANTET
100
AcDbPolyline
 90
16
 70
1
 10
572.141
 20
24.786
 10
572.368
 20
24.995
 10
572.426
 20
25.135
 10
572.404
 20
25.578
 10
572.277
 20
25.773
 10
572.073
 20
25.892
 10
571.788
 20
25.935
 10
570.987
 20
25.935
 10
570.987
 20
23.435
 10
571.833
 20
23.435
 10
572.135
 20
23.485
 10
572.358
 20
23.633
 10
572.498
 20
23.867
 10
572.546
 20
24.184
 10
572.439
 20
24.573
 10
572.313
 20
24.703
  0
LWPOLYLINE
  5
C6
330
30
100
AcDbEntity
  8
PAFTA_ANTET
100
AcDbPolyline
 90
9
 70
1
 10
571.726
 20
24.898
 10
571.285
 20
24.898
 10
571.285
 20
25.636
 10
571.752
 20
25.636
 10
572.05
 20
25.55
 10
572.125
 20
25.438
 10
572.122
 20
25.107
 10
572.044
 20
24.991
 10
571.911
 20
24.919
  0
LWPOLYLINE
  5
C7
330
30
100
AcDbEntity
  8
PAFTA_ANTET
100
AcDbPolyline
 90
10
 70
1
 10
571.797
 20
23.734
 10
571.285
 20
23.734
 10
571.285
 20
24.595
 10
571.768
 20
24.595
 10
571.973
 20
24.57
 10
572.118
 20
24.494
 10
572.206
 20
24.364
 10
572.206
 20
23.979
 10
572.125
 20
23.842
 10
571.989
 20
23.759
  0
LWPOLYLINE
  5
C8
330
30
100
AcDbEntity
  8
PAFTA_ANTET
100
AcDbPolyline
 90
10
 70
1
 10
573.584
 20
25.755
 10
573.584
 20
23.702
 10
572.997
 20
23.702
 10
572.997
 20
23.435
 10
574.453
 20
23.435
 10
574.453
 20
23.702
 10
573.869
 20
23.702
 10
573.869
 20
26.022
 10
573.136
 20
26.022
 10
573.136
 20
25.755
  0
LWPOLYLINE
  5
C9
330
30
100
AcDbEntity
  8
PAFTA_ANTET
100
AcDbPolyline
 90
31
 70
1
 10
576.002
 20
23.687
 10
576.067
 20
23.467
 10
576.272
 20
23.399
 10
576.43
 20
23.428
 10
576.43
 20
23.673
 10
576.272
 20
23.709
 10
576.216
 20
25.11
 10
576.103
 20
25.29
 10
575.905
 20
25.398
 10
575.626
 20
25.438
 10
575.354
 20
25.395
 10
575.153
 20
25.272
 10
575.027
 20
25.081
 10
574.984
 20
24.808
 10
575.241
 20
24.808
 10
575.263
 20
24.959
 10
575.335
 20
25.067
 10
575.451
 20
25.132
 10
575.776
 20
25.139
 10
575.957
 20
24.991
 10
575.967
 20
24.71
 10
575.915
 20
24.635
 10
575.263
 20
24.505
 10
575.065
 20
24.39
 10
574.949
 20
24.21
 10
574.913
 20
23.943
 10
574.946
 20
23.705
 10
575.046
 20
23.529
 10
575.208
 20
23.417
 10
575.432
 20
23.377
 10
575.733
 20
23.453
  0
LWPOLYLINE
  5
CA
330
30
100
AcDbEntity
  8
PAFTA_ANTET
100
AcDbPolyline
 90
10
 70
1
 10
575.97
 20
24.112
 10
575.931
 20
23.925
 10
575.827
 20
23.781
 10
575.672
 20
23.687
 10
575.357
 20
23.673
 10
575.215
 20
23.831
 10
575.198
 20
23.972
 10
575.263
 20
24.188
 10
575.471
 20
24.289
 10
575.97
 20
24.418
  0
LWPOLYLINE
  5
CB
330
30
100
AcDbEntity
  8
PAFTA_ANTET
100
AcDbPolyline
 90
19
 70
1
 10
577.302
 20
25.034
 10
577.322
 20
23.752
 10
577.413
 20
23.536
 10
577.594
 20
23.41
 10
577.902
 20
23.367
 10
578.24
 20
23.385
 10
578.24
 20
23.658
 10
577.769
 20
23.666
 10
577.649
 20
23.756
 10
577.598
 20
23.907
 10
577.588
 20
25.034
 10
578.24
 20
25.034
 10
578.24
 20
25.305
 10
577.588
 20
25.305
 10
577.588
 20
25.87
 10
577.302
 20
25.87
 10
577.302
 20
25.305
 10
576.81
 20
25.305
 10
576.81
 20
25.034
  0
LWPOLYLINE
  5
CC
330
30
100
AcDbEntity
  8
PAFTA_ANTET
100
AcDbPolyline
 90
19
 70
1
 10
579.254
 20
25.034
 10
579.274
 20
23.752
 10
579.365
 20
23.536
 10
579.546
 20
23.41
 10
579.854
 20
23.367
 10
580.191
 20
23.385
 10
580.191
 20
23.658
 10
579.721
 20
23.666
 10
579.601
 20
23.756
 10
579.549
 20
23.907
 10
579.54
 20
25.034
 10
580.191
 20
25.034
 10
580.191
 20
25.305
 10
579.54
 20
25.305
 10
579.54
 20
25.87
 10
579.254
 20
25.87
 10
579.254
 20
25.305
 10
578.761
 20
25.305
 10
578.761
 20
25.034
  0
LWPOLYLINE
  5
CD
330
30
100
AcDbEntity
  8
PAFTA_ANTET
100
AcDbPolyline
 90
16
 70
1
 10
579.208
 20
16.215
 10
579.435
 20
16.424
 10
579.493
 20
16.564
 10
579.47
 20
17.007
 10
579.344
 20
17.202
 10
579.14
 20
17.32
 10
578.854
 20
17.364
 10
578.053
 20
17.364
 10
578.053
 20
14.864
 10
578.9
 20
14.864
 10
579.201
 20
14.914
 10
579.425
 20
15.062
 10
579.564
 20
15.296
 10
579.613
 20
15.613
 10
579.506
 20
16.002
 10
579.38
 20
16.132
  0
LWPOLYLINE
  5
CE
330
30
100
AcDbEntity
  8
PAFTA_ANTET
100
AcDbPolyline
 90
9
 70
1
 10
578.793
 20
16.326
 10
578.352
 20
16.326
 10
578.352
 20
17.065
 10
578.819
 20
17.065
 10
579.117
 20
16.978
 10
579.191
 20
16.867
 10
579.188
 20
16.535
 10
579.11
 20
16.42
 10
578.977
 20
16.348
  0
LWPOLYLINE
  5
CF
330
30
100
AcDbEntity
  8
PAFTA_ANTET
100
AcDbPolyline
 90
10
 70
1
 10
578.864
 20
15.163
 10
578.352
 20
15.163
 10
578.352
 20
16.024
 10
578.835
 20
16.024
 10
579.039
 20
15.998
 10
579.185
 20
15.923
 10
579.273
 20
15.793
 10
579.273
 20
15.408
 10
579.191
 20
15.271
 10
579.055
 20
15.188
  0
LWPOLYLINE
  5
D0
330
30
100
AcDbEntity
  8
PAFTA_ANTET
100
AcDbPolyline
 90
10
 70
1
 10
580.65
 20
17.184
 10
580.65
 20
15.13
 10
580.064
 20
15.13
 10
580.064
 20
14.864
 10
581.519
 20
14.864
 10
581.519
 20
15.13
 10
580.936
 20
15.13
 10
580.936
 20
17.45
 10
580.203
 20
17.45
 10
580.203
 20
17.184
  0
LWPOLYLINE
  5
D1
330
30
100
AcDbEntity
  8
PAFTA_ANTET
100
AcDbPolyline
 90
4
 70
1
 10
582.482
 20
14.864
 10
582.93
 20
14.864
 10
582.93
 20
15.4
 10
582.482
 20
15.4
  0
LWPOLYLINE
  5
D2
330
30
100
AcDbEntity
  8
PAFTA_ANTET
100
AcDbPolyline
 90
10
 70
1
 10
572.689
 20
14.626
 10
573.082
 20
14.626
 10
573.082
 20
17.647
 10
572.789
 20
17.647
 10
572.711
 20
17.384
 10
572.555
 20
17.206
 10
572.317
 20
17.103
 10
571.989
 20
17.068
 10
571.989
 20
16.761
 10
572.689
 20
16.761
  0
LWPOLYLINE
  5
D3
330
30
100
AcDbEntity
  8
PAFTA_ANTET
100
AcDbPolyline
 90
10
 70
1
 10
581.197
 20
19.055
 10
581.591
 20
19.055
 10
581.591
 20
22.077
 10
581.297
 20
22.077
 10
581.219
 20
21.813
 10
581.063
 20
21.636
 10
580.825
 20
21.532
 10
580.497
 20
21.497
 10
580.497
 20
21.19
 10
581.197
 20
21.19
  0
CIRCLE
  5
D4
330
30
100
AcDbEntity
  8
PAFTA_ANTET
 62
7
370
35
100
AcDbCircle
 10
575.0365059999999
 20
51.645867
 30
0.0
 40
1.75
  0
CIRCLE
  5
D5
330
30
100
AcDbEntity
  8
PAFTA_ANTET
 62
7
370
35
100
AcDbCircle
 10
575.0365059999999
 20
51.645867
 30
0.0
 40
3.5
  0
LINE
  5
D6
330
30
100
AcDbEntity
  8
PAFTA_ANTET
 62
7
370
35
100
AcDbLine
 10
581.040291
 20
51.645867
 30
0.0
 11
560.25251
 21
51.645867
 31
0.0
  0
LINE
  5
D7
330
30
100
AcDbEntity
  8
PAFTA_ANTET
 62
7
370
35
100
AcDbLine
 10
563.486519
 20
49.895867
 30
0.0
 11
563.486519
 21
53.395867
 31
0.0
  0
LINE
  5
D8
330
30
100
AcDbEntity
  8
PAFTA_ANTET
 62
7
370
35
100
AcDbLine
 10
563.486519
 20
53.395867
 30
0.0
 11
570.486519
 21
55.145867
 31
0.0
  0
LINE
  5
D9
330
30
100
AcDbEntity
  8
PAFTA_ANTET
 62
7
370
35
100
AcDbLine
 10
570.486519
 20
55.145867
 30
0.0
 11
570.486519
 21
48.14586699999999
 31
0.0
  0
LINE
  5
DA
330
30
100
AcDbEntity
  8
PAFTA_ANTET
 62
7
370
35
100
AcDbLine
 10
563.486519
 20
49.895867
 30
0.0
 11
570.486519
 21
48.14586699999999
 31
0.0
  0
LINE
  5
DB
330
30
100
AcDbEntity
  8
PAFTA_ANTET
 62
7
370
35
100
AcDbLine
 10
575.0365059999999
 20
56.475029
 30
0.0
 11
575.0365059999999
 21
46.816704
 31
0.0
  0
LINE
  5
DC
330
30
100
AcDbEntity
  8
PAFTA_ANTET
 62
7
370
35
100
AcDbLine
 10
540.280037
 20
14.05
 30
0.0
 11
540.280037
 21
9.82
 31
0.0
  0
LWPOLYLINE
  5
DD
330
30
100
AcDbEntity
  8
PAFTA_ANTET
100
AcDbPolyline
 90
14
 70
1
 10
543.444
 20
10.05
 10
543.649
 20
10.05
 10
543.334
 20
10.832
 10
543.253
 20
11.253
 10
543.253
 20
12.103
 10
543.464
 20
12.924
 10
543.649
 20
13.306
 10
543.444
 20
13.306
 10
543.208
 20
12.91
 10
543.042
 20
12.517
 10
542.945
 20
12.107
 10
542.945
 20
11.246
 10
543.042
 20
10.839
 10
543.208
 20
10.446
  0
LWPOLYLINE
  5
DE
330
30
100
AcDbEntity
  8
PAFTA_ANTET
100
AcDbPolyline
 90
12
 70
1
 10
544.479
 20
10.745
 10
545.905
 20
10.745
 10
545.905
 20
11.048
 10
544.777
 20
11.048
 10
544.777
 20
11.894
 10
545.782
 20
11.894
 10
545.782
 20
12.193
 10
544.777
 20
12.193
 10
544.777
 20
12.942
 10
545.879
 20
12.942
 10
545.879
 20
13.245
 10
544.479
 20
13.245
  0
LWPOLYLINE
  5
DF
330
30
100
AcDbEntity
  8
PAFTA_ANTET
100
AcDbPolyline
 90
20
 70
1
 10
546.547
 20
10.745
 10
546.832
 20
10.745
 10
546.832
 20
11.851
 10
546.861
 20
12.118
 10
546.949
 20
12.308
 10
547.092
 20
12.424
 10
547.283
 20
12.463
 10
547.426
 20
12.438
 10
547.533
 20
12.366
 10
547.62
 20
12.078
 10
547.909
 20
12.078
 10
547.87
 20
12.37
 10
547.763
 20
12.579
 10
547.584
 20
12.705
 10
547.341
 20
12.748
 10
547.176
 20
12.719
 10
546.907
 20
12.525
 10
546.806
 20
12.359
 10
546.806
 20
12.679
 10
546.547
 20
12.679
  0
LWPOLYLINE
  5
E0
330
30
100
AcDbEntity
  8
PAFTA_ANTET
100
AcDbPolyline
 90
41
 70
1
 10
549.244
 20
11.873
 10
548.765
 20
12.027
 10
548.696
 20
12.197
 10
548.716
 20
12.316
 10
548.894
 20
12.456
 10
549.205
 20
12.456
 10
549.403
 20
12.294
 10
549.436
 20
12.164
 10
549.714
 20
12.164
 10
549.666
 20
12.406
 10
549.533
 20
12.589
 10
549.325
 20
12.705
 10
549.053
 20
12.748
 10
548.778
 20
12.705
 10
548.576
 20
12.586
 10
548.45
 20
12.409
 10
548.411
 20
12.186
 10
548.44
 20
11.97
 10
548.531
 20
11.819
 10
548.68
 20
11.71
 10
549.41
 20
11.458
 10
549.462
 20
11.386
 10
549.452
 20
11.145
 10
549.374
 20
11.044
 10
549.079
 20
10.958
 10
548.901
 20
10.979
 10
548.771
 20
11.055
 10
548.683
 20
11.177
 10
548.648
 20
11.347
 10
548.372
 20
11.347
 10
548.418
 20
11.058
 10
548.551
 20
10.85
 10
548.761
 20
10.723
 10
549.053
 20
10.677
 10
549.358
 20
10.723
 10
549.582
 20
10.85
 10
549.718
 20
11.051
 10
549.766
 20
11.314
 10
549.731
 20
11.541
 10
549.63
 20
11.696
 10
549.465
 20
11.797
  0
LWPOLYLINE
  5
E1
330
30
100
AcDbEntity
  8
PAFTA_ANTET
100
AcDbPolyline
 90
4
 70
1
 10
550.791
 20
10.745
 10
551.238
 20
10.745
 10
551.238
 20
11.282
 10
550.791
 20
11.282
  0
LWPOLYLINE
  5
E2
330
30
100
AcDbEntity
  8
PAFTA_ANTET
100
AcDbPolyline
 90
17
 70
1
 10
553.365
 20
11.044
 10
553.365
 20
10.745
 10
553.65
 20
10.745
 10
553.65
 20
13.332
 10
553.368
 20
13.332
 10
553.368
 20
12.384
 10
553.151
 20
12.658
 10
552.866
 20
12.748
 10
552.59
 20
12.676
 10
552.376
 20
12.474
 10
552.237
 20
12.15
 10
552.188
 20
11.714
 10
552.237
 20
11.278
 10
552.376
 20
10.95
 10
552.59
 20
10.745
 10
552.866
 20
10.677
 10
553.154
 20
10.767
  0
LWPOLYLINE
  5
E3
330
30
100
AcDbEntity
  8
PAFTA_ANTET
100
AcDbPolyline
 90
15
 70
1
 10
552.914
 20
12.463
 10
553.102
 20
12.413
 10
553.245
 20
12.272
 10
553.329
 20
12.038
 10
553.362
 20
11.714
 10
553.329
 20
11.386
 10
553.245
 20
11.152
 10
553.102
 20
11.008
 10
552.914
 20
10.961
 10
552.736
 20
11.008
 10
552.6
 20
11.152
 10
552.509
 20
11.39
 10
552.509
 20
12.035
 10
552.6
 20
12.269
 10
552.736
 20
12.413
  0
LWPOLYLINE
  5
E4
330
30
100
AcDbEntity
  8
PAFTA_ANTET
100
AcDbPolyline
 90
4
 70
1
 10
554.694
 20
10.745
 10
555.142
 20
10.745
 10
555.142
 20
11.282
 10
554.694
 20
11.282
  0
LWPOLYLINE
  5
E5
330
30
100
AcDbEntity
  8
PAFTA_ANTET
100
AcDbPolyline
 90
4
 70
1
 10
556.646
 20
10.745
 10
557.093
 20
10.745
 10
557.093
 20
11.282
 10
556.646
 20
11.282
  0
LWPOLYLINE
  5
E6
330
30
100
AcDbEntity
  8
PAFTA_ANTET
100
AcDbPolyline
 90
4
 70
1
 10
556.646
 20
12.143
 10
557.093
 20
12.143
 10
557.093
 20
12.679
 10
556.646
 20
12.679
  0
LWPOLYLINE
  5
E7
330
30
100
AcDbEntity
  8
PAFTA_ANTET
100
AcDbPolyline
 90
12
 70
1
 10
558.588
 20
10.05
 10
558.987
 20
10.839
 10
559.084
 20
11.246
 10
559.116
 20
11.678
 10
559.084
 20
12.107
 10
558.987
 20
12.517
 10
558.588
 20
13.306
 10
558.384
 20
13.306
 10
558.695
 20
12.521
 10
558.802
 20
11.678
 10
558.695
 20
10.832
 10
558.384
 20
10.05
  0
LINE
  5
E8
330
30
100
AcDbEntity
  8
PAFTA_ANTET
 62
7
370
35
100
AcDbLine
 10
400.573372
 20
74.68536399999999
 30
0.0
 11
500.573372
 21
74.68536399999999
 31
0.0
  0
LINE
  5
E9
330
30
100
AcDbEntity
  8
PAFTA_ANTET
 62
7
370
35
100
AcDbLine
 10
400.573372
 20
70.169457
 30
0.0
 11
500.573372
 21
70.169457
 31
0.0
  0
LINE
  5
EA
330
30
100
AcDbEntity
  8
PAFTA_ANTET
 62
7
370
35
100
AcDbLine
 10
400.573372
 20
65.728539
 30
0.0
 11
500.573372
 21
65.728539
 31
0.0
  0
LINE
  5
EB
330
30
100
AcDbEntity
  8
PAFTA_ANTET
 62
7
370
35
100
AcDbLine
 10
400.573372
 20
61.28763199999999
 30
0.0
 11
500.573372
 21
61.28763199999999
 31
0.0
  0
LINE
  5
EC
330
30
100
AcDbEntity
  8
PAFTA_ANTET
 62
7
370
35
100
AcDbLine
 10
400.573372
 20
56.846726
 30
0.0
 11
500.573372
 21
56.846726
 31
0.0
  0
LINE
  5
ED
330
30
100
AcDbEntity
  8
PAFTA_ANTET
 62
7
370
35
100
AcDbLine
 10
400.573372
 20
52.40581500000001
 30
0.0
 11
500.573372
 21
52.40581500000001
 31
0.0
  0
LINE
  5
EE
330
30
100
AcDbEntity
  8
PAFTA_ANTET
 62
7
370
35
100
AcDbLine
 10
428.573372
 20
52.40581500000001
 30
0.0
 11
428.573372
 21
47.889904
 31
0.0
  0
LINE
  5
EF
330
30
100
AcDbEntity
  8
PAFTA_ANTET
 62
7
370
35
100
AcDbLine
 10
400.573372
 20
47.889904
 30
0.0
 11
500.573372
 21
47.889904
 31
0.0
  0
LINE
  5
F0
330
30
100
AcDbEntity
  8
PAFTA_ANTET
 62
7
370
35
100
AcDbLine
 10
500.572578
 20
80.91264399999999
 30
0.0
 11
583.460029
 21
80.82595899999998
 31
0.0
  0
LINE
  5
F1
330
30
100
AcDbEntity
  8
PAFTA_ANTET
 62
7
370
35
100
AcDbLine
 10
556.777961
 20
61.05574100000001
 30
0.0
 11
556.777961
 21
43.815613
 31
0.0
  0
LINE
  5
F2
330
30
100
AcDbEntity
  8
PAFTA_ANTET
 62
7
370
35
100
AcDbLine
 10
453.9200509999999
 20
43.66
 30
0.0
 11
500.572578
 21
43.66
 31
0.0
  0
LINE
  5
F3
330
30
100
AcDbEntity
  8
PAFTA_ANTET
 62
7
370
35
100
AcDbLine
 10
583.460029
 20
88.081696
 30
0.0
 11
400.580024
 21
88.081696
 31
0.0
  0
LINE
  5
F4
330
30
100
AcDbEntity
  8
PAFTA_ANTET
 62
7
370
35
100
AcDbLine
 10
530.6458199999998
 20
88.081696
 30
0.0
 11
530.6458199999998
 21
80.884827
 31
0.0
  0
LINE
  5
F5
330
30
100
AcDbEntity
  8
PAFTA_ANTET
 62
7
370
35
100
AcDbLine
 10
408.103157
 20
47.926689
 30
0.0
 11
408.103157
 21
43.71487499999999
 31
0.0
  0
LINE
  5
F6
330
30
100
AcDbEntity
  8
PAFTA_ANTET
 62
7
370
35
100
AcDbLine
 10
433.503181
 20
47.926689
 30
0.0
 11
433.503181
 21
43.71487499999999
 31
0.0
  0
LINE
  5
F7
330
30
100
AcDbEntity
  8
PAFTA_ANTET
 62
7
370
35
100
AcDbLine
 10
446.203163
 20
47.926689
 30
0.0
 11
446.203163
 21
43.71487499999999
 31
0.0
  0
LINE
  5
F8
330
30
100
AcDbEntity
  8
PAFTA_ANTET
 62
7
370
35
100
AcDbLine
 10
400.483162
 20
43.71487499999999
 30
0.0
 11
453.823158
 21
43.71487499999999
 31
0.0
  0
LINE
  5
F9
330
30
100
AcDbEntity
  8
PAFTA_ANTET
 62
7
370
35
100
AcDbLine
 10
408.103157
 20
43.71487499999999
 30
0.0
 11
408.103157
 21
39.503056
 31
0.0
  0
LINE
  5
FA
330
30
100
AcDbEntity
  8
PAFTA_ANTET
 62
7
370
35
100
AcDbLine
 10
433.503181
 20
43.71487499999999
 30
0.0
 11
433.503181
 21
39.503056
 31
0.0
  0
LINE
  5
FB
330
30
100
AcDbEntity
  8
PAFTA_ANTET
 62
7
370
35
100
AcDbLine
 10
446.203163
 20
43.71487499999999
 30
0.0
 11
446.203163
 21
39.503056
 31
0.0
  0
LINE
  5
FC
330
30
100
AcDbEntity
  8
PAFTA_ANTET
 62
7
370
35
100
AcDbLine
 10
400.483162
 20
39.503056
 30
0.0
 11
453.823158
 21
39.503056
 31
0.0
  0
LINE
  5
FD
330
30
100
AcDbEntity
  8
PAFTA_ANTET
 62
7
370
35
100
AcDbLine
 10
408.103157
 20
39.503056
 30
0.0
 11
408.103157
 21
35.291237
 31
0.0
  0
LINE
  5
FE
330
30
100
AcDbEntity
  8
PAFTA_ANTET
 62
7
370
35
100
AcDbLine
 10
433.503181
 20
39.503056
 30
0.0
 11
433.503181
 21
35.291237
 31
0.0
  0
LINE
  5
FF
330
30
100
AcDbEntity
  8
PAFTA_ANTET
 62
7
370
35
100
AcDbLine
 10
446.203163
 20
39.503056
 30
0.0
 11
446.203163
 21
35.291237
 31
0.0
  0
LINE
  5
100
330
30
100
AcDbEntity
  8
PAFTA_ANTET
 62
7
370
35
100
AcDbLine
 10
400.483162
 20
35.291237
 30
0.0
 11
453.823158
 21
35.291237
 31
0.0
  0
LINE
  5
101
330
30
100
AcDbEntity
  8
PAFTA_ANTET
 62
7
370
35
100
AcDbLine
 10
408.103157
 20
35.291237
 30
0.0
 11
408.103157
 21
31.079418
 31
0.0
  0
LINE
  5
102
330
30
100
AcDbEntity
  8
PAFTA_ANTET
 62
7
370
35
100
AcDbLine
 10
433.503181
 20
35.291237
 30
0.0
 11
433.503181
 21
31.079418
 31
0.0
  0
LINE
  5
103
330
30
100
AcDbEntity
  8
PAFTA_ANTET
 62
7
370
35
100
AcDbLine
 10
446.203163
 20
35.291237
 30
0.0
 11
446.203163
 21
31.079418
 31
0.0
  0
LINE
  5
104
330
30
100
AcDbEntity
  8
PAFTA_ANTET
 62
7
370
35
100
AcDbLine
 10
400.483162
 20
31.079418
 30
0.0
 11
453.823158
 21
31.079418
 31
0.0
  0
LINE
  5
105
330
30
100
AcDbEntity
  8
PAFTA_ANTET
 62
7
370
35
100
AcDbLine
 10
408.103157
 20
31.079418
 30
0.0
 11
408.103157
 21
26.8676
 31
0.0
  0
LINE
  5
106
330
30
100
AcDbEntity
  8
PAFTA_ANTET
 62
7
370
35
100
AcDbLine
 10
433.503181
 20
31.079418
 30
0.0
 11
433.503181
 21
26.8676
 31
0.0
  0
LINE
  5
107
330
30
100
AcDbEntity
  8
PAFTA_ANTET
 62
7
370
35
100
AcDbLine
 10
446.203163
 20
31.079418
 30
0.0
 11
446.203163
 21
26.8676
 31
0.0
  0
LINE
  5
108
330
30
100
AcDbEntity
  8
PAFTA_ANTET
 62
7
370
35
100
AcDbLine
 10
400.483162
 20
26.8676
 30
0.0
 11
453.823158
 21
26.8676
 31
0.0
  0
LINE
  5
109
330
30
100
AcDbEntity
  8
PAFTA_ANTET
 62
7
370
35
100
AcDbLine
 10
408.103157
 20
26.8676
 30
0.0
 11
408.103157
 21
22.655783
 31
0.0
  0
LINE
  5
10A
330
30
100
AcDbEntity
  8
PAFTA_ANTET
 62
7
370
35
100
AcDbLine
 10
433.503181
 20
26.8676
 30
0.0
 11
433.503181
 21
22.655783
 31
0.0
  0
LINE
  5
10B
330
30
100
AcDbEntity
  8
PAFTA_ANTET
 62
7
370
35
100
AcDbLine
 10
446.203163
 20
26.8676
 30
0.0
 11
446.203163
 21
22.655783
 31
0.0
  0
LINE
  5
10C
330
30
100
AcDbEntity
  8
PAFTA_ANTET
 62
7
370
35
100
AcDbLine
 10
400.483162
 20
22.655783
 30
0.0
 11
453.823158
 21
22.655783
 31
0.0
  0
LINE
  5
10D
330
30
100
AcDbEntity
  8
PAFTA_ANTET
 62
7
370
35
100
AcDbLine
 10
408.103157
 20
22.655783
 30
0.0
 11
408.103157
 21
18.443964
 31
0.0
  0
LINE
  5
10E
330
30
100
AcDbEntity
  8
PAFTA_ANTET
 62
7
370
35
100
AcDbLine
 10
433.503181
 20
22.655783
 30
0.0
 11
433.503181
 21
18.443964
 31
0.0
  0
LINE
  5
10F
330
30
100
AcDbEntity
  8
PAFTA_ANTET
 62
7
370
35
100
AcDbLine
 10
446.203163
 20
22.655783
 30
0.0
 11
446.203163
 21
18.443964
 31
0.0
  0
LINE
  5
110
330
30
100
AcDbEntity
  8
PAFTA_ANTET
 62
7
370
35
100
AcDbLine
 10
400.483162
 20
18.443964
 30
0.0
 11
453.823158
 21
18.443964
 31
0.0
  0
LINE
  5
111
330
30
100
AcDbEntity
  8
PAFTA_ANTET
 62
7
370
35
100
AcDbLine
 10
408.103157
 20
18.443964
 30
0.0
 11
408.103157
 21
14.157147
 31
0.0
  0
LINE
  5
112
330
30
100
AcDbEntity
  8
PAFTA_ANTET
 62
7
370
35
100
AcDbLine
 10
433.503181
 20
18.443964
 30
0.0
 11
433.503181
 21
14.157147
 31
0.0
  0
LINE
  5
113
330
30
100
AcDbEntity
  8
PAFTA_ANTET
 62
7
370
35
100
AcDbLine
 10
446.203163
 20
18.443964
 30
0.0
 11
446.203163
 21
14.157147
 31
0.0
  0
LINE
  5
114
330
30
100
AcDbEntity
  8
PAFTA_ANTET
 62
7
370
35
100
AcDbLine
 10
408.103157
 20
14.157147
 30
0.0
 11
408.103157
 21
9.870327000000001
 31
0.0
  0
LINE
  5
115
330
30
100
AcDbEntity
  8
PAFTA_ANTET
 62
7
370
35
100
AcDbLine
 10
433.503181
 20
14.157147
 30
0.0
 11
433.503181
 21
9.870327000000001
 31
0.0
  0
LINE
  5
116
330
30
100
AcDbEntity
  8
PAFTA_ANTET
 62
7
370
35
100
AcDbLine
 10
446.203163
 20
14.157147
 30
0.0
 11
446.203163
 21
9.870327000000001
 31
0.0
  0
LINE
  5
117
330
30
100
AcDbEntity
  8
PAFTA_ANTET
 62
7
370
35
100
AcDbLine
 10
400.483162
 20
9.870327000000001
 30
0.0
 11
453.823158
 21
9.870327000000001
 31
0.0
  0
LINE
  5
118
330
30
100
AcDbEntity
  8
PAFTA_ANTET
 62
7
370
35
100
AcDbLine
 10
459.1202469999999
 20
25.040474
 30
0.0
 11
462.7202529999999
 21
20.540474
 31
0.0
  0
LINE
  5
119
330
30
100
AcDbEntity
  8
PAFTA_ANTET
 62
7
370
35
100
AcDbLine
 10
462.7202529999999
 20
29.540474
 30
0.0
 11
459.1202469999999
 21
25.040474
 31
0.0
  0
LINE
  5
11A
330
30
100
AcDbEntity
  8
PAFTA_ANTET
 62
7
370
35
100
AcDbLine
 10
466.320259
 20
25.040474
 30
0.0
 11
462.7202529999999
 21
29.540474
 31
0.0
  0
LINE
  5
11B
330
30
100
AcDbEntity
  8
PAFTA_ANTET
 62
7
370
35
100
AcDbLine
 10
462.7202529999999
 20
20.540474
 30
0.0
 11
466.320259
 21
25.040474
 31
0.0
  0
LINE
  5
11C
330
30
100
AcDbEntity
  8
PAFTA_ANTET
 62
7
370
35
100
AcDbLine
 10
457.967689
 20
25.040474
 30
0.0
 11
462.7202529999999
 21
19.09977
 31
0.0
  0
LINE
  5
11D
330
30
100
AcDbEntity
  8
PAFTA_ANTET
 62
7
370
35
100
AcDbLine
 10
457.967689
 20
19.140724
 30
0.0
 11
457.967689
 21
25.040474
 31
0.0
  0
ARC
  5
11E
330
30
100
AcDbEntity
  8
PAFTA_ANTET
 62
7
370
35
100
AcDbCircle
 10
461.967689
 20
19.140724
 30
0.0
 40
4.0
100
AcDbArc
 50
180.0000089999999
 51
269.985162
  0
LINE
  5
11F
330
30
100
AcDbEntity
  8
PAFTA_ANTET
 62
7
370
35
100
AcDbLine
 10
461.9666519999999
 20
15.140725
 30
0.0
 11
463.566658
 21
15.140312
 31
0.0
  0
ARC
  5
120
330
30
100
AcDbEntity
  8
PAFTA_ANTET
 62
7
370
35
100
AcDbCircle
 10
463.567695
 20
19.140312
 30
0.0
 40
4.0
100
AcDbArc
 50
269.985162
 51
9.9999999998e-06
  0
LINE
  5
121
330
30
100
AcDbEntity
  8
PAFTA_ANTET
 62
7
370
35
100
AcDbLine
 10
467.567695
 20
25.159069
 30
0.0
 11
467.567695
 21
19.140312
 31
0.0
  0
LINE
  5
122
330
30
100
AcDbEntity
  8
PAFTA_ANTET
 62
7
370
35
100
AcDbLine
 10
462.7202529999999
 20
19.09977
 30
0.0
 11
467.567695
 21
25.159069
 31
0.0
  0
LINE
  5
123
330
30
100
AcDbEntity
  8
PAFTA_ANTET
 62
2
370
13
100
AcDbLine
 10
462.7202529999999
 20
29.540474
 30
0.0
 11
459.1202469999999
 21
25.040474
 31
0.0
  0
LINE
  5
124
330
30
100
AcDbEntity
  8
PAFTA_ANTET
 62
2
370
13
100
AcDbLine
 10
459.1202469999999
 20
25.040474
 30
0.0
 11
462.7202529999999
 21
20.540474
 31
0.0
  0
LINE
  5
125
330
30
100
AcDbEntity
  8
PAFTA_ANTET
 62
2
370
13
100
AcDbLine
 10
462.7202529999999
 20
20.540474
 30
0.0
 11
466.320259
 21
25.040474
 31
0.0
  0
LINE
  5
126
330
30
100
AcDbEntity
  8
PAFTA_ANTET
 62
2
370
13
100
AcDbLine
 10
466.320259
 20
25.040474
 30
0.0
 11
462.7202529999999
 21
29.540474
 31
0.0
  0
LINE
  5
127
330
30
100
AcDbEntity
  8
PAFTA_ANTET
 62
40
370
13
100
AcDbLine
 10
462.7202529999999
 20
20.540474
 30
0.0
 11
466.320259
 21
25.040474
 31
0.0
  0
LINE
  5
128
330
30
100
AcDbEntity
  8
PAFTA_ANTET
 62
40
370
13
100
AcDbLine
 10
466.320259
 20
25.040474
 30
0.0
 11
462.7202529999999
 21
29.540474
 31
0.0
  0
LINE
  5
129
330
30
100
AcDbEntity
  8
PAFTA_ANTET
 62
40
370
13
100
AcDbLine
 10
462.7202529999999
 20
29.540474
 30
0.0
 11
459.1202469999999
 21
25.040474
 31
0.0
  0
LINE
  5
12A
330
30
100
AcDbEntity
  8
PAFTA_ANTET
 62
40
370
13
100
AcDbLine
 10
459.1202469999999
 20
25.040474
 30
0.0
 11
462.7202529999999
 21
20.540474
 31
0.0
  0
LINE
  5
12B
330
30
100
AcDbEntity
  8
PAFTA_ANTET
 62
7
370
13
100
AcDbLine
 10
461.805061
 20
15.154903
 30
0.0
 11
467.567695
 21
20.917527
 31
0.0
  0
LINE
  5
12C
330
30
100
AcDbEntity
  8
PAFTA_ANTET
 62
7
370
13
100
AcDbLine
 10
458.831886
 20
16.671839
 30
0.0
 11
462.071174
 21
19.911129
 31
0.0
  0
LINE
  5
12D
330
30
100
AcDbEntity
  8
PAFTA_ANTET
 62
7
370
13
100
AcDbLine
 10
457.967689
 20
20.297783
 30
0.0
 11
460.0755379999999
 21
22.405646
 31
0.0
  0
LINE
  5
12E
330
30
100
AcDbEntity
  8
PAFTA_ANTET
 62
7
370
13
100
AcDbLine
 10
457.967689
 20
24.787911
 30
0.0
 11
458.079933
 21
24.900162
 31
0.0
  0
LINE
  5
12F
330
30
100
AcDbEntity
  8
PAFTA_ANTET
 62
175
370
13
100
AcDbLine
 10
462.7202529999999
 20
19.09977
 30
0.0
 11
457.967689
 21
25.040474
 31
0.0
  0
LINE
  5
130
330
30
100
AcDbEntity
  8
PAFTA_ANTET
 62
175
370
13
100
AcDbLine
 10
457.967689
 20
25.040474
 30
0.0
 11
457.967689
 21
19.140724
 31
0.0
  0
LINE
  5
131
330
30
100
AcDbEntity
  8
PAFTA_ANTET
 62
175
370
13
100
AcDbLine
 10
457.967689
 20
19.140724
 30
0.0
 11
458.02845
 21
18.446247
 31
0.0
  0
LINE
  5
132
330
30
100
AcDbEntity
  8
PAFTA_ANTET
 62
175
370
13
100
AcDbLine
 10
458.02845
 20
18.446247
 30
0.0
 11
462.7202529999999
 21
19.09977
 31
0.0
  0
LINE
  5
133
330
30
100
AcDbEntity
  8
PAFTA_ANTET
 62
175
370
13
100
AcDbLine
 10
462.7202529999999
 20
19.09977
 30
0.0
 11
458.02845
 21
18.446247
 31
0.0
  0
LINE
  5
134
330
30
100
AcDbEntity
  8
PAFTA_ANTET
 62
175
370
13
100
AcDbLine
 10
458.02845
 20
18.446247
 30
0.0
 11
458.208839
 21
17.772862
 31
0.0
  0
LINE
  5
135
330
30
100
AcDbEntity
  8
PAFTA_ANTET
 62
175
370
13
100
AcDbLine
 10
458.208839
 20
17.772862
 30
0.0
 11
458.5034249999999
 21
17.141026
 31
0.0
  0
LINE
  5
136
330
30
100
AcDbEntity
  8
PAFTA_ANTET
 62
175
370
13
100
AcDbLine
 10
458.5034249999999
 20
17.141026
 30
0.0
 11
462.7202529999999
 21
19.09977
 31
0.0
  0
LINE
  5
137
330
30
100
AcDbEntity
  8
PAFTA_ANTET
 62
175
370
13
100
AcDbLine
 10
462.7202529999999
 20
19.09977
 30
0.0
 11
458.5034249999999
 21
17.141026
 31
0.0
  0
LINE
  5
138
330
30
100
AcDbEntity
  8
PAFTA_ANTET
 62
175
370
13
100
AcDbLine
 10
458.5034249999999
 20
17.141026
 30
0.0
 11
458.903206
 21
16.569928
 31
0.0
  0
LINE
  5
139
330
30
100
AcDbEntity
  8
PAFTA_ANTET
 62
175
370
13
100
AcDbLine
 10
458.903206
 20
16.569928
 30
0.0
 11
459.396095
 21
16.076918
 31
0.0
  0
LINE
  5
13A
330
30
100
AcDbEntity
  8
PAFTA_ANTET
 62
175
370
13
100
AcDbLine
 10
459.396095
 20
16.076918
 30
0.0
 11
462.7202529999999
 21
19.09977
 31
0.0
  0
LINE
  5
13B
330
30
100
AcDbEntity
  8
PAFTA_ANTET
 62
175
370
13
100
AcDbLine
 10
462.7202529999999
 20
19.09977
 30
0.0
 11
459.396095
 21
16.076918
 31
0.0
  0
LINE
  5
13C
330
30
100
AcDbEntity
  8
PAFTA_ANTET
 62
175
370
13
100
AcDbLine
 10
459.396095
 20
16.076918
 30
0.0
 11
459.967079
 21
15.676969
 31
0.0
  0
LINE
  5
13D
330
30
100
AcDbEntity
  8
PAFTA_ANTET
 62
175
370
13
100
AcDbLine
 10
459.967079
 20
15.676969
 30
0.0
 11
460.598854
 21
15.38223
 31
0.0
  0
LINE
  5
13E
330
30
100
AcDbEntity
  8
PAFTA_ANTET
 62
175
370
13
100
AcDbLine
 10
460.598854
 20
15.38223
 30
0.0
 11
462.7202529999999
 21
19.09977
 31
0.0
  0
LINE
  5
13F
330
30
100
AcDbEntity
  8
PAFTA_ANTET
 62
175
370
13
100
AcDbLine
 10
462.7202529999999
 20
19.09977
 30
0.0
 11
460.598854
 21
15.38223
 31
0.0
  0
LINE
  5
140
330
30
100
AcDbEntity
  8
PAFTA_ANTET
 62
175
370
13
100
AcDbLine
 10
460.598854
 20
15.38223
 30
0.0
 11
461.2721940000001
 21
15.201655
 31
0.0
  0
LINE
  5
141
330
30
100
AcDbEntity
  8
PAFTA_ANTET
 62
175
370
13
100
AcDbLine
 10
461.2721940000001
 20
15.201655
 30
0.0
 11
461.9666519999999
 21
15.140725
 31
0.0
  0
LINE
  5
142
330
30
100
AcDbEntity
  8
PAFTA_ANTET
 62
175
370
13
100
AcDbLine
 10
461.9666519999999
 20
15.140725
 30
0.0
 11
462.7202529999999
 21
19.09977
 31
0.0
  0
LINE
  5
143
330
30
100
AcDbEntity
  8
PAFTA_ANTET
 62
175
370
13
100
AcDbLine
 10
462.7202529999999
 20
19.09977
 30
0.0
 11
461.9666519999999
 21
15.140725
 31
0.0
  0
LINE
  5
144
330
30
100
AcDbEntity
  8
PAFTA_ANTET
 62
175
370
13
100
AcDbLine
 10
461.9666519999999
 20
15.140725
 30
0.0
 11
463.566658
 21
15.140312
 31
0.0
  0
LINE
  5
145
330
30
100
AcDbEntity
  8
PAFTA_ANTET
 62
175
370
13
100
AcDbLine
 10
463.566658
 20
15.140312
 30
0.0
 11
464.26139
 21
15.200921
 31
0.0
  0
LINE
  5
146
330
30
100
AcDbEntity
  8
PAFTA_ANTET
 62
175
370
13
100
AcDbLine
 10
464.26139
 20
15.200921
 30
0.0
 11
462.7202529999999
 21
19.09977
 31
0.0
  0
LINE
  5
147
330
30
100
AcDbEntity
  8
PAFTA_ANTET
 62
175
370
13
100
AcDbLine
 10
462.7202529999999
 20
19.09977
 30
0.0
 11
464.26139
 21
15.200921
 31
0.0
  0
LINE
  5
148
330
30
100
AcDbEntity
  8
PAFTA_ANTET
 62
175
370
13
100
AcDbLine
 10
464.26139
 20
15.200921
 30
0.0
 11
464.9350049999999
 21
15.381266
 31
0.0
  0
LINE
  5
149
330
30
100
AcDbEntity
  8
PAFTA_ANTET
 62
175
370
13
100
AcDbLine
 10
464.9350049999999
 20
15.381266
 30
0.0
 11
465.5670849999999
 21
15.675865
 31
0.0
  0
LINE
  5
14A
330
30
100
AcDbEntity
  8
PAFTA_ANTET
 62
175
370
13
100
AcDbLine
 10
465.5670849999999
 20
15.675865
 30
0.0
 11
462.7202529999999
 21
19.09977
 31
0.0
  0
LINE
  5
14B
330
30
100
AcDbEntity
  8
PAFTA_ANTET
 62
175
370
13
100
AcDbLine
 10
462.7202529999999
 20
19.09977
 30
0.0
 11
465.5670849999999
 21
15.675865
 31
0.0
  0
LINE
  5
14C
330
30
100
AcDbEntity
  8
PAFTA_ANTET
 62
175
370
13
100
AcDbLine
 10
465.5670849999999
 20
15.675865
 30
0.0
 11
466.1384049999999
 21
16.075764
 31
0.0
  0
LINE
  5
14D
330
30
100
AcDbEntity
  8
PAFTA_ANTET
 62
175
370
13
100
AcDbLine
 10
466.1384049999999
 20
16.075764
 30
0.0
 11
466.6315690000001
 21
16.56881
 31
0.0
  0
LINE
  5
14E
330
30
100
AcDbEntity
  8
PAFTA_ANTET
 62
175
370
13
100
AcDbLine
 10
466.6315690000001
 20
16.56881
 30
0.0
 11
462.7202529999999
 21
19.09977
 31
0.0
  0
LINE
  5
14F
330
30
100
AcDbEntity
  8
PAFTA_ANTET
 62
175
370
13
100
AcDbLine
 10
462.7202529999999
 20
19.09977
 30
0.0
 11
466.6315690000001
 21
16.56881
 31
0.0
  0
LINE
  5
150
330
30
100
AcDbEntity
  8
PAFTA_ANTET
 62
175
370
13
100
AcDbLine
 10
466.6315690000001
 20
16.56881
 30
0.0
 11
467.031624
 21
17.140013
 31
0.0
  0
LINE
  5
151
330
30
100
AcDbEntity
  8
PAFTA_ANTET
 62
175
370
13
100
AcDbLine
 10
467.031624
 20
17.140013
 30
0.0
 11
467.326393
 21
17.772015
 31
0.0
  0
LINE
  5
152
330
30
100
AcDbEntity
  8
PAFTA_ANTET
 62
175
370
13
100
AcDbLine
 10
467.326393
 20
17.772015
 30
0.0
 11
462.7202529999999
 21
19.09977
 31
0.0
  0
LINE
  5
153
330
30
100
AcDbEntity
  8
PAFTA_ANTET
 62
175
370
13
100
AcDbLine
 10
462.7202529999999
 20
19.09977
 30
0.0
 11
467.326393
 21
17.772015
 31
0.0
  0
LINE
  5
154
330
30
100
AcDbEntity
  8
PAFTA_ANTET
 62
175
370
13
100
AcDbLine
 10
467.326393
 20
17.772015
 30
0.0
 11
467.506904
 21
18.445607
 31
0.0
  0
LINE
  5
155
330
30
100
AcDbEntity
  8
PAFTA_ANTET
 62
175
370
13
100
AcDbLine
 10
467.506904
 20
18.445607
 30
0.0
 11
467.567695
 21
19.140312
 31
0.0
  0
LINE
  5
156
330
30
100
AcDbEntity
  8
PAFTA_ANTET
 62
175
370
13
100
AcDbLine
 10
467.567695
 20
19.140312
 30
0.0
 11
462.7202529999999
 21
19.09977
 31
0.0
  0
LINE
  5
157
330
30
100
AcDbEntity
  8
PAFTA_ANTET
 62
175
370
13
100
AcDbLine
 10
462.7202529999999
 20
19.09977
 30
0.0
 11
467.567695
 21
19.140312
 31
0.0
  0
LINE
  5
158
330
30
100
AcDbEntity
  8
PAFTA_ANTET
 62
175
370
13
100
AcDbLine
 10
467.567695
 20
19.140312
 30
0.0
 11
467.567695
 21
25.159069
 31
0.0
  0
LINE
  5
159
330
30
100
AcDbEntity
  8
PAFTA_ANTET
 62
175
370
13
100
AcDbLine
 10
467.567695
 20
25.159069
 30
0.0
 11
462.7202529999999
 21
19.09977
 31
0.0
  0
LINE
  5
15A
330
30
100
AcDbEntity
  8
PAFTA_ANTET
 62
7
370
35
100
AcDbLine
 10
469.326484
 20
20.616253
 30
0.0
 11
469.326484
 21
25.751026
 31
0.0
  0
LINE
  5
15B
330
30
100
AcDbEntity
  8
PAFTA_ANTET
 62
7
370
35
100
AcDbLine
 10
470.679725
 20
20.616253
 30
0.0
 11
469.326484
 21
20.616253
 31
0.0
  0
LINE
  5
15C
330
30
100
AcDbEntity
  8
PAFTA_ANTET
 62
7
370
35
100
AcDbLine
 10
472.631782
 20
20.616253
 30
0.0
 11
472.631782
 21
23.233149
 31
0.0
  0
LWPOLYLINE
  5
15D
330
30
100
AcDbEntity
  8
PAFTA_ANTET
100
AcDbPolyline
 90
2
 70
0
 10
472.632
 20
23.233
 10
472.547
 20
24.313
  0
LWPOLYLINE
  5
15E
330
30
100
AcDbEntity
  8
PAFTA_ANTET
100
AcDbPolyline
 90
3
 70
0
 10
472.547
 20
24.313
 10
472.434
 20
24.528
 10
472.264
 20
24.69
  0
LWPOLYLINE
  5
15F
330
30
100
AcDbEntity
  8
PAFTA_ANTET
100
AcDbPolyline
 90
3
 70
0
 10
472.264
 20
24.69
 10
472.05
 20
24.791
 10
471.797
 20
24.827
  0
LWPOLYLINE
  5
160
330
30
100
AcDbEntity
  8
PAFTA_ANTET
100
AcDbPolyline
 90
3
 70
0
 10
471.797
 20
24.827
 10
471.462
 20
24.778
 10
471.165
 20
24.634
  0
LWPOLYLINE
  5
161
330
30
100
AcDbEntity
  8
PAFTA_ANTET
100
AcDbPolyline
 90
3
 70
0
 10
471.165
 20
24.634
 10
470.931
 20
24.408
 10
470.783
 20
24.12
  0
LWPOLYLINE
  5
162
330
30
100
AcDbEntity
  8
PAFTA_ANTET
100
AcDbPolyline
 90
3
 70
0
 10
470.783
 20
24.12
 10
470.725
 20
23.846
 10
470.68
 20
22.941
  0
LINE
  5
163
330
30
100
AcDbEntity
  8
PAFTA_ANTET
 62
7
370
35
100
AcDbLine
 10
470.679725
 20
22.940811
 30
0.0
 11
470.679725
 21
20.616253
 31
0.0
  0
LINE
  5
164
330
30
100
AcDbEntity
  8
PAFTA_ANTET
 62
7
370
35
100
AcDbLine
 10
473.985023
 20
20.616253
 30
0.0
 11
472.631782
 21
20.616253
 31
0.0
  0
LWPOLYLINE
  5
165
330
30
100
AcDbEntity
  8
PAFTA_ANTET
100
AcDbPolyline
 90
5
 70
0
 10
470.581
 20
24.997
 10
470.938
 20
25.374
 10
471.338
 20
25.644
 10
471.782
 20
25.806
 10
472.269
 20
25.859
  0
LWPOLYLINE
  5
166
330
30
100
AcDbEntity
  8
PAFTA_ANTET
100
AcDbPolyline
 90
3
 70
0
 10
472.269
 20
25.859
 10
472.696
 20
25.82
 10
473.084
 20
25.699
  0
LWPOLYLINE
  5
167
330
30
100
AcDbEntity
  8
PAFTA_ANTET
100
AcDbPolyline
 90
3
 70
0
 10
473.084
 20
25.699
 10
473.412
 20
25.514
 10
473.646
 20
25.284
  0
LWPOLYLINE
  5
168
330
30
100
AcDbEntity
  8
PAFTA_ANTET
100
AcDbPolyline
 90
3
 70
0
 10
473.646
 20
25.284
 10
473.806
 20
25.015
 10
473.914
 20
24.714
  0
LWPOLYLINE
  5
169
330
30
100
AcDbEntity
  8
PAFTA_ANTET
100
AcDbPolyline
 90
2
 70
0
 10
473.914
 20
24.714
 10
473.985
 20
23.804
  0
LINE
  5
16A
330
30
100
AcDbEntity
  8
PAFTA_ANTET
 62
7
370
35
100
AcDbLine
 10
473.985023
 20
23.803679
 30
0.0
 11
473.985023
 21
20.616253
 31
0.0
  0
LINE
  5
16B
330
30
100
AcDbEntity
  8
PAFTA_ANTET
 62
7
370
35
100
AcDbLine
 10
470.580696
 20
25.751026
 30
0.0
 11
470.580696
 21
24.996607
 31
0.0
  0
LINE
  5
16C
330
30
100
AcDbEntity
  8
PAFTA_ANTET
 62
7
370
35
100
AcDbLine
 10
469.326484
 20
25.751026
 30
0.0
 11
470.580696
 21
25.751026
 31
0.0
  0
LWPOLYLINE
  5
16D
330
30
100
AcDbEntity
  8
PAFTA_ANTET
100
AcDbPolyline
 90
4
 70
0
 10
479.681
 20
22.021
 10
479.473
 20
21.566
 10
479.2
 20
21.188
 10
478.86
 20
20.89
  0
LWPOLYLINE
  5
16E
330
30
100
AcDbEntity
  8
PAFTA_ANTET
100
AcDbPolyline
 90
4
 70
0
 10
478.86
 20
20.89
 10
478.454
 20
20.673
 10
477.984
 20
20.545
 10
477.451
 20
20.503
  0
LWPOLYLINE
  5
16F
330
30
100
AcDbEntity
  8
PAFTA_ANTET
100
AcDbPolyline
 90
5
 70
0
 10
477.451
 20
20.503
 10
476.828
 20
20.557
 10
476.291
 20
20.72
 10
475.84
 20
20.992
 10
475.475
 20
21.375
  0
LWPOLYLINE
  5
170
330
30
100
AcDbEntity
  8
PAFTA_ANTET
100
AcDbPolyline
 90
4
 70
0
 10
475.475
 20
21.375
 10
475.192
 20
21.882
 10
475.025
 20
22.472
 10
474.97
 20
23.144
  0
LWPOLYLINE
  5
171
330
30
100
AcDbEntity
  8
PAFTA_ANTET
100
AcDbPolyline
 90
5
 70
0
 10
474.97
 20
23.144
 10
475.044
 20
23.931
 10
475.176
 20
24.388
 10
475.373
 20
24.79
 10
475.635
 20
25.138
  0
LWPOLYLINE
  5
172
330
30
100
AcDbEntity
  8
PAFTA_ANTET
100
AcDbPolyline
 90
5
 70
0
 10
475.635
 20
25.138
 10
475.99
 20
25.454
 10
476.389
 20
25.679
 10
476.831
 20
25.814
 10
477.319
 20
25.859
  0
LWPOLYLINE
  5
173
330
30
100
AcDbEntity
  8
PAFTA_ANTET
100
AcDbPolyline
 90
5
 70
0
 10
477.319
 20
25.859
 10
477.861
 20
25.813
 10
478.342
 20
25.671
 10
478.763
 20
25.436
 10
479.125
 20
25.105
  0
LWPOLYLINE
  5
174
330
30
100
AcDbEntity
  8
PAFTA_ANTET
100
AcDbPolyline
 90
5
 70
0
 10
479.125
 20
25.105
 10
479.383
 20
24.732
 10
479.575
 20
24.278
 10
479.698
 20
23.744
 10
479.756
 20
22.795
  0
LINE
  5
175
330
30
100
AcDbEntity
  8
PAFTA_ANTET
 62
7
370
35
100
AcDbLine
 10
478.3276749999999
 20
22.247687
 30
0.0
 11
479.680916
 21
22.021361
 31
0.0
  0
LWPOLYLINE
  5
176
330
30
100
AcDbEntity
  8
PAFTA_ANTET
100
AcDbPolyline
 90
3
 70
0
 10
476.361
 20
22.795
 10
476.454
 20
22.241
 10
476.687
 20
21.847
  0
LWPOLYLINE
  5
177
330
30
100
AcDbEntity
  8
PAFTA_ANTET
100
AcDbPolyline
 90
4
 70
0
 10
476.687
 20
21.847
 10
476.912
 20
21.66
 10
477.171
 20
21.549
 10
477.465
 20
21.512
  0
LWPOLYLINE
  5
178
330
30
100
AcDbEntity
  8
PAFTA_ANTET
100
AcDbPolyline
 90
3
 70
0
 10
477.465
 20
21.512
 10
477.758
 20
21.555
 10
477.998
 20
21.687
  0
LWPOLYLINE
  5
179
330
30
100
AcDbEntity
  8
PAFTA_ANTET
100
AcDbPolyline
 90
3
 70
0
 10
477.998
 20
21.687
 10
478.188
 20
21.914
 10
478.328
 20
22.248
  0
LINE
  5
17A
330
30
100
AcDbEntity
  8
PAFTA_ANTET
 62
7
370
35
100
AcDbLine
 10
479.7563549999999
 20
22.794642
 30
0.0
 11
476.361458
 21
22.794642
 31
0.0
  0
LWPOLYLINE
  5
17B
330
30
100
AcDbEntity
  8
PAFTA_ANTET
100
AcDbPolyline
 90
3
 70
0
 10
478.413
 20
23.629
 10
478.319
 20
24.18
 10
478.111
 20
24.52
  0
LWPOLYLINE
  5
17C
330
30
100
AcDbEntity
  8
PAFTA_ANTET
100
AcDbPolyline
 90
3
 70
0
 10
478.111
 20
24.52
 10
477.789
 20
24.75
 10
477.404
 20
24.827
  0
LWPOLYLINE
  5
17D
330
30
100
AcDbEntity
  8
PAFTA_ANTET
100
AcDbPolyline
 90
4
 70
0
 10
477.404
 20
24.827
 10
477.124
 20
24.791
 10
476.879
 20
24.684
 10
476.668
 20
24.506
  0
LWPOLYLINE
  5
17E
330
30
100
AcDbEntity
  8
PAFTA_ANTET
100
AcDbPolyline
 90
3
 70
0
 10
476.668
 20
24.506
 10
476.458
 20
24.145
 10
476.385
 20
23.629
  0
LINE
  5
17F
330
30
100
AcDbEntity
  8
PAFTA_ANTET
 62
7
370
35
100
AcDbLine
 10
476.385017
 20
23.629219
 30
0.0
 11
478.412544
 21
23.629219
 31
0.0
  0
LINE
  5
180
330
30
100
AcDbEntity
  8
PAFTA_ANTET
 62
7
370
35
100
AcDbLine
 10
481.614113
 20
25.751026
 30
0.0
 11
482.575966
 21
23.129481
 31
0.0
  0
LINE
  5
181
330
30
100
AcDbEntity
  8
PAFTA_ANTET
 62
7
370
35
100
AcDbLine
 10
482.575966
 20
23.129481
 30
0.0
 11
482.858894
 21
22.252402
 31
0.0
  0
LINE
  5
182
330
30
100
AcDbEntity
  8
PAFTA_ANTET
 62
7
370
35
100
AcDbLine
 10
480.194862
 20
25.751026
 30
0.0
 11
481.614113
 21
25.751026
 31
0.0
  0
LINE
  5
183
330
30
100
AcDbEntity
  8
PAFTA_ANTET
 62
7
370
35
100
AcDbLine
 10
482.2553779999999
 20
20.616253
 30
0.0
 11
480.194862
 21
25.751026
 31
0.0
  0
LINE
  5
184
330
30
100
AcDbEntity
  8
PAFTA_ANTET
 62
7
370
35
100
AcDbLine
 10
483.47657
 20
20.616253
 30
0.0
 11
482.2553779999999
 21
20.616253
 31
0.0
  0
LINE
  5
185
330
30
100
AcDbEntity
  8
PAFTA_ANTET
 62
7
370
35
100
AcDbLine
 10
485.504097
 20
25.751026
 30
0.0
 11
483.47657
 21
20.616253
 31
0.0
  0
LINE
  5
186
330
30
100
AcDbEntity
  8
PAFTA_ANTET
 62
7
370
35
100
AcDbLine
 10
484.113136
 20
25.751026
 30
0.0
 11
485.504097
 21
25.751026
 31
0.0
  0
LINE
  5
187
330
30
100
AcDbEntity
  8
PAFTA_ANTET
 62
7
370
35
100
AcDbLine
 10
482.858894
 20
22.252402
 30
0.0
 11
482.995643
 21
22.690909
 31
0.0
  0
LINE
  5
188
330
30
100
AcDbEntity
  8
PAFTA_ANTET
 62
7
370
35
100
AcDbLine
 10
482.995643
 20
22.690909
 30
0.0
 11
483.1417
 21
23.129149
 31
0.0
  0
LINE
  5
189
330
30
100
AcDbEntity
  8
PAFTA_ANTET
 62
7
370
35
100
AcDbLine
 10
483.1417
 20
23.129149
 30
0.0
 11
484.113136
 21
25.751026
 31
0.0
  0
LINE
  5
18A
330
30
100
AcDbEntity
  8
PAFTA_ANTET
 62
7
370
35
100
AcDbLine
 10
486.3198009999999
 20
18.659476
 30
0.0
 11
486.3198009999999
 21
25.751026
 31
0.0
  0
LINE
  5
18B
330
30
100
AcDbEntity
  8
PAFTA_ANTET
 62
7
370
35
100
AcDbLine
 10
487.673042
 20
18.659476
 30
0.0
 11
486.3198009999999
 21
18.659476
 31
0.0
  0
LINE
  5
18C
330
30
100
AcDbEntity
  8
PAFTA_ANTET
 62
7
370
35
100
AcDbLine
 10
487.673042
 20
21.24808
 30
0.0
 11
487.673042
 21
18.659476
 31
0.0
  0
LWPOLYLINE
  5
18D
330
30
100
AcDbEntity
  8
PAFTA_ANTET
100
AcDbPolyline
 90
3
 70
0
 10
487.588
 20
24.997
 10
487.878
 20
25.343
 10
488.253
 20
25.619
  0
LWPOLYLINE
  5
18E
330
30
100
AcDbEntity
  8
PAFTA_ANTET
100
AcDbPolyline
 90
3
 70
0
 10
488.253
 20
25.619
 10
488.694
 20
25.799
 10
489.182
 20
25.859
  0
LWPOLYLINE
  5
18F
330
30
100
AcDbEntity
  8
PAFTA_ANTET
100
AcDbPolyline
 90
5
 70
0
 10
489.182
 20
25.859
 10
489.471
 20
25.84
 10
490.006
 20
25.686
 10
490.251
 20
25.55
 10
490.695
 20
25.162
  0
LWPOLYLINE
  5
190
330
30
100
AcDbEntity
  8
PAFTA_ANTET
100
AcDbPolyline
 90
5
 70
0
 10
490.695
 20
25.162
 10
490.885
 20
24.914
 10
491.162
 20
24.324
 10
491.249
 20
23.983
 10
491.318
 20
23.21
  0
LWPOLYLINE
  5
191
330
30
100
AcDbEntity
  8
PAFTA_ANTET
100
AcDbPolyline
 90
5
 70
0
 10
491.318
 20
23.21
 10
491.249
 20
22.416
 10
491.125
 20
21.958
 10
490.939
 20
21.558
 10
490.691
 20
21.215
  0
LWPOLYLINE
  5
192
330
30
100
AcDbEntity
  8
PAFTA_ANTET
100
AcDbPolyline
 90
5
 70
0
 10
490.691
 20
21.215
 10
490.242
 20
20.82
 10
489.997
 20
20.682
 10
489.463
 20
20.523
 10
489.172
 20
20.503
  0
LWPOLYLINE
  5
193
330
30
100
AcDbEntity
  8
PAFTA_ANTET
100
AcDbPolyline
 90
3
 70
0
 10
489.172
 20
20.503
 10
488.766
 20
20.545
 10
488.399
 20
20.668
  0
LWPOLYLINE
  5
194
330
30
100
AcDbEntity
  8
PAFTA_ANTET
100
AcDbPolyline
 90
3
 70
0
 10
488.399
 20
20.668
 10
488.046
 20
20.896
 10
487.673
 20
21.248
  0
LINE
  5
195
330
30
100
AcDbEntity
  8
PAFTA_ANTET
 62
7
370
35
100
AcDbLine
 10
487.588173
 20
25.751026
 30
0.0
 11
487.588173
 21
24.996607
 31
0.0
  0
LINE
  5
196
330
30
100
AcDbEntity
  8
PAFTA_ANTET
 62
7
370
35
100
AcDbLine
 10
486.3198009999999
 20
25.751026
 30
0.0
 11
487.588173
 21
25.751026
 31
0.0
  0
LWPOLYLINE
  5
197
330
30
100
AcDbEntity
  8
PAFTA_ANTET
100
AcDbPolyline
 90
4
 70
0
 10
487.649
 20
23.266
 10
487.687
 20
22.738
 10
487.802
 20
22.312
 10
487.994
 20
21.988
  0
LWPOLYLINE
  5
198
330
30
100
AcDbEntity
  8
PAFTA_ANTET
100
AcDbPolyline
 90
4
 70
0
 10
487.994
 20
21.988
 10
488.24
 20
21.759
 10
488.517
 20
21.62
 10
488.828
 20
21.573
  0
LWPOLYLINE
  5
199
330
30
100
AcDbEntity
  8
PAFTA_ANTET
100
AcDbPolyline
 90
4
 70
0
 10
488.828
 20
21.573
 10
489.123
 20
21.616
 10
489.385
 20
21.742
 10
489.611
 20
21.951
  0
LWPOLYLINE
  5
19A
330
30
100
AcDbEntity
  8
PAFTA_ANTET
100
AcDbPolyline
 90
4
 70
0
 10
489.611
 20
21.951
 10
489.748
 20
22.169
 10
489.846
 20
22.446
 10
489.927
 20
23.195
  0
LWPOLYLINE
  5
19B
330
30
100
AcDbEntity
  8
PAFTA_ANTET
100
AcDbPolyline
 90
4
 70
0
 10
489.927
 20
23.195
 10
489.891
 20
23.687
 10
489.782
 20
24.088
 10
489.602
 20
24.398
  0
LWPOLYLINE
  5
19C
330
30
100
AcDbEntity
  8
PAFTA_ANTET
100
AcDbPolyline
 90
4
 70
0
 10
489.602
 20
24.398
 10
489.37
 20
24.615
 10
489.103
 20
24.746
 10
488.8
 20
24.789
  0
LWPOLYLINE
  5
19D
330
30
100
AcDbEntity
  8
PAFTA_ANTET
100
AcDbPolyline
 90
4
 70
0
 10
488.8
 20
24.789
 10
488.489
 20
24.747
 10
488.215
 20
24.618
 10
487.98
 20
24.402
  0
LWPOLYLINE
  5
19E
330
30
100
AcDbEntity
  8
PAFTA_ANTET
100
AcDbPolyline
 90
4
 70
0
 10
487.98
 20
24.402
 10
487.798
 20
24.104
 10
487.687
 20
23.725
 10
487.649
 20
23.266
  0
LWPOLYLINE
  5
19F
330
30
100
AcDbEntity
  8
PAFTA_ANTET
100
AcDbPolyline
 90
4
 70
0
 10
492.162
 20
24.402
 10
492.335
 20
24.855
 10
492.573
 20
25.222
 10
492.879
 20
25.501
  0
LWPOLYLINE
  5
1A0
330
30
100
AcDbEntity
  8
PAFTA_ANTET
100
AcDbPolyline
 90
4
 70
0
 10
492.879
 20
25.501
 10
493.274
 20
25.699
 10
493.777
 20
25.819
 10
494.387
 20
25.859
  0
LWPOLYLINE
  5
1A1
330
30
100
AcDbEntity
  8
PAFTA_ANTET
100
AcDbPolyline
 90
3
 70
0
 10
494.387
 20
25.859
 10
495.183
 20
25.806
 10
495.745
 20
25.647
  0
LWPOLYLINE
  5
1A2
330
30
100
AcDbEntity
  8
PAFTA_ANTET
100
AcDbPolyline
 90
3
 70
0
 10
495.745
 20
25.647
 10
496.125
 20
25.404
 10
496.372
 20
25.1
  0
LWPOLYLINE
  5
1A3
330
30
100
AcDbEntity
  8
PAFTA_ANTET
100
AcDbPolyline
 90
3
 70
0
 10
496.372
 20
25.1
 10
496.473
 20
24.818
 10
496.552
 20
23.884
  0
LINE
  5
1A4
330
30
100
AcDbEntity
  8
PAFTA_ANTET
 62
7
370
35
100
AcDbLine
 10
496.551643
 20
23.883837
 30
0.0
 11
496.528053
 21
22.299553
 31
0.0
  0
LWPOLYLINE
  5
1A5
330
30
100
AcDbEntity
  8
PAFTA_ANTET
100
AcDbPolyline
 90
2
 70
0
 10
496.528
 20
22.3
 10
496.594
 20
21.3
  0
LWPOLYLINE
  5
1A6
330
30
100
AcDbEntity
  8
PAFTA_ANTET
100
AcDbPolyline
 90
2
 70
0
 10
496.594
 20
21.3
 10
496.839
 20
20.616
  0
LINE
  5
1A7
330
30
100
AcDbEntity
  8
PAFTA_ANTET
 62
7
370
35
100
AcDbLine
 10
493.383064
 20
24.176174
 30
0.0
 11
492.1618419999999
 21
24.4025
 31
0.0
  0
LINE
  5
1A8
330
30
100
AcDbEntity
  8
PAFTA_ANTET
 62
7
370
35
100
AcDbLine
 10
495.207832
 20
23.968708
 30
0.0
 11
495.207832
 21
24.100733
 31
0.0
  0
LWPOLYLINE
  5
1A9
330
30
100
AcDbEntity
  8
PAFTA_ANTET
100
AcDbPolyline
 90
3
 70
0
 10
495.208
 20
24.101
 10
495.161
 20
24.436
 10
495.015
 20
24.657
  0
LWPOLYLINE
  5
1AA
330
30
100
AcDbEntity
  8
PAFTA_ANTET
100
AcDbPolyline
 90
3
 70
0
 10
495.015
 20
24.657
 10
494.734
 20
24.783
 10
494.279
 20
24.827
  0
LWPOLYLINE
  5
1AB
330
30
100
AcDbEntity
  8
PAFTA_ANTET
100
AcDbPolyline
 90
3
 70
0
 10
494.279
 20
24.827
 10
493.957
 20
24.791
 10
493.713
 20
24.681
  0
LWPOLYLINE
  5
1AC
330
30
100
AcDbEntity
  8
PAFTA_ANTET
100
AcDbPolyline
 90
3
 70
0
 10
493.713
 20
24.681
 10
493.529
 20
24.482
 10
493.383
 20
24.176
  0
LWPOLYLINE
  5
1AD
330
30
100
AcDbEntity
  8
PAFTA_ANTET
100
AcDbPolyline
 90
3
 70
0
 10
495.316
 20
21.177
 10
494.959
 20
20.88
 10
494.576
 20
20.668
  0
LWPOLYLINE
  5
1AE
330
30
100
AcDbEntity
  8
PAFTA_ANTET
100
AcDbPolyline
 90
3
 70
0
 10
494.576
 20
20.668
 10
494.166
 20
20.543
 10
493.727
 20
20.503
  0
LWPOLYLINE
  5
1AF
330
30
100
AcDbEntity
  8
PAFTA_ANTET
100
AcDbPolyline
 90
4
 70
0
 10
493.727
 20
20.503
 10
493.239
 20
20.55
 10
492.823
 20
20.693
 10
492.482
 20
20.932
  0
LWPOLYLINE
  5
1B0
330
30
100
AcDbEntity
  8
PAFTA_ANTET
100
AcDbPolyline
 90
4
 70
0
 10
492.482
 20
20.932
 10
492.23
 20
21.244
 10
492.077
 20
21.606
 10
492.025
 20
22.021
  0
LWPOLYLINE
  5
1B1
330
30
100
AcDbEntity
  8
PAFTA_ANTET
100
AcDbPolyline
 90
3
 70
0
 10
492.025
 20
22.021
 10
492.078
 20
22.431
 10
492.233
 20
22.795
  0
LWPOLYLINE
  5
1B2
330
30
100
AcDbEntity
  8
PAFTA_ANTET
100
AcDbPolyline
 90
3
 70
0
 10
492.233
 20
22.795
 10
492.482
 20
23.096
 10
492.813
 20
23.318
  0
LWPOLYLINE
  5
1B3
330
30
100
AcDbEntity
  8
PAFTA_ANTET
100
AcDbPolyline
 90
3
 70
0
 10
492.813
 20
23.318
 10
493.268
 20
23.489
 10
493.892
 20
23.634
  0
LWPOLYLINE
  5
1B4
330
30
100
AcDbEntity
  8
PAFTA_ANTET
100
AcDbPolyline
 90
2
 70
0
 10
493.892
 20
23.634
 10
495.208
 20
23.969
  0
LINE
  5
1B5
330
30
100
AcDbEntity
  8
PAFTA_ANTET
 62
7
370
35
100
AcDbLine
 10
495.4954299999999
 20
20.616253
 30
0.0
 11
495.363411
 21
21.017039
 31
0.0
  0
LINE
  5
1B6
330
30
100
AcDbEntity
  8
PAFTA_ANTET
 62
7
370
35
100
AcDbLine
 10
495.363411
 20
21.017039
 30
0.0
 11
495.316261
 21
21.177353
 31
0.0
  0
LINE
  5
1B7
330
30
100
AcDbEntity
  8
PAFTA_ANTET
 62
7
370
35
100
AcDbLine
 10
496.8392409999999
 20
20.616253
 30
0.0
 11
495.4954299999999
 21
20.616253
 31
0.0
  0
LWPOLYLINE
  5
1B8
330
30
100
AcDbEntity
  8
PAFTA_ANTET
100
AcDbPolyline
 90
3
 70
0
 10
493.595
 20
21.668
 10
493.436
 20
21.893
 10
493.383
 20
22.158
  0
LWPOLYLINE
  5
1B9
330
30
100
AcDbEntity
  8
PAFTA_ANTET
100
AcDbPolyline
 90
3
 70
0
 10
493.383
 20
22.158
 10
493.447
 20
22.425
 10
493.647
 20
22.639
  0
LWPOLYLINE
  5
1BA
330
30
100
AcDbEntity
  8
PAFTA_ANTET
100
AcDbPolyline
 90
2
 70
0
 10
493.647
 20
22.639
 10
494.383
 20
22.875
  0
LWPOLYLINE
  5
1BB
330
30
100
AcDbEntity
  8
PAFTA_ANTET
100
AcDbPolyline
 90
2
 70
0
 10
494.383
 20
22.875
 10
495.208
 20
23.082
  0
LINE
  5
1BC
330
30
100
AcDbEntity
  8
PAFTA_ANTET
 62
7
370
35
100
AcDbLine
 10
495.207832
 20
23.082264
 30
0.0
 11
495.207832
 21
22.813504
 31
0.0
  0
LWPOLYLINE
  5
1BD
330
30
100
AcDbEntity
  8
PAFTA_ANTET
100
AcDbPolyline
 90
2
 70
0
 10
495.208
 20
22.814
 10
495.156
 20
22.149
  0
LWPOLYLINE
  5
1BE
330
30
100
AcDbEntity
  8
PAFTA_ANTET
100
AcDbPolyline
 90
3
 70
0
 10
495.156
 20
22.149
 10
495.038
 20
21.903
 10
494.835
 20
21.701
  0
LWPOLYLINE
  5
1BF
330
30
100
AcDbEntity
  8
PAFTA_ANTET
100
AcDbPolyline
 90
3
 70
0
 10
494.835
 20
21.701
 10
494.491
 20
21.52
 10
494.133
 20
21.46
  0
LWPOLYLINE
  5
1C0
330
30
100
AcDbEntity
  8
PAFTA_ANTET
100
AcDbPolyline
 90
3
 70
0
 10
494.133
 20
21.46
 10
493.836
 20
21.513
 10
493.595
 20
21.668
  0
LINE
  5
1C1
330
30
100
AcDbEntity
  8
PAFTA_ANTET
 62
175
370
13
100
AcDbLine
 10
470.580696
 20
24.996607
 30
0.0
 11
470.580696
 21
25.751026
 31
0.0
  0
LINE
  5
1C2
330
30
100
AcDbEntity
  8
PAFTA_ANTET
 62
175
370
13
100
AcDbLine
 10
470.580696
 20
25.751026
 30
0.0
 11
469.326484
 21
25.751026
 31
0.0
  0
LINE
  5
1C3
330
30
100
AcDbEntity
  8
PAFTA_ANTET
 62
175
370
13
100
AcDbLine
 10
469.326484
 20
25.751026
 30
0.0
 11
470.679725
 21
20.616253
 31
0.0
  0
LINE
  5
1C4
330
30
100
AcDbEntity
  8
PAFTA_ANTET
 62
175
370
13
100
AcDbLine
 10
470.679725
 20
20.616253
 30
0.0
 11
470.580696
 21
24.996607
 31
0.0
  0
LINE
  5
1C5
330
30
100
AcDbEntity
  8
PAFTA_ANTET
 62
175
370
13
100
AcDbLine
 10
470.580696
 20
24.996607
 30
0.0
 11
470.679725
 21
20.616253
 31
0.0
  0
LINE
  5
1C6
330
30
100
AcDbEntity
  8
PAFTA_ANTET
 62
175
370
13
100
AcDbLine
 10
470.679725
 20
20.616253
 30
0.0
 11
470.679725
 21
22.940811
 31
0.0
  0
LINE
  5
1C7
330
30
100
AcDbEntity
  8
PAFTA_ANTET
 62
175
370
13
100
AcDbLine
 10
470.679725
 20
22.940811
 30
0.0
 11
470.6908949999999
 21
23.452839
 31
0.0
  0
LINE
  5
1C8
330
30
100
AcDbEntity
  8
PAFTA_ANTET
 62
175
370
13
100
AcDbLine
 10
470.6908949999999
 20
23.452839
 30
0.0
 11
470.580696
 21
24.996607
 31
0.0
  0
LINE
  5
1C9
330
30
100
AcDbEntity
  8
PAFTA_ANTET
 62
175
370
13
100
AcDbLine
 10
470.580696
 20
24.996607
 30
0.0
 11
470.6908949999999
 21
23.452839
 31
0.0
  0
LINE
  5
1CA
330
30
100
AcDbEntity
  8
PAFTA_ANTET
 62
175
370
13
100
AcDbLine
 10
470.6908949999999
 20
23.452839
 30
0.0
 11
470.7251349999999
 21
23.846464
 31
0.0
  0
LINE
  5
1CB
330
30
100
AcDbEntity
  8
PAFTA_ANTET
 62
175
370
13
100
AcDbLine
 10
470.7251349999999
 20
23.846464
 30
0.0
 11
470.937965
 21
25.374111
 31
0.0
  0
LINE
  5
1CC
330
30
100
AcDbEntity
  8
PAFTA_ANTET
 62
175
370
13
100
AcDbLine
 10
470.937965
 20
25.374111
 30
0.0
 11
470.580696
 21
24.996607
 31
0.0
  0
LINE
  5
1CD
330
30
100
AcDbEntity
  8
PAFTA_ANTET
 62
175
370
13
100
AcDbLine
 10
472.6960219999999
 20
25.819987
 30
0.0
 11
472.268715
 21
25.859474
 31
0.0
  0
LINE
  5
1CE
330
30
100
AcDbEntity
  8
PAFTA_ANTET
 62
175
370
13
100
AcDbLine
 10
472.268715
 20
25.859474
 30
0.0
 11
472.434303
 21
24.528227
 31
0.0
  0
LINE
  5
1CF
330
30
100
AcDbEntity
  8
PAFTA_ANTET
 62
175
370
13
100
AcDbLine
 10
472.434303
 20
24.528227
 30
0.0
 11
472.546913
 21
24.312912
 31
0.0
  0
LINE
  5
1D0
330
30
100
AcDbEntity
  8
PAFTA_ANTET
 62
175
370
13
100
AcDbLine
 10
472.546913
 20
24.312912
 30
0.0
 11
472.6960219999999
 21
25.819987
 31
0.0
  0
LINE
  5
1D1
330
30
100
AcDbEntity
  8
PAFTA_ANTET
 62
175
370
13
100
AcDbLine
 10
472.6960219999999
 20
25.819987
 30
0.0
 11
472.546913
 21
24.312912
 31
0.0
  0
LINE
  5
1D2
330
30
100
AcDbEntity
  8
PAFTA_ANTET
 62
175
370
13
100
AcDbLine
 10
472.546913
 20
24.312912
 30
0.0
 11
472.594062
 21
24.083269
 31
0.0
  0
LINE
  5
1D3
330
30
100
AcDbEntity
  8
PAFTA_ANTET
 62
175
370
13
100
AcDbLine
 10
472.594062
 20
24.083269
 30
0.0
 11
472.631782
 21
23.233149
 31
0.0
  0
LINE
  5
1D4
330
30
100
AcDbEntity
  8
PAFTA_ANTET
 62
175
370
13
100
AcDbLine
 10
472.631782
 20
23.233149
 30
0.0
 11
472.6960219999999
 21
25.819987
 31
0.0
  0
LINE
  5
1D5
330
30
100
AcDbEntity
  8
PAFTA_ANTET
 62
175
370
13
100
AcDbLine
 10
472.6960219999999
 20
25.819987
 30
0.0
 11
472.631782
 21
23.233149
 31
0.0
  0
LINE
  5
1D6
330
30
100
AcDbEntity
  8
PAFTA_ANTET
 62
175
370
13
100
AcDbLine
 10
472.631782
 20
23.233149
 30
0.0
 11
473.985023
 21
20.616253
 31
0.0
  0
LINE
  5
1D7
330
30
100
AcDbEntity
  8
PAFTA_ANTET
 62
175
370
13
100
AcDbLine
 10
473.985023
 20
20.616253
 30
0.0
 11
473.0844489999999
 21
25.699162
 31
0.0
  0
LINE
  5
1D8
330
30
100
AcDbEntity
  8
PAFTA_ANTET
 62
175
370
13
100
AcDbLine
 10
473.0844489999999
 20
25.699162
 30
0.0
 11
472.6960219999999
 21
25.819987
 31
0.0
  0
LINE
  5
1D9
330
30
100
AcDbEntity
  8
PAFTA_ANTET
 62
175
370
13
100
AcDbLine
 10
472.268715
 20
25.859474
 30
0.0
 11
471.781532
 21
25.805546
 31
0.0
  0
LINE
  5
1DA
330
30
100
AcDbEntity
  8
PAFTA_ANTET
 62
175
370
13
100
AcDbLine
 10
471.781532
 20
25.805546
 30
0.0
 11
471.797218
 21
24.826863
 31
0.0
  0
LINE
  5
1DB
330
30
100
AcDbEntity
  8
PAFTA_ANTET
 62
175
370
13
100
AcDbLine
 10
471.797218
 20
24.826863
 30
0.0
 11
472.0495070000001
 21
24.791268
 31
0.0
  0
LINE
  5
1DC
330
30
100
AcDbEntity
  8
PAFTA_ANTET
 62
175
370
13
100
AcDbLine
 10
472.0495070000001
 20
24.791268
 30
0.0
 11
472.268715
 21
25.859474
 31
0.0
  0
LINE
  5
1DD
330
30
100
AcDbEntity
  8
PAFTA_ANTET
 62
175
370
13
100
AcDbLine
 10
472.268715
 20
25.859474
 30
0.0
 11
472.0495070000001
 21
24.791268
 31
0.0
  0
LINE
  5
1DE
330
30
100
AcDbEntity
  8
PAFTA_ANTET
 62
175
370
13
100
AcDbLine
 10
472.0495070000001
 20
24.791268
 30
0.0
 11
472.264015
 21
24.690123
 31
0.0
  0
LINE
  5
1DF
330
30
100
AcDbEntity
  8
PAFTA_ANTET
 62
175
370
13
100
AcDbLine
 10
472.264015
 20
24.690123
 30
0.0
 11
472.434303
 21
24.528227
 31
0.0
  0
LINE
  5
1E0
330
30
100
AcDbEntity
  8
PAFTA_ANTET
 62
175
370
13
100
AcDbLine
 10
472.434303
 20
24.528227
 30
0.0
 11
472.268715
 21
25.859474
 31
0.0
  0
LINE
  5
1E1
330
30
100
AcDbEntity
  8
PAFTA_ANTET
 62
175
370
13
100
AcDbLine
 10
470.783455
 20
24.119593
 30
0.0
 11
470.9311599999999
 21
24.407822
 31
0.0
  0
LINE
  5
1E2
330
30
100
AcDbEntity
  8
PAFTA_ANTET
 62
175
370
13
100
AcDbLine
 10
470.9311599999999
 20
24.407822
 30
0.0
 11
471.165382
 21
24.633541
 31
0.0
  0
LINE
  5
1E3
330
30
100
AcDbEntity
  8
PAFTA_ANTET
 62
175
370
13
100
AcDbLine
 10
471.165382
 20
24.633541
 30
0.0
 11
470.937965
 21
25.374111
 31
0.0
  0
LINE
  5
1E4
330
30
100
AcDbEntity
  8
PAFTA_ANTET
 62
175
370
13
100
AcDbLine
 10
470.937965
 20
25.374111
 30
0.0
 11
470.783455
 21
24.119593
 31
0.0
  0
LINE
  5
1E5
330
30
100
AcDbEntity
  8
PAFTA_ANTET
 62
175
370
13
100
AcDbLine
 10
470.937965
 20
25.374111
 30
0.0
 11
471.165382
 21
24.633541
 31
0.0
  0
LINE
  5
1E6
330
30
100
AcDbEntity
  8
PAFTA_ANTET
 62
175
370
13
100
AcDbLine
 10
471.165382
 20
24.633541
 30
0.0
 11
471.4618599999999
 21
24.777943
 31
0.0
  0
LINE
  5
1E7
330
30
100
AcDbEntity
  8
PAFTA_ANTET
 62
175
370
13
100
AcDbLine
 10
471.4618599999999
 20
24.777943
 30
0.0
 11
471.338081
 21
25.643757
 31
0.0
  0
LINE
  5
1E8
330
30
100
AcDbEntity
  8
PAFTA_ANTET
 62
175
370
13
100
AcDbLine
 10
471.338081
 20
25.643757
 30
0.0
 11
470.937965
 21
25.374111
 31
0.0
  0
LINE
  5
1E9
330
30
100
AcDbEntity
  8
PAFTA_ANTET
 62
175
370
13
100
AcDbLine
 10
471.338081
 20
25.643757
 30
0.0
 11
471.4618599999999
 21
24.777943
 31
0.0
  0
LINE
  5
1EA
330
30
100
AcDbEntity
  8
PAFTA_ANTET
 62
175
370
13
100
AcDbLine
 10
471.4618599999999
 20
24.777943
 30
0.0
 11
471.797218
 21
24.826863
 31
0.0
  0
LINE
  5
1EB
330
30
100
AcDbEntity
  8
PAFTA_ANTET
 62
175
370
13
100
AcDbLine
 10
471.797218
 20
24.826863
 30
0.0
 11
471.781532
 21
25.805546
 31
0.0
  0
LINE
  5
1EC
330
30
100
AcDbEntity
  8
PAFTA_ANTET
 62
175
370
13
100
AcDbLine
 10
471.781532
 20
25.805546
 30
0.0
 11
471.338081
 21
25.643757
 31
0.0
  0
LINE
  5
1ED
330
30
100
AcDbEntity
  8
PAFTA_ANTET
 62
175
370
13
100
AcDbLine
 10
473.985023
 20
20.616253
 30
0.0
 11
473.985023
 21
23.803679
 31
0.0
  0
LINE
  5
1EE
330
30
100
AcDbEntity
  8
PAFTA_ANTET
 62
175
370
13
100
AcDbLine
 10
473.985023
 20
23.803679
 30
0.0
 11
473.955574
 21
24.47196400000001
 31
0.0
  0
LINE
  5
1EF
330
30
100
AcDbEntity
  8
PAFTA_ANTET
 62
175
370
13
100
AcDbLine
 10
473.955574
 20
24.47196400000001
 30
0.0
 11
473.914314
 21
24.7137
 31
0.0
  0
LINE
  5
1F0
330
30
100
AcDbEntity
  8
PAFTA_ANTET
 62
175
370
13
100
AcDbLine
 10
473.914314
 20
24.7137
 30
0.0
 11
473.985023
 21
20.616253
 31
0.0
  0
LINE
  5
1F1
330
30
100
AcDbEntity
  8
PAFTA_ANTET
 62
175
370
13
100
AcDbLine
 10
473.985023
 20
20.616253
 30
0.0
 11
473.914314
 21
24.7137
 31
0.0
  0
LINE
  5
1F2
330
30
100
AcDbEntity
  8
PAFTA_ANTET
 62
175
370
13
100
AcDbLine
 10
473.914314
 20
24.7137
 30
0.0
 11
473.8062209999999
 21
25.015202
 31
0.0
  0
LINE
  5
1F3
330
30
100
AcDbEntity
  8
PAFTA_ANTET
 62
175
370
13
100
AcDbLine
 10
473.8062209999999
 20
25.015202
 30
0.0
 11
473.645546
 21
25.28423
 31
0.0
  0
LINE
  5
1F4
330
30
100
AcDbEntity
  8
PAFTA_ANTET
 62
175
370
13
100
AcDbLine
 10
473.645546
 20
25.28423
 30
0.0
 11
473.985023
 21
20.616253
 31
0.0
  0
LINE
  5
1F5
330
30
100
AcDbEntity
  8
PAFTA_ANTET
 62
175
370
13
100
AcDbLine
 10
473.985023
 20
20.616253
 30
0.0
 11
473.645546
 21
25.28423
 31
0.0
  0
LINE
  5
1F6
330
30
100
AcDbEntity
  8
PAFTA_ANTET
 62
175
370
13
100
AcDbLine
 10
473.645546
 20
25.28423
 30
0.0
 11
473.4124519999999
 21
25.514027
 31
0.0
  0
LINE
  5
1F7
330
30
100
AcDbEntity
  8
PAFTA_ANTET
 62
175
370
13
100
AcDbLine
 10
473.4124519999999
 20
25.514027
 30
0.0
 11
473.0844489999999
 21
25.699162
 31
0.0
  0
LINE
  5
1F8
330
30
100
AcDbEntity
  8
PAFTA_ANTET
 62
175
370
13
100
AcDbLine
 10
473.0844489999999
 20
25.699162
 30
0.0
 11
473.985023
 21
20.616253
 31
0.0
  0
LINE
  5
1F9
330
30
100
AcDbEntity
  8
PAFTA_ANTET
 62
175
370
13
100
AcDbLine
 10
473.985023
 20
20.616253
 30
0.0
 11
472.631782
 21
23.233149
 31
0.0
  0
LINE
  5
1FA
330
30
100
AcDbEntity
  8
PAFTA_ANTET
 62
175
370
13
100
AcDbLine
 10
472.631782
 20
23.233149
 30
0.0
 11
472.631782
 21
20.616253
 31
0.0
  0
LINE
  5
1FB
330
30
100
AcDbEntity
  8
PAFTA_ANTET
 62
175
370
13
100
AcDbLine
 10
472.631782
 20
20.616253
 30
0.0
 11
473.985023
 21
20.616253
 31
0.0
  0
LINE
  5
1FC
330
30
100
AcDbEntity
  8
PAFTA_ANTET
 62
175
370
13
100
AcDbLine
 10
470.679725
 20
20.616253
 30
0.0
 11
469.326484
 21
25.751026
 31
0.0
  0
LINE
  5
1FD
330
30
100
AcDbEntity
  8
PAFTA_ANTET
 62
175
370
13
100
AcDbLine
 10
469.326484
 20
25.751026
 30
0.0
 11
469.326484
 21
20.616253
 31
0.0
  0
LINE
  5
1FE
330
30
100
AcDbEntity
  8
PAFTA_ANTET
 62
175
370
13
100
AcDbLine
 10
469.326484
 20
20.616253
 30
0.0
 11
470.679725
 21
20.616253
 31
0.0
  0
LINE
  5
1FF
330
30
100
AcDbEntity
  8
PAFTA_ANTET
 62
175
370
13
100
AcDbLine
 10
470.937965
 20
25.374111
 30
0.0
 11
470.7251349999999
 21
23.846464
 31
0.0
  0
LINE
  5
200
330
30
100
AcDbEntity
  8
PAFTA_ANTET
 62
175
370
13
100
AcDbLine
 10
470.7251349999999
 20
23.846464
 30
0.0
 11
470.783455
 21
24.119593
 31
0.0
  0
LINE
  5
201
330
30
100
AcDbEntity
  8
PAFTA_ANTET
 62
175
370
13
100
AcDbLine
 10
470.783455
 20
24.119593
 30
0.0
 11
470.937965
 21
25.374111
 31
0.0
  0
LINE
  5
202
330
30
100
AcDbEntity
  8
PAFTA_ANTET
 62
175
370
13
100
AcDbLine
 10
479.680916
 20
22.021361
 30
0.0
 11
479.4734269999999
 21
21.565565
 31
0.0
  0
LINE
  5
203
330
30
100
AcDbEntity
  8
PAFTA_ANTET
 62
175
370
13
100
AcDbLine
 10
479.4734269999999
 20
21.565565
 30
0.0
 11
479.199958
 21
21.188355
 31
0.0
  0
LINE
  5
204
330
30
100
AcDbEntity
  8
PAFTA_ANTET
 62
175
370
13
100
AcDbLine
 10
479.199958
 20
21.188355
 30
0.0
 11
478.8604809999999
 21
20.889731
 31
0.0
  0
LINE
  5
205
330
30
100
AcDbEntity
  8
PAFTA_ANTET
 62
175
370
13
100
AcDbLine
 10
478.8604809999999
 20
20.889731
 30
0.0
 11
479.680916
 21
22.021361
 31
0.0
  0
LINE
  5
206
330
30
100
AcDbEntity
  8
PAFTA_ANTET
 62
175
370
13
100
AcDbLine
 10
479.680916
 20
22.021361
 30
0.0
 11
478.8604809999999
 21
20.889731
 31
0.0
  0
LINE
  5
207
330
30
100
AcDbEntity
  8
PAFTA_ANTET
 62
175
370
13
100
AcDbLine
 10
478.8604809999999
 20
20.889731
 30
0.0
 11
478.4537429999999
 21
20.673249
 31
0.0
  0
LINE
  5
208
330
30
100
AcDbEntity
  8
PAFTA_ANTET
 62
175
370
13
100
AcDbLine
 10
478.4537429999999
 20
20.673249
 30
0.0
 11
478.3276749999999
 21
22.247687
 31
0.0
  0
LINE
  5
209
330
30
100
AcDbEntity
  8
PAFTA_ANTET
 62
175
370
13
100
AcDbLine
 10
478.3276749999999
 20
22.247687
 30
0.0
 11
479.680916
 21
22.021361
 31
0.0
  0
LINE
  5
20A
330
30
100
AcDbEntity
  8
PAFTA_ANTET
 62
175
370
13
100
AcDbLine
 10
477.46479
 20
21.512127
 30
0.0
 11
477.757728
 21
21.555153
 31
0.0
  0
LINE
  5
20B
330
30
100
AcDbEntity
  8
PAFTA_ANTET
 62
175
370
13
100
AcDbLine
 10
477.757728
 20
21.555153
 30
0.0
 11
477.9975959999999
 21
21.686587
 31
0.0
  0
LINE
  5
20C
330
30
100
AcDbEntity
  8
PAFTA_ANTET
 62
175
370
13
100
AcDbLine
 10
477.9975959999999
 20
21.686587
 30
0.0
 11
477.9841379999999
 21
20.54521
 31
0.0
  0
LINE
  5
20D
330
30
100
AcDbEntity
  8
PAFTA_ANTET
 62
175
370
13
100
AcDbLine
 10
477.9841379999999
 20
20.54521
 30
0.0
 11
477.46479
 21
21.512127
 31
0.0
  0
LINE
  5
20E
330
30
100
AcDbEntity
  8
PAFTA_ANTET
 62
175
370
13
100
AcDbLine
 10
477.9841379999999
 20
20.54521
 30
0.0
 11
477.9975959999999
 21
21.686587
 31
0.0
  0
LINE
  5
20F
330
30
100
AcDbEntity
  8
PAFTA_ANTET
 62
175
370
13
100
AcDbLine
 10
477.9975959999999
 20
21.686587
 30
0.0
 11
478.1875679999999
 21
21.914236
 31
0.0
  0
LINE
  5
210
330
30
100
AcDbEntity
  8
PAFTA_ANTET
 62
175
370
13
100
AcDbLine
 10
478.1875679999999
 20
21.914236
 30
0.0
 11
478.4537429999999
 21
20.673249
 31
0.0
  0
LINE
  5
211
330
30
100
AcDbEntity
  8
PAFTA_ANTET
 62
175
370
13
100
AcDbLine
 10
478.4537429999999
 20
20.673249
 30
0.0
 11
477.9841379999999
 21
20.54521
 31
0.0
  0
LINE
  5
212
330
30
100
AcDbEntity
  8
PAFTA_ANTET
 62
175
370
13
100
AcDbLine
 10
478.4537429999999
 20
20.673249
 30
0.0
 11
478.1875679999999
 21
21.914236
 31
0.0
  0
LINE
  5
213
330
30
100
AcDbEntity
  8
PAFTA_ANTET
 62
175
370
13
100
AcDbLine
 10
478.1875679999999
 20
21.914236
 30
0.0
 11
478.3276749999999
 21
22.247687
 31
0.0
  0
LINE
  5
214
330
30
100
AcDbEntity
  8
PAFTA_ANTET
 62
175
370
13
100
AcDbLine
 10
478.3276749999999
 20
22.247687
 30
0.0
 11
478.4537429999999
 21
20.673249
 31
0.0
  0
LINE
  5
215
330
30
100
AcDbEntity
  8
PAFTA_ANTET
 62
175
370
13
100
AcDbLine
 10
477.4506599999999
 20
20.50309
 30
0.0
 11
476.828315
 21
20.557167
 31
0.0
  0
LINE
  5
216
330
30
100
AcDbEntity
  8
PAFTA_ANTET
 62
175
370
13
100
AcDbLine
 10
476.828315
 20
20.557167
 30
0.0
 11
476.9115669999999
 21
21.65952
 31
0.0
  0
LINE
  5
217
330
30
100
AcDbEntity
  8
PAFTA_ANTET
 62
175
370
13
100
AcDbLine
 10
476.9115669999999
 20
21.65952
 30
0.0
 11
477.170875
 21
21.548626
 31
0.0
  0
LINE
  5
218
330
30
100
AcDbEntity
  8
PAFTA_ANTET
 62
175
370
13
100
AcDbLine
 10
477.170875
 20
21.548626
 30
0.0
 11
477.4506599999999
 21
20.50309
 31
0.0
  0
LINE
  5
219
330
30
100
AcDbEntity
  8
PAFTA_ANTET
 62
175
370
13
100
AcDbLine
 10
477.4506599999999
 20
20.50309
 30
0.0
 11
477.170875
 21
21.548626
 31
0.0
  0
LINE
  5
21A
330
30
100
AcDbEntity
  8
PAFTA_ANTET
 62
175
370
13
100
AcDbLine
 10
477.170875
 20
21.548626
 30
0.0
 11
477.46479
 21
21.512127
 31
0.0
  0
LINE
  5
21B
330
30
100
AcDbEntity
  8
PAFTA_ANTET
 62
175
370
13
100
AcDbLine
 10
477.46479
 20
21.512127
 30
0.0
 11
477.9841379999999
 21
20.54521
 31
0.0
  0
LINE
  5
21C
330
30
100
AcDbEntity
  8
PAFTA_ANTET
 62
175
370
13
100
AcDbLine
 10
477.9841379999999
 20
20.54521
 30
0.0
 11
477.4506599999999
 21
20.50309
 31
0.0
  0
LINE
  5
21D
330
30
100
AcDbEntity
  8
PAFTA_ANTET
 62
175
370
13
100
AcDbLine
 10
476.828315
 20
20.557167
 30
0.0
 11
476.291328
 21
20.719986
 31
0.0
  0
LINE
  5
21E
330
30
100
AcDbEntity
  8
PAFTA_ANTET
 62
175
370
13
100
AcDbLine
 10
476.291328
 20
20.719986
 30
0.0
 11
476.3883129999999
 21
22.499943
 31
0.0
  0
LINE
  5
21F
330
30
100
AcDbEntity
  8
PAFTA_ANTET
 62
175
370
13
100
AcDbLine
 10
476.3883129999999
 20
22.499943
 30
0.0
 11
476.454353
 21
22.240696
 31
0.0
  0
LINE
  5
220
330
30
100
AcDbEntity
  8
PAFTA_ANTET
 62
175
370
13
100
AcDbLine
 10
476.454353
 20
22.240696
 30
0.0
 11
476.828315
 21
20.557167
 31
0.0
  0
LINE
  5
221
330
30
100
AcDbEntity
  8
PAFTA_ANTET
 62
175
370
13
100
AcDbLine
 10
476.828315
 20
20.557167
 30
0.0
 11
476.454353
 21
22.240696
 31
0.0
  0
LINE
  5
222
330
30
100
AcDbEntity
  8
PAFTA_ANTET
 62
175
370
13
100
AcDbLine
 10
476.454353
 20
22.240696
 30
0.0
 11
476.5530159999999
 21
22.027907
 31
0.0
  0
LINE
  5
223
330
30
100
AcDbEntity
  8
PAFTA_ANTET
 62
175
370
13
100
AcDbLine
 10
476.5530159999999
 20
22.027907
 30
0.0
 11
476.686805
 21
21.846901
 31
0.0
  0
LINE
  5
224
330
30
100
AcDbEntity
  8
PAFTA_ANTET
 62
175
370
13
100
AcDbLine
 10
476.686805
 20
21.846901
 30
0.0
 11
476.828315
 21
20.557167
 31
0.0
  0
LINE
  5
225
330
30
100
AcDbEntity
  8
PAFTA_ANTET
 62
175
370
13
100
AcDbLine
 10
476.828315
 20
20.557167
 30
0.0
 11
476.686805
 21
21.846901
 31
0.0
  0
LINE
  5
226
330
30
100
AcDbEntity
  8
PAFTA_ANTET
 62
175
370
13
100
AcDbLine
 10
476.686805
 20
21.846901
 30
0.0
 11
476.9115669999999
 21
21.65952
 31
0.0
  0
LINE
  5
227
330
30
100
AcDbEntity
  8
PAFTA_ANTET
 62
175
370
13
100
AcDbLine
 10
476.9115669999999
 20
21.65952
 30
0.0
 11
476.828315
 21
20.557167
 31
0.0
  0
LINE
  5
228
330
30
100
AcDbEntity
  8
PAFTA_ANTET
 62
175
370
13
100
AcDbLine
 10
476.291328
 20
20.719986
 30
0.0
 11
475.840065
 21
20.992432
 31
0.0
  0
LINE
  5
229
330
30
100
AcDbEntity
  8
PAFTA_ANTET
 62
175
370
13
100
AcDbLine
 10
475.840065
 20
20.992432
 30
0.0
 11
475.989845
 21
25.453678
 31
0.0
  0
LINE
  5
22A
330
30
100
AcDbEntity
  8
PAFTA_ANTET
 62
175
370
13
100
AcDbLine
 10
475.989845
 20
25.453678
 30
0.0
 11
476.388557
 21
25.679121
 31
0.0
  0
LINE
  5
22B
330
30
100
AcDbEntity
  8
PAFTA_ANTET
 62
175
370
13
100
AcDbLine
 10
476.388557
 20
25.679121
 30
0.0
 11
476.291328
 21
20.719986
 31
0.0
  0
LINE
  5
22C
330
30
100
AcDbEntity
  8
PAFTA_ANTET
 62
175
370
13
100
AcDbLine
 10
476.291328
 20
20.719986
 30
0.0
 11
476.388557
 21
25.679121
 31
0.0
  0
LINE
  5
22D
330
30
100
AcDbEntity
  8
PAFTA_ANTET
 62
175
370
13
100
AcDbLine
 10
476.388557
 20
25.679121
 30
0.0
 11
476.361458
 21
22.794642
 31
0.0
  0
LINE
  5
22E
330
30
100
AcDbEntity
  8
PAFTA_ANTET
 62
175
370
13
100
AcDbLine
 10
476.361458
 20
22.794642
 30
0.0
 11
476.3883129999999
 21
22.499943
 31
0.0
  0
LINE
  5
22F
330
30
100
AcDbEntity
  8
PAFTA_ANTET
 62
175
370
13
100
AcDbLine
 10
476.3883129999999
 20
22.499943
 30
0.0
 11
476.291328
 21
20.719986
 31
0.0
  0
LINE
  5
230
330
30
100
AcDbEntity
  8
PAFTA_ANTET
 62
175
370
13
100
AcDbLine
 10
479.7563549999999
 20
22.794642
 30
0.0
 11
476.361458
 21
22.794642
 31
0.0
  0
LINE
  5
231
330
30
100
AcDbEntity
  8
PAFTA_ANTET
 62
175
370
13
100
AcDbLine
 10
476.361458
 20
22.794642
 30
0.0
 11
476.385017
 21
23.629219
 31
0.0
  0
LINE
  5
232
330
30
100
AcDbEntity
  8
PAFTA_ANTET
 62
175
370
13
100
AcDbLine
 10
476.385017
 20
23.629219
 30
0.0
 11
478.412544
 21
23.629219
 31
0.0
  0
LINE
  5
233
330
30
100
AcDbEntity
  8
PAFTA_ANTET
 62
175
370
13
100
AcDbLine
 10
478.412544
 20
23.629219
 30
0.0
 11
479.7563549999999
 21
22.794642
 31
0.0
  0
LINE
  5
234
330
30
100
AcDbEntity
  8
PAFTA_ANTET
 62
175
370
13
100
AcDbLine
 10
479.7563549999999
 20
22.794642
 30
0.0
 11
478.412544
 21
23.629219
 31
0.0
  0
LINE
  5
235
330
30
100
AcDbEntity
  8
PAFTA_ANTET
 62
175
370
13
100
AcDbLine
 10
478.412544
 20
23.629219
 30
0.0
 11
478.762794
 21
25.435776
 31
0.0
  0
LINE
  5
236
330
30
100
AcDbEntity
  8
PAFTA_ANTET
 62
175
370
13
100
AcDbLine
 10
478.762794
 20
25.435776
 30
0.0
 11
479.124519
 21
25.105055
 31
0.0
  0
LINE
  5
237
330
30
100
AcDbEntity
  8
PAFTA_ANTET
 62
175
370
13
100
AcDbLine
 10
479.124519
 20
25.105055
 30
0.0
 11
479.7563549999999
 21
22.794642
 31
0.0
  0
LINE
  5
238
330
30
100
AcDbEntity
  8
PAFTA_ANTET
 62
175
370
13
100
AcDbLine
 10
479.7563549999999
 20
22.794642
 30
0.0
 11
479.124519
 21
25.105055
 31
0.0
  0
LINE
  5
239
330
30
100
AcDbEntity
  8
PAFTA_ANTET
 62
175
370
13
100
AcDbLine
 10
479.124519
 20
25.105055
 30
0.0
 11
479.3834
 21
24.731556
 31
0.0
  0
LINE
  5
23A
330
30
100
AcDbEntity
  8
PAFTA_ANTET
 62
175
370
13
100
AcDbLine
 10
479.3834
 20
24.731556
 30
0.0
 11
479.574806
 21
24.277535
 31
0.0
  0
LINE
  5
23B
330
30
100
AcDbEntity
  8
PAFTA_ANTET
 62
175
370
13
100
AcDbLine
 10
479.574806
 20
24.277535
 30
0.0
 11
479.7563549999999
 21
22.794642
 31
0.0
  0
LINE
  5
23C
330
30
100
AcDbEntity
  8
PAFTA_ANTET
 62
175
370
13
100
AcDbLine
 10
479.7563549999999
 20
22.794642
 30
0.0
 11
479.574806
 21
24.277535
 31
0.0
  0
LINE
  5
23D
330
30
100
AcDbEntity
  8
PAFTA_ANTET
 62
175
370
13
100
AcDbLine
 10
479.574806
 20
24.277535
 30
0.0
 11
479.6984329999999
 21
23.743668
 31
0.0
  0
LINE
  5
23E
330
30
100
AcDbEntity
  8
PAFTA_ANTET
 62
175
370
13
100
AcDbLine
 10
479.6984329999999
 20
23.743668
 30
0.0
 11
479.7465589999999
 21
23.291279
 31
0.0
  0
LINE
  5
23F
330
30
100
AcDbEntity
  8
PAFTA_ANTET
 62
175
370
13
100
AcDbLine
 10
479.7465589999999
 20
23.291279
 30
0.0
 11
479.7563549999999
 21
22.794642
 31
0.0
  0
LINE
  5
240
330
30
100
AcDbEntity
  8
PAFTA_ANTET
 62
175
370
13
100
AcDbLine
 10
478.385322
 20
23.925017
 30
0.0
 11
478.318519
 21
24.179739
 31
0.0
  0
LINE
  5
241
330
30
100
AcDbEntity
  8
PAFTA_ANTET
 62
175
370
13
100
AcDbLine
 10
478.318519
 20
24.179739
 30
0.0
 11
478.3418039999999
 21
25.67146
 31
0.0
  0
LINE
  5
242
330
30
100
AcDbEntity
  8
PAFTA_ANTET
 62
175
370
13
100
AcDbLine
 10
478.3418039999999
 20
25.67146
 30
0.0
 11
478.762794
 21
25.435776
 31
0.0
  0
LINE
  5
243
330
30
100
AcDbEntity
  8
PAFTA_ANTET
 62
175
370
13
100
AcDbLine
 10
478.762794
 20
25.435776
 30
0.0
 11
478.385322
 21
23.925017
 31
0.0
  0
LINE
  5
244
330
30
100
AcDbEntity
  8
PAFTA_ANTET
 62
175
370
13
100
AcDbLine
 10
478.385322
 20
23.925017
 30
0.0
 11
478.762794
 21
25.435776
 31
0.0
  0
LINE
  5
245
330
30
100
AcDbEntity
  8
PAFTA_ANTET
 62
175
370
13
100
AcDbLine
 10
478.762794
 20
25.435776
 30
0.0
 11
478.412544
 21
23.629219
 31
0.0
  0
LINE
  5
246
330
30
100
AcDbEntity
  8
PAFTA_ANTET
 62
175
370
13
100
AcDbLine
 10
478.412544
 20
23.629219
 30
0.0
 11
478.385322
 21
23.925017
 31
0.0
  0
LINE
  5
247
330
30
100
AcDbEntity
  8
PAFTA_ANTET
 62
175
370
13
100
AcDbLine
 10
478.3418039999999
 20
25.67146
 30
0.0
 11
478.318519
 21
24.179739
 31
0.0
  0
LINE
  5
248
330
30
100
AcDbEntity
  8
PAFTA_ANTET
 62
175
370
13
100
AcDbLine
 10
478.318519
 20
24.179739
 30
0.0
 11
478.2295
 21
24.365097
 31
0.0
  0
LINE
  5
249
330
30
100
AcDbEntity
  8
PAFTA_ANTET
 62
175
370
13
100
AcDbLine
 10
478.2295
 20
24.365097
 30
0.0
 11
478.1107559999999
 21
24.520378
 31
0.0
  0
LINE
  5
24A
330
30
100
AcDbEntity
  8
PAFTA_ANTET
 62
175
370
13
100
AcDbLine
 10
478.1107559999999
 20
24.520378
 30
0.0
 11
478.3418039999999
 21
25.67146
 31
0.0
  0
LINE
  5
24B
330
30
100
AcDbEntity
  8
PAFTA_ANTET
 62
175
370
13
100
AcDbLine
 10
478.3418039999999
 20
25.67146
 30
0.0
 11
478.1107559999999
 21
24.520378
 31
0.0
  0
LINE
  5
24C
330
30
100
AcDbEntity
  8
PAFTA_ANTET
 62
175
370
13
100
AcDbLine
 10
478.1107559999999
 20
24.520378
 30
0.0
 11
477.957832
 21
24.653801
 31
0.0
  0
LINE
  5
24D
330
30
100
AcDbEntity
  8
PAFTA_ANTET
 62
175
370
13
100
AcDbLine
 10
477.957832
 20
24.653801
 30
0.0
 11
477.860725
 21
25.812546
 31
0.0
  0
LINE
  5
24E
330
30
100
AcDbEntity
  8
PAFTA_ANTET
 62
175
370
13
100
AcDbLine
 10
477.860725
 20
25.812546
 30
0.0
 11
478.3418039999999
 21
25.67146
 31
0.0
  0
LINE
  5
24F
330
30
100
AcDbEntity
  8
PAFTA_ANTET
 62
175
370
13
100
AcDbLine
 10
477.860725
 20
25.812546
 30
0.0
 11
477.957832
 21
24.653801
 31
0.0
  0
LINE
  5
250
330
30
100
AcDbEntity
  8
PAFTA_ANTET
 62
175
370
13
100
AcDbLine
 10
477.957832
 20
24.653801
 30
0.0
 11
477.788948
 21
24.749653
 31
0.0
  0
LINE
  5
251
330
30
100
AcDbEntity
  8
PAFTA_ANTET
 62
175
370
13
100
AcDbLine
 10
477.788948
 20
24.749653
 30
0.0
 11
477.604194
 21
24.807486
 31
0.0
  0
LINE
  5
252
330
30
100
AcDbEntity
  8
PAFTA_ANTET
 62
175
370
13
100
AcDbLine
 10
477.604194
 20
24.807486
 30
0.0
 11
477.860725
 21
25.812546
 31
0.0
  0
LINE
  5
253
330
30
100
AcDbEntity
  8
PAFTA_ANTET
 62
175
370
13
100
AcDbLine
 10
477.860725
 20
25.812546
 30
0.0
 11
477.604194
 21
24.807486
 31
0.0
  0
LINE
  5
254
330
30
100
AcDbEntity
  8
PAFTA_ANTET
 62
175
370
13
100
AcDbLine
 10
477.604194
 20
24.807486
 30
0.0
 11
477.403511
 21
24.826863
 31
0.0
  0
LINE
  5
255
330
30
100
AcDbEntity
  8
PAFTA_ANTET
 62
175
370
13
100
AcDbLine
 10
477.403511
 20
24.826863
 30
0.0
 11
477.318611
 21
25.859474
 31
0.0
  0
LINE
  5
256
330
30
100
AcDbEntity
  8
PAFTA_ANTET
 62
175
370
13
100
AcDbLine
 10
477.318611
 20
25.859474
 30
0.0
 11
477.860725
 21
25.812546
 31
0.0
  0
LINE
  5
257
330
30
100
AcDbEntity
  8
PAFTA_ANTET
 62
175
370
13
100
AcDbLine
 10
477.403511
 20
24.826863
 30
0.0
 11
477.1237259999999
 21
24.790888
 31
0.0
  0
LINE
  5
258
330
30
100
AcDbEntity
  8
PAFTA_ANTET
 62
175
370
13
100
AcDbLine
 10
477.1237259999999
 20
24.790888
 30
0.0
 11
476.878547
 21
24.683663
 31
0.0
  0
LINE
  5
259
330
30
100
AcDbEntity
  8
PAFTA_ANTET
 62
175
370
13
100
AcDbLine
 10
476.878547
 20
24.683663
 30
0.0
 11
477.318611
 21
25.859474
 31
0.0
  0
LINE
  5
25A
330
30
100
AcDbEntity
  8
PAFTA_ANTET
 62
175
370
13
100
AcDbLine
 10
477.318611
 20
25.859474
 30
0.0
 11
477.403511
 21
24.826863
 31
0.0
  0
LINE
  5
25B
330
30
100
AcDbEntity
  8
PAFTA_ANTET
 62
175
370
13
100
AcDbLine
 10
477.318611
 20
25.859474
 30
0.0
 11
476.878547
 21
24.683663
 31
0.0
  0
LINE
  5
25C
330
30
100
AcDbEntity
  8
PAFTA_ANTET
 62
175
370
13
100
AcDbLine
 10
476.878547
 20
24.683663
 30
0.0
 11
476.667946
 21
24.506234
 31
0.0
  0
LINE
  5
25D
330
30
100
AcDbEntity
  8
PAFTA_ANTET
 62
175
370
13
100
AcDbLine
 10
476.667946
 20
24.506234
 30
0.0
 11
476.831489
 21
25.814387
 31
0.0
  0
LINE
  5
25E
330
30
100
AcDbEntity
  8
PAFTA_ANTET
 62
175
370
13
100
AcDbLine
 10
476.831489
 20
25.814387
 30
0.0
 11
477.318611
 21
25.859474
 31
0.0
  0
LINE
  5
25F
330
30
100
AcDbEntity
  8
PAFTA_ANTET
 62
175
370
13
100
AcDbLine
 10
476.831489
 20
25.814387
 30
0.0
 11
476.667946
 21
24.506234
 31
0.0
  0
LINE
  5
260
330
30
100
AcDbEntity
  8
PAFTA_ANTET
 62
175
370
13
100
AcDbLine
 10
476.667946
 20
24.506234
 30
0.0
 11
476.5461799999999
 21
24.339627
 31
0.0
  0
LINE
  5
261
330
30
100
AcDbEntity
  8
PAFTA_ANTET
 62
175
370
13
100
AcDbLine
 10
476.5461799999999
 20
24.339627
 30
0.0
 11
476.831489
 21
25.814387
 31
0.0
  0
LINE
  5
262
330
30
100
AcDbEntity
  8
PAFTA_ANTET
 62
175
370
13
100
AcDbLine
 10
476.5461799999999
 20
24.339627
 30
0.0
 11
476.458473
 21
24.145186
 31
0.0
  0
LINE
  5
263
330
30
100
AcDbEntity
  8
PAFTA_ANTET
 62
175
370
13
100
AcDbLine
 10
476.458473
 20
24.145186
 30
0.0
 11
476.4015269999999
 21
23.902417
 31
0.0
  0
LINE
  5
264
330
30
100
AcDbEntity
  8
PAFTA_ANTET
 62
175
370
13
100
AcDbLine
 10
476.4015269999999
 20
23.902417
 30
0.0
 11
476.831489
 21
25.814387
 31
0.0
  0
LINE
  5
265
330
30
100
AcDbEntity
  8
PAFTA_ANTET
 62
175
370
13
100
AcDbLine
 10
476.831489
 20
25.814387
 30
0.0
 11
476.5461799999999
 21
24.339627
 31
0.0
  0
LINE
  5
266
330
30
100
AcDbEntity
  8
PAFTA_ANTET
 62
175
370
13
100
AcDbLine
 10
476.831489
 20
25.814387
 30
0.0
 11
476.4015269999999
 21
23.902417
 31
0.0
  0
LINE
  5
267
330
30
100
AcDbEntity
  8
PAFTA_ANTET
 62
175
370
13
100
AcDbLine
 10
476.4015269999999
 20
23.902417
 30
0.0
 11
476.385017
 21
23.629219
 31
0.0
  0
LINE
  5
268
330
30
100
AcDbEntity
  8
PAFTA_ANTET
 62
175
370
13
100
AcDbLine
 10
476.385017
 20
23.629219
 30
0.0
 11
476.388557
 21
25.679121
 31
0.0
  0
LINE
  5
269
330
30
100
AcDbEntity
  8
PAFTA_ANTET
 62
175
370
13
100
AcDbLine
 10
476.388557
 20
25.679121
 30
0.0
 11
476.831489
 21
25.814387
 31
0.0
  0
LINE
  5
26A
330
30
100
AcDbEntity
  8
PAFTA_ANTET
 62
175
370
13
100
AcDbLine
 10
476.388557
 20
25.679121
 30
0.0
 11
476.385017
 21
23.629219
 31
0.0
  0
LINE
  5
26B
330
30
100
AcDbEntity
  8
PAFTA_ANTET
 62
175
370
13
100
AcDbLine
 10
476.385017
 20
23.629219
 30
0.0
 11
476.361458
 21
22.794642
 31
0.0
  0
LINE
  5
26C
330
30
100
AcDbEntity
  8
PAFTA_ANTET
 62
175
370
13
100
AcDbLine
 10
476.361458
 20
22.794642
 30
0.0
 11
476.388557
 21
25.679121
 31
0.0
  0
LINE
  5
26D
330
30
100
AcDbEntity
  8
PAFTA_ANTET
 62
175
370
13
100
AcDbLine
 10
475.044349
 20
23.930989
 30
0.0
 11
475.1756969999999
 21
24.387831
 31
0.0
  0
LINE
  5
26E
330
30
100
AcDbEntity
  8
PAFTA_ANTET
 62
175
370
13
100
AcDbLine
 10
475.1756969999999
 20
24.387831
 30
0.0
 11
475.372688
 21
24.790188
 31
0.0
  0
LINE
  5
26F
330
30
100
AcDbEntity
  8
PAFTA_ANTET
 62
175
370
13
100
AcDbLine
 10
475.372688
 20
24.790188
 30
0.0
 11
475.192451
 21
21.882397
 31
0.0
  0
LINE
  5
270
330
30
100
AcDbEntity
  8
PAFTA_ANTET
 62
175
370
13
100
AcDbLine
 10
475.192451
 20
21.882397
 30
0.0
 11
475.044349
 21
23.930989
 31
0.0
  0
LINE
  5
271
330
30
100
AcDbEntity
  8
PAFTA_ANTET
 62
175
370
13
100
AcDbLine
 10
475.192451
 20
21.882397
 30
0.0
 11
475.372688
 21
24.790188
 31
0.0
  0
LINE
  5
272
330
30
100
AcDbEntity
  8
PAFTA_ANTET
 62
175
370
13
100
AcDbLine
 10
475.372688
 20
24.790188
 30
0.0
 11
475.635322
 21
25.138062
 31
0.0
  0
LINE
  5
273
330
30
100
AcDbEntity
  8
PAFTA_ANTET
 62
175
370
13
100
AcDbLine
 10
475.635322
 20
25.138062
 30
0.0
 11
475.4750129999999
 21
21.375389
 31
0.0
  0
LINE
  5
274
330
30
100
AcDbEntity
  8
PAFTA_ANTET
 62
175
370
13
100
AcDbLine
 10
475.4750129999999
 20
21.375389
 30
0.0
 11
475.192451
 21
21.882397
 31
0.0
  0
LINE
  5
275
330
30
100
AcDbEntity
  8
PAFTA_ANTET
 62
175
370
13
100
AcDbLine
 10
475.4750129999999
 20
21.375389
 30
0.0
 11
475.635322
 21
25.138062
 31
0.0
  0
LINE
  5
276
330
30
100
AcDbEntity
  8
PAFTA_ANTET
 62
175
370
13
100
AcDbLine
 10
475.635322
 20
25.138062
 30
0.0
 11
475.989845
 21
25.453678
 31
0.0
  0
LINE
  5
277
330
30
100
AcDbEntity
  8
PAFTA_ANTET
 62
175
370
13
100
AcDbLine
 10
475.989845
 20
25.453678
 30
0.0
 11
475.840065
 21
20.992432
 31
0.0
  0
LINE
  5
278
330
30
100
AcDbEntity
  8
PAFTA_ANTET
 62
175
370
13
100
AcDbLine
 10
475.840065
 20
20.992432
 30
0.0
 11
475.4750129999999
 21
21.375389
 31
0.0
  0
LINE
  5
279
330
30
100
AcDbEntity
  8
PAFTA_ANTET
 62
175
370
13
100
AcDbLine
 10
475.025398
 20
22.472115
 30
0.0
 11
474.9704969999999
 21
23.143563
 31
0.0
  0
LINE
  5
27A
330
30
100
AcDbEntity
  8
PAFTA_ANTET
 62
175
370
13
100
AcDbLine
 10
474.9704969999999
 20
23.143563
 30
0.0
 11
474.9889599999999
 21
23.552599
 31
0.0
  0
LINE
  5
27B
330
30
100
AcDbEntity
  8
PAFTA_ANTET
 62
175
370
13
100
AcDbLine
 10
474.9889599999999
 20
23.552599
 30
0.0
 11
475.044349
 21
23.930989
 31
0.0
  0
LINE
  5
27C
330
30
100
AcDbEntity
  8
PAFTA_ANTET
 62
175
370
13
100
AcDbLine
 10
475.044349
 20
23.930989
 30
0.0
 11
475.025398
 21
22.472115
 31
0.0
  0
LINE
  5
27D
330
30
100
AcDbEntity
  8
PAFTA_ANTET
 62
175
370
13
100
AcDbLine
 10
475.025398
 20
22.472115
 30
0.0
 11
475.044349
 21
23.930989
 31
0.0
  0
LINE
  5
27E
330
30
100
AcDbEntity
  8
PAFTA_ANTET
 62
175
370
13
100
AcDbLine
 10
475.044349
 20
23.930989
 30
0.0
 11
475.192451
 21
21.882397
 31
0.0
  0
LINE
  5
27F
330
30
100
AcDbEntity
  8
PAFTA_ANTET
 62
175
370
13
100
AcDbLine
 10
475.192451
 20
21.882397
 30
0.0
 11
475.025398
 21
22.472115
 31
0.0
  0
LINE
  5
280
330
30
100
AcDbEntity
  8
PAFTA_ANTET
 62
175
370
13
100
AcDbLine
 10
482.858894
 20
22.252402
 30
0.0
 11
482.575966
 21
23.129481
 31
0.0
  0
LINE
  5
281
330
30
100
AcDbEntity
  8
PAFTA_ANTET
 62
175
370
13
100
AcDbLine
 10
482.575966
 20
23.129481
 30
0.0
 11
481.614113
 21
25.751026
 31
0.0
  0
LINE
  5
282
330
30
100
AcDbEntity
  8
PAFTA_ANTET
 62
175
370
13
100
AcDbLine
 10
481.614113
 20
25.751026
 30
0.0
 11
480.194862
 21
25.751026
 31
0.0
  0
LINE
  5
283
330
30
100
AcDbEntity
  8
PAFTA_ANTET
 62
175
370
13
100
AcDbLine
 10
480.194862
 20
25.751026
 30
0.0
 11
482.858894
 21
22.252402
 31
0.0
  0
LINE
  5
284
330
30
100
AcDbEntity
  8
PAFTA_ANTET
 62
175
370
13
100
AcDbLine
 10
482.858894
 20
22.252402
 30
0.0
 11
480.194862
 21
25.751026
 31
0.0
  0
LINE
  5
285
330
30
100
AcDbEntity
  8
PAFTA_ANTET
 62
175
370
13
100
AcDbLine
 10
480.194862
 20
25.751026
 30
0.0
 11
482.2553779999999
 21
20.616253
 31
0.0
  0
LINE
  5
286
330
30
100
AcDbEntity
  8
PAFTA_ANTET
 62
175
370
13
100
AcDbLine
 10
482.2553779999999
 20
20.616253
 30
0.0
 11
483.47657
 21
20.616253
 31
0.0
  0
LINE
  5
287
330
30
100
AcDbEntity
  8
PAFTA_ANTET
 62
175
370
13
100
AcDbLine
 10
483.47657
 20
20.616253
 30
0.0
 11
482.858894
 21
22.252402
 31
0.0
  0
LINE
  5
288
330
30
100
AcDbEntity
  8
PAFTA_ANTET
 62
175
370
13
100
AcDbLine
 10
482.858894
 20
22.252402
 30
0.0
 11
483.47657
 21
20.616253
 31
0.0
  0
LINE
  5
289
330
30
100
AcDbEntity
  8
PAFTA_ANTET
 62
175
370
13
100
AcDbLine
 10
483.47657
 20
20.616253
 30
0.0
 11
485.504097
 21
25.751026
 31
0.0
  0
LINE
  5
28A
330
30
100
AcDbEntity
  8
PAFTA_ANTET
 62
175
370
13
100
AcDbLine
 10
485.504097
 20
25.751026
 30
0.0
 11
484.113136
 21
25.751026
 31
0.0
  0
LINE
  5
28B
330
30
100
AcDbEntity
  8
PAFTA_ANTET
 62
175
370
13
100
AcDbLine
 10
484.113136
 20
25.751026
 30
0.0
 11
482.858894
 21
22.252402
 31
0.0
  0
LINE
  5
28C
330
30
100
AcDbEntity
  8
PAFTA_ANTET
 62
175
370
13
100
AcDbLine
 10
482.858894
 20
22.252402
 30
0.0
 11
484.113136
 21
25.751026
 31
0.0
  0
LINE
  5
28D
330
30
100
AcDbEntity
  8
PAFTA_ANTET
 62
175
370
13
100
AcDbLine
 10
484.113136
 20
25.751026
 30
0.0
 11
483.1417
 21
23.129149
 31
0.0
  0
LINE
  5
28E
330
30
100
AcDbEntity
  8
PAFTA_ANTET
 62
175
370
13
100
AcDbLine
 10
483.1417
 20
23.129149
 30
0.0
 11
482.995643
 21
22.690909
 31
0.0
  0
LINE
  5
28F
330
30
100
AcDbEntity
  8
PAFTA_ANTET
 62
175
370
13
100
AcDbLine
 10
482.995643
 20
22.690909
 30
0.0
 11
482.858894
 21
22.252402
 31
0.0
  0
LINE
  5
290
330
30
100
AcDbEntity
  8
PAFTA_ANTET
 62
175
370
13
100
AcDbLine
 10
487.9936599999999
 20
21.988356
 30
0.0
 11
487.801765
 21
22.312302
 31
0.0
  0
LINE
  5
291
330
30
100
AcDbEntity
  8
PAFTA_ANTET
 62
175
370
13
100
AcDbLine
 10
487.801765
 20
22.312302
 30
0.0
 11
487.687355
 21
22.737887
 31
0.0
  0
LINE
  5
292
330
30
100
AcDbEntity
  8
PAFTA_ANTET
 62
175
370
13
100
AcDbLine
 10
487.687355
 20
22.737887
 30
0.0
 11
488.0457230000001
 21
20.895853
 31
0.0
  0
LINE
  5
293
330
30
100
AcDbEntity
  8
PAFTA_ANTET
 62
175
370
13
100
AcDbLine
 10
488.0457230000001
 20
20.895853
 30
0.0
 11
487.9936599999999
 21
21.988356
 31
0.0
  0
LINE
  5
294
330
30
100
AcDbEntity
  8
PAFTA_ANTET
 62
175
370
13
100
AcDbLine
 10
488.0457230000001
 20
20.895853
 30
0.0
 11
487.687355
 21
22.737887
 31
0.0
  0
LINE
  5
295
330
30
100
AcDbEntity
  8
PAFTA_ANTET
 62
175
370
13
100
AcDbLine
 10
487.687355
 20
22.737887
 30
0.0
 11
487.649482
 21
23.266156
 31
0.0
  0
LINE
  5
296
330
30
100
AcDbEntity
  8
PAFTA_ANTET
 62
175
370
13
100
AcDbLine
 10
487.649482
 20
23.266156
 30
0.0
 11
487.673042
 21
21.24808
 31
0.0
  0
LINE
  5
297
330
30
100
AcDbEntity
  8
PAFTA_ANTET
 62
175
370
13
100
AcDbLine
 10
487.673042
 20
21.24808
 30
0.0
 11
488.0457230000001
 21
20.895853
 31
0.0
  0
LINE
  5
298
330
30
100
AcDbEntity
  8
PAFTA_ANTET
 62
175
370
13
100
AcDbLine
 10
487.673042
 20
21.24808
 30
0.0
 11
487.649482
 21
23.266156
 31
0.0
  0
LINE
  5
299
330
30
100
AcDbEntity
  8
PAFTA_ANTET
 62
175
370
13
100
AcDbLine
 10
487.649482
 20
23.266156
 30
0.0
 11
487.588173
 21
24.996607
 31
0.0
  0
LINE
  5
29A
330
30
100
AcDbEntity
  8
PAFTA_ANTET
 62
175
370
13
100
AcDbLine
 10
487.588173
 20
24.996607
 30
0.0
 11
487.673042
 21
18.659476
 31
0.0
  0
LINE
  5
29B
330
30
100
AcDbEntity
  8
PAFTA_ANTET
 62
175
370
13
100
AcDbLine
 10
487.673042
 20
18.659476
 30
0.0
 11
487.673042
 21
21.24808
 31
0.0
  0
LINE
  5
29C
330
30
100
AcDbEntity
  8
PAFTA_ANTET
 62
175
370
13
100
AcDbLine
 10
487.673042
 20
18.659476
 30
0.0
 11
487.588173
 21
24.996607
 31
0.0
  0
LINE
  5
29D
330
30
100
AcDbEntity
  8
PAFTA_ANTET
 62
175
370
13
100
AcDbLine
 10
487.588173
 20
24.996607
 30
0.0
 11
487.588173
 21
25.751026
 31
0.0
  0
LINE
  5
29E
330
30
100
AcDbEntity
  8
PAFTA_ANTET
 62
175
370
13
100
AcDbLine
 10
487.588173
 20
25.751026
 30
0.0
 11
486.3198009999999
 21
25.751026
 31
0.0
  0
LINE
  5
29F
330
30
100
AcDbEntity
  8
PAFTA_ANTET
 62
175
370
13
100
AcDbLine
 10
486.3198009999999
 20
25.751026
 30
0.0
 11
487.673042
 21
18.659476
 31
0.0
  0
LINE
  5
2A0
330
30
100
AcDbEntity
  8
PAFTA_ANTET
 62
175
370
13
100
AcDbLine
 10
490.88517
 20
24.913616
 30
0.0
 11
490.939094
 21
21.558056
 31
0.0
  0
LINE
  5
2A1
330
30
100
AcDbEntity
  8
PAFTA_ANTET
 62
175
370
13
100
AcDbLine
 10
490.939094
 20
21.558056
 30
0.0
 11
491.124946
 21
21.958319
 31
0.0
  0
LINE
  5
2A2
330
30
100
AcDbEntity
  8
PAFTA_ANTET
 62
175
370
13
100
AcDbLine
 10
491.124946
 20
21.958319
 30
0.0
 11
491.040474
 21
24.635113
 31
0.0
  0
LINE
  5
2A3
330
30
100
AcDbEntity
  8
PAFTA_ANTET
 62
175
370
13
100
AcDbLine
 10
491.040474
 20
24.635113
 30
0.0
 11
490.88517
 21
24.913616
 31
0.0
  0
LINE
  5
2A4
330
30
100
AcDbEntity
  8
PAFTA_ANTET
 62
175
370
13
100
AcDbLine
 10
491.040474
 20
24.635113
 30
0.0
 11
491.124946
 21
21.958319
 31
0.0
  0
LINE
  5
2A5
330
30
100
AcDbEntity
  8
PAFTA_ANTET
 62
175
370
13
100
AcDbLine
 10
491.124946
 20
21.958319
 30
0.0
 11
491.248512
 21
22.41586
 31
0.0
  0
LINE
  5
2A6
330
30
100
AcDbEntity
  8
PAFTA_ANTET
 62
175
370
13
100
AcDbLine
 10
491.248512
 20
22.41586
 30
0.0
 11
491.1619639999999
 21
24.324389
 31
0.0
  0
LINE
  5
2A7
330
30
100
AcDbEntity
  8
PAFTA_ANTET
 62
175
370
13
100
AcDbLine
 10
491.1619639999999
 20
24.324389
 30
0.0
 11
491.040474
 21
24.635113
 31
0.0
  0
LINE
  5
2A8
330
30
100
AcDbEntity
  8
PAFTA_ANTET
 62
175
370
13
100
AcDbLine
 10
491.1619639999999
 20
24.324389
 30
0.0
 11
491.248512
 21
22.41586
 31
0.0
  0
LINE
  5
2A9
330
30
100
AcDbEntity
  8
PAFTA_ANTET
 62
175
370
13
100
AcDbLine
 10
491.248512
 20
22.41586
 30
0.0
 11
491.300544
 21
22.796606
 31
0.0
  0
LINE
  5
2AA
330
30
100
AcDbEntity
  8
PAFTA_ANTET
 62
175
370
13
100
AcDbLine
 10
491.300544
 20
22.796606
 30
0.0
 11
491.2486949999999
 21
23.982855
 31
0.0
  0
LINE
  5
2AB
330
30
100
AcDbEntity
  8
PAFTA_ANTET
 62
175
370
13
100
AcDbLine
 10
491.2486949999999
 20
23.982855
 30
0.0
 11
491.1619639999999
 21
24.324389
 31
0.0
  0
LINE
  5
2AC
330
30
100
AcDbEntity
  8
PAFTA_ANTET
 62
175
370
13
100
AcDbLine
 10
491.2486949999999
 20
23.982855
 30
0.0
 11
491.300544
 21
22.796606
 31
0.0
  0
LINE
  5
2AD
330
30
100
AcDbEntity
  8
PAFTA_ANTET
 62
175
370
13
100
AcDbLine
 10
491.300544
 20
22.796606
 30
0.0
 11
491.317848
 21
23.209574
 31
0.0
  0
LINE
  5
2AE
330
30
100
AcDbEntity
  8
PAFTA_ANTET
 62
175
370
13
100
AcDbLine
 10
491.317848
 20
23.209574
 30
0.0
 11
491.2486949999999
 21
23.982855
 31
0.0
  0
LINE
  5
2AF
330
30
100
AcDbEntity
  8
PAFTA_ANTET
 62
175
370
13
100
AcDbLine
 10
489.926887
 20
23.195427
 30
0.0
 11
489.997291
 21
20.681816
 31
0.0
  0
LINE
  5
2B0
330
30
100
AcDbEntity
  8
PAFTA_ANTET
 62
175
370
13
100
AcDbLine
 10
489.997291
 20
20.681816
 30
0.0
 11
490.2415839999999
 21
20.819756
 31
0.0
  0
LINE
  5
2B1
330
30
100
AcDbEntity
  8
PAFTA_ANTET
 62
175
370
13
100
AcDbLine
 10
490.2415839999999
 20
20.819756
 30
0.0
 11
490.0058669999999
 21
25.685604
 31
0.0
  0
LINE
  5
2B2
330
30
100
AcDbEntity
  8
PAFTA_ANTET
 62
175
370
13
100
AcDbLine
 10
490.0058669999999
 20
25.685604
 30
0.0
 11
489.926887
 21
23.195427
 31
0.0
  0
LINE
  5
2B3
330
30
100
AcDbEntity
  8
PAFTA_ANTET
 62
175
370
13
100
AcDbLine
 10
490.0058669999999
 20
25.685604
 30
0.0
 11
490.2415839999999
 21
20.819756
 31
0.0
  0
LINE
  5
2B4
330
30
100
AcDbEntity
  8
PAFTA_ANTET
 62
175
370
13
100
AcDbLine
 10
490.2415839999999
 20
20.819756
 30
0.0
 11
490.4729989999999
 21
20.997702
 31
0.0
  0
LINE
  5
2B5
330
30
100
AcDbEntity
  8
PAFTA_ANTET
 62
175
370
13
100
AcDbLine
 10
490.4729989999999
 20
20.997702
 30
0.0
 11
490.250648
 21
25.55002200000001
 31
0.0
  0
LINE
  5
2B6
330
30
100
AcDbEntity
  8
PAFTA_ANTET
 62
175
370
13
100
AcDbLine
 10
490.250648
 20
25.55002200000001
 30
0.0
 11
490.0058669999999
 21
25.685604
 31
0.0
  0
LINE
  5
2B7
330
30
100
AcDbEntity
  8
PAFTA_ANTET
 62
175
370
13
100
AcDbLine
 10
490.250648
 20
25.55002200000001
 30
0.0
 11
490.4729989999999
 21
20.997702
 31
0.0
  0
LINE
  5
2B8
330
30
100
AcDbEntity
  8
PAFTA_ANTET
 62
175
370
13
100
AcDbLine
 10
490.4729989999999
 20
20.997702
 30
0.0
 11
490.690742
 21
21.215075
 31
0.0
  0
LINE
  5
2B9
330
30
100
AcDbEntity
  8
PAFTA_ANTET
 62
175
370
13
100
AcDbLine
 10
490.690742
 20
21.215075
 30
0.0
 11
490.480507
 21
25.37541
 31
0.0
  0
LINE
  5
2BA
330
30
100
AcDbEntity
  8
PAFTA_ANTET
 62
175
370
13
100
AcDbLine
 10
490.480507
 20
25.37541
 30
0.0
 11
490.250648
 21
25.55002200000001
 31
0.0
  0
LINE
  5
2BB
330
30
100
AcDbEntity
  8
PAFTA_ANTET
 62
175
370
13
100
AcDbLine
 10
490.480507
 20
25.37541
 30
0.0
 11
490.690742
 21
21.215075
 31
0.0
  0
LINE
  5
2BC
330
30
100
AcDbEntity
  8
PAFTA_ANTET
 62
175
370
13
100
AcDbLine
 10
490.690742
 20
21.215075
 30
0.0
 11
490.939094
 21
21.558056
 31
0.0
  0
LINE
  5
2BD
330
30
100
AcDbEntity
  8
PAFTA_ANTET
 62
175
370
13
100
AcDbLine
 10
490.939094
 20
21.558056
 30
0.0
 11
490.6954419999999
 21
25.161637
 31
0.0
  0
LINE
  5
2BE
330
30
100
AcDbEntity
  8
PAFTA_ANTET
 62
175
370
13
100
AcDbLine
 10
490.6954419999999
 20
25.161637
 30
0.0
 11
490.480507
 21
25.37541
 31
0.0
  0
LINE
  5
2BF
330
30
100
AcDbEntity
  8
PAFTA_ANTET
 62
175
370
13
100
AcDbLine
 10
490.6954419999999
 20
25.161637
 30
0.0
 11
490.939094
 21
21.558056
 31
0.0
  0
LINE
  5
2C0
330
30
100
AcDbEntity
  8
PAFTA_ANTET
 62
175
370
13
100
AcDbLine
 10
490.939094
 20
21.558056
 30
0.0
 11
490.88517
 21
24.913616
 31
0.0
  0
LINE
  5
2C1
330
30
100
AcDbEntity
  8
PAFTA_ANTET
 62
175
370
13
100
AcDbLine
 10
490.88517
 20
24.913616
 30
0.0
 11
490.6954419999999
 21
25.161637
 31
0.0
  0
LINE
  5
2C2
330
30
100
AcDbEntity
  8
PAFTA_ANTET
 62
175
370
13
100
AcDbLine
 10
488.799965
 20
24.789141
 30
0.0
 11
489.102607
 21
24.74573
 31
0.0
  0
LINE
  5
2C3
330
30
100
AcDbEntity
  8
PAFTA_ANTET
 62
175
370
13
100
AcDbLine
 10
489.102607
 20
24.74573
 30
0.0
 11
489.3696059999999
 21
24.615351
 31
0.0
  0
LINE
  5
2C4
330
30
100
AcDbEntity
  8
PAFTA_ANTET
 62
175
370
13
100
AcDbLine
 10
489.3696059999999
 20
24.615351
 30
0.0
 11
489.181892
 21
25.859474
 31
0.0
  0
LINE
  5
2C5
330
30
100
AcDbEntity
  8
PAFTA_ANTET
 62
175
370
13
100
AcDbLine
 10
489.181892
 20
25.859474
 30
0.0
 11
488.799965
 21
24.789141
 31
0.0
  0
LINE
  5
2C6
330
30
100
AcDbEntity
  8
PAFTA_ANTET
 62
175
370
13
100
AcDbLine
 10
489.181892
 20
25.859474
 30
0.0
 11
489.3696059999999
 21
24.615351
 31
0.0
  0
LINE
  5
2C7
330
30
100
AcDbEntity
  8
PAFTA_ANTET
 62
175
370
13
100
AcDbLine
 10
489.3696059999999
 20
24.615351
 30
0.0
 11
489.6015389999999
 21
24.397785
 31
0.0
  0
LINE
  5
2C8
330
30
100
AcDbEntity
  8
PAFTA_ANTET
 62
175
370
13
100
AcDbLine
 10
489.6015389999999
 20
24.397785
 30
0.0
 11
489.471473
 21
25.840199
 31
0.0
  0
LINE
  5
2C9
330
30
100
AcDbEntity
  8
PAFTA_ANTET
 62
175
370
13
100
AcDbLine
 10
489.471473
 20
25.840199
 30
0.0
 11
489.181892
 21
25.859474
 31
0.0
  0
LINE
  5
2CA
330
30
100
AcDbEntity
  8
PAFTA_ANTET
 62
175
370
13
100
AcDbLine
 10
489.471473
 20
25.840199
 30
0.0
 11
489.6015389999999
 21
24.397785
 31
0.0
  0
LINE
  5
2CB
330
30
100
AcDbEntity
  8
PAFTA_ANTET
 62
175
370
13
100
AcDbLine
 10
489.6015389999999
 20
24.397785
 30
0.0
 11
489.782295
 21
24.088158
 31
0.0
  0
LINE
  5
2CC
330
30
100
AcDbEntity
  8
PAFTA_ANTET
 62
175
370
13
100
AcDbLine
 10
489.782295
 20
24.088158
 30
0.0
 11
489.746132
 21
25.782288
 31
0.0
  0
LINE
  5
2CD
330
30
100
AcDbEntity
  8
PAFTA_ANTET
 62
175
370
13
100
AcDbLine
 10
489.746132
 20
25.782288
 30
0.0
 11
489.471473
 21
25.840199
 31
0.0
  0
LINE
  5
2CE
330
30
100
AcDbEntity
  8
PAFTA_ANTET
 62
175
370
13
100
AcDbLine
 10
489.746132
 20
25.782288
 30
0.0
 11
489.782295
 21
24.088158
 31
0.0
  0
LINE
  5
2CF
330
30
100
AcDbEntity
  8
PAFTA_ANTET
 62
175
370
13
100
AcDbLine
 10
489.782295
 20
24.088158
 30
0.0
 11
489.890724
 21
23.687373
 31
0.0
  0
LINE
  5
2D0
330
30
100
AcDbEntity
  8
PAFTA_ANTET
 62
175
370
13
100
AcDbLine
 10
489.890724
 20
23.687373
 30
0.0
 11
490.0058669999999
 21
25.685604
 31
0.0
  0
LINE
  5
2D1
330
30
100
AcDbEntity
  8
PAFTA_ANTET
 62
175
370
13
100
AcDbLine
 10
490.0058669999999
 20
25.685604
 30
0.0
 11
489.746132
 21
25.782288
 31
0.0
  0
LINE
  5
2D2
330
30
100
AcDbEntity
  8
PAFTA_ANTET
 62
175
370
13
100
AcDbLine
 10
490.0058669999999
 20
25.685604
 30
0.0
 11
489.890724
 21
23.687373
 31
0.0
  0
LINE
  5
2D3
330
30
100
AcDbEntity
  8
PAFTA_ANTET
 62
175
370
13
100
AcDbLine
 10
489.890724
 20
23.687373
 30
0.0
 11
489.926887
 21
23.195427
 31
0.0
  0
LINE
  5
2D4
330
30
100
AcDbEntity
  8
PAFTA_ANTET
 62
175
370
13
100
AcDbLine
 10
489.926887
 20
23.195427
 30
0.0
 11
490.0058669999999
 21
25.685604
 31
0.0
  0
LINE
  5
2D5
330
30
100
AcDbEntity
  8
PAFTA_ANTET
 62
175
370
13
100
AcDbLine
 10
487.97953
 20
24.4025
 30
0.0
 11
488.215278
 21
24.618
 31
0.0
  0
LINE
  5
2D6
330
30
100
AcDbEntity
  8
PAFTA_ANTET
 62
175
370
13
100
AcDbLine
 10
488.215278
 20
24.618
 30
0.0
 11
488.4887769999999
 21
24.746531
 31
0.0
  0
LINE
  5
2D7
330
30
100
AcDbEntity
  8
PAFTA_ANTET
 62
175
370
13
100
AcDbLine
 10
488.4887769999999
 20
24.746531
 30
0.0
 11
488.252998
 21
25.619004
 31
0.0
  0
LINE
  5
2D8
330
30
100
AcDbEntity
  8
PAFTA_ANTET
 62
175
370
13
100
AcDbLine
 10
488.252998
 20
25.619004
 30
0.0
 11
487.97953
 21
24.4025
 31
0.0
  0
LINE
  5
2D9
330
30
100
AcDbEntity
  8
PAFTA_ANTET
 62
175
370
13
100
AcDbLine
 10
488.252998
 20
25.619004
 30
0.0
 11
488.4887769999999
 21
24.746531
 31
0.0
  0
LINE
  5
2DA
330
30
100
AcDbEntity
  8
PAFTA_ANTET
 62
175
370
13
100
AcDbLine
 10
488.4887769999999
 20
24.746531
 30
0.0
 11
488.799965
 21
24.789141
 31
0.0
  0
LINE
  5
2DB
330
30
100
AcDbEntity
  8
PAFTA_ANTET
 62
175
370
13
100
AcDbLine
 10
488.799965
 20
24.789141
 30
0.0
 11
488.694465
 21
25.799357
 31
0.0
  0
LINE
  5
2DC
330
30
100
AcDbEntity
  8
PAFTA_ANTET
 62
175
370
13
100
AcDbLine
 10
488.694465
 20
25.799357
 30
0.0
 11
488.252998
 21
25.619004
 31
0.0
  0
LINE
  5
2DD
330
30
100
AcDbEntity
  8
PAFTA_ANTET
 62
175
370
13
100
AcDbLine
 10
488.694465
 20
25.799357
 30
0.0
 11
488.799965
 21
24.789141
 31
0.0
  0
LINE
  5
2DE
330
30
100
AcDbEntity
  8
PAFTA_ANTET
 62
175
370
13
100
AcDbLine
 10
488.799965
 20
24.789141
 30
0.0
 11
489.181892
 21
25.859474
 31
0.0
  0
LINE
  5
2DF
330
30
100
AcDbEntity
  8
PAFTA_ANTET
 62
175
370
13
100
AcDbLine
 10
489.181892
 20
25.859474
 30
0.0
 11
488.694465
 21
25.799357
 31
0.0
  0
LINE
  5
2E0
330
30
100
AcDbEntity
  8
PAFTA_ANTET
 62
175
370
13
100
AcDbLine
 10
487.878151
 20
25.343169
 30
0.0
 11
487.588173
 21
24.996607
 31
0.0
  0
LINE
  5
2E1
330
30
100
AcDbEntity
  8
PAFTA_ANTET
 62
175
370
13
100
AcDbLine
 10
487.588173
 20
24.996607
 30
0.0
 11
487.6869269999999
 21
23.725369
 31
0.0
  0
LINE
  5
2E2
330
30
100
AcDbEntity
  8
PAFTA_ANTET
 62
175
370
13
100
AcDbLine
 10
487.6869269999999
 20
23.725369
 30
0.0
 11
487.797737
 21
24.103903
 31
0.0
  0
LINE
  5
2E3
330
30
100
AcDbEntity
  8
PAFTA_ANTET
 62
175
370
13
100
AcDbLine
 10
487.797737
 20
24.103903
 30
0.0
 11
487.878151
 21
25.343169
 31
0.0
  0
LINE
  5
2E4
330
30
100
AcDbEntity
  8
PAFTA_ANTET
 62
175
370
13
100
AcDbLine
 10
487.878151
 20
25.343169
 30
0.0
 11
487.797737
 21
24.103903
 31
0.0
  0
LINE
  5
2E5
330
30
100
AcDbEntity
  8
PAFTA_ANTET
 62
175
370
13
100
AcDbLine
 10
487.797737
 20
24.103903
 30
0.0
 11
487.97953
 21
24.4025
 31
0.0
  0
LINE
  5
2E6
330
30
100
AcDbEntity
  8
PAFTA_ANTET
 62
175
370
13
100
AcDbLine
 10
487.97953
 20
24.4025
 30
0.0
 11
488.252998
 21
25.619004
 31
0.0
  0
LINE
  5
2E7
330
30
100
AcDbEntity
  8
PAFTA_ANTET
 62
175
370
13
100
AcDbLine
 10
488.252998
 20
25.619004
 30
0.0
 11
487.878151
 21
25.343169
 31
0.0
  0
LINE
  5
2E8
330
30
100
AcDbEntity
  8
PAFTA_ANTET
 62
175
370
13
100
AcDbLine
 10
489.997291
 20
20.681816
 30
0.0
 11
489.926887
 21
23.195427
 31
0.0
  0
LINE
  5
2E9
330
30
100
AcDbEntity
  8
PAFTA_ANTET
 62
175
370
13
100
AcDbLine
 10
489.926887
 20
23.195427
 30
0.0
 11
489.906837
 21
22.789757
 31
0.0
  0
LINE
  5
2EA
330
30
100
AcDbEntity
  8
PAFTA_ANTET
 62
175
370
13
100
AcDbLine
 10
489.906837
 20
22.789757
 30
0.0
 11
489.8464429999999
 21
22.445658
 31
0.0
  0
LINE
  5
2EB
330
30
100
AcDbEntity
  8
PAFTA_ANTET
 62
175
370
13
100
AcDbLine
 10
489.8464429999999
 20
22.445658
 30
0.0
 11
489.997291
 21
20.681816
 31
0.0
  0
LINE
  5
2EC
330
30
100
AcDbEntity
  8
PAFTA_ANTET
 62
175
370
13
100
AcDbLine
 10
489.997291
 20
20.681816
 30
0.0
 11
489.8464429999999
 21
22.445658
 31
0.0
  0
LINE
  5
2ED
330
30
100
AcDbEntity
  8
PAFTA_ANTET
 62
175
370
13
100
AcDbLine
 10
489.8464429999999
 20
22.445658
 30
0.0
 11
489.748237
 21
22.168879
 31
0.0
  0
LINE
  5
2EE
330
30
100
AcDbEntity
  8
PAFTA_ANTET
 62
175
370
13
100
AcDbLine
 10
489.748237
 20
22.168879
 30
0.0
 11
489.7387769999999
 21
20.583033
 31
0.0
  0
LINE
  5
2EF
330
30
100
AcDbEntity
  8
PAFTA_ANTET
 62
175
370
13
100
AcDbLine
 10
489.7387769999999
 20
20.583033
 30
0.0
 11
489.997291
 21
20.681816
 31
0.0
  0
LINE
  5
2F0
330
30
100
AcDbEntity
  8
PAFTA_ANTET
 62
175
370
13
100
AcDbLine
 10
489.12339
 20
21.615685
 30
0.0
 11
489.1724619999999
 21
20.50309
 31
0.0
  0
LINE
  5
2F1
330
30
100
AcDbEntity
  8
PAFTA_ANTET
 62
175
370
13
100
AcDbLine
 10
489.1724619999999
 20
20.50309
 30
0.0
 11
489.463173
 21
20.523083
 31
0.0
  0
LINE
  5
2F2
330
30
100
AcDbEntity
  8
PAFTA_ANTET
 62
175
370
13
100
AcDbLine
 10
489.463173
 20
20.523083
 30
0.0
 11
489.384987
 21
21.741772
 31
0.0
  0
LINE
  5
2F3
330
30
100
AcDbEntity
  8
PAFTA_ANTET
 62
175
370
13
100
AcDbLine
 10
489.384987
 20
21.741772
 30
0.0
 11
489.12339
 21
21.615685
 31
0.0
  0
LINE
  5
2F4
330
30
100
AcDbEntity
  8
PAFTA_ANTET
 62
175
370
13
100
AcDbLine
 10
489.384987
 20
21.741772
 30
0.0
 11
489.463173
 21
20.523083
 31
0.0
  0
LINE
  5
2F5
330
30
100
AcDbEntity
  8
PAFTA_ANTET
 62
175
370
13
100
AcDbLine
 10
489.463173
 20
20.523083
 30
0.0
 11
489.7387769999999
 21
20.583033
 31
0.0
  0
LINE
  5
2F6
330
30
100
AcDbEntity
  8
PAFTA_ANTET
 62
175
370
13
100
AcDbLine
 10
489.7387769999999
 20
20.583033
 30
0.0
 11
489.6109690000001
 21
21.950634
 31
0.0
  0
LINE
  5
2F7
330
30
100
AcDbEntity
  8
PAFTA_ANTET
 62
175
370
13
100
AcDbLine
 10
489.6109690000001
 20
21.950634
 30
0.0
 11
489.384987
 21
21.741772
 31
0.0
  0
LINE
  5
2F8
330
30
100
AcDbEntity
  8
PAFTA_ANTET
 62
175
370
13
100
AcDbLine
 10
489.6109690000001
 20
21.950634
 30
0.0
 11
489.7387769999999
 21
20.583033
 31
0.0
  0
LINE
  5
2F9
330
30
100
AcDbEntity
  8
PAFTA_ANTET
 62
175
370
13
100
AcDbLine
 10
489.7387769999999
 20
20.583033
 30
0.0
 11
489.748237
 21
22.168879
 31
0.0
  0
LINE
  5
2FA
330
30
100
AcDbEntity
  8
PAFTA_ANTET
 62
175
370
13
100
AcDbLine
 10
489.748237
 20
22.168879
 30
0.0
 11
489.6109690000001
 21
21.950634
 31
0.0
  0
LINE
  5
2FB
330
30
100
AcDbEntity
  8
PAFTA_ANTET
 62
175
370
13
100
AcDbLine
 10
487.9936599999999
 20
21.988356
 30
0.0
 11
488.0457230000001
 21
20.895853
 31
0.0
  0
LINE
  5
2FC
330
30
100
AcDbEntity
  8
PAFTA_ANTET
 62
175
370
13
100
AcDbLine
 10
488.0457230000001
 20
20.895853
 30
0.0
 11
488.3991769999999
 21
20.66812
 31
0.0
  0
LINE
  5
2FD
330
30
100
AcDbEntity
  8
PAFTA_ANTET
 62
175
370
13
100
AcDbLine
 10
488.3991769999999
 20
20.66812
 30
0.0
 11
488.23954
 21
21.759045
 31
0.0
  0
LINE
  5
2FE
330
30
100
AcDbEntity
  8
PAFTA_ANTET
 62
175
370
13
100
AcDbLine
 10
488.23954
 20
21.759045
 30
0.0
 11
487.9936599999999
 21
21.988356
 31
0.0
  0
LINE
  5
2FF
330
30
100
AcDbEntity
  8
PAFTA_ANTET
 62
175
370
13
100
AcDbLine
 10
488.23954
 20
21.759045
 30
0.0
 11
488.3991769999999
 21
20.66812
 31
0.0
  0
LINE
  5
300
330
30
100
AcDbEntity
  8
PAFTA_ANTET
 62
175
370
13
100
AcDbLine
 10
488.3991769999999
 20
20.66812
 30
0.0
 11
488.766365
 21
20.544937
 31
0.0
  0
LINE
  5
301
330
30
100
AcDbEntity
  8
PAFTA_ANTET
 62
175
370
13
100
AcDbLine
 10
488.766365
 20
20.544937
 30
0.0
 11
488.516609
 21
21.620131
 31
0.0
  0
LINE
  5
302
330
30
100
AcDbEntity
  8
PAFTA_ANTET
 62
175
370
13
100
AcDbLine
 10
488.516609
 20
21.620131
 30
0.0
 11
488.23954
 21
21.759045
 31
0.0
  0
LINE
  5
303
330
30
100
AcDbEntity
  8
PAFTA_ANTET
 62
175
370
13
100
AcDbLine
 10
488.516609
 20
21.620131
 30
0.0
 11
488.766365
 21
20.544937
 31
0.0
  0
LINE
  5
304
330
30
100
AcDbEntity
  8
PAFTA_ANTET
 62
175
370
13
100
AcDbLine
 10
488.766365
 20
20.544937
 30
0.0
 11
489.1724619999999
 21
20.50309
 31
0.0
  0
LINE
  5
305
330
30
100
AcDbEntity
  8
PAFTA_ANTET
 62
175
370
13
100
AcDbLine
 10
489.1724619999999
 20
20.50309
 30
0.0
 11
488.828254
 21
21.573424
 31
0.0
  0
LINE
  5
306
330
30
100
AcDbEntity
  8
PAFTA_ANTET
 62
175
370
13
100
AcDbLine
 10
488.828254
 20
21.573424
 30
0.0
 11
488.516609
 21
21.620131
 31
0.0
  0
LINE
  5
307
330
30
100
AcDbEntity
  8
PAFTA_ANTET
 62
175
370
13
100
AcDbLine
 10
488.828254
 20
21.573424
 30
0.0
 11
489.1724619999999
 21
20.50309
 31
0.0
  0
LINE
  5
308
330
30
100
AcDbEntity
  8
PAFTA_ANTET
 62
175
370
13
100
AcDbLine
 10
489.1724619999999
 20
20.50309
 30
0.0
 11
489.12339
 21
21.615685
 31
0.0
  0
LINE
  5
309
330
30
100
AcDbEntity
  8
PAFTA_ANTET
 62
175
370
13
100
AcDbLine
 10
489.12339
 20
21.615685
 30
0.0
 11
488.828254
 21
21.573424
 31
0.0
  0
LINE
  5
30A
330
30
100
AcDbEntity
  8
PAFTA_ANTET
 62
175
370
13
100
AcDbLine
 10
487.673042
 20
18.659476
 30
0.0
 11
486.3198009999999
 21
25.751026
 31
0.0
  0
LINE
  5
30B
330
30
100
AcDbEntity
  8
PAFTA_ANTET
 62
175
370
13
100
AcDbLine
 10
486.3198009999999
 20
25.751026
 30
0.0
 11
486.3198009999999
 21
18.659476
 31
0.0
  0
LINE
  5
30C
330
30
100
AcDbEntity
  8
PAFTA_ANTET
 62
175
370
13
100
AcDbLine
 10
486.3198009999999
 20
18.659476
 30
0.0
 11
487.673042
 21
18.659476
 31
0.0
  0
LINE
  5
30D
330
30
100
AcDbEntity
  8
PAFTA_ANTET
 62
175
370
13
100
AcDbLine
 10
487.6869269999999
 20
23.725369
 30
0.0
 11
487.588173
 21
24.996607
 31
0.0
  0
LINE
  5
30E
330
30
100
AcDbEntity
  8
PAFTA_ANTET
 62
175
370
13
100
AcDbLine
 10
487.588173
 20
24.996607
 30
0.0
 11
487.649482
 21
23.266156
 31
0.0
  0
LINE
  5
30F
330
30
100
AcDbEntity
  8
PAFTA_ANTET
 62
175
370
13
100
AcDbLine
 10
487.649482
 20
23.266156
 30
0.0
 11
487.6869269999999
 21
23.725369
 31
0.0
  0
LINE
  5
310
330
30
100
AcDbEntity
  8
PAFTA_ANTET
 62
175
370
13
100
AcDbLine
 10
496.551643
 20
23.883837
 30
0.0
 11
496.532173
 21
24.412375
 31
0.0
  0
LINE
  5
311
330
30
100
AcDbEntity
  8
PAFTA_ANTET
 62
175
370
13
100
AcDbLine
 10
496.532173
 20
24.412375
 30
0.0
 11
496.472908
 21
24.81832
 31
0.0
  0
LINE
  5
312
330
30
100
AcDbEntity
  8
PAFTA_ANTET
 62
175
370
13
100
AcDbLine
 10
496.472908
 20
24.81832
 30
0.0
 11
496.528053
 21
22.299553
 31
0.0
  0
LINE
  5
313
330
30
100
AcDbEntity
  8
PAFTA_ANTET
 62
175
370
13
100
AcDbLine
 10
496.528053
 20
22.299553
 30
0.0
 11
496.551643
 21
23.883837
 31
0.0
  0
LINE
  5
314
330
30
100
AcDbEntity
  8
PAFTA_ANTET
 62
175
370
13
100
AcDbLine
 10
496.528053
 20
22.299553
 30
0.0
 11
496.472908
 21
24.81832
 31
0.0
  0
LINE
  5
315
330
30
100
AcDbEntity
  8
PAFTA_ANTET
 62
175
370
13
100
AcDbLine
 10
496.472908
 20
24.81832
 30
0.0
 11
496.372444
 21
25.10034
 31
0.0
  0
LINE
  5
316
330
30
100
AcDbEntity
  8
PAFTA_ANTET
 62
175
370
13
100
AcDbLine
 10
496.372444
 20
25.10034
 30
0.0
 11
496.54084
 21
21.711378
 31
0.0
  0
LINE
  5
317
330
30
100
AcDbEntity
  8
PAFTA_ANTET
 62
175
370
13
100
AcDbLine
 10
496.54084
 20
21.711378
 30
0.0
 11
496.528053
 21
22.299553
 31
0.0
  0
LINE
  5
318
330
30
100
AcDbEntity
  8
PAFTA_ANTET
 62
175
370
13
100
AcDbLine
 10
496.54084
 20
21.711378
 30
0.0
 11
496.372444
 21
25.10034
 31
0.0
  0
LINE
  5
319
330
30
100
AcDbEntity
  8
PAFTA_ANTET
 62
175
370
13
100
AcDbLine
 10
496.372444
 20
25.10034
 30
0.0
 11
496.125007
 21
25.403549
 31
0.0
  0
LINE
  5
31A
330
30
100
AcDbEntity
  8
PAFTA_ANTET
 62
175
370
13
100
AcDbLine
 10
496.125007
 20
25.403549
 30
0.0
 11
496.54084
 21
21.711378
 31
0.0
  0
LINE
  5
31B
330
30
100
AcDbEntity
  8
PAFTA_ANTET
 62
175
370
13
100
AcDbLine
 10
496.8392409999999
 20
20.616253
 30
0.0
 11
496.687935
 21
20.968996
 31
0.0
  0
LINE
  5
31C
330
30
100
AcDbEntity
  8
PAFTA_ANTET
 62
175
370
13
100
AcDbLine
 10
496.687935
 20
20.968996
 30
0.0
 11
496.594062
 21
21.299946
 31
0.0
  0
LINE
  5
31D
330
30
100
AcDbEntity
  8
PAFTA_ANTET
 62
175
370
13
100
AcDbLine
 10
496.594062
 20
21.299946
 30
0.0
 11
495.4954299999999
 21
20.616253
 31
0.0
  0
LINE
  5
31E
330
30
100
AcDbEntity
  8
PAFTA_ANTET
 62
175
370
13
100
AcDbLine
 10
495.4954299999999
 20
20.616253
 30
0.0
 11
496.8392409999999
 21
20.616253
 31
0.0
  0
LINE
  5
31F
330
30
100
AcDbEntity
  8
PAFTA_ANTET
 62
175
370
13
100
AcDbLine
 10
495.4954299999999
 20
20.616253
 30
0.0
 11
496.594062
 21
21.299946
 31
0.0
  0
LINE
  5
320
330
30
100
AcDbEntity
  8
PAFTA_ANTET
 62
175
370
13
100
AcDbLine
 10
496.594062
 20
21.299946
 30
0.0
 11
496.54084
 21
21.711378
 31
0.0
  0
LINE
  5
321
330
30
100
AcDbEntity
  8
PAFTA_ANTET
 62
175
370
13
100
AcDbLine
 10
496.54084
 20
21.711378
 30
0.0
 11
495.745338
 21
25.647293
 31
0.0
  0
LINE
  5
322
330
30
100
AcDbEntity
  8
PAFTA_ANTET
 62
175
370
13
100
AcDbLine
 10
495.745338
 20
25.647293
 30
0.0
 11
495.4954299999999
 21
20.616253
 31
0.0
  0
LINE
  5
323
330
30
100
AcDbEntity
  8
PAFTA_ANTET
 62
175
370
13
100
AcDbLine
 10
495.745338
 20
25.647293
 30
0.0
 11
496.54084
 21
21.711378
 31
0.0
  0
LINE
  5
324
330
30
100
AcDbEntity
  8
PAFTA_ANTET
 62
175
370
13
100
AcDbLine
 10
496.54084
 20
21.711378
 30
0.0
 11
496.125007
 21
25.403549
 31
0.0
  0
LINE
  5
325
330
30
100
AcDbEntity
  8
PAFTA_ANTET
 62
175
370
13
100
AcDbLine
 10
496.125007
 20
25.403549
 30
0.0
 11
495.745338
 21
25.647293
 31
0.0
  0
LINE
  5
326
330
30
100
AcDbEntity
  8
PAFTA_ANTET
 62
175
370
13
100
AcDbLine
 10
495.4933849999999
 20
25.740124
 30
0.0
 11
495.1830519999999
 21
25.806431
 31
0.0
  0
LINE
  5
327
330
30
100
AcDbEntity
  8
PAFTA_ANTET
 62
175
370
13
100
AcDbLine
 10
495.1830519999999
 20
25.806431
 30
0.0
 11
495.207832
 21
24.100733
 31
0.0
  0
LINE
  5
328
330
30
100
AcDbEntity
  8
PAFTA_ANTET
 62
175
370
13
100
AcDbLine
 10
495.207832
 20
24.100733
 30
0.0
 11
495.316261
 21
21.177353
 31
0.0
  0
LINE
  5
329
330
30
100
AcDbEntity
  8
PAFTA_ANTET
 62
175
370
13
100
AcDbLine
 10
495.316261
 20
21.177353
 30
0.0
 11
495.4933849999999
 21
25.740124
 31
0.0
  0
LINE
  5
32A
330
30
100
AcDbEntity
  8
PAFTA_ANTET
 62
175
370
13
100
AcDbLine
 10
495.4933849999999
 20
25.740124
 30
0.0
 11
495.316261
 21
21.177353
 31
0.0
  0
LINE
  5
32B
330
30
100
AcDbEntity
  8
PAFTA_ANTET
 62
175
370
13
100
AcDbLine
 10
495.316261
 20
21.177353
 30
0.0
 11
495.363411
 21
21.017039
 31
0.0
  0
LINE
  5
32C
330
30
100
AcDbEntity
  8
PAFTA_ANTET
 62
175
370
13
100
AcDbLine
 10
495.363411
 20
21.017039
 30
0.0
 11
495.4954299999999
 21
20.616253
 31
0.0
  0
LINE
  5
32D
330
30
100
AcDbEntity
  8
PAFTA_ANTET
 62
175
370
13
100
AcDbLine
 10
495.4954299999999
 20
20.616253
 30
0.0
 11
495.4933849999999
 21
25.740124
 31
0.0
  0
LINE
  5
32E
330
30
100
AcDbEntity
  8
PAFTA_ANTET
 62
175
370
13
100
AcDbLine
 10
495.4933849999999
 20
25.740124
 30
0.0
 11
495.4954299999999
 21
20.616253
 31
0.0
  0
LINE
  5
32F
330
30
100
AcDbEntity
  8
PAFTA_ANTET
 62
175
370
13
100
AcDbLine
 10
495.4954299999999
 20
20.616253
 30
0.0
 11
495.745338
 21
25.647293
 31
0.0
  0
LINE
  5
330
330
30
100
AcDbEntity
  8
PAFTA_ANTET
 62
175
370
13
100
AcDbLine
 10
495.745338
 20
25.647293
 30
0.0
 11
495.4933849999999
 21
25.740124
 31
0.0
  0
LINE
  5
331
330
30
100
AcDbEntity
  8
PAFTA_ANTET
 62
175
370
13
100
AcDbLine
 10
495.1830519999999
 20
25.806431
 30
0.0
 11
494.3873969999999
 21
25.859474
 31
0.0
  0
LINE
  5
332
330
30
100
AcDbEntity
  8
PAFTA_ANTET
 62
175
370
13
100
AcDbLine
 10
494.3873969999999
 20
25.859474
 30
0.0
 11
494.7335579999999
 21
24.782503
 31
0.0
  0
LINE
  5
333
330
30
100
AcDbEntity
  8
PAFTA_ANTET
 62
175
370
13
100
AcDbLine
 10
494.7335579999999
 20
24.782503
 30
0.0
 11
495.014503
 21
24.657118
 31
0.0
  0
LINE
  5
334
330
30
100
AcDbEntity
  8
PAFTA_ANTET
 62
175
370
13
100
AcDbLine
 10
495.014503
 20
24.657118
 30
0.0
 11
495.1830519999999
 21
25.806431
 31
0.0
  0
LINE
  5
335
330
30
100
AcDbEntity
  8
PAFTA_ANTET
 62
175
370
13
100
AcDbLine
 10
495.1830519999999
 20
25.806431
 30
0.0
 11
495.014503
 21
24.657118
 31
0.0
  0
LINE
  5
336
330
30
100
AcDbEntity
  8
PAFTA_ANTET
 62
175
370
13
100
AcDbLine
 10
495.014503
 20
24.657118
 30
0.0
 11
495.1004099999999
 21
24.5609
 31
0.0
  0
LINE
  5
337
330
30
100
AcDbEntity
  8
PAFTA_ANTET
 62
175
370
13
100
AcDbLine
 10
495.1004099999999
 20
24.5609
 30
0.0
 11
495.160682
 21
24.435507
 31
0.0
  0
LINE
  5
338
330
30
100
AcDbEntity
  8
PAFTA_ANTET
 62
175
370
13
100
AcDbLine
 10
495.160682
 20
24.435507
 30
0.0
 11
495.1830519999999
 21
25.806431
 31
0.0
  0
LINE
  5
339
330
30
100
AcDbEntity
  8
PAFTA_ANTET
 62
175
370
13
100
AcDbLine
 10
495.1830519999999
 20
25.806431
 30
0.0
 11
495.160682
 21
24.435507
 31
0.0
  0
LINE
  5
33A
330
30
100
AcDbEntity
  8
PAFTA_ANTET
 62
175
370
13
100
AcDbLine
 10
495.160682
 20
24.435507
 30
0.0
 11
495.207832
 21
24.100733
 31
0.0
  0
LINE
  5
33B
330
30
100
AcDbEntity
  8
PAFTA_ANTET
 62
175
370
13
100
AcDbLine
 10
495.207832
 20
24.100733
 30
0.0
 11
495.1830519999999
 21
25.806431
 31
0.0
  0
LINE
  5
33C
330
30
100
AcDbEntity
  8
PAFTA_ANTET
 62
175
370
13
100
AcDbLine
 10
493.5294869999999
 20
24.482086
 30
0.0
 11
493.713112
 21
24.680693
 31
0.0
  0
LINE
  5
33D
330
30
100
AcDbEntity
  8
PAFTA_ANTET
 62
175
370
13
100
AcDbLine
 10
493.713112
 20
24.680693
 30
0.0
 11
493.9571299999999
 21
24.790909
 31
0.0
  0
LINE
  5
33E
330
30
100
AcDbEntity
  8
PAFTA_ANTET
 62
175
370
13
100
AcDbLine
 10
493.9571299999999
 20
24.790909
 30
0.0
 11
493.776649
 21
25.819302
 31
0.0
  0
LINE
  5
33F
330
30
100
AcDbEntity
  8
PAFTA_ANTET
 62
175
370
13
100
AcDbLine
 10
493.776649
 20
25.819302
 30
0.0
 11
493.5294869999999
 21
24.482086
 31
0.0
  0
LINE
  5
340
330
30
100
AcDbEntity
  8
PAFTA_ANTET
 62
175
370
13
100
AcDbLine
 10
493.776649
 20
25.819302
 30
0.0
 11
493.9571299999999
 21
24.790909
 31
0.0
  0
LINE
  5
341
330
30
100
AcDbEntity
  8
PAFTA_ANTET
 62
175
370
13
100
AcDbLine
 10
493.9571299999999
 20
24.790909
 30
0.0
 11
494.2789379999999
 21
24.826863
 31
0.0
  0
LINE
  5
342
330
30
100
AcDbEntity
  8
PAFTA_ANTET
 62
175
370
13
100
AcDbLine
 10
494.2789379999999
 20
24.826863
 30
0.0
 11
494.3873969999999
 21
25.859474
 31
0.0
  0
LINE
  5
343
330
30
100
AcDbEntity
  8
PAFTA_ANTET
 62
175
370
13
100
AcDbLine
 10
494.3873969999999
 20
25.859474
 30
0.0
 11
493.776649
 21
25.819302
 31
0.0
  0
LINE
  5
344
330
30
100
AcDbEntity
  8
PAFTA_ANTET
 62
175
370
13
100
AcDbLine
 10
494.3873969999999
 20
25.859474
 30
0.0
 11
494.2789379999999
 21
24.826863
 31
0.0
  0
LINE
  5
345
330
30
100
AcDbEntity
  8
PAFTA_ANTET
 62
175
370
13
100
AcDbLine
 10
494.2789379999999
 20
24.826863
 30
0.0
 11
494.7335579999999
 21
24.782503
 31
0.0
  0
LINE
  5
346
330
30
100
AcDbEntity
  8
PAFTA_ANTET
 62
175
370
13
100
AcDbLine
 10
494.7335579999999
 20
24.782503
 30
0.0
 11
494.3873969999999
 21
25.859474
 31
0.0
  0
LINE
  5
347
330
30
100
AcDbEntity
  8
PAFTA_ANTET
 62
175
370
13
100
AcDbLine
 10
493.383064
 20
24.176174
 30
0.0
 11
493.5294869999999
 21
24.482086
 31
0.0
  0
LINE
  5
348
330
30
100
AcDbEntity
  8
PAFTA_ANTET
 62
175
370
13
100
AcDbLine
 10
493.5294869999999
 20
24.482086
 30
0.0
 11
493.776649
 21
25.819302
 31
0.0
  0
LINE
  5
349
330
30
100
AcDbEntity
  8
PAFTA_ANTET
 62
175
370
13
100
AcDbLine
 10
493.776649
 20
25.819302
 30
0.0
 11
493.2738419999999
 21
25.699494
 31
0.0
  0
LINE
  5
34A
330
30
100
AcDbEntity
  8
PAFTA_ANTET
 62
175
370
13
100
AcDbLine
 10
493.2738419999999
 20
25.699494
 30
0.0
 11
493.383064
 21
24.176174
 31
0.0
  0
LINE
  5
34B
330
30
100
AcDbEntity
  8
PAFTA_ANTET
 62
175
370
13
100
AcDbLine
 10
493.383064
 20
24.176174
 30
0.0
 11
493.2738419999999
 21
25.699494
 31
0.0
  0
LINE
  5
34C
330
30
100
AcDbEntity
  8
PAFTA_ANTET
 62
175
370
13
100
AcDbLine
 10
493.2738419999999
 20
25.699494
 30
0.0
 11
492.878547
 21
25.501126
 31
0.0
  0
LINE
  5
34D
330
30
100
AcDbEntity
  8
PAFTA_ANTET
 62
175
370
13
100
AcDbLine
 10
492.878547
 20
25.501126
 30
0.0
 11
492.57328
 21
25.221535
 31
0.0
  0
LINE
  5
34E
330
30
100
AcDbEntity
  8
PAFTA_ANTET
 62
175
370
13
100
AcDbLine
 10
492.57328
 20
25.221535
 30
0.0
 11
493.383064
 21
24.176174
 31
0.0
  0
LINE
  5
34F
330
30
100
AcDbEntity
  8
PAFTA_ANTET
 62
175
370
13
100
AcDbLine
 10
493.383064
 20
24.176174
 30
0.0
 11
492.57328
 21
25.221535
 31
0.0
  0
LINE
  5
350
330
30
100
AcDbEntity
  8
PAFTA_ANTET
 62
175
370
13
100
AcDbLine
 10
492.57328
 20
25.221535
 30
0.0
 11
492.33509
 21
24.854979
 31
0.0
  0
LINE
  5
351
330
30
100
AcDbEntity
  8
PAFTA_ANTET
 62
175
370
13
100
AcDbLine
 10
492.33509
 20
24.854979
 30
0.0
 11
492.1618419999999
 21
24.4025
 31
0.0
  0
LINE
  5
352
330
30
100
AcDbEntity
  8
PAFTA_ANTET
 62
175
370
13
100
AcDbLine
 10
492.1618419999999
 20
24.4025
 30
0.0
 11
493.383064
 21
24.176174
 31
0.0
  0
LINE
  5
353
330
30
100
AcDbEntity
  8
PAFTA_ANTET
 62
175
370
13
100
AcDbLine
 10
493.6471019999999
 20
22.639042
 30
0.0
 11
493.8052749999999
 21
22.716095
 31
0.0
  0
LINE
  5
354
330
30
100
AcDbEntity
  8
PAFTA_ANTET
 62
175
370
13
100
AcDbLine
 10
493.8052749999999
 20
22.716095
 30
0.0
 11
494.3826669999999
 21
22.8748
 31
0.0
  0
LINE
  5
355
330
30
100
AcDbEntity
  8
PAFTA_ANTET
 62
175
370
13
100
AcDbLine
 10
494.3826669999999
 20
22.8748
 30
0.0
 11
493.8923110000001
 21
23.633934
 31
0.0
  0
LINE
  5
356
330
30
100
AcDbEntity
  8
PAFTA_ANTET
 62
175
370
13
100
AcDbLine
 10
493.8923110000001
 20
23.633934
 30
0.0
 11
493.6471019999999
 21
22.639042
 31
0.0
  0
LINE
  5
357
330
30
100
AcDbEntity
  8
PAFTA_ANTET
 62
175
370
13
100
AcDbLine
 10
493.8923110000001
 20
23.633934
 30
0.0
 11
494.3826669999999
 21
22.8748
 31
0.0
  0
LINE
  5
358
330
30
100
AcDbEntity
  8
PAFTA_ANTET
 62
175
370
13
100
AcDbLine
 10
494.3826669999999
 20
22.8748
 30
0.0
 11
495.002266
 21
23.019047
 31
0.0
  0
LINE
  5
359
330
30
100
AcDbEntity
  8
PAFTA_ANTET
 62
175
370
13
100
AcDbLine
 10
495.002266
 20
23.019047
 30
0.0
 11
494.900215
 21
23.860377
 31
0.0
  0
LINE
  5
35A
330
30
100
AcDbEntity
  8
PAFTA_ANTET
 62
175
370
13
100
AcDbLine
 10
494.900215
 20
23.860377
 30
0.0
 11
493.8923110000001
 21
23.633934
 31
0.0
  0
LINE
  5
35B
330
30
100
AcDbEntity
  8
PAFTA_ANTET
 62
175
370
13
100
AcDbLine
 10
494.900215
 20
23.860377
 30
0.0
 11
495.002266
 21
23.019047
 31
0.0
  0
LINE
  5
35C
330
30
100
AcDbEntity
  8
PAFTA_ANTET
 62
175
370
13
100
AcDbLine
 10
495.002266
 20
23.019047
 30
0.0
 11
495.207832
 21
23.082264
 31
0.0
  0
LINE
  5
35D
330
30
100
AcDbEntity
  8
PAFTA_ANTET
 62
175
370
13
100
AcDbLine
 10
495.207832
 20
23.082264
 30
0.0
 11
495.207832
 21
23.968708
 31
0.0
  0
LINE
  5
35E
330
30
100
AcDbEntity
  8
PAFTA_ANTET
 62
175
370
13
100
AcDbLine
 10
495.207832
 20
23.968708
 30
0.0
 11
494.900215
 21
23.860377
 31
0.0
  0
LINE
  5
35F
330
30
100
AcDbEntity
  8
PAFTA_ANTET
 62
175
370
13
100
AcDbLine
 10
495.207832
 20
23.968708
 30
0.0
 11
495.207832
 21
23.082264
 31
0.0
  0
LINE
  5
360
330
30
100
AcDbEntity
  8
PAFTA_ANTET
 62
175
370
13
100
AcDbLine
 10
495.207832
 20
23.082264
 30
0.0
 11
495.207832
 21
22.813504
 31
0.0
  0
LINE
  5
361
330
30
100
AcDbEntity
  8
PAFTA_ANTET
 62
175
370
13
100
AcDbLine
 10
495.207832
 20
22.813504
 30
0.0
 11
495.316261
 21
21.177353
 31
0.0
  0
LINE
  5
362
330
30
100
AcDbEntity
  8
PAFTA_ANTET
 62
175
370
13
100
AcDbLine
 10
495.316261
 20
21.177353
 30
0.0
 11
495.207832
 21
23.968708
 31
0.0
  0
LINE
  5
363
330
30
100
AcDbEntity
  8
PAFTA_ANTET
 62
175
370
13
100
AcDbLine
 10
495.316261
 20
21.177353
 30
0.0
 11
495.207832
 21
22.813504
 31
0.0
  0
LINE
  5
364
330
30
100
AcDbEntity
  8
PAFTA_ANTET
 62
175
370
13
100
AcDbLine
 10
495.207832
 20
22.813504
 30
0.0
 11
495.1850659999999
 21
22.300402
 31
0.0
  0
LINE
  5
365
330
30
100
AcDbEntity
  8
PAFTA_ANTET
 62
175
370
13
100
AcDbLine
 10
495.1850659999999
 20
22.300402
 30
0.0
 11
495.316261
 21
21.177353
 31
0.0
  0
LINE
  5
366
330
30
100
AcDbEntity
  8
PAFTA_ANTET
 62
175
370
13
100
AcDbLine
 10
493.8357309999999
 20
21.512717
 30
0.0
 11
493.595253
 21
21.667727
 31
0.0
  0
LINE
  5
367
330
30
100
AcDbEntity
  8
PAFTA_ANTET
 62
175
370
13
100
AcDbLine
 10
493.595253
 20
21.667727
 30
0.0
 11
493.4361039999999
 21
21.893463
 31
0.0
  0
LINE
  5
368
330
30
100
AcDbEntity
  8
PAFTA_ANTET
 62
175
370
13
100
AcDbLine
 10
493.4361039999999
 20
21.893463
 30
0.0
 11
493.727272
 21
20.50309
 31
0.0
  0
LINE
  5
369
330
30
100
AcDbEntity
  8
PAFTA_ANTET
 62
175
370
13
100
AcDbLine
 10
493.727272
 20
20.50309
 30
0.0
 11
493.8357309999999
 21
21.512717
 31
0.0
  0
LINE
  5
36A
330
30
100
AcDbEntity
  8
PAFTA_ANTET
 62
175
370
13
100
AcDbLine
 10
493.727272
 20
20.50309
 30
0.0
 11
493.4361039999999
 21
21.893463
 31
0.0
  0
LINE
  5
36B
330
30
100
AcDbEntity
  8
PAFTA_ANTET
 62
175
370
13
100
AcDbLine
 10
493.4361039999999
 20
21.893463
 30
0.0
 11
493.383064
 21
22.1581
 31
0.0
  0
LINE
  5
36C
330
30
100
AcDbEntity
  8
PAFTA_ANTET
 62
175
370
13
100
AcDbLine
 10
493.383064
 20
22.1581
 30
0.0
 11
493.23899
 21
20.550415
 31
0.0
  0
LINE
  5
36D
330
30
100
AcDbEntity
  8
PAFTA_ANTET
 62
175
370
13
100
AcDbLine
 10
493.23899
 20
20.550415
 30
0.0
 11
493.727272
 21
20.50309
 31
0.0
  0
LINE
  5
36E
330
30
100
AcDbEntity
  8
PAFTA_ANTET
 62
175
370
13
100
AcDbLine
 10
493.23899
 20
20.550415
 30
0.0
 11
493.383064
 21
22.1581
 31
0.0
  0
LINE
  5
36F
330
30
100
AcDbEntity
  8
PAFTA_ANTET
 62
175
370
13
100
AcDbLine
 10
493.383064
 20
22.1581
 30
0.0
 11
493.446541
 21
22.425366
 31
0.0
  0
LINE
  5
370
330
30
100
AcDbEntity
  8
PAFTA_ANTET
 62
175
370
13
100
AcDbLine
 10
493.446541
 20
22.425366
 30
0.0
 11
493.268257
 21
23.488709
 31
0.0
  0
LINE
  5
371
330
30
100
AcDbEntity
  8
PAFTA_ANTET
 62
175
370
13
100
AcDbLine
 10
493.268257
 20
23.488709
 30
0.0
 11
493.23899
 21
20.550415
 31
0.0
  0
LINE
  5
372
330
30
100
AcDbEntity
  8
PAFTA_ANTET
 62
175
370
13
100
AcDbLine
 10
493.268257
 20
23.488709
 30
0.0
 11
493.446541
 21
22.425366
 31
0.0
  0
LINE
  5
373
330
30
100
AcDbEntity
  8
PAFTA_ANTET
 62
175
370
13
100
AcDbLine
 10
493.446541
 20
22.425366
 30
0.0
 11
493.6471019999999
 21
22.639042
 31
0.0
  0
LINE
  5
374
330
30
100
AcDbEntity
  8
PAFTA_ANTET
 62
175
370
13
100
AcDbLine
 10
493.6471019999999
 20
22.639042
 30
0.0
 11
493.8923110000001
 21
23.633934
 31
0.0
  0
LINE
  5
375
330
30
100
AcDbEntity
  8
PAFTA_ANTET
 62
175
370
13
100
AcDbLine
 10
493.8923110000001
 20
23.633934
 30
0.0
 11
493.268257
 21
23.488709
 31
0.0
  0
LINE
  5
376
330
30
100
AcDbEntity
  8
PAFTA_ANTET
 62
175
370
13
100
AcDbLine
 10
495.1850659999999
 20
22.300402
 30
0.0
 11
495.1559519999999
 21
22.148671
 31
0.0
  0
LINE
  5
377
330
30
100
AcDbEntity
  8
PAFTA_ANTET
 62
175
370
13
100
AcDbLine
 10
495.1559519999999
 20
22.148671
 30
0.0
 11
495.0379099999999
 21
21.902994
 31
0.0
  0
LINE
  5
378
330
30
100
AcDbEntity
  8
PAFTA_ANTET
 62
175
370
13
100
AcDbLine
 10
495.0379099999999
 20
21.902994
 30
0.0
 11
495.316261
 21
21.177353
 31
0.0
  0
LINE
  5
379
330
30
100
AcDbEntity
  8
PAFTA_ANTET
 62
175
370
13
100
AcDbLine
 10
495.316261
 20
21.177353
 30
0.0
 11
495.1850659999999
 21
22.300402
 31
0.0
  0
LINE
  5
37A
330
30
100
AcDbEntity
  8
PAFTA_ANTET
 62
175
370
13
100
AcDbLine
 10
495.316261
 20
21.177353
 30
0.0
 11
495.0379099999999
 21
21.902994
 31
0.0
  0
LINE
  5
37B
330
30
100
AcDbEntity
  8
PAFTA_ANTET
 62
175
370
13
100
AcDbLine
 10
495.0379099999999
 20
21.902994
 30
0.0
 11
494.8353339999999
 21
21.700733
 31
0.0
  0
LINE
  5
37C
330
30
100
AcDbEntity
  8
PAFTA_ANTET
 62
175
370
13
100
AcDbLine
 10
494.8353339999999
 20
21.700733
 30
0.0
 11
494.958503
 21
20.880301
 31
0.0
  0
LINE
  5
37D
330
30
100
AcDbEntity
  8
PAFTA_ANTET
 62
175
370
13
100
AcDbLine
 10
494.958503
 20
20.880301
 30
0.0
 11
495.316261
 21
21.177353
 31
0.0
  0
LINE
  5
37E
330
30
100
AcDbEntity
  8
PAFTA_ANTET
 62
175
370
13
100
AcDbLine
 10
494.958503
 20
20.880301
 30
0.0
 11
494.8353339999999
 21
21.700733
 31
0.0
  0
LINE
  5
37F
330
30
100
AcDbEntity
  8
PAFTA_ANTET
 62
175
370
13
100
AcDbLine
 10
494.8353339999999
 20
21.700733
 30
0.0
 11
494.4911269999999
 21
21.520378
 31
0.0
  0
LINE
  5
380
330
30
100
AcDbEntity
  8
PAFTA_ANTET
 62
175
370
13
100
AcDbLine
 10
494.4911269999999
 20
21.520378
 30
0.0
 11
494.575996
 21
20.66812
 31
0.0
  0
LINE
  5
381
330
30
100
AcDbEntity
  8
PAFTA_ANTET
 62
175
370
13
100
AcDbLine
 10
494.575996
 20
20.66812
 30
0.0
 11
494.958503
 21
20.880301
 31
0.0
  0
LINE
  5
382
330
30
100
AcDbEntity
  8
PAFTA_ANTET
 62
175
370
13
100
AcDbLine
 10
494.575996
 20
20.66812
 30
0.0
 11
494.4911269999999
 21
21.520378
 31
0.0
  0
LINE
  5
383
330
30
100
AcDbEntity
  8
PAFTA_ANTET
 62
175
370
13
100
AcDbLine
 10
494.4911269999999
 20
21.520378
 30
0.0
 11
494.1327589999999
 21
21.460261
 31
0.0
  0
LINE
  5
384
330
30
100
AcDbEntity
  8
PAFTA_ANTET
 62
175
370
13
100
AcDbLine
 10
494.1327589999999
 20
21.460261
 30
0.0
 11
494.1664199999999
 21
20.543444
 31
0.0
  0
LINE
  5
385
330
30
100
AcDbEntity
  8
PAFTA_ANTET
 62
175
370
13
100
AcDbLine
 10
494.1664199999999
 20
20.543444
 30
0.0
 11
494.575996
 21
20.66812
 31
0.0
  0
LINE
  5
386
330
30
100
AcDbEntity
  8
PAFTA_ANTET
 62
175
370
13
100
AcDbLine
 10
494.1664199999999
 20
20.543444
 30
0.0
 11
494.1327589999999
 21
21.460261
 31
0.0
  0
LINE
  5
387
330
30
100
AcDbEntity
  8
PAFTA_ANTET
 62
175
370
13
100
AcDbLine
 10
494.1327589999999
 20
21.460261
 30
0.0
 11
493.8357309999999
 21
21.512717
 31
0.0
  0
LINE
  5
388
330
30
100
AcDbEntity
  8
PAFTA_ANTET
 62
175
370
13
100
AcDbLine
 10
493.8357309999999
 20
21.512717
 30
0.0
 11
494.1664199999999
 21
20.543444
 31
0.0
  0
LINE
  5
389
330
30
100
AcDbEntity
  8
PAFTA_ANTET
 62
175
370
13
100
AcDbLine
 10
493.23899
 20
20.550415
 30
0.0
 11
493.268257
 21
23.488709
 31
0.0
  0
LINE
  5
38A
330
30
100
AcDbEntity
  8
PAFTA_ANTET
 62
175
370
13
100
AcDbLine
 10
493.268257
 20
23.488709
 30
0.0
 11
492.8125379999999
 21
23.318022
 31
0.0
  0
LINE
  5
38B
330
30
100
AcDbEntity
  8
PAFTA_ANTET
 62
175
370
13
100
AcDbLine
 10
492.8125379999999
 20
23.318022
 30
0.0
 11
492.8230049999999
 21
20.693093
 31
0.0
  0
LINE
  5
38C
330
30
100
AcDbEntity
  8
PAFTA_ANTET
 62
175
370
13
100
AcDbLine
 10
492.8230049999999
 20
20.693093
 30
0.0
 11
493.23899
 21
20.550415
 31
0.0
  0
LINE
  5
38D
330
30
100
AcDbEntity
  8
PAFTA_ANTET
 62
175
370
13
100
AcDbLine
 10
492.8230049999999
 20
20.693093
 30
0.0
 11
492.8125379999999
 21
23.318022
 31
0.0
  0
LINE
  5
38E
330
30
100
AcDbEntity
  8
PAFTA_ANTET
 62
175
370
13
100
AcDbLine
 10
492.8125379999999
 20
23.318022
 30
0.0
 11
492.4823679999999
 21
23.096014
 31
0.0
  0
LINE
  5
38F
330
30
100
AcDbEntity
  8
PAFTA_ANTET
 62
175
370
13
100
AcDbLine
 10
492.4823679999999
 20
23.096014
 30
0.0
 11
492.48249
 21
20.93216700000001
 31
0.0
  0
LINE
  5
390
330
30
100
AcDbEntity
  8
PAFTA_ANTET
 62
175
370
13
100
AcDbLine
 10
492.48249
 20
20.93216700000001
 30
0.0
 11
492.8230049999999
 21
20.693093
 31
0.0
  0
LINE
  5
391
330
30
100
AcDbEntity
  8
PAFTA_ANTET
 62
175
370
13
100
AcDbLine
 10
492.48249
 20
20.93216700000001
 30
0.0
 11
492.4823679999999
 21
23.096014
 31
0.0
  0
LINE
  5
392
330
30
100
AcDbEntity
  8
PAFTA_ANTET
 62
175
370
13
100
AcDbLine
 10
492.4823679999999
 20
23.096014
 30
0.0
 11
492.232582
 21
22.794642
 31
0.0
  0
LINE
  5
393
330
30
100
AcDbEntity
  8
PAFTA_ANTET
 62
175
370
13
100
AcDbLine
 10
492.232582
 20
22.794642
 30
0.0
 11
492.48249
 21
20.93216700000001
 31
0.0
  0
LINE
  5
394
330
30
100
AcDbEntity
  8
PAFTA_ANTET
 62
175
370
13
100
AcDbLine
 10
492.025123
 20
22.021361
 30
0.0
 11
492.0766369999999
 21
21.605906
 31
0.0
  0
LINE
  5
395
330
30
100
AcDbEntity
  8
PAFTA_ANTET
 62
175
370
13
100
AcDbLine
 10
492.0766369999999
 20
21.605906
 30
0.0
 11
492.229774
 21
21.243889
 31
0.0
  0
LINE
  5
396
330
30
100
AcDbEntity
  8
PAFTA_ANTET
 62
175
370
13
100
AcDbLine
 10
492.229774
 20
21.243889
 30
0.0
 11
492.0775519999999
 21
22.430989
 31
0.0
  0
LINE
  5
397
330
30
100
AcDbEntity
  8
PAFTA_ANTET
 62
175
370
13
100
AcDbLine
 10
492.0775519999999
 20
22.430989
 30
0.0
 11
492.025123
 21
22.021361
 31
0.0
  0
LINE
  5
398
330
30
100
AcDbEntity
  8
PAFTA_ANTET
 62
175
370
13
100
AcDbLine
 10
492.0775519999999
 20
22.430989
 30
0.0
 11
492.229774
 21
21.243889
 31
0.0
  0
LINE
  5
399
330
30
100
AcDbEntity
  8
PAFTA_ANTET
 62
175
370
13
100
AcDbLine
 10
492.229774
 20
21.243889
 30
0.0
 11
492.48249
 21
20.93216700000001
 31
0.0
  0
LINE
  5
39A
330
30
100
AcDbEntity
  8
PAFTA_ANTET
 62
175
370
13
100
AcDbLine
 10
492.48249
 20
20.93216700000001
 30
0.0
 11
492.232582
 21
22.794642
 31
0.0
  0
LINE
  5
39B
330
30
100
AcDbEntity
  8
PAFTA_ANTET
 62
175
370
13
100
AcDbLine
 10
492.232582
 20
22.794642
 30
0.0
 11
492.0775519999999
 21
22.430989
 31
0.0
  0
LINE
  5
39C
330
30
100
AcDbEntity
  8
PAFTA_ANTET
 62
175
370
13
100
AcDbLine
 10
493.8357309999999
 20
21.512717
 30
0.0
 11
493.727272
 21
20.50309
 31
0.0
  0
LINE
  5
39D
330
30
100
AcDbEntity
  8
PAFTA_ANTET
 62
175
370
13
100
AcDbLine
 10
493.727272
 20
20.50309
 30
0.0
 11
494.1664199999999
 21
20.543444
 31
0.0
  0
LINE
  5
39E
330
30
100
AcDbEntity
  8
PAFTA_ANTET
 62
175
370
13
100
AcDbLine
 10
494.1664199999999
 20
20.543444
 30
0.0
 11
493.8357309999999
 21
21.512717
 31
0.0
  0
LINE
  5
39F
330
30
100
AcDbEntity
  8
PAFTA_ANTET
 62
175
370
13
100
AcDbLine
 10
495.207832
 20
23.968708
 30
0.0
 11
495.316261
 21
21.177353
 31
0.0
  0
LINE
  5
3A0
330
30
100
AcDbEntity
  8
PAFTA_ANTET
 62
175
370
13
100
AcDbLine
 10
495.316261
 20
21.177353
 30
0.0
 11
495.207832
 21
24.100733
 31
0.0
  0
LINE
  5
3A1
330
30
100
AcDbEntity
  8
PAFTA_ANTET
 62
175
370
13
100
AcDbLine
 10
495.207832
 20
24.100733
 30
0.0
 11
495.207832
 21
23.968708
 31
0.0
  0
LINE
  5
3A2
330
30
100
AcDbEntity
  8
PAFTA_ANTET
 62
7
370
35
100
AcDbLine
 10
533.460029
 20
95.081696
 30
0.0
 11
583.460029
 21
95.081696
 31
0.0
  0
LINE
  5
3A3
330
30
100
AcDbEntity
  8
PAFTA_ANTET
 62
7
370
35
100
AcDbLine
 10
583.460029
 20
95.081696
 30
0.0
 11
583.460029
 21
88.081696
 31
0.0
  0
LINE
  5
3A4
330
30
100
AcDbEntity
  8
PAFTA_ANTET
 62
7
370
35
100
AcDbLine
 10
533.460029
 20
95.081696
 30
0.0
 11
521.575569
 21
88.081696
 31
0.0
  0
LWPOLYLINE
  5
3A5
330
30
100
AcDbEntity
  8
PAFTA_ANTET
100
AcDbPolyline
 90
10
 70
1
 10
454.623
 20
10.985
 10
454.891
 20
10.985
 10
454.891
 20
11.905
 10
455.732
 20
11.905
 10
455.732
 20
12.144
 10
454.891
 20
12.144
 10
454.891
 20
12.743
 10
455.925
 20
12.743
 10
455.925
 20
12.985
 10
454.623
 20
12.985
  0
LWPOLYLINE
  5
3A6
330
30
100
AcDbEntity
  8
PAFTA_ANTET
100
AcDbPolyline
 90
12
 70
1
 10
456.816
 20
11.227
 10
456.447
 20
11.227
 10
456.447
 20
10.985
 10
457.45
 20
10.985
 10
457.45
 20
11.227
 10
457.081
 20
11.227
 10
457.081
 20
12.743
 10
457.45
 20
12.743
 10
457.45
 20
12.985
 10
456.447
 20
12.985
 10
456.447
 20
12.743
 10
456.816
 20
12.743
  0
LWPOLYLINE
  5
3A7
330
30
100
AcDbEntity
  8
PAFTA_ANTET
100
AcDbPolyline
 90
6
 70
1
 10
458.098
 20
10.985
 10
459.384
 20
10.985
 10
459.384
 20
11.227
 10
458.363
 20
11.227
 10
458.363
 20
12.985
 10
458.098
 20
12.985
  0
LWPOLYLINE
  5
3A8
330
30
100
AcDbEntity
  8
PAFTA_ANTET
100
AcDbPolyline
 90
12
 70
1
 10
459.813
 20
10.985
 10
461.081
 20
10.985
 10
461.081
 20
11.227
 10
460.078
 20
11.227
 10
460.078
 20
11.905
 10
460.971
 20
11.905
 10
460.971
 20
12.144
 10
460.078
 20
12.144
 10
460.078
 20
12.743
 10
461.058
 20
12.743
 10
461.058
 20
12.985
 10
459.813
 20
12.985
  0
LWPOLYLINE
  5
3A9
330
30
100
AcDbEntity
  8
PAFTA_ANTET
100
AcDbPolyline
 90
4
 70
1
 10
461.954
 20
10.985
 10
462.352
 20
10.985
 10
462.352
 20
11.415
 10
461.954
 20
11.415
  0
LWPOLYLINE
  5
3AA
330
30
100
AcDbEntity
  8
PAFTA_ANTET
100
AcDbPolyline
 90
4
 70
1
 10
461.954
 20
12.103
 10
462.352
 20
12.103
 10
462.352
 20
12.533
 10
461.954
 20
12.533
  0
LINE
  5
3AB
330
30
100
AcDbEntity
  8
PAFTA_ANTET
 62
7
370
35
100
AcDbLine
 10
500.572578
 20
80.91264399999999
 30
0.0
 11
400.580024
 21
80.91264399999999
 31
0.0
  0
LINE
  5
3AC
330
30
100
AcDbEntity
  8
PAFTA_ANTET
 62
7
370
35
100
AcDbLine
 10
440.5733719999999
 20
47.889904
 30
0.0
 11
440.5733719999999
 21
74.68536399999999
 31
0.0
  0
LINE
  5
3AD
330
30
100
AcDbEntity
  8
PAFTA_ANTET
 62
7
370
35
100
AcDbLine
 10
452.5733719999999
 20
47.889904
 30
0.0
 11
452.5733719999999
 21
74.68536399999999
 31
0.0
  0
LINE
  5
3AE
330
30
100
AcDbEntity
  8
PAFTA_ANTET
 62
7
370
35
100
AcDbLine
 10
464.5733719999999
 20
47.889904
 30
0.0
 11
464.5733719999999
 21
74.68536399999999
 31
0.0
  0
LINE
  5
3AF
330
30
100
AcDbEntity
  8
PAFTA_ANTET
 62
7
370
35
100
AcDbLine
 10
476.571144
 20
47.889904
 30
0.0
 11
476.571144
 21
74.68536399999999
 31
0.0
  0
LINE
  5
3B0
330
30
100
AcDbEntity
  8
PAFTA_ANTET
 62
7
370
35
100
AcDbLine
 10
488.564613
 20
47.889904
 30
0.0
 11
488.564613
 21
74.68536399999999
 31
0.0
  0
LINE
  5
3B1
330
30
100
AcDbEntity
  8
PAFTA_ANTET
 62
7
370
35
100
AcDbLine
 10
428.573372
 20
47.889904
 30
0.0
 11
428.573372
 21
74.68536399999999
 31
0.0
  0
LINE
  5
3B2
330
30
100
AcDbEntity
  8
PAFTA_ANTET
 62
7
370
35
100
AcDbLine
 10
483.2147599999999
 20
47.889904
 30
0.0
 11
483.2147599999999
 21
30.97
 31
0.0
  0
LINE
  5
3B3
330
30
100
AcDbEntity
  8
PAFTA_ANTET
 62
7
370
35
100
AcDbLine
 10
466.766365
 20
47.889904
 30
0.0
 11
466.766365
 21
30.97
 31
0.0
  0
LINE
  5
3B4
330
30
100
AcDbEntity
  8
PAFTA_ANTET
 62
7
370
35
100
AcDbLine
 10
400.580024
 20
14.157147
 30
0.0
 11
453.9200509999999
 21
14.157147
 31
0.0
  0
LINE
  5
3B5
330
30
100
AcDbEntity
  8
PAFTA_ANTET
 62
7
370
35
100
AcDbLine
 10
327.1795120000001
 20
9.82
 30
0.0
 11
397.179512
 21
9.82
 31
0.0
  0
SOLID
  5
3B6
330
30
100
AcDbEntity
  8
PAFTA_ANTET
 62
2
370
5
100
AcDbTrace
 10
462.7202529999999
 20
29.540474
 30
0.0
 11
459.1202469999999
 21
25.040474
 31
0.0
 12
466.320259
 22
25.040474
 32
0.0
 13
462.7202529999999
 23
20.540474
 33
0.0
  0
SOLID
  5
3B7
330
30
100
AcDbEntity
  8
PAFTA_ANTET
 62
40
370
5
100
AcDbTrace
 10
462.7202529999999
 20
20.540474
 30
0.0
 11
466.320259
 21
25.040474
 31
0.0
 12
459.1202469999999
 22
25.040474
 32
0.0
 13
462.7202529999999
 23
29.540474
 33
0.0
  0
SOLID
  5
3B8
330
30
100
AcDbEntity
  8
PAFTA_ANTET
 62
175
370
5
100
AcDbTrace
 10
462.7202529999999
 20
19.09977
 30
0.0
 11
457.967689
 21
25.040474
 31
0.0
 12
458.02845
 22
18.446247
 32
0.0
 13
457.967689
 23
19.140724
 33
0.0
  0
SOLID
  5
3B9
330
30
100
AcDbEntity
  8
PAFTA_ANTET
 62
175
370
5
100
AcDbTrace
 10
462.7202529999999
 20
19.09977
 30
0.0
 11
458.02845
 21
18.446247
 31
0.0
 12
458.5034249999999
 22
17.141026
 32
0.0
 13
458.208839
 23
17.772862
 33
0.0
  0
SOLID
  5
3BA
330
30
100
AcDbEntity
  8
PAFTA_ANTET
 62
175
370
5
100
AcDbTrace
 10
462.7202529999999
 20
19.09977
 30
0.0
 11
458.5034249999999
 21
17.141026
 31
0.0
 12
459.396095
 22
16.076918
 32
0.0
 13
458.903206
 23
16.569928
 33
0.0
  0
SOLID
  5
3BB
330
30
100
AcDbEntity
  8
PAFTA_ANTET
 62
175
370
5
100
AcDbTrace
 10
462.7202529999999
 20
19.09977
 30
0.0
 11
459.396095
 21
16.076918
 31
0.0
 12
460.598854
 22
15.38223
 32
0.0
 13
459.967079
 23
15.676969
 33
0.0
  0
SOLID
  5
3BC
330
30
100
AcDbEntity
  8
PAFTA_ANTET
 62
175
370
5
100
AcDbTrace
 10
462.7202529999999
 20
19.09977
 30
0.0
 11
460.598854
 21
15.38223
 31
0.0
 12
461.9666519999999
 22
15.140725
 32
0.0
 13
461.2721940000001
 23
15.201655
 33
0.0
  0
SOLID
  5
3BD
330
30
100
AcDbEntity
  8
PAFTA_ANTET
 62
175
370
5
100
AcDbTrace
 10
462.7202529999999
 20
19.09977
 30
0.0
 11
461.9666519999999
 21
15.140725
 31
0.0
 12
464.26139
 22
15.200921
 32
0.0
 13
463.566658
 23
15.140312
 33
0.0
  0
SOLID
  5
3BE
330
30
100
AcDbEntity
  8
PAFTA_ANTET
 62
175
370
5
100
AcDbTrace
 10
462.7202529999999
 20
19.09977
 30
0.0
 11
464.26139
 21
15.200921
 31
0.0
 12
465.5670849999999
 22
15.675865
 32
0.0
 13
464.9350049999999
 23
15.381266
 33
0.0
  0
SOLID
  5
3BF
330
30
100
AcDbEntity
  8
PAFTA_ANTET
 62
175
370
5
100
AcDbTrace
 10
462.7202529999999
 20
19.09977
 30
0.0
 11
465.5670849999999
 21
15.675865
 31
0.0
 12
466.6315690000001
 22
16.56881
 32
0.0
 13
466.1384049999999
 23
16.075764
 33
0.0
  0
SOLID
  5
3C0
330
30
100
AcDbEntity
  8
PAFTA_ANTET
 62
175
370
5
100
AcDbTrace
 10
462.7202529999999
 20
19.09977
 30
0.0
 11
466.6315690000001
 21
16.56881
 31
0.0
 12
467.326393
 22
17.772015
 32
0.0
 13
467.031624
 23
17.140013
 33
0.0
  0
SOLID
  5
3C1
330
30
100
AcDbEntity
  8
PAFTA_ANTET
 62
175
370
5
100
AcDbTrace
 10
462.7202529999999
 20
19.09977
 30
0.0
 11
467.326393
 21
17.772015
 31
0.0
 12
467.567695
 22
19.140312
 32
0.0
 13
467.506904
 23
18.445607
 33
0.0
  0
SOLID
  5
3C2
330
30
100
AcDbEntity
  8
PAFTA_ANTET
 62
175
370
5
100
AcDbTrace
 10
462.7202529999999
 20
19.09977
 30
0.0
 11
467.567695
 21
19.140312
 31
0.0
 12
467.567695
 22
25.159069
 32
0.0
 13
467.567695
 23
25.159069
 33
0.0
  0
SOLID
  5
3C3
330
30
100
AcDbEntity
  8
PAFTA_ANTET
 62
175
370
5
100
AcDbTrace
 10
470.580696
 20
24.996607
 30
0.0
 11
470.580696
 21
25.751026
 31
0.0
 12
470.679725
 22
20.616253
 32
0.0
 13
469.326484
 23
25.751026
 33
0.0
  0
SOLID
  5
3C4
330
30
100
AcDbEntity
  8
PAFTA_ANTET
 62
175
370
5
100
AcDbTrace
 10
470.580696
 20
24.996607
 30
0.0
 11
470.679725
 21
20.616253
 31
0.0
 12
470.6908949999999
 22
23.452839
 32
0.0
 13
470.679725
 23
22.940811
 33
0.0
  0
SOLID
  5
3C5
330
30
100
AcDbEntity
  8
PAFTA_ANTET
 62
175
370
5
100
AcDbTrace
 10
470.580696
 20
24.996607
 30
0.0
 11
470.6908949999999
 21
23.452839
 31
0.0
 12
470.937965
 22
25.374111
 32
0.0
 13
470.7251349999999
 23
23.846464
 33
0.0
  0
SOLID
  5
3C6
330
30
100
AcDbEntity
  8
PAFTA_ANTET
 62
175
370
5
100
AcDbTrace
 10
472.6960219999999
 20
25.819987
 30
0.0
 11
472.268715
 21
25.859474
 31
0.0
 12
472.546913
 22
24.312912
 32
0.0
 13
472.434303
 23
24.528227
 33
0.0
  0
SOLID
  5
3C7
330
30
100
AcDbEntity
  8
PAFTA_ANTET
 62
175
370
5
100
AcDbTrace
 10
472.6960219999999
 20
25.819987
 30
0.0
 11
472.546913
 21
24.312912
 31
0.0
 12
472.631782
 22
23.233149
 32
0.0
 13
472.594062
 23
24.083269
 33
0.0
  0
SOLID
  5
3C8
330
30
100
AcDbEntity
  8
PAFTA_ANTET
 62
175
370
5
100
AcDbTrace
 10
472.6960219999999
 20
25.819987
 30
0.0
 11
472.631782
 21
23.233149
 31
0.0
 12
473.0844489999999
 22
25.699162
 32
0.0
 13
473.985023
 23
20.616253
 33
0.0
  0
SOLID
  5
3C9
330
30
100
AcDbEntity
  8
PAFTA_ANTET
 62
175
370
5
100
AcDbTrace
 10
472.268715
 20
25.859474
 30
0.0
 11
471.781532
 21
25.805546
 31
0.0
 12
472.0495070000001
 22
24.791268
 32
0.0
 13
471.797218
 23
24.826863
 33
0.0
  0
SOLID
  5
3CA
330
30
100
AcDbEntity
  8
PAFTA_ANTET
 62
175
370
5
100
AcDbTrace
 10
472.268715
 20
25.859474
 30
0.0
 11
472.0495070000001
 21
24.791268
 31
0.0
 12
472.434303
 22
24.528227
 32
0.0
 13
472.264015
 23
24.690123
 33
0.0
  0
SOLID
  5
3CB
330
30
100
AcDbEntity
  8
PAFTA_ANTET
 62
175
370
5
100
AcDbTrace
 10
470.937965
 20
25.374111
 30
0.0
 11
470.783455
 21
24.119593
 31
0.0
 12
471.165382
 22
24.633541
 32
0.0
 13
470.9311599999999
 23
24.407822
 33
0.0
  0
SOLID
  5
3CC
330
30
100
AcDbEntity
  8
PAFTA_ANTET
 62
175
370
5
100
AcDbTrace
 10
470.937965
 20
25.374111
 30
0.0
 11
471.165382
 21
24.633541
 31
0.0
 12
471.338081
 22
25.643757
 32
0.0
 13
471.4618599999999
 23
24.777943
 33
0.0
  0
SOLID
  5
3CD
330
30
100
AcDbEntity
  8
PAFTA_ANTET
 62
175
370
5
100
AcDbTrace
 10
471.338081
 20
25.643757
 30
0.0
 11
471.4618599999999
 21
24.777943
 31
0.0
 12
471.781532
 22
25.805546
 32
0.0
 13
471.797218
 23
24.826863
 33
0.0
  0
SOLID
  5
3CE
330
30
100
AcDbEntity
  8
PAFTA_ANTET
 62
175
370
5
100
AcDbTrace
 10
473.985023
 20
20.616253
 30
0.0
 11
473.985023
 21
23.803679
 31
0.0
 12
473.914314
 22
24.7137
 32
0.0
 13
473.955574
 23
24.47196400000001
 33
0.0
  0
SOLID
  5
3CF
330
30
100
AcDbEntity
  8
PAFTA_ANTET
 62
175
370
5
100
AcDbTrace
 10
473.985023
 20
20.616253
 30
0.0
 11
473.914314
 21
24.7137
 31
0.0
 12
473.645546
 22
25.28423
 32
0.0
 13
473.8062209999999
 23
25.015202
 33
0.0
  0
SOLID
  5
3D0
330
30
100
AcDbEntity
  8
PAFTA_ANTET
 62
175
370
5
100
AcDbTrace
 10
473.985023
 20
20.616253
 30
0.0
 11
473.645546
 21
25.28423
 31
0.0
 12
473.0844489999999
 22
25.699162
 32
0.0
 13
473.4124519999999
 23
25.514027
 33
0.0
  0
SOLID
  5
3D1
330
30
100
AcDbEntity
  8
PAFTA_ANTET
 62
175
370
5
100
AcDbTrace
 10
473.985023
 20
20.616253
 30
0.0
 11
472.631782
 21
23.233149
 31
0.0
 12
472.631782
 22
20.616253
 32
0.0
 13
472.631782
 23
20.616253
 33
0.0
  0
SOLID
  5
3D2
330
30
100
AcDbEntity
  8
PAFTA_ANTET
 62
175
370
5
100
AcDbTrace
 10
470.679725
 20
20.616253
 30
0.0
 11
469.326484
 21
25.751026
 31
0.0
 12
469.326484
 22
20.616253
 32
0.0
 13
469.326484
 23
20.616253
 33
0.0
  0
SOLID
  5
3D3
330
30
100
AcDbEntity
  8
PAFTA_ANTET
 62
175
370
5
100
AcDbTrace
 10
470.937965
 20
25.374111
 30
0.0
 11
470.7251349999999
 21
23.846464
 31
0.0
 12
470.783455
 22
24.119593
 32
0.0
 13
470.783455
 23
24.119593
 33
0.0
  0
SOLID
  5
3D4
330
30
100
AcDbEntity
  8
PAFTA_ANTET
 62
175
370
5
100
AcDbTrace
 10
479.680916
 20
22.021361
 30
0.0
 11
479.4734269999999
 21
21.565565
 31
0.0
 12
478.8604809999999
 22
20.889731
 32
0.0
 13
479.199958
 23
21.188355
 33
0.0
  0
SOLID
  5
3D5
330
30
100
AcDbEntity
  8
PAFTA_ANTET
 62
175
370
5
100
AcDbTrace
 10
479.680916
 20
22.021361
 30
0.0
 11
478.8604809999999
 21
20.889731
 31
0.0
 12
478.3276749999999
 22
22.247687
 32
0.0
 13
478.4537429999999
 23
20.673249
 33
0.0
  0
SOLID
  5
3D6
330
30
100
AcDbEntity
  8
PAFTA_ANTET
 62
175
370
5
100
AcDbTrace
 10
477.9841379999999
 20
20.54521
 30
0.0
 11
477.46479
 21
21.512127
 31
0.0
 12
477.9975959999999
 22
21.686587
 32
0.0
 13
477.757728
 23
21.555153
 33
0.0
  0
SOLID
  5
3D7
330
30
100
AcDbEntity
  8
PAFTA_ANTET
 62
175
370
5
100
AcDbTrace
 10
477.9841379999999
 20
20.54521
 30
0.0
 11
477.9975959999999
 21
21.686587
 31
0.0
 12
478.4537429999999
 22
20.673249
 32
0.0
 13
478.1875679999999
 23
21.914236
 33
0.0
  0
SOLID
  5
3D8
330
30
100
AcDbEntity
  8
PAFTA_ANTET
 62
175
370
5
100
AcDbTrace
 10
478.4537429999999
 20
20.673249
 30
0.0
 11
478.1875679999999
 21
21.914236
 31
0.0
 12
478.3276749999999
 22
22.247687
 32
0.0
 13
478.3276749999999
 23
22.247687
 33
0.0
  0
SOLID
  5
3D9
330
30
100
AcDbEntity
  8
PAFTA_ANTET
 62
175
370
5
100
AcDbTrace
 10
477.4506599999999
 20
20.50309
 30
0.0
 11
476.828315
 21
20.557167
 31
0.0
 12
477.170875
 22
21.548626
 32
0.0
 13
476.9115669999999
 23
21.65952
 33
0.0
  0
SOLID
  5
3DA
330
30
100
AcDbEntity
  8
PAFTA_ANTET
 62
175
370
5
100
AcDbTrace
 10
477.4506599999999
 20
20.50309
 30
0.0
 11
477.170875
 21
21.548626
 31
0.0
 12
477.9841379999999
 22
20.54521
 32
0.0
 13
477.46479
 23
21.512127
 33
0.0
  0
SOLID
  5
3DB
330
30
100
AcDbEntity
  8
PAFTA_ANTET
 62
175
370
5
100
AcDbTrace
 10
476.828315
 20
20.557167
 30
0.0
 11
476.291328
 21
20.719986
 31
0.0
 12
476.454353
 22
22.240696
 32
0.0
 13
476.3883129999999
 23
22.499943
 33
0.0
  0
SOLID
  5
3DC
330
30
100
AcDbEntity
  8
PAFTA_ANTET
 62
175
370
5
100
AcDbTrace
 10
476.828315
 20
20.557167
 30
0.0
 11
476.454353
 21
22.240696
 31
0.0
 12
476.686805
 22
21.846901
 32
0.0
 13
476.5530159999999
 23
22.027907
 33
0.0
  0
SOLID
  5
3DD
330
30
100
AcDbEntity
  8
PAFTA_ANTET
 62
175
370
5
100
AcDbTrace
 10
476.828315
 20
20.557167
 30
0.0
 11
476.686805
 21
21.846901
 31
0.0
 12
476.9115669999999
 22
21.65952
 32
0.0
 13
476.9115669999999
 23
21.65952
 33
0.0
  0
SOLID
  5
3DE
330
30
100
AcDbEntity
  8
PAFTA_ANTET
 62
175
370
5
100
AcDbTrace
 10
476.291328
 20
20.719986
 30
0.0
 11
475.840065
 21
20.992432
 31
0.0
 12
476.388557
 22
25.679121
 32
0.0
 13
475.989845
 23
25.453678
 33
0.0
  0
SOLID
  5
3DF
330
30
100
AcDbEntity
  8
PAFTA_ANTET
 62
175
370
5
100
AcDbTrace
 10
476.291328
 20
20.719986
 30
0.0
 11
476.388557
 21
25.679121
 31
0.0
 12
476.3883129999999
 22
22.499943
 32
0.0
 13
476.361458
 23
22.794642
 33
0.0
  0
SOLID
  5
3E0
330
30
100
AcDbEntity
  8
PAFTA_ANTET
 62
175
370
5
100
AcDbTrace
 10
479.7563549999999
 20
22.794642
 30
0.0
 11
476.361458
 21
22.794642
 31
0.0
 12
478.412544
 22
23.629219
 32
0.0
 13
476.385017
 23
23.629219
 33
0.0
  0
SOLID
  5
3E1
330
30
100
AcDbEntity
  8
PAFTA_ANTET
 62
175
370
5
100
AcDbTrace
 10
479.7563549999999
 20
22.794642
 30
0.0
 11
478.412544
 21
23.629219
 31
0.0
 12
479.124519
 22
25.105055
 32
0.0
 13
478.762794
 23
25.435776
 33
0.0
  0
SOLID
  5
3E2
330
30
100
AcDbEntity
  8
PAFTA_ANTET
 62
175
370
5
100
AcDbTrace
 10
479.7563549999999
 20
22.794642
 30
0.0
 11
479.124519
 21
25.105055
 31
0.0
 12
479.574806
 22
24.277535
 32
0.0
 13
479.3834
 23
24.731556
 33
0.0
  0
SOLID
  5
3E3
330
30
100
AcDbEntity
  8
PAFTA_ANTET
 62
175
370
5
100
AcDbTrace
 10
479.7563549999999
 20
22.794642
 30
0.0
 11
479.574806
 21
24.277535
 31
0.0
 12
479.7465589999999
 22
23.291279
 32
0.0
 13
479.6984329999999
 23
23.743668
 33
0.0
  0
SOLID
  5
3E4
330
30
100
AcDbEntity
  8
PAFTA_ANTET
 62
175
370
5
100
AcDbTrace
 10
478.385322
 20
23.925017
 30
0.0
 11
478.318519
 21
24.179739
 31
0.0
 12
478.762794
 22
25.435776
 32
0.0
 13
478.3418039999999
 23
25.67146
 33
0.0
  0
SOLID
  5
3E5
330
30
100
AcDbEntity
  8
PAFTA_ANTET
 62
175
370
5
100
AcDbTrace
 10
478.385322
 20
23.925017
 30
0.0
 11
478.762794
 21
25.435776
 31
0.0
 12
478.412544
 22
23.629219
 32
0.0
 13
478.412544
 23
23.629219
 33
0.0
  0
SOLID
  5
3E6
330
30
100
AcDbEntity
  8
PAFTA_ANTET
 62
175
370
5
100
AcDbTrace
 10
478.3418039999999
 20
25.67146
 30
0.0
 11
478.318519
 21
24.179739
 31
0.0
 12
478.1107559999999
 22
24.520378
 32
0.0
 13
478.2295
 23
24.365097
 33
0.0
  0
SOLID
  5
3E7
330
30
100
AcDbEntity
  8
PAFTA_ANTET
 62
175
370
5
100
AcDbTrace
 10
478.3418039999999
 20
25.67146
 30
0.0
 11
478.1107559999999
 21
24.520378
 31
0.0
 12
477.860725
 22
25.812546
 32
0.0
 13
477.957832
 23
24.653801
 33
0.0
  0
SOLID
  5
3E8
330
30
100
AcDbEntity
  8
PAFTA_ANTET
 62
175
370
5
100
AcDbTrace
 10
477.860725
 20
25.812546
 30
0.0
 11
477.957832
 21
24.653801
 31
0.0
 12
477.604194
 22
24.807486
 32
0.0
 13
477.788948
 23
24.749653
 33
0.0
  0
SOLID
  5
3E9
330
30
100
AcDbEntity
  8
PAFTA_ANTET
 62
175
370
5
100
AcDbTrace
 10
477.860725
 20
25.812546
 30
0.0
 11
477.604194
 21
24.807486
 31
0.0
 12
477.318611
 22
25.859474
 32
0.0
 13
477.403511
 23
24.826863
 33
0.0
  0
SOLID
  5
3EA
330
30
100
AcDbEntity
  8
PAFTA_ANTET
 62
175
370
5
100
AcDbTrace
 10
477.1237259999999
 20
24.790888
 30
0.0
 11
476.878547
 21
24.683663
 31
0.0
 12
477.403511
 22
24.826863
 32
0.0
 13
477.318611
 23
25.859474
 33
0.0
  0
SOLID
  5
3EB
330
30
100
AcDbEntity
  8
PAFTA_ANTET
 62
175
370
5
100
AcDbTrace
 10
477.318611
 20
25.859474
 30
0.0
 11
476.878547
 21
24.683663
 31
0.0
 12
476.831489
 22
25.814387
 32
0.0
 13
476.667946
 23
24.506234
 33
0.0
  0
SOLID
  5
3EC
330
30
100
AcDbEntity
  8
PAFTA_ANTET
 62
175
370
5
100
AcDbTrace
 10
476.831489
 20
25.814387
 30
0.0
 11
476.667946
 21
24.506234
 31
0.0
 12
476.5461799999999
 22
24.339627
 32
0.0
 13
476.5461799999999
 23
24.339627
 33
0.0
  0
SOLID
  5
3ED
330
30
100
AcDbEntity
  8
PAFTA_ANTET
 62
175
370
5
100
AcDbTrace
 10
476.458473
 20
24.145186
 30
0.0
 11
476.4015269999999
 21
23.902417
 31
0.0
 12
476.5461799999999
 22
24.339627
 32
0.0
 13
476.831489
 23
25.814387
 33
0.0
  0
SOLID
  5
3EE
330
30
100
AcDbEntity
  8
PAFTA_ANTET
 62
175
370
5
100
AcDbTrace
 10
476.4015269999999
 20
23.902417
 30
0.0
 11
476.385017
 21
23.629219
 31
0.0
 12
476.831489
 22
25.814387
 32
0.0
 13
476.388557
 23
25.679121
 33
0.0
  0
SOLID
  5
3EF
330
30
100
AcDbEntity
  8
PAFTA_ANTET
 62
175
370
5
100
AcDbTrace
 10
476.388557
 20
25.679121
 30
0.0
 11
476.385017
 21
23.629219
 31
0.0
 12
476.361458
 22
22.794642
 32
0.0
 13
476.361458
 23
22.794642
 33
0.0
  0
SOLID
  5
3F0
330
30
100
AcDbEntity
  8
PAFTA_ANTET
 62
175
370
5
100
AcDbTrace
 10
475.044349
 20
23.930989
 30
0.0
 11
475.1756969999999
 21
24.387831
 31
0.0
 12
475.192451
 22
21.882397
 32
0.0
 13
475.372688
 23
24.790188
 33
0.0
  0
SOLID
  5
3F1
330
30
100
AcDbEntity
  8
PAFTA_ANTET
 62
175
370
5
100
AcDbTrace
 10
475.192451
 20
21.882397
 30
0.0
 11
475.372688
 21
24.790188
 31
0.0
 12
475.4750129999999
 22
21.375389
 32
0.0
 13
475.635322
 23
25.138062
 33
0.0
  0
SOLID
  5
3F2
330
30
100
AcDbEntity
  8
PAFTA_ANTET
 62
175
370
5
100
AcDbTrace
 10
475.4750129999999
 20
21.375389
 30
0.0
 11
475.635322
 21
25.138062
 31
0.0
 12
475.840065
 22
20.992432
 32
0.0
 13
475.989845
 23
25.453678
 33
0.0
  0
SOLID
  5
3F3
330
30
100
AcDbEntity
  8
PAFTA_ANTET
 62
175
370
5
100
AcDbTrace
 10
475.025398
 20
22.472115
 30
0.0
 11
474.9704969999999
 21
23.143563
 31
0.0
 12
475.044349
 22
23.930989
 32
0.0
 13
474.9889599999999
 23
23.552599
 33
0.0
  0
SOLID
  5
3F4
330
30
100
AcDbEntity
  8
PAFTA_ANTET
 62
175
370
5
100
AcDbTrace
 10
475.025398
 20
22.472115
 30
0.0
 11
475.044349
 21
23.930989
 31
0.0
 12
475.192451
 22
21.882397
 32
0.0
 13
475.192451
 23
21.882397
 33
0.0
  0
SOLID
  5
3F5
330
30
100
AcDbEntity
  8
PAFTA_ANTET
 62
175
370
5
100
AcDbTrace
 10
482.858894
 20
22.252402
 30
0.0
 11
482.575966
 21
23.129481
 31
0.0
 12
480.194862
 22
25.751026
 32
0.0
 13
481.614113
 23
25.751026
 33
0.0
  0
SOLID
  5
3F6
330
30
100
AcDbEntity
  8
PAFTA_ANTET
 62
175
370
5
100
AcDbTrace
 10
482.858894
 20
22.252402
 30
0.0
 11
480.194862
 21
25.751026
 31
0.0
 12
483.47657
 22
20.616253
 32
0.0
 13
482.2553779999999
 23
20.616253
 33
0.0
  0
SOLID
  5
3F7
330
30
100
AcDbEntity
  8
PAFTA_ANTET
 62
175
370
5
100
AcDbTrace
 10
482.858894
 20
22.252402
 30
0.0
 11
483.47657
 21
20.616253
 31
0.0
 12
484.113136
 22
25.751026
 32
0.0
 13
485.504097
 23
25.751026
 33
0.0
  0
SOLID
  5
3F8
330
30
100
AcDbEntity
  8
PAFTA_ANTET
 62
175
370
5
100
AcDbTrace
 10
482.858894
 20
22.252402
 30
0.0
 11
484.113136
 21
25.751026
 31
0.0
 12
482.995643
 22
22.690909
 32
0.0
 13
483.1417
 23
23.129149
 33
0.0
  0
SOLID
  5
3F9
330
30
100
AcDbEntity
  8
PAFTA_ANTET
 62
175
370
5
100
AcDbTrace
 10
487.801765
 20
22.312302
 30
0.0
 11
487.687355
 21
22.737887
 31
0.0
 12
487.9936599999999
 22
21.988356
 32
0.0
 13
488.0457230000001
 23
20.895853
 33
0.0
  0
SOLID
  5
3FA
330
30
100
AcDbEntity
  8
PAFTA_ANTET
 62
175
370
5
100
AcDbTrace
 10
487.687355
 20
22.737887
 30
0.0
 11
487.649482
 21
23.266156
 31
0.0
 12
488.0457230000001
 22
20.895853
 32
0.0
 13
487.673042
 23
21.24808
 33
0.0
  0
SOLID
  5
3FB
330
30
100
AcDbEntity
  8
PAFTA_ANTET
 62
175
370
5
100
AcDbTrace
 10
487.673042
 20
21.24808
 30
0.0
 11
487.649482
 21
23.266156
 31
0.0
 12
487.673042
 22
18.659476
 32
0.0
 13
487.588173
 23
24.996607
 33
0.0
  0
SOLID
  5
3FC
330
30
100
AcDbEntity
  8
PAFTA_ANTET
 62
175
370
5
100
AcDbTrace
 10
486.3198009999999
 20
25.751026
 30
0.0
 11
487.673042
 21
18.659476
 31
0.0
 12
487.588173
 22
25.751026
 32
0.0
 13
487.588173
 23
24.996607
 33
0.0
  0
SOLID
  5
3FD
330
30
100
AcDbEntity
  8
PAFTA_ANTET
 62
175
370
5
100
AcDbTrace
 10
490.88517
 20
24.913616
 30
0.0
 11
490.939094
 21
21.558056
 31
0.0
 12
491.040474
 22
24.635113
 32
0.0
 13
491.124946
 23
21.958319
 33
0.0
  0
SOLID
  5
3FE
330
30
100
AcDbEntity
  8
PAFTA_ANTET
 62
175
370
5
100
AcDbTrace
 10
491.040474
 20
24.635113
 30
0.0
 11
491.124946
 21
21.958319
 31
0.0
 12
491.1619639999999
 22
24.324389
 32
0.0
 13
491.248512
 23
22.41586
 33
0.0
  0
SOLID
  5
3FF
330
30
100
AcDbEntity
  8
PAFTA_ANTET
 62
175
370
5
100
AcDbTrace
 10
491.1619639999999
 20
24.324389
 30
0.0
 11
491.248512
 21
22.41586
 31
0.0
 12
491.2486949999999
 22
23.982855
 32
0.0
 13
491.300544
 23
22.796606
 33
0.0
  0
SOLID
  5
400
330
30
100
AcDbEntity
  8
PAFTA_ANTET
 62
175
370
5
100
AcDbTrace
 10
491.2486949999999
 20
23.982855
 30
0.0
 11
491.300544
 21
22.796606
 31
0.0
 12
491.317848
 22
23.209574
 32
0.0
 13
491.317848
 23
23.209574
 33
0.0
  0
SOLID
  5
401
330
30
100
AcDbEntity
  8
PAFTA_ANTET
 62
175
370
5
100
AcDbTrace
 10
489.926887
 20
23.195427
 30
0.0
 11
489.997291
 21
20.681816
 31
0.0
 12
490.0058669999999
 22
25.685604
 32
0.0
 13
490.2415839999999
 23
20.819756
 33
0.0
  0
SOLID
  5
402
330
30
100
AcDbEntity
  8
PAFTA_ANTET
 62
175
370
5
100
AcDbTrace
 10
490.0058669999999
 20
25.685604
 30
0.0
 11
490.2415839999999
 21
20.819756
 31
0.0
 12
490.250648
 22
25.55002200000001
 32
0.0
 13
490.4729989999999
 23
20.997702
 33
0.0
  0
SOLID
  5
403
330
30
100
AcDbEntity
  8
PAFTA_ANTET
 62
175
370
5
100
AcDbTrace
 10
490.250648
 20
25.55002200000001
 30
0.0
 11
490.4729989999999
 21
20.997702
 31
0.0
 12
490.480507
 22
25.37541
 32
0.0
 13
490.690742
 23
21.215075
 33
0.0
  0
SOLID
  5
404
330
30
100
AcDbEntity
  8
PAFTA_ANTET
 62
175
370
5
100
AcDbTrace
 10
490.480507
 20
25.37541
 30
0.0
 11
490.690742
 21
21.215075
 31
0.0
 12
490.6954419999999
 22
25.161637
 32
0.0
 13
490.939094
 23
21.558056
 33
0.0
  0
SOLID
  5
405
330
30
100
AcDbEntity
  8
PAFTA_ANTET
 62
175
370
5
100
AcDbTrace
 10
490.6954419999999
 20
25.161637
 30
0.0
 11
490.939094
 21
21.558056
 31
0.0
 12
490.88517
 22
24.913616
 32
0.0
 13
490.88517
 23
24.913616
 33
0.0
  0
SOLID
  5
406
330
30
100
AcDbEntity
  8
PAFTA_ANTET
 62
175
370
5
100
AcDbTrace
 10
489.181892
 20
25.859474
 30
0.0
 11
488.799965
 21
24.789141
 31
0.0
 12
489.3696059999999
 22
24.615351
 32
0.0
 13
489.102607
 23
24.74573
 33
0.0
  0
SOLID
  5
407
330
30
100
AcDbEntity
  8
PAFTA_ANTET
 62
175
370
5
100
AcDbTrace
 10
489.181892
 20
25.859474
 30
0.0
 11
489.3696059999999
 21
24.615351
 31
0.0
 12
489.471473
 22
25.840199
 32
0.0
 13
489.6015389999999
 23
24.397785
 33
0.0
  0
SOLID
  5
408
330
30
100
AcDbEntity
  8
PAFTA_ANTET
 62
175
370
5
100
AcDbTrace
 10
489.471473
 20
25.840199
 30
0.0
 11
489.6015389999999
 21
24.397785
 31
0.0
 12
489.746132
 22
25.782288
 32
0.0
 13
489.782295
 23
24.088158
 33
0.0
  0
SOLID
  5
409
330
30
100
AcDbEntity
  8
PAFTA_ANTET
 62
175
370
5
100
AcDbTrace
 10
489.746132
 20
25.782288
 30
0.0
 11
489.782295
 21
24.088158
 31
0.0
 12
490.0058669999999
 22
25.685604
 32
0.0
 13
489.890724
 23
23.687373
 33
0.0
  0
SOLID
  5
40A
330
30
100
AcDbEntity
  8
PAFTA_ANTET
 62
175
370
5
100
AcDbTrace
 10
490.0058669999999
 20
25.685604
 30
0.0
 11
489.890724
 21
23.687373
 31
0.0
 12
489.926887
 22
23.195427
 32
0.0
 13
489.926887
 23
23.195427
 33
0.0
  0
SOLID
  5
40B
330
30
100
AcDbEntity
  8
PAFTA_ANTET
 62
175
370
5
100
AcDbTrace
 10
488.252998
 20
25.619004
 30
0.0
 11
487.97953
 21
24.4025
 31
0.0
 12
488.4887769999999
 22
24.746531
 32
0.0
 13
488.215278
 23
24.618
 33
0.0
  0
SOLID
  5
40C
330
30
100
AcDbEntity
  8
PAFTA_ANTET
 62
175
370
5
100
AcDbTrace
 10
488.252998
 20
25.619004
 30
0.0
 11
488.4887769999999
 21
24.746531
 31
0.0
 12
488.694465
 22
25.799357
 32
0.0
 13
488.799965
 23
24.789141
 33
0.0
  0
SOLID
  5
40D
330
30
100
AcDbEntity
  8
PAFTA_ANTET
 62
175
370
5
100
AcDbTrace
 10
488.694465
 20
25.799357
 30
0.0
 11
488.799965
 21
24.789141
 31
0.0
 12
489.181892
 22
25.859474
 32
0.0
 13
489.181892
 23
25.859474
 33
0.0
  0
SOLID
  5
40E
330
30
100
AcDbEntity
  8
PAFTA_ANTET
 62
175
370
5
100
AcDbTrace
 10
487.878151
 20
25.343169
 30
0.0
 11
487.588173
 21
24.996607
 31
0.0
 12
487.797737
 22
24.103903
 32
0.0
 13
487.6869269999999
 23
23.725369
 33
0.0
  0
SOLID
  5
40F
330
30
100
AcDbEntity
  8
PAFTA_ANTET
 62
175
370
5
100
AcDbTrace
 10
487.878151
 20
25.343169
 30
0.0
 11
487.797737
 21
24.103903
 31
0.0
 12
488.252998
 22
25.619004
 32
0.0
 13
487.97953
 23
24.4025
 33
0.0
  0
SOLID
  5
410
330
30
100
AcDbEntity
  8
PAFTA_ANTET
 62
175
370
5
100
AcDbTrace
 10
489.997291
 20
20.681816
 30
0.0
 11
489.926887
 21
23.195427
 31
0.0
 12
489.8464429999999
 22
22.445658
 32
0.0
 13
489.906837
 23
22.789757
 33
0.0
  0
SOLID
  5
411
330
30
100
AcDbEntity
  8
PAFTA_ANTET
 62
175
370
5
100
AcDbTrace
 10
489.997291
 20
20.681816
 30
0.0
 11
489.8464429999999
 21
22.445658
 31
0.0
 12
489.7387769999999
 22
20.583033
 32
0.0
 13
489.748237
 23
22.168879
 33
0.0
  0
SOLID
  5
412
330
30
100
AcDbEntity
  8
PAFTA_ANTET
 62
175
370
5
100
AcDbTrace
 10
489.12339
 20
21.615685
 30
0.0
 11
489.1724619999999
 21
20.50309
 31
0.0
 12
489.384987
 22
21.741772
 32
0.0
 13
489.463173
 23
20.523083
 33
0.0
  0
SOLID
  5
413
330
30
100
AcDbEntity
  8
PAFTA_ANTET
 62
175
370
5
100
AcDbTrace
 10
489.384987
 20
21.741772
 30
0.0
 11
489.463173
 21
20.523083
 31
0.0
 12
489.6109690000001
 22
21.950634
 32
0.0
 13
489.7387769999999
 23
20.583033
 33
0.0
  0
SOLID
  5
414
330
30
100
AcDbEntity
  8
PAFTA_ANTET
 62
175
370
5
100
AcDbTrace
 10
489.6109690000001
 20
21.950634
 30
0.0
 11
489.7387769999999
 21
20.583033
 31
0.0
 12
489.748237
 22
22.168879
 32
0.0
 13
489.748237
 23
22.168879
 33
0.0
  0
SOLID
  5
415
330
30
100
AcDbEntity
  8
PAFTA_ANTET
 62
175
370
5
100
AcDbTrace
 10
487.9936599999999
 20
21.988356
 30
0.0
 11
488.0457230000001
 21
20.895853
 31
0.0
 12
488.23954
 22
21.759045
 32
0.0
 13
488.3991769999999
 23
20.66812
 33
0.0
  0
SOLID
  5
416
330
30
100
AcDbEntity
  8
PAFTA_ANTET
 62
175
370
5
100
AcDbTrace
 10
488.23954
 20
21.759045
 30
0.0
 11
488.3991769999999
 21
20.66812
 31
0.0
 12
488.516609
 22
21.620131
 32
0.0
 13
488.766365
 23
20.544937
 33
0.0
  0
SOLID
  5
417
330
30
100
AcDbEntity
  8
PAFTA_ANTET
 62
175
370
5
100
AcDbTrace
 10
488.516609
 20
21.620131
 30
0.0
 11
488.766365
 21
20.544937
 31
0.0
 12
488.828254
 22
21.573424
 32
0.0
 13
489.1724619999999
 23
20.50309
 33
0.0
  0
SOLID
  5
418
330
30
100
AcDbEntity
  8
PAFTA_ANTET
 62
175
370
5
100
AcDbTrace
 10
488.828254
 20
21.573424
 30
0.0
 11
489.1724619999999
 21
20.50309
 31
0.0
 12
489.12339
 22
21.615685
 32
0.0
 13
489.12339
 23
21.615685
 33
0.0
  0
SOLID
  5
419
330
30
100
AcDbEntity
  8
PAFTA_ANTET
 62
175
370
5
100
AcDbTrace
 10
487.673042
 20
18.659476
 30
0.0
 11
486.3198009999999
 21
25.751026
 31
0.0
 12
486.3198009999999
 22
18.659476
 32
0.0
 13
486.3198009999999
 23
18.659476
 33
0.0
  0
SOLID
  5
41A
330
30
100
AcDbEntity
  8
PAFTA_ANTET
 62
175
370
5
100
AcDbTrace
 10
487.6869269999999
 20
23.725369
 30
0.0
 11
487.588173
 21
24.996607
 31
0.0
 12
487.649482
 22
23.266156
 32
0.0
 13
487.649482
 23
23.266156
 33
0.0
  0
SOLID
  5
41B
330
30
100
AcDbEntity
  8
PAFTA_ANTET
 62
175
370
5
100
AcDbTrace
 10
496.551643
 20
23.883837
 30
0.0
 11
496.532173
 21
24.412375
 31
0.0
 12
496.528053
 22
22.299553
 32
0.0
 13
496.472908
 23
24.81832
 33
0.0
  0
SOLID
  5
41C
330
30
100
AcDbEntity
  8
PAFTA_ANTET
 62
175
370
5
100
AcDbTrace
 10
496.528053
 20
22.299553
 30
0.0
 11
496.472908
 21
24.81832
 31
0.0
 12
496.54084
 22
21.711378
 32
0.0
 13
496.372444
 23
25.10034
 33
0.0
  0
SOLID
  5
41D
330
30
100
AcDbEntity
  8
PAFTA_ANTET
 62
175
370
5
100
AcDbTrace
 10
496.54084
 20
21.711378
 30
0.0
 11
496.372444
 21
25.10034
 31
0.0
 12
496.125007
 22
25.403549
 32
0.0
 13
496.125007
 23
25.403549
 33
0.0
  0
SOLID
  5
41E
330
30
100
AcDbEntity
  8
PAFTA_ANTET
 62
175
370
5
100
AcDbTrace
 10
496.687935
 20
20.968996
 30
0.0
 11
496.594062
 21
21.299946
 31
0.0
 12
496.8392409999999
 22
20.616253
 32
0.0
 13
495.4954299999999
 23
20.616253
 33
0.0
  0
SOLID
  5
41F
330
30
100
AcDbEntity
  8
PAFTA_ANTET
 62
175
370
5
100
AcDbTrace
 10
495.4954299999999
 20
20.616253
 30
0.0
 11
496.594062
 21
21.299946
 31
0.0
 12
495.745338
 22
25.647293
 32
0.0
 13
496.54084
 23
21.711378
 33
0.0
  0
SOLID
  5
420
330
30
100
AcDbEntity
  8
PAFTA_ANTET
 62
175
370
5
100
AcDbTrace
 10
495.745338
 20
25.647293
 30
0.0
 11
496.54084
 21
21.711378
 31
0.0
 12
496.125007
 22
25.403549
 32
0.0
 13
496.125007
 23
25.403549
 33
0.0
  0
SOLID
  5
421
330
30
100
AcDbEntity
  8
PAFTA_ANTET
 62
175
370
5
100
AcDbTrace
 10
495.4933849999999
 20
25.740124
 30
0.0
 11
495.1830519999999
 21
25.806431
 31
0.0
 12
495.316261
 22
21.177353
 32
0.0
 13
495.207832
 23
24.100733
 33
0.0
  0
SOLID
  5
422
330
30
100
AcDbEntity
  8
PAFTA_ANTET
 62
175
370
5
100
AcDbTrace
 10
495.4933849999999
 20
25.740124
 30
0.0
 11
495.316261
 21
21.177353
 31
0.0
 12
495.4954299999999
 22
20.616253
 32
0.0
 13
495.363411
 23
21.017039
 33
0.0
  0
SOLID
  5
423
330
30
100
AcDbEntity
  8
PAFTA_ANTET
 62
175
370
5
100
AcDbTrace
 10
495.4933849999999
 20
25.740124
 30
0.0
 11
495.4954299999999
 21
20.616253
 31
0.0
 12
495.745338
 22
25.647293
 32
0.0
 13
495.745338
 23
25.647293
 33
0.0
  0
SOLID
  5
424
330
30
100
AcDbEntity
  8
PAFTA_ANTET
 62
175
370
5
100
AcDbTrace
 10
495.1830519999999
 20
25.806431
 30
0.0
 11
494.3873969999999
 21
25.859474
 31
0.0
 12
495.014503
 22
24.657118
 32
0.0
 13
494.7335579999999
 23
24.782503
 33
0.0
  0
SOLID
  5
425
330
30
100
AcDbEntity
  8
PAFTA_ANTET
 62
175
370
5
100
AcDbTrace
 10
495.1830519999999
 20
25.806431
 30
0.0
 11
495.014503
 21
24.657118
 31
0.0
 12
495.160682
 22
24.435507
 32
0.0
 13
495.1004099999999
 23
24.5609
 33
0.0
  0
SOLID
  5
426
330
30
100
AcDbEntity
  8
PAFTA_ANTET
 62
175
370
5
100
AcDbTrace
 10
495.1830519999999
 20
25.806431
 30
0.0
 11
495.160682
 21
24.435507
 31
0.0
 12
495.207832
 22
24.100733
 32
0.0
 13
495.207832
 23
24.100733
 33
0.0
  0
SOLID
  5
427
330
30
100
AcDbEntity
  8
PAFTA_ANTET
 62
175
370
5
100
AcDbTrace
 10
493.776649
 20
25.819302
 30
0.0
 11
493.5294869999999
 21
24.482086
 31
0.0
 12
493.9571299999999
 22
24.790909
 32
0.0
 13
493.713112
 23
24.680693
 33
0.0
  0
SOLID
  5
428
330
30
100
AcDbEntity
  8
PAFTA_ANTET
 62
175
370
5
100
AcDbTrace
 10
493.776649
 20
25.819302
 30
0.0
 11
493.9571299999999
 21
24.790909
 31
0.0
 12
494.3873969999999
 22
25.859474
 32
0.0
 13
494.2789379999999
 23
24.826863
 33
0.0
  0
SOLID
  5
429
330
30
100
AcDbEntity
  8
PAFTA_ANTET
 62
175
370
5
100
AcDbTrace
 10
494.3873969999999
 20
25.859474
 30
0.0
 11
494.2789379999999
 21
24.826863
 31
0.0
 12
494.7335579999999
 22
24.782503
 32
0.0
 13
494.7335579999999
 23
24.782503
 33
0.0
  0
SOLID
  5
42A
330
30
100
AcDbEntity
  8
PAFTA_ANTET
 62
175
370
5
100
AcDbTrace
 10
493.383064
 20
24.176174
 30
0.0
 11
493.5294869999999
 21
24.482086
 31
0.0
 12
493.2738419999999
 22
25.699494
 32
0.0
 13
493.776649
 23
25.819302
 33
0.0
  0
SOLID
  5
42B
330
30
100
AcDbEntity
  8
PAFTA_ANTET
 62
175
370
5
100
AcDbTrace
 10
493.383064
 20
24.176174
 30
0.0
 11
493.2738419999999
 21
25.699494
 31
0.0
 12
492.57328
 22
25.221535
 32
0.0
 13
492.878547
 23
25.501126
 33
0.0
  0
SOLID
  5
42C
330
30
100
AcDbEntity
  8
PAFTA_ANTET
 62
175
370
5
100
AcDbTrace
 10
493.383064
 20
24.176174
 30
0.0
 11
492.57328
 21
25.221535
 31
0.0
 12
492.1618419999999
 22
24.4025
 32
0.0
 13
492.33509
 23
24.854979
 33
0.0
  0
SOLID
  5
42D
330
30
100
AcDbEntity
  8
PAFTA_ANTET
 62
175
370
5
100
AcDbTrace
 10
493.8923110000001
 20
23.633934
 30
0.0
 11
493.6471019999999
 21
22.639042
 31
0.0
 12
494.3826669999999
 22
22.8748
 32
0.0
 13
493.8052749999999
 23
22.716095
 33
0.0
  0
SOLID
  5
42E
330
30
100
AcDbEntity
  8
PAFTA_ANTET
 62
175
370
5
100
AcDbTrace
 10
493.8923110000001
 20
23.633934
 30
0.0
 11
494.3826669999999
 21
22.8748
 31
0.0
 12
494.900215
 22
23.860377
 32
0.0
 13
495.002266
 23
23.019047
 33
0.0
  0
SOLID
  5
42F
330
30
100
AcDbEntity
  8
PAFTA_ANTET
 62
175
370
5
100
AcDbTrace
 10
494.900215
 20
23.860377
 30
0.0
 11
495.002266
 21
23.019047
 31
0.0
 12
495.207832
 22
23.968708
 32
0.0
 13
495.207832
 23
23.082264
 33
0.0
  0
SOLID
  5
430
330
30
100
AcDbEntity
  8
PAFTA_ANTET
 62
175
370
5
100
AcDbTrace
 10
495.207832
 20
23.968708
 30
0.0
 11
495.207832
 21
23.082264
 31
0.0
 12
495.316261
 22
21.177353
 32
0.0
 13
495.207832
 23
22.813504
 33
0.0
  0
SOLID
  5
431
330
30
100
AcDbEntity
  8
PAFTA_ANTET
 62
175
370
5
100
AcDbTrace
 10
495.316261
 20
21.177353
 30
0.0
 11
495.207832
 21
22.813504
 31
0.0
 12
495.1850659999999
 22
22.300402
 32
0.0
 13
495.1850659999999
 23
22.300402
 33
0.0
  0
SOLID
  5
432
330
30
100
AcDbEntity
  8
PAFTA_ANTET
 62
175
370
5
100
AcDbTrace
 10
493.595253
 20
21.667727
 30
0.0
 11
493.4361039999999
 21
21.893463
 31
0.0
 12
493.8357309999999
 22
21.512717
 32
0.0
 13
493.727272
 23
20.50309
 33
0.0
  0
SOLID
  5
433
330
30
100
AcDbEntity
  8
PAFTA_ANTET
 62
175
370
5
100
AcDbTrace
 10
493.4361039999999
 20
21.893463
 30
0.0
 11
493.383064
 21
22.1581
 31
0.0
 12
493.727272
 22
20.50309
 32
0.0
 13
493.23899
 23
20.550415
 33
0.0
  0
SOLID
  5
434
330
30
100
AcDbEntity
  8
PAFTA_ANTET
 62
175
370
5
100
AcDbTrace
 10
493.268257
 20
23.488709
 30
0.0
 11
493.23899
 21
20.550415
 31
0.0
 12
493.446541
 22
22.425366
 32
0.0
 13
493.383064
 23
22.1581
 33
0.0
  0
SOLID
  5
435
330
30
100
AcDbEntity
  8
PAFTA_ANTET
 62
175
370
5
100
AcDbTrace
 10
493.268257
 20
23.488709
 30
0.0
 11
493.446541
 21
22.425366
 31
0.0
 12
493.8923110000001
 22
23.633934
 32
0.0
 13
493.6471019999999
 23
22.639042
 33
0.0
  0
SOLID
  5
436
330
30
100
AcDbEntity
  8
PAFTA_ANTET
 62
175
370
5
100
AcDbTrace
 10
495.1559519999999
 20
22.148671
 30
0.0
 11
495.0379099999999
 21
21.902994
 31
0.0
 12
495.1850659999999
 22
22.300402
 32
0.0
 13
495.316261
 23
21.177353
 33
0.0
  0
SOLID
  5
437
330
30
100
AcDbEntity
  8
PAFTA_ANTET
 62
175
370
5
100
AcDbTrace
 10
495.316261
 20
21.177353
 30
0.0
 11
495.0379099999999
 21
21.902994
 31
0.0
 12
494.958503
 22
20.880301
 32
0.0
 13
494.8353339999999
 23
21.700733
 33
0.0
  0
SOLID
  5
438
330
30
100
AcDbEntity
  8
PAFTA_ANTET
 62
175
370
5
100
AcDbTrace
 10
494.958503
 20
20.880301
 30
0.0
 11
494.8353339999999
 21
21.700733
 31
0.0
 12
494.575996
 22
20.66812
 32
0.0
 13
494.4911269999999
 23
21.520378
 33
0.0
  0
SOLID
  5
439
330
30
100
AcDbEntity
  8
PAFTA_ANTET
 62
175
370
5
100
AcDbTrace
 10
494.575996
 20
20.66812
 30
0.0
 11
494.4911269999999
 21
21.520378
 31
0.0
 12
494.1664199999999
 22
20.543444
 32
0.0
 13
494.1327589999999
 23
21.460261
 33
0.0
  0
SOLID
  5
43A
330
30
100
AcDbEntity
  8
PAFTA_ANTET
 62
175
370
5
100
AcDbTrace
 10
494.1664199999999
 20
20.543444
 30
0.0
 11
494.1327589999999
 21
21.460261
 31
0.0
 12
493.8357309999999
 22
21.512717
 32
0.0
 13
493.8357309999999
 23
21.512717
 33
0.0
  0
SOLID
  5
43B
330
30
100
AcDbEntity
  8
PAFTA_ANTET
 62
175
370
5
100
AcDbTrace
 10
493.23899
 20
20.550415
 30
0.0
 11
493.268257
 21
23.488709
 31
0.0
 12
492.8230049999999
 22
20.693093
 32
0.0
 13
492.8125379999999
 23
23.318022
 33
0.0
  0
SOLID
  5
43C
330
30
100
AcDbEntity
  8
PAFTA_ANTET
 62
175
370
5
100
AcDbTrace
 10
492.8230049999999
 20
20.693093
 30
0.0
 11
492.8125379999999
 21
23.318022
 31
0.0
 12
492.48249
 22
20.93216700000001
 32
0.0
 13
492.4823679999999
 23
23.096014
 33
0.0
  0
SOLID
  5
43D
330
30
100
AcDbEntity
  8
PAFTA_ANTET
 62
175
370
5
100
AcDbTrace
 10
492.48249
 20
20.93216700000001
 30
0.0
 11
492.4823679999999
 21
23.096014
 31
0.0
 12
492.232582
 22
22.794642
 32
0.0
 13
492.232582
 23
22.794642
 33
0.0
  0
SOLID
  5
43E
330
30
100
AcDbEntity
  8
PAFTA_ANTET
 62
175
370
5
100
AcDbTrace
 10
492.025123
 20
22.021361
 30
0.0
 11
492.0766369999999
 21
21.605906
 31
0.0
 12
492.0775519999999
 22
22.430989
 32
0.0
 13
492.229774
 23
21.243889
 33
0.0
  0
SOLID
  5
43F
330
30
100
AcDbEntity
  8
PAFTA_ANTET
 62
175
370
5
100
AcDbTrace
 10
492.0775519999999
 20
22.430989
 30
0.0
 11
492.229774
 21
21.243889
 31
0.0
 12
492.232582
 22
22.794642
 32
0.0
 13
492.48249
 23
20.93216700000001
 33
0.0
  0
SOLID
  5
440
330
30
100
AcDbEntity
  8
PAFTA_ANTET
 62
175
370
5
100
AcDbTrace
 10
493.8357309999999
 20
21.512717
 30
0.0
 11
493.727272
 21
20.50309
 31
0.0
 12
494.1664199999999
 22
20.543444
 32
0.0
 13
494.1664199999999
 23
20.543444
 33
0.0
  0
SOLID
  5
441
330
30
100
AcDbEntity
  8
PAFTA_ANTET
 62
175
370
5
100
AcDbTrace
 10
495.207832
 20
23.968708
 30
0.0
 11
495.316261
 21
21.177353
 31
0.0
 12
495.207832
 22
24.100733
 32
0.0
 13
495.207832
 23
24.100733
 33
0.0
  0
LWPOLYLINE
  5
442
330
30
100
AcDbEntity
  8
PAFTA_ANTET
100
AcDbPolyline
 90
16
 70
1
 10
557.51
 20
56.774
 10
557.51
 20
59.279
 10
557.79
 20
59.279
 10
557.79
 20
59.044
 10
558.013
 20
59.251
 10
558.28
 20
59.32
 10
558.651
 20
59.244
 10
558.93
 20
58.986
 10
559.068
 20
58.588
 10
559.058
 20
58.123
 10
558.86
 20
57.69
 10
558.538
 20
57.47
 10
558.147
 20
57.444
 10
557.97
 20
57.519
 10
557.817
 20
57.656
 10
557.817
 20
56.774
  0
LWPOLYLINE
  5
443
330
30
100
AcDbEntity
  8
PAFTA_ANTET
100
AcDbPolyline
 90
17
 70
1
 10
557.788
 20
58.364
 10
557.811
 20
58.113
 10
557.903
 20
57.882
 10
558.052
 20
57.74
 10
558.233
 20
57.681
 10
558.427
 20
57.707
 10
558.623
 20
57.853
 10
558.716
 20
58.022
 10
558.767
 20
58.318
 10
558.756
 20
58.581
 10
558.678
 20
58.832
 10
558.504
 20
59.018
 10
558.325
 20
59.078
 10
558.136
 20
59.051
 10
557.939
 20
58.897
 10
557.842
 20
58.723
 10
557.79
 20
58.432
  0
LWPOLYLINE
  5
444
330
30
100
AcDbEntity
  8
PAFTA_ANTET
100
AcDbPolyline
 90
14
 70
1
 10
559.449
 20
57.468
 10
559.449
 20
59.279
 10
559.725
 20
59.279
 10
559.725
 20
59.005
 10
559.884
 20
59.229
 10
560.096
 20
59.32
 10
560.433
 20
59.221
 10
560.327
 20
58.937
 10
560.17
 20
58.997
 10
560.025
 20
58.993
 10
559.891
 20
58.916
 10
559.815
 20
58.796
 10
559.758
 20
58.493
 10
559.756
 20
57.468
  0
LWPOLYLINE
  5
445
330
30
100
AcDbEntity
  8
PAFTA_ANTET
100
AcDbPolyline
 90
17
 70
1
 10
560.501
 20
58.374
 10
560.546
 20
58.735
 10
560.68
 20
59.012
 10
560.93
 20
59.222
 10
561.284
 20
59.318
 10
561.628
 20
59.281
 10
561.912
 20
59.122
 10
562.113
 20
58.85
 10
562.196
 20
58.484
 10
562.172
 20
58.087
 10
562.047
 20
57.773
 10
561.827
 20
57.561
 10
561.49
 20
57.437
 10
561.07
 20
57.466
 10
560.784
 20
57.625
 10
560.586
 20
57.901
 10
560.504
 20
58.284
  0
LWPOLYLINE
  5
446
330
30
100
AcDbEntity
  8
PAFTA_ANTET
100
AcDbPolyline
 90
17
 70
1
 10
560.817
 20
58.374
 10
560.841
 20
58.124
 10
560.94
 20
57.889
 10
561.14
 20
57.723
 10
561.351
 20
57.68
 10
561.56
 20
57.723
 10
561.76
 20
57.89
 10
561.845
 20
58.073
 10
561.883
 20
58.384
 10
561.858
 20
58.627
 10
561.759
 20
58.857
 10
561.596
 20
59.004
 10
561.395
 20
59.064
 10
561.179
 20
59.039
 10
560.969
 20
58.894
 10
560.871
 20
58.728
 10
560.818
 20
58.442
  0
LWPOLYLINE
  5
447
330
30
100
AcDbEntity
  8
PAFTA_ANTET
100
AcDbPolyline
 90
4
 70
1
 10
562.556
 20
59.612
 10
562.556
 20
59.968
 10
562.863
 20
59.968
 10
562.863
 20
59.612
  0
LWPOLYLINE
  5
448
330
30
100
AcDbEntity
  8
PAFTA_ANTET
100
AcDbPolyline
 90
11
 70
1
 10
562.167
 20
56.766
 10
562.225
 20
57.027
 10
562.452
 20
57.018
 10
562.545
 20
57.174
 10
562.556
 20
59.279
 10
562.863
 20
59.279
 10
562.832
 20
57.041
 10
562.753
 20
56.871
 10
562.629
 20
56.776
 10
562.408
 20
56.733
 10
562.191
 20
56.76
  0
LWPOLYLINE
  5
449
330
30
100
AcDbEntity
  8
PAFTA_ANTET
100
AcDbPolyline
 90
26
 70
1
 10
564.574
 20
58.052
 10
564.891
 20
58.012
 10
564.755
 20
57.724
 10
564.527
 20
57.526
 10
564.094
 20
57.427
 10
563.871
 20
57.449
 10
563.619
 20
57.547
 10
563.38
 20
57.778
 10
563.269
 20
58.037
 10
563.234
 20
58.448
 10
563.316
 20
58.833
 10
563.515
 20
59.116
 10
563.8
 20
59.28
 10
564.149
 20
59.318
 10
564.521
 20
59.199
 10
564.715
 20
59.022
 10
564.818
 20
58.843
 10
564.892
 20
58.549
 10
564.899
 20
58.295
 10
563.549
 20
58.295
 10
563.662
 20
57.907
 10
563.927
 20
57.705
 10
564.129
 20
57.681
 10
564.308
 20
57.723
 10
564.451
 20
57.831
 10
564.559
 20
58.014
  0
LWPOLYLINE
  5
44A
330
30
100
AcDbEntity
  8
PAFTA_ANTET
100
AcDbPolyline
 90
9
 70
1
 10
563.566
 20
58.548
 10
564.577
 20
58.548
 10
564.461
 20
58.891
 10
564.293
 20
59.024
 10
564.127
 20
59.066
 10
563.922
 20
59.045
 10
563.755
 20
58.953
 10
563.631
 20
58.798
 10
563.57
 20
58.594
  0
LWPOLYLINE
  5
44B
330
30
100
AcDbEntity
  8
PAFTA_ANTET
100
AcDbPolyline
 90
32
 70
1
 10
566.458
 20
58.132
 10
566.76
 20
58.092
 10
566.672
 20
57.814
 10
566.507
 20
57.604
 10
566.329
 20
57.491
 10
566.121
 20
57.434
 10
565.671
 20
57.488
 10
565.408
 20
57.67
 10
565.264
 20
57.899
 10
565.191
 20
58.194
 10
565.198
 20
58.59
 10
565.323
 20
58.964
 10
565.537
 20
59.187
 10
565.916
 20
59.316
 10
566.323
 20
59.267
 10
566.591
 20
59.07
 10
566.731
 20
58.747
 10
566.432
 20
58.701
 10
566.358
 20
58.888
 10
566.212
 20
59.023
 10
566.02
 20
59.068
 10
565.81
 20
59.026
 10
565.643
 20
58.902
 10
565.55
 20
58.738
 10
565.503
 20
58.238
 10
565.611
 20
57.88
 10
565.763
 20
57.739
 10
565.916
 20
57.686
 10
566.106
 20
57.69
 10
566.28
 20
57.77
 10
566.387
 20
57.898
 10
566.451
 20
58.087
  0
LWPOLYLINE
  5
44C
330
30
100
AcDbEntity
  8
PAFTA_ANTET
100
AcDbPolyline
 90
18
 70
1
 10
567.693
 20
57.743
 10
567.737
 20
57.472
 10
567.332
 20
57.463
 10
567.133
 20
57.603
 10
567.08
 20
57.896
 10
567.079
 20
59.041
 10
566.854
 20
59.041
 10
566.854
 20
59.279
 10
567.079
 20
59.279
 10
567.079
 20
59.728
 10
567.384
 20
59.912
 10
567.384
 20
59.279
 10
567.693
 20
59.279
 10
567.693
 20
59.041
 10
567.384
 20
59.041
 10
567.39
 20
57.858
 10
567.469
 20
57.745
 10
567.676
 20
57.741
  0
LWPOLYLINE
  5
44D
330
30
100
AcDbEntity
  8
PAFTA_ANTET
100
AcDbPolyline
 90
4
 70
1
 10
567.995
 20
59.615
 10
567.995
 20
59.968
 10
568.301
 20
59.968
 10
568.301
 20
59.615
  0
LWPOLYLINE
  5
44E
330
30
100
AcDbEntity
  8
PAFTA_ANTET
100
AcDbPolyline
 90
4
 70
1
 10
567.995
 20
57.468
 10
567.995
 20
59.279
 10
568.301
 20
59.279
 10
568.301
 20
57.468
  0
LWPOLYLINE
  5
44F
330
30
100
AcDbEntity
  8
PAFTA_ANTET
100
AcDbPolyline
 90
17
 70
1
 10
568.654
 20
58.374
 10
568.699
 20
58.735
 10
568.833
 20
59.012
 10
569.084
 20
59.222
 10
569.438
 20
59.318
 10
569.781
 20
59.281
 10
570.065
 20
59.122
 10
570.266
 20
58.85
 10
570.349
 20
58.484
 10
570.325
 20
58.087
 10
570.201
 20
57.773
 10
569.98
 20
57.561
 10
569.643
 20
57.437
 10
569.223
 20
57.466
 10
568.937
 20
57.625
 10
568.739
 20
57.901
 10
568.657
 20
58.284
  0
LWPOLYLINE
  5
450
330
30
100
AcDbEntity
  8
PAFTA_ANTET
100
AcDbPolyline
 90
17
 70
1
 10
568.97
 20
58.374
 10
568.994
 20
58.124
 10
569.093
 20
57.889
 10
569.293
 20
57.723
 10
569.504
 20
57.68
 10
569.713
 20
57.723
 10
569.913
 20
57.89
 10
569.998
 20
58.073
 10
570.036
 20
58.384
 10
569.998
 20
58.679
 10
569.912
 20
58.857
 10
569.749
 20
59.004
 10
569.548
 20
59.064
 10
569.332
 20
59.039
 10
569.122
 20
58.894
 10
569.008
 20
58.678
 10
568.971
 20
58.442
  0
LWPOLYLINE
  5
451
330
30
100
AcDbEntity
  8
PAFTA_ANTET
100
AcDbPolyline
 90
16
 70
1
 10
570.711
 20
57.468
 10
570.711
 20
59.279
 10
570.987
 20
59.279
 10
570.987
 20
59.022
 10
571.231
 20
59.246
 10
571.564
 20
59.32
 10
571.964
 20
59.209
 10
572.146
 20
58.956
 10
572.183
 20
57.468
 10
571.876
 20
57.468
 10
571.853
 20
58.81
 10
571.731
 20
58.987
 10
571.523
 20
59.054
 10
571.22
 20
58.975
 10
571.054
 20
58.749
 10
571.018
 20
57.468
  0
LWPOLYLINE
  5
452
330
30
100
AcDbEntity
  8
PAFTA_ANTET
100
AcDbPolyline
 90
4
 70
1
 10
573.709
 20
58.93
 10
573.709
 20
59.279
 10
574.059
 20
59.279
 10
574.059
 20
58.93
  0
LWPOLYLINE
  5
453
330
30
100
AcDbEntity
  8
PAFTA_ANTET
100
AcDbPolyline
 90
4
 70
1
 10
573.709
 20
57.468
 10
573.709
 20
57.818
 10
574.059
 20
57.818
 10
574.059
 20
57.468
  0
LWPOLYLINE
  5
454
330
30
100
AcDbEntity
  8
PAFTA_ANTET
100
AcDbPolyline
 90
4
 70
1
 10
401.208
 20
11.161
 10
401.208
 20
13.161
 10
401.473
 20
13.161
 10
401.473
 20
11.161
  0
LWPOLYLINE
  5
455
330
30
100
AcDbEntity
  8
PAFTA_ANTET
100
AcDbPolyline
 90
16
 70
1
 10
401.908
 20
11.161
 10
401.908
 20
12.61
 10
402.129
 20
12.61
 10
402.129
 20
12.404
 10
402.324
 20
12.583
 10
402.59
 20
12.642
 10
402.91
 20
12.553
 10
403.056
 20
12.351
 10
403.085
 20
11.161
 10
402.84
 20
11.161
 10
402.826
 20
12.215
 10
402.737
 20
12.366
 10
402.558
 20
12.429
 10
402.315
 20
12.366
 10
402.182
 20
12.186
 10
402.154
 20
11.161
  0
LWPOLYLINE
  5
456
330
30
100
AcDbEntity
  8
PAFTA_ANTET
100
AcDbPolyline
 90
17
 70
1
 10
404.402
 20
11.161
 10
404.402
 20
11.343
 10
404.271
 20
11.206
 10
404.098
 20
11.137
 10
403.863
 20
11.143
 10
403.678
 20
11.223
 10
403.453
 20
11.49
 10
403.373
 20
11.884
 10
403.461
 20
12.312
 10
403.692
 20
12.566
 10
403.882
 20
12.634
 10
404.086
 20
12.633
 10
404.258
 20
12.564
 10
404.385
 20
12.443
 10
404.385
 20
13.161
 10
404.63
 20
13.161
 10
404.63
 20
11.161
  0
LWPOLYLINE
  5
457
330
30
100
AcDbEntity
  8
PAFTA_ANTET
100
AcDbPolyline
 90
14
 70
1
 10
403.626
 20
11.884
 10
403.644
 20
11.684
 10
403.721
 20
11.497
 10
403.844
 20
11.379
 10
404.02
 20
11.33
 10
404.196
 20
11.377
 10
404.315
 20
11.489
 10
404.406
 20
11.863
 10
404.313
 20
12.27
 10
404.191
 20
12.389
 10
404.042
 20
12.438
 10
403.859
 20
12.406
 10
403.735
 20
12.305
 10
403.627
 20
11.94
  0
LWPOLYLINE
  5
458
330
30
100
AcDbEntity
  8
PAFTA_ANTET
100
AcDbPolyline
 90
21
 70
1
 10
406.008
 20
11.627
 10
406.261
 20
11.596
 10
406.152
 20
11.365
 10
405.97
 20
11.207
 10
405.624
 20
11.128
 10
405.244
 20
11.224
 10
405.053
 20
11.408
 10
404.964
 20
11.615
 10
404.936
 20
11.944
 10
405.002
 20
12.253
 10
405.161
 20
12.479
 10
405.388
 20
12.61
 10
405.723
 20
12.634
 10
405.965
 20
12.545
 10
406.203
 20
12.26
 10
406.268
 20
11.822
 10
405.188
 20
11.822
 10
405.278
 20
11.512
 10
405.522
 20
11.341
 10
405.816
 20
11.375
 10
405.996
 20
11.597
  0
LWPOLYLINE
  5
459
330
30
100
AcDbEntity
  8
PAFTA_ANTET
100
AcDbPolyline
 90
9
 70
1
 10
405.201
 20
12.024
 10
406.01
 20
12.024
 10
405.918
 20
12.298
 10
405.783
 20
12.405
 10
405.65
 20
12.439
 10
405.487
 20
12.422
 10
405.352
 20
12.349
 10
405.253
 20
12.224
 10
405.205
 20
12.061
  0
LWPOLYLINE
  5
45A
330
30
100
AcDbEntity
  8
PAFTA_ANTET
100
AcDbPolyline
 90
12
 70
1
 10
406.406
 20
11.161
 10
406.935
 20
11.914
 10
406.446
 20
12.61
 10
406.752
 20
12.61
 10
407.076
 20
12.107
 10
407.43
 20
12.61
 10
407.724
 20
12.61
 10
407.223
 20
11.927
 10
407.762
 20
11.161
 10
407.461
 20
11.161
 10
407.084
 20
11.732
 10
406.703
 20
11.161
  0
LWPOLYLINE
  5
45B
330
30
100
AcDbEntity
  8
PAFTA_ANTET
100
AcDbPolyline
 90
12
 70
1
 10
437.11
 20
11.121
 10
437.11
 20
13.121
 10
437.888
 20
13.12
 10
438.221
 20
13.074
 10
438.508
 20
12.892
 10
438.685
 20
12.607
 10
438.761
 20
12.043
 10
438.72
 20
11.763
 10
438.621
 20
11.511
 10
438.486
 20
11.333
 10
438.306
 20
11.207
 10
437.831
 20
11.121
  0
LWPOLYLINE
  5
45C
330
30
100
AcDbEntity
  8
PAFTA_ANTET
100
AcDbPolyline
 90
9
 70
1
 10
437.374
 20
11.357
 10
437.978
 20
11.366
 10
438.247
 20
11.46
 10
438.427
 20
11.719
 10
438.49
 20
12.091
 10
438.44
 20
12.504
 10
438.248
 20
12.78
 10
437.998
 20
12.874
 10
437.374
 20
12.885
  0
LWPOLYLINE
  5
45D
330
30
100
AcDbEntity
  8
PAFTA_ANTET
100
AcDbPolyline
 90
22
 70
1
 10
440.041
 20
11.299
 10
439.728
 20
11.118
 10
439.375
 20
11.098
 10
439.141
 20
11.205
 10
439.018
 20
11.433
 10
439.052
 20
11.679
 10
439.22
 20
11.859
 10
440.021
 20
12.04
 10
439.978
 20
12.288
 10
439.744
 20
12.396
 10
439.435
 20
12.35
 10
439.295
 20
12.123
 10
439.055
 20
12.156
 10
439.148
 20
12.386
 10
439.438
 20
12.57
 10
439.906
 20
12.587
 10
440.169
 20
12.462
 10
440.263
 20
12.235
 10
440.279
 20
11.341
 10
440.347
 20
11.121
 10
440.091
 20
11.121
 10
440.044
 20
11.279
  0
LWPOLYLINE
  5
45E
330
30
100
AcDbEntity
  8
PAFTA_ANTET
100
AcDbPolyline
 90
9
 70
1
 10
440.021
 20
11.848
 10
439.406
 20
11.706
 10
439.316
 20
11.636
 10
439.275
 20
11.522
 10
439.301
 20
11.403
 10
439.4
 20
11.312
 10
439.726
 20
11.303
 10
439.958
 20
11.471
 10
440.021
 20
11.758
  0
LWPOLYLINE
  5
45F
330
30
100
AcDbEntity
  8
PAFTA_ANTET
100
AcDbPolyline
 90
18
 70
1
 10
441.186
 20
11.34
 10
441.222
 20
11.123
 10
440.917
 20
11.112
 10
440.747
 20
11.216
 10
440.696
 20
11.463
 10
440.695
 20
12.379
 10
440.515
 20
12.379
 10
440.515
 20
12.57
 10
440.695
 20
12.57
 10
440.695
 20
12.928
 10
440.939
 20
13.076
 10
440.939
 20
12.57
 10
441.186
 20
12.57
 10
441.186
 20
12.379
 10
440.939
 20
12.379
 10
440.945
 20
11.421
 10
441.014
 20
11.339
 10
441.173
 20
11.338
  0
LWPOLYLINE
  5
460
330
30
100
AcDbEntity
  8
PAFTA_ANTET
100
AcDbPolyline
 90
22
 70
1
 10
442.418
 20
11.587
 10
442.672
 20
11.556
 10
442.563
 20
11.325
 10
442.381
 20
11.167
 10
442.035
 20
11.088
 10
441.654
 20
11.184
 10
441.495
 20
11.324
 10
441.374
 20
11.575
 10
441.346
 20
11.904
 10
441.412
 20
12.213
 10
441.571
 20
12.439
 10
441.799
 20
12.57
 10
442.133
 20
12.594
 10
442.376
 20
12.505
 10
442.614
 20
12.22
 10
442.679
 20
11.782
 10
441.598
 20
11.782
 10
441.689
 20
11.472
 10
441.9
 20
11.31
 10
442.063
 20
11.291
 10
442.227
 20
11.335
 10
442.406
 20
11.557
  0
LWPOLYLINE
  5
461
330
30
100
AcDbEntity
  8
PAFTA_ANTET
100
AcDbPolyline
 90
9
 70
1
 10
441.612
 20
11.984
 10
442.421
 20
11.984
 10
442.328
 20
12.258
 10
442.193
 20
12.365
 10
442.06
 20
12.399
 10
441.897
 20
12.382
 10
441.763
 20
12.309
 10
441.664
 20
12.184
 10
441.615
 20
12.021
  0
LWPOLYLINE
  5
462
330
30
100
AcDbEntity
  8
PAFTA_ANTET
100
AcDbPolyline
 90
10
 70
1
 10
446.616
 20
11.091
 10
446.616
 20
13.091
 10
446.888
 20
13.091
 10
447.938
 20
11.52
 10
447.938
 20
13.091
 10
448.192
 20
13.091
 10
448.192
 20
11.091
 10
447.921
 20
11.091
 10
446.87
 20
12.662
 10
446.87
 20
11.091
  0
LWPOLYLINE
  5
463
330
30
100
AcDbEntity
  8
PAFTA_ANTET
100
AcDbPolyline
 90
23
 70
1
 10
449.551
 20
11.269
 10
449.237
 20
11.088
 10
448.884
 20
11.068
 10
448.65
 20
11.175
 10
448.527
 20
11.403
 10
448.561
 20
11.649
 10
448.713
 20
11.819
 10
448.889
 20
11.893
 10
449.53
 20
12.01
 10
449.487
 20
12.258
 10
449.253
 20
12.366
 10
448.944
 20
12.32
 10
448.805
 20
12.093
 10
448.565
 20
12.126
 10
448.672
 20
12.375
 10
448.948
 20
12.54
 10
449.416
 20
12.557
 10
449.679
 20
12.432
 10
449.773
 20
12.205
 10
449.786
 20
11.342
 10
449.856
 20
11.091
 10
449.6
 20
11.091
 10
449.553
 20
11.249
  0
LWPOLYLINE
  5
464
330
30
100
AcDbEntity
  8
PAFTA_ANTET
100
AcDbPolyline
 90
10
 70
1
 10
449.53
 20
11.818
 10
448.915
 20
11.676
 10
448.818
 20
11.596
 10
448.784
 20
11.479
 10
448.811
 20
11.373
 10
448.909
 20
11.282
 10
449.076
 20
11.25
 10
449.259
 20
11.281
 10
449.468
 20
11.441
 10
449.53
 20
11.728
  0
LWPOLYLINE
  5
465
330
30
100
AcDbEntity
  8
PAFTA_ANTET
100
AcDbPolyline
 90
29
 70
1
 10
450.159
 20
11.091
 10
450.159
 20
12.54
 10
450.379
 20
12.54
 10
450.379
 20
12.336
 10
450.56
 20
12.507
 10
450.79
 20
12.572
 10
451.061
 20
12.518
 10
451.228
 20
12.319
 10
451.382
 20
12.481
 10
451.569
 20
12.562
 10
451.832
 20
12.553
 10
452.007
 20
12.453
 10
452.118
 20
12.179
 10
452.123
 20
11.091
 10
451.878
 20
11.091
 10
451.867
 20
12.169
 10
451.802
 20
12.294
 10
451.637
 20
12.359
 10
451.432
 20
12.31
 10
451.291
 20
12.126
 10
451.266
 20
11.091
 10
451.02
 20
11.091
 10
451.02
 20
12.064
 10
450.972
 20
12.26
 10
450.881
 20
12.339
 10
450.743
 20
12.359
 10
450.509
 20
12.253
 10
450.408
 20
11.953
 10
450.405
 20
11.091
  0
LWPOLYLINE
  5
466
330
30
100
AcDbEntity
  8
PAFTA_ANTET
100
AcDbPolyline
 90
21
 70
1
 10
453.479
 20
11.557
 10
453.732
 20
11.526
 10
453.623
 20
11.295
 10
453.441
 20
11.137
 10
453.095
 20
11.058
 10
452.715
 20
11.154
 10
452.524
 20
11.338
 10
452.435
 20
11.545
 10
452.407
 20
11.874
 10
452.473
 20
12.183
 10
452.632
 20
12.409
 10
452.859
 20
12.54
 10
453.194
 20
12.564
 10
453.436
 20
12.475
 10
453.674
 20
12.19
 10
453.739
 20
11.752
 10
452.659
 20
11.752
 10
452.749
 20
11.442
 10
452.993
 20
11.271
 10
453.287
 20
11.305
 10
453.467
 20
11.527
  0
LWPOLYLINE
  5
467
330
30
100
AcDbEntity
  8
PAFTA_ANTET
100
AcDbPolyline
 90
9
 70
1
 10
452.672
 20
11.954
 10
453.481
 20
11.954
 10
453.389
 20
12.228
 10
453.254
 20
12.335
 10
453.121
 20
12.369
 10
452.958
 20
12.352
 10
452.823
 20
12.279
 10
452.724
 20
12.154
 10
452.676
 20
11.991
  0
LWPOLYLINE
  5
468
330
30
100
AcDbEntity
  8
PAFTA_ANTET
100
AcDbPolyline
 90
32
 70
1
 10
417.589
 20
11.922
 10
417.854
 20
11.855
 10
417.706
 20
11.52
 10
417.51
 20
11.325
 10
417.147
 20
11.193
 10
416.632
 20
11.251
 10
416.353
 20
11.442
 10
416.191
 20
11.7
 10
416.095
 20
12.067
 10
416.115
 20
12.528
 10
416.286
 20
12.91
 10
416.589
 20
13.157
 10
416.977
 20
13.254
 10
417.403
 20
13.18
 10
417.646
 20
12.999
 10
417.82
 20
12.672
 10
417.559
 20
12.611
 10
417.431
 20
12.858
 10
417.208
 20
13.003
 10
416.979
 20
13.027
 10
416.738
 20
12.974
 10
416.554
 20
12.845
 10
416.435
 20
12.658
 10
416.368
 20
12.393
 10
416.37
 20
12.043
 10
416.528
 20
11.625
 10
416.696
 20
11.489
 10
416.896
 20
11.422
 10
417.131
 20
11.425
 10
417.316
 20
11.495
 10
417.464
 20
11.629
 10
417.577
 20
11.873
  0
LWPOLYLINE
  5
469
330
30
100
AcDbEntity
  8
PAFTA_ANTET
100
AcDbPolyline
 90
16
 70
1
 10
418.148
 20
11.221
 10
418.148
 20
13.221
 10
418.394
 20
13.221
 10
418.394
 20
12.503
 10
418.633
 20
12.67
 10
418.95
 20
12.692
 10
419.192
 20
12.58
 10
419.316
 20
12.326
 10
419.328
 20
11.221
 10
419.083
 20
11.221
 10
419.07
 20
12.27
 10
418.968
 20
12.437
 10
418.777
 20
12.491
 10
418.553
 20
12.422
 10
418.42
 20
12.239
 10
418.394
 20
11.221
  0
LWPOLYLINE
  5
46A
330
30
100
AcDbEntity
  8
PAFTA_ANTET
100
AcDbPolyline
 90
22
 70
1
 10
420.648
 20
11.399
 10
420.334
 20
11.218
 10
419.981
 20
11.198
 10
419.723
 20
11.329
 10
419.62
 20
11.567
 10
419.667
 20
11.797
 10
419.826
 20
11.959
 10
420.627
 20
12.14
 10
420.584
 20
12.388
 10
420.35
 20
12.496
 10
420.041
 20
12.45
 10
419.901
 20
12.223
 10
419.661
 20
12.256
 10
419.769
 20
12.505
 10
420.045
 20
12.67
 10
420.512
 20
12.687
 10
420.775
 20
12.562
 10
420.868
 20
12.353
 10
420.885
 20
11.441
 10
420.953
 20
11.221
 10
420.697
 20
11.221
 10
420.65
 20
11.379
  0
LWPOLYLINE
  5
46B
330
30
100
AcDbEntity
  8
PAFTA_ANTET
100
AcDbPolyline
 90
9
 70
1
 10
420.627
 20
11.948
 10
420.012
 20
11.806
 10
419.922
 20
11.736
 10
419.881
 20
11.622
 10
419.908
 20
11.503
 10
420.006
 20
11.412
 10
420.332
 20
11.403
 10
420.577
 20
11.591
 10
420.627
 20
11.858
  0
LWPOLYLINE
  5
46C
330
30
100
AcDbEntity
  8
PAFTA_ANTET
100
AcDbPolyline
 90
16
 70
1
 10
421.256
 20
11.221
 10
421.256
 20
12.67
 10
421.477
 20
12.67
 10
421.477
 20
12.464
 10
421.672
 20
12.643
 10
421.938
 20
12.702
 10
422.258
 20
12.613
 10
422.404
 20
12.411
 10
422.433
 20
11.221
 10
422.188
 20
11.221
 10
422.17
 20
12.294
 10
422.072
 20
12.436
 10
421.906
 20
12.489
 10
421.663
 20
12.426
 10
421.53
 20
12.246
 10
421.502
 20
11.221
  0
LWPOLYLINE
  5
46D
330
30
100
AcDbEntity
  8
PAFTA_ANTET
100
AcDbPolyline
 90
29
 70
1
 10
422.765
 20
11.101
 10
423.004
 20
11.065
 10
423.074
 20
10.915
 10
423.248
 20
10.842
 10
423.488
 20
10.853
 10
423.664
 20
10.967
 10
423.729
 20
11.112
 10
423.743
 20
11.41
 10
423.602
 20
11.289
 10
423.435
 20
11.228
 10
423.175
 20
11.24
 10
422.99
 20
11.326
 10
422.848
 20
11.48
 10
422.757
 20
11.673
 10
422.735
 20
12.153
 10
422.862
 20
12.463
 10
423.098
 20
12.655
 10
423.305
 20
12.701
 10
423.489
 20
12.684
 10
423.766
 20
12.495
 10
423.766
 20
12.67
 10
423.993
 20
12.67
 10
423.987
 20
11.232
 10
423.875
 20
10.858
 10
423.61
 20
10.673
 10
423.191
 20
10.643
 10
422.889
 20
10.774
 10
422.801
 20
10.895
 10
422.766
 20
11.055
  0
LWPOLYLINE
  5
46E
330
30
100
AcDbEntity
  8
PAFTA_ANTET
100
AcDbPolyline
 90
14
 70
1
 10
422.968
 20
11.971
 10
423.06
 20
11.583
 10
423.181
 20
11.471
 10
423.365
 20
11.424
 10
423.549
 20
11.471
 10
423.671
 20
11.582
 10
423.764
 20
11.963
 10
423.668
 20
12.336
 10
423.543
 20
12.45
 10
423.394
 20
12.498
 10
423.238
 20
12.478
 10
423.083
 20
12.366
 10
423.009
 20
12.239
 10
422.969
 20
12.022
  0
LWPOLYLINE
  5
46F
330
30
100
AcDbEntity
  8
PAFTA_ANTET
100
AcDbPolyline
 90
21
 70
1
 10
425.356
 20
11.687
 10
425.609
 20
11.656
 10
425.501
 20
11.425
 10
425.282
 20
11.248
 10
424.91
 20
11.19
 10
424.592
 20
11.284
 10
424.401
 20
11.468
 10
424.312
 20
11.675
 10
424.284
 20
12.004
 10
424.35
 20
12.313
 10
424.509
 20
12.539
 10
424.736
 20
12.67
 10
425.071
 20
12.694
 10
425.313
 20
12.605
 10
425.551
 20
12.32
 10
425.616
 20
11.882
 10
424.536
 20
11.882
 10
424.627
 20
11.572
 10
424.87
 20
11.401
 10
425.164
 20
11.435
 10
425.344
 20
11.657
  0
LWPOLYLINE
  5
470
330
30
100
AcDbEntity
  8
PAFTA_ANTET
100
AcDbPolyline
 90
9
 70
1
 10
424.549
 20
12.084
 10
425.358
 20
12.084
 10
425.266
 20
12.358
 10
425.131
 20
12.465
 10
424.998
 20
12.499
 10
424.835
 20
12.482
 10
424.701
 20
12.409
 10
424.601
 20
12.284
 10
424.553
 20
12.121
  0
LWPOLYLINE
  5
471
330
30
100
AcDbEntity
  8
PAFTA_ANTET
100
AcDbPolyline
 90
18
 70
1
 10
417.043
 20
62.401
 10
417.043
 20
64.401
 10
418.032
 20
64.399
 10
418.307
 20
64.357
 10
418.542
 20
64.183
 10
418.639
 20
63.92
 10
418.62
 20
63.695
 10
418.504
 20
63.496
 10
418.329
 20
63.377
 10
418.079
 20
63.311
 10
418.373
 20
63.064
 10
418.806
 20
62.401
 10
418.473
 20
62.401
 10
417.96
 20
63.16
 10
417.811
 20
63.264
 10
417.635
 20
63.289
 10
417.308
 20
63.289
 10
417.308
 20
62.401
  0
LWPOLYLINE
  5
472
330
30
100
AcDbEntity
  8
PAFTA_ANTET
100
AcDbPolyline
 90
7
 70
1
 10
417.308
 20
63.518
 10
418.139
 20
63.548
 10
418.293
 20
63.644
 10
418.369
 20
63.836
 10
418.319
 20
64.029
 10
418.165
 20
64.147
 10
417.308
 20
64.18
  0
LWPOLYLINE
  5
473
330
30
100
AcDbEntity
  8
PAFTA_ANTET
100
AcDbPolyline
 90
8
 70
1
 10
418.837
 20
62.401
 10
419.605
 20
64.401
 10
419.89
 20
64.401
 10
420.709
 20
62.401
 10
420.407
 20
62.401
 10
420.174
 20
63.006
 10
419.338
 20
63.006
 10
419.118
 20
62.401
  0
LWPOLYLINE
  5
474
330
30
100
AcDbEntity
  8
PAFTA_ANTET
100
AcDbPolyline
 90
4
 70
1
 10
419.414
 20
63.222
 10
420.092
 20
63.222
 10
419.742
 20
64.191
 10
419.634
 20
63.809
  0
LWPOLYLINE
  5
475
330
30
100
AcDbEntity
  8
PAFTA_ANTET
100
AcDbPolyline
 90
12
 70
1
 10
420.92
 20
62.401
 10
420.92
 20
64.401
 10
421.698
 20
64.4
 10
422.032
 20
64.354
 10
422.319
 20
64.172
 10
422.495
 20
63.887
 10
422.572
 20
63.323
 10
422.531
 20
63.043
 10
422.431
 20
62.791
 10
422.297
 20
62.613
 10
422.139
 20
62.498
 10
421.642
 20
62.401
  0
LWPOLYLINE
  5
476
330
30
100
AcDbEntity
  8
PAFTA_ANTET
100
AcDbPolyline
 90
9
 70
1
 10
421.185
 20
62.637
 10
421.788
 20
62.646
 10
422.058
 20
62.74
 10
422.237
 20
62.999
 10
422.301
 20
63.416
 10
422.235
 20
63.825
 10
422.032
 20
64.079
 10
421.773
 20
64.158
 10
421.185
 20
64.165
  0
LWPOLYLINE
  5
477
330
30
100
AcDbEntity
  8
PAFTA_ANTET
100
AcDbPolyline
 90
4
 70
1
 10
422.983
 20
62.401
 10
422.983
 20
64.401
 10
423.248
 20
64.401
 10
423.248
 20
62.401
  0
LWPOLYLINE
  5
478
330
30
100
AcDbEntity
  8
PAFTA_ANTET
100
AcDbPolyline
 90
21
 70
1
 10
425.027
 20
64.401
 10
425.291
 20
64.401
 10
425.28
 20
63.024
 10
425.208
 20
62.731
 10
425.074
 20
62.55
 10
424.86
 20
62.421
 10
424.621
 20
62.371
 10
424.301
 20
62.382
 10
424.05
 20
62.463
 10
423.897
 20
62.582
 10
423.795
 20
62.744
 10
423.718
 20
63.245
 10
423.718
 20
64.401
 10
423.983
 20
64.401
 10
423.987
 20
63.103
 10
424.031
 20
62.862
 10
424.133
 20
62.717
 10
424.42
 20
62.608
 10
424.813
 20
62.67
 10
424.966
 20
62.839
 10
425.027
 20
63.247
  0
LWPOLYLINE
  5
479
330
30
100
AcDbEntity
  8
PAFTA_ANTET
100
AcDbPolyline
 90
39
 70
1
 10
425.642
 20
63.043
 10
425.892
 20
63.065
 10
426.019
 20
62.764
 10
426.351
 20
62.613
 10
426.726
 20
62.64
 10
426.943
 20
62.804
 10
426.974
 20
62.998
 10
426.869
 20
63.161
 10
426.002
 20
63.448
 10
425.837
 20
63.571
 10
425.736
 20
63.752
 10
425.74
 20
64.03
 10
425.886
 20
64.262
 10
426.123
 20
64.391
 10
426.466
 20
64.434
 10
426.744
 20
64.389
 10
426.965
 20
64.275
 10
427.123
 20
64.066
 10
427.174
 20
63.837
 10
426.92
 20
63.818
 10
426.861
 20
64.012
 10
426.757
 20
64.123
 10
426.387
 20
64.201
 10
426.192
 20
64.17
 10
426.044
 20
64.077
 10
425.978
 20
63.95
 10
426.001
 20
63.786
 10
426.152
 20
63.668
 10
426.99
 20
63.402
 10
427.167
 20
63.225
 10
427.233
 20
62.997
 10
427.189
 20
62.751
 10
427.031
 20
62.539
 10
426.773
 20
62.405
 10
426.441
 20
62.367
 10
426.117
 20
62.417
 10
425.876
 20
62.545
 10
425.714
 20
62.749
 10
425.644
 20
63.004
  0
LWPOLYLINE
  5
47A
330
30
100
AcDbEntity
  8
PAFTA_ANTET
100
AcDbPolyline
 90
44
 70
1
 10
401.867
 20
84.262
 10
402.179
 20
84.289
 10
402.239
 20
84.059
 10
402.339
 20
83.913
 10
402.715
 20
83.731
 10
403.192
 20
83.748
 10
403.378
 20
83.835
 10
403.493
 20
83.963
 10
403.532
 20
84.205
 10
403.421
 20
84.393
 10
403.222
 20
84.498
 10
402.317
 20
84.768
 10
402.111
 20
84.921
 10
401.984
 20
85.148
 10
401.989
 20
85.495
 10
402.172
 20
85.785
 10
402.468
 20
85.946
 10
402.897
 20
86.0
 10
403.245
 20
85.944
 10
403.52
 20
85.801
 10
403.701
 20
85.577
 10
403.782
 20
85.254
 10
403.465
 20
85.23
 10
403.409
 20
85.438
 10
403.261
 20
85.611
 10
403.064
 20
85.69
 10
402.798
 20
85.708
 10
402.554
 20
85.67
 10
402.369
 20
85.554
 10
402.287
 20
85.394
 10
402.316
 20
85.19
 10
402.504
 20
85.042
 10
403.318
 20
84.818
 10
403.551
 20
84.71
 10
403.773
 20
84.489
 10
403.856
 20
84.204
 10
403.801
 20
83.896
 10
403.604
 20
83.631
 10
403.327
 20
83.478
 10
402.933
 20
83.416
 10
402.512
 20
83.464
 10
402.196
 20
83.61
 10
401.979
 20
83.852
 10
401.869
 20
84.212
  0
LWPOLYLINE
  5
47B
330
30
100
AcDbEntity
  8
PAFTA_ANTET
100
AcDbPolyline
 90
18
 70
1
 10
405.457
 20
83.458
 10
405.457
 20
83.724
 10
405.207
 20
83.494
 10
404.953
 20
83.42
 10
404.611
 20
83.467
 10
404.363
 20
83.652
 10
404.266
 20
84.007
 10
404.263
 20
85.269
 10
404.57
 20
85.269
 10
404.585
 20
83.959
 10
404.693
 20
83.765
 10
404.916
 20
83.682
 10
405.178
 20
83.739
 10
405.363
 20
83.921
 10
405.424
 20
84.254
 10
405.424
 20
85.269
 10
405.731
 20
85.269
 10
405.731
 20
83.458
  0
LWPOLYLINE
  5
47C
330
30
100
AcDbEntity
  8
PAFTA_ANTET
100
AcDbPolyline
 90
14
 70
1
 10
406.209
 20
83.458
 10
406.209
 20
85.269
 10
406.485
 20
85.269
 10
406.485
 20
84.995
 10
406.662
 20
85.235
 10
406.856
 20
85.31
 10
407.193
 20
85.211
 10
407.087
 20
84.927
 10
406.929
 20
84.987
 10
406.766
 20
84.978
 10
406.665
 20
84.92
 10
406.574
 20
84.786
 10
406.516
 20
84.445
 10
406.516
 20
83.458
  0
LWPOLYLINE
  5
47D
330
30
100
AcDbEntity
  8
PAFTA_ANTET
100
AcDbPolyline
 90
19
 70
1
 10
407.448
 20
83.458
 10
407.448
 20
85.031
 10
407.177
 20
85.031
 10
407.177
 20
85.269
 10
407.448
 20
85.269
 10
407.456
 20
85.621
 10
407.527
 20
85.822
 10
407.712
 20
85.965
 10
407.95
 20
86.001
 10
408.236
 20
85.97
 10
408.19
 20
85.703
 10
407.89
 20
85.705
 10
407.801
 20
85.647
 10
407.763
 20
85.551
 10
407.754
 20
85.269
 10
408.107
 20
85.269
 10
408.107
 20
85.031
 10
407.754
 20
85.031
 10
407.754
 20
83.458
  0
LWPOLYLINE
  5
47E
330
30
100
AcDbEntity
  8
PAFTA_ANTET
100
AcDbPolyline
 90
27
 70
1
 10
409.527
 20
83.682
 10
409.135
 20
83.456
 10
408.694
 20
83.431
 10
408.51
 20
83.489
 10
408.371
 20
83.593
 10
408.243
 20
83.891
 10
408.29
 20
84.157
 10
408.501
 20
84.381
 10
408.7
 20
84.461
 10
409.502
 20
84.608
 10
409.448
 20
84.917
 10
409.335
 20
85.005
 10
409.155
 20
85.052
 10
408.769
 20
84.995
 10
408.673
 20
84.901
 10
408.594
 20
84.712
 10
408.294
 20
84.753
 10
408.429
 20
85.064
 10
408.601
 20
85.203
 10
408.812
 20
85.279
 10
409.358
 20
85.291
 10
409.671
 20
85.15
 10
409.8
 20
84.893
 10
409.822
 20
83.772
 10
409.909
 20
83.458
 10
409.589
 20
83.458
 10
409.53
 20
83.656
  0
LWPOLYLINE
  5
47F
330
30
100
AcDbEntity
  8
PAFTA_ANTET
100
AcDbPolyline
 90
11
 70
1
 10
409.502
 20
84.367
 10
408.749
 20
84.197
 10
408.62
 20
84.103
 10
408.569
 20
83.96
 10
408.602
 20
83.812
 10
408.725
 20
83.698
 10
408.899
 20
83.659
 10
409.132
 20
83.686
 10
409.302
 20
83.769
 10
409.423
 20
83.896
 10
409.502
 20
84.255
  0
LWPOLYLINE
  5
480
330
30
100
AcDbEntity
  8
PAFTA_ANTET
100
AcDbPolyline
 90
32
 70
1
 10
411.47
 20
84.122
 10
411.771
 20
84.082
 10
411.683
 20
83.804
 10
411.518
 20
83.594
 10
411.34
 20
83.481
 10
411.133
 20
83.424
 10
410.682
 20
83.478
 10
410.42
 20
83.66
 10
410.275
 20
83.889
 10
410.196
 20
84.268
 10
410.218
 20
84.632
 10
410.359
 20
84.992
 10
410.627
 20
85.221
 10
411.019
 20
85.31
 10
411.38
 20
85.237
 10
411.63
 20
85.022
 10
411.742
 20
84.737
 10
411.444
 20
84.691
 10
411.369
 20
84.878
 10
411.224
 20
85.013
 10
411.031
 20
85.058
 10
410.821
 20
85.016
 10
410.654
 20
84.892
 10
410.562
 20
84.728
 10
410.515
 20
84.228
 10
410.56
 20
83.999
 10
410.649
 20
83.835
 10
410.928
 20
83.676
 10
411.117
 20
83.68
 10
411.291
 20
83.76
 10
411.399
 20
83.888
 10
411.462
 20
84.077
  0
LWPOLYLINE
  5
481
330
30
100
AcDbEntity
  8
PAFTA_ANTET
100
AcDbPolyline
 90
26
 70
1
 10
413.274
 20
84.042
 10
413.591
 20
84.002
 10
413.455
 20
83.714
 10
413.227
 20
83.516
 10
412.795
 20
83.417
 10
412.571
 20
83.439
 10
412.319
 20
83.537
 10
412.12
 20
83.713
 10
411.969
 20
84.027
 10
411.934
 20
84.438
 10
412.016
 20
84.823
 10
412.215
 20
85.106
 10
412.5
 20
85.27
 10
412.849
 20
85.308
 10
413.221
 20
85.189
 10
413.415
 20
85.012
 10
413.518
 20
84.833
 10
413.592
 20
84.539
 10
413.599
 20
84.285
 10
412.249
 20
84.285
 10
412.362
 20
83.897
 10
412.627
 20
83.695
 10
412.83
 20
83.671
 10
413.008
 20
83.713
 10
413.152
 20
83.821
 10
413.259
 20
84.004
  0
LWPOLYLINE
  5
482
330
30
100
AcDbEntity
  8
PAFTA_ANTET
100
AcDbPolyline
 90
9
 70
1
 10
412.266
 20
84.538
 10
413.277
 20
84.538
 10
413.161
 20
84.881
 10
412.993
 20
85.014
 10
412.827
 20
85.056
 10
412.623
 20
85.035
 10
412.455
 20
84.943
 10
412.331
 20
84.788
 10
412.27
 20
84.584
  0
LWPOLYLINE
  5
483
330
30
100
AcDbEntity
  8
PAFTA_ANTET
100
AcDbPolyline
 90
4
 70
1
 10
415.032
 20
84.92
 10
415.032
 20
85.269
 10
415.382
 20
85.269
 10
415.382
 20
84.92
  0
LWPOLYLINE
  5
484
330
30
100
AcDbEntity
  8
PAFTA_ANTET
100
AcDbPolyline
 90
4
 70
1
 10
415.032
 20
83.458
 10
415.032
 20
83.808
 10
415.382
 20
83.808
 10
415.382
 20
83.458
  0
LWPOLYLINE
  5
485
330
30
100
AcDbEntity
  8
PAFTA_ANTET
100
AcDbPolyline
 90
12
 70
1
 10
411.702
 20
66.921
 10
411.702
 20
68.921
 10
412.48
 20
68.92
 10
412.814
 20
68.874
 10
413.1
 20
68.692
 10
413.277
 20
68.407
 10
413.343
 20
68.136
 10
413.351
 20
67.8
 10
413.213
 20
67.311
 10
413.079
 20
67.133
 10
412.921
 20
67.018
 10
412.424
 20
66.921
  0
LWPOLYLINE
  5
486
330
30
100
AcDbEntity
  8
PAFTA_ANTET
100
AcDbPolyline
 90
9
 70
1
 10
411.967
 20
67.157
 10
412.57
 20
67.166
 10
412.839
 20
67.26
 10
413.019
 20
67.519
 10
413.083
 20
67.936
 10
413.017
 20
68.345
 10
412.814
 20
68.599
 10
412.555
 20
68.678
 10
411.967
 20
68.685
  0
LWPOLYLINE
  5
487
330
30
100
AcDbEntity
  8
PAFTA_ANTET
100
AcDbPolyline
 90
4
 70
1
 10
413.765
 20
66.921
 10
413.765
 20
68.921
 10
414.029
 20
68.921
 10
414.029
 20
66.921
  0
LWPOLYLINE
  5
488
330
30
100
AcDbEntity
  8
PAFTA_ANTET
100
AcDbPolyline
 90
13
 70
1
 10
414.488
 20
66.921
 10
414.488
 20
68.921
 10
414.886
 20
68.921
 10
415.455
 20
67.209
 10
416.04
 20
68.921
 10
416.396
 20
68.921
 10
416.396
 20
66.921
 10
416.141
 20
66.921
 10
416.141
 20
68.595
 10
415.56
 20
66.921
 10
415.321
 20
66.921
 10
414.743
 20
68.623
 10
414.743
 20
66.921
  0
LWPOLYLINE
  5
489
330
30
100
AcDbEntity
  8
PAFTA_ANTET
100
AcDbPolyline
 90
12
 70
1
 10
416.829
 20
66.921
 10
416.829
 20
68.921
 10
418.275
 20
68.921
 10
418.275
 20
68.685
 10
417.094
 20
68.685
 10
417.094
 20
68.072
 10
418.2
 20
68.072
 10
418.2
 20
67.837
 10
417.094
 20
67.837
 10
417.094
 20
67.157
 10
418.321
 20
67.157
 10
418.321
 20
66.921
  0
LWPOLYLINE
  5
48A
330
30
100
AcDbEntity
  8
PAFTA_ANTET
100
AcDbPolyline
 90
10
 70
1
 10
418.684
 20
66.921
 10
418.684
 20
68.921
 10
418.956
 20
68.921
 10
420.006
 20
67.35
 10
420.006
 20
68.921
 10
420.26
 20
68.921
 10
420.26
 20
66.921
 10
419.988
 20
66.921
 10
418.938
 20
68.492
 10
418.938
 20
66.921
  0
LWPOLYLINE
  5
48B
330
30
100
AcDbEntity
  8
PAFTA_ANTET
100
AcDbPolyline
 90
39
 70
1
 10
420.615
 20
67.563
 10
420.864
 20
67.585
 10
420.992
 20
67.284
 10
421.293
 20
67.139
 10
421.65
 20
67.146
 10
421.906
 20
67.308
 10
421.947
 20
67.518
 10
421.842
 20
67.681
 10
420.975
 20
67.968
 10
420.81
 20
68.091
 10
420.709
 20
68.272
 10
420.713
 20
68.55
 10
420.858
 20
68.782
 10
421.096
 20
68.911
 10
421.439
 20
68.954
 10
421.717
 20
68.909
 10
421.937
 20
68.795
 10
422.096
 20
68.586
 10
422.147
 20
68.357
 10
421.893
 20
68.338
 10
421.848
 20
68.505
 10
421.73
 20
68.643
 10
421.359
 20
68.721
 10
421.165
 20
68.69
 10
421.016
 20
68.597
 10
420.947
 20
68.446
 10
420.974
 20
68.306
 10
421.124
 20
68.188
 10
421.962
 20
67.922
 10
422.124
 20
67.77
 10
422.206
 20
67.517
 10
422.162
 20
67.271
 10
422.004
 20
67.059
 10
421.746
 20
66.925
 10
421.414
 20
66.887
 10
421.089
 20
66.937
 10
420.849
 20
67.065
 10
420.687
 20
67.269
 10
420.617
 20
67.524
  0
LWPOLYLINE
  5
48C
330
30
100
AcDbEntity
  8
PAFTA_ANTET
100
AcDbPolyline
 90
4
 70
1
 10
422.613
 20
66.921
 10
422.613
 20
68.921
 10
422.878
 20
68.921
 10
422.878
 20
66.921
  0
LWPOLYLINE
  5
48D
330
30
100
AcDbEntity
  8
PAFTA_ANTET
100
AcDbPolyline
 90
17
 70
1
 10
423.264
 20
67.895
 10
423.331
 20
68.339
 10
423.481
 20
68.616
 10
423.77
 20
68.855
 10
424.139
 20
68.953
 10
424.534
 20
68.908
 10
424.882
 20
68.701
 10
425.102
 20
68.358
 10
425.176
 20
67.977
 10
425.133
 20
67.576
 10
424.971
 20
67.24
 10
424.706
 20
67.01
 10
424.323
 20
66.891
 10
423.903
 20
66.936
 10
423.592
 20
67.114
 10
423.357
 20
67.443
 10
423.265
 20
67.842
  0
LWPOLYLINE
  5
48E
330
30
100
AcDbEntity
  8
PAFTA_ANTET
100
AcDbPolyline
 90
17
 70
1
 10
423.537
 20
67.891
 10
423.586
 20
67.567
 10
423.731
 20
67.321
 10
423.95
 20
67.165
 10
424.219
 20
67.113
 10
424.491
 20
67.166
 10
424.711
 20
67.323
 10
424.856
 20
67.577
 10
424.904
 20
67.919
 10
424.851
 20
68.27
 10
424.72
 20
68.507
 10
424.515
 20
68.664
 10
424.262
 20
68.727
 10
423.962
 20
68.68
 10
423.74
 20
68.535
 10
423.61
 20
68.339
 10
423.539
 20
67.978
  0
LWPOLYLINE
  5
48F
330
30
100
AcDbEntity
  8
PAFTA_ANTET
100
AcDbPolyline
 90
10
 70
1
 10
425.515
 20
66.921
 10
425.515
 20
68.921
 10
425.787
 20
68.921
 10
426.837
 20
67.35
 10
426.837
 20
68.921
 10
427.091
 20
68.921
 10
427.091
 20
66.921
 10
426.819
 20
66.921
 10
425.769
 20
68.492
 10
425.769
 20
66.921
  0
LWPOLYLINE
  5
490
330
30
100
AcDbEntity
  8
PAFTA_ANTET
100
AcDbPolyline
 90
8
 70
1
 10
413.376
 20
71.351
 10
414.144
 20
73.351
 10
414.429
 20
73.351
 10
415.248
 20
71.351
 10
414.946
 20
71.351
 10
414.713
 20
71.956
 10
413.877
 20
71.956
 10
413.657
 20
71.351
  0
LWPOLYLINE
  5
491
330
30
100
AcDbEntity
  8
PAFTA_ANTET
100
AcDbPolyline
 90
4
 70
1
 10
413.953
 20
72.172
 10
414.631
 20
72.172
 10
414.28
 20
73.141
 10
414.173
 20
72.759
  0
LWPOLYLINE
  5
492
330
30
100
AcDbEntity
  8
PAFTA_ANTET
100
AcDbPolyline
 90
6
 70
1
 10
415.448
 20
71.351
 10
415.448
 20
73.351
 10
415.713
 20
73.351
 10
415.713
 20
71.587
 10
416.698
 20
71.587
 10
416.698
 20
71.351
  0
LWPOLYLINE
  5
493
330
30
100
AcDbEntity
  8
PAFTA_ANTET
100
AcDbPolyline
 90
6
 70
1
 10
417.002
 20
71.351
 10
417.002
 20
73.351
 10
417.267
 20
73.351
 10
417.267
 20
71.587
 10
418.252
 20
71.587
 10
418.252
 20
71.351
  0
LWPOLYLINE
  5
494
330
30
100
AcDbEntity
  8
PAFTA_ANTET
100
AcDbPolyline
 90
4
 70
1
 10
419.388
 20
71.351
 10
419.388
 20
73.351
 10
419.653
 20
73.351
 10
419.653
 20
71.351
  0
LWPOLYLINE
  5
495
330
30
100
AcDbEntity
  8
PAFTA_ANTET
100
AcDbPolyline
 90
10
 70
1
 10
420.117
 20
71.351
 10
420.117
 20
73.351
 10
420.388
 20
73.351
 10
421.439
 20
71.78
 10
421.439
 20
73.351
 10
421.692
 20
73.351
 10
421.692
 20
71.351
 10
421.421
 20
71.351
 10
420.37
 20
72.922
 10
420.37
 20
71.351
  0
LWPOLYLINE
  5
496
330
30
100
AcDbEntity
  8
PAFTA_ANTET
100
AcDbPolyline
 90
13
 70
1
 10
422.905
 20
71.351
 10
422.905
 20
73.351
 10
423.304
 20
73.351
 10
423.873
 20
71.639
 10
424.458
 20
73.351
 10
424.814
 20
73.351
 10
424.814
 20
71.351
 10
424.559
 20
71.351
 10
424.559
 20
73.025
 10
423.978
 20
71.351
 10
423.739
 20
71.351
 10
423.16
 20
73.053
 10
423.16
 20
71.351
  0
LWPOLYLINE
  5
497
330
30
100
AcDbEntity
  8
PAFTA_ANTET
100
AcDbPolyline
 90
13
 70
1
 10
425.233
 20
71.351
 10
425.233
 20
73.351
 10
425.631
 20
73.351
 10
426.2
 20
71.639
 10
426.785
 20
73.351
 10
427.141
 20
73.351
 10
427.141
 20
71.351
 10
426.886
 20
71.351
 10
426.886
 20
73.025
 10
426.305
 20
71.351
 10
426.066
 20
71.351
 10
425.488
 20
73.053
 10
425.488
 20
71.351
  0
LWPOLYLINE
  5
498
330
30
100
AcDbEntity
  8
PAFTA_ANTET
100
AcDbPolyline
 90
16
 70
1
 10
418.636
 20
58.051
 10
418.636
 20
60.051
 10
419.663
 20
60.021
 10
419.878
 20
59.913
 10
420.022
 20
59.7
 10
420.05
 20
59.539
 10
420.016
 20
59.367
 10
419.913
 20
59.214
 10
419.77
 20
59.115
 10
419.958
 20
59.024
 10
420.099
 20
58.852
 10
420.147
 20
58.63
 10
420.109
 20
58.418
 10
420.006
 20
58.244
 10
419.864
 20
58.136
 10
419.399
 20
58.051
  0
LWPOLYLINE
  5
499
330
30
100
AcDbEntity
  8
PAFTA_ANTET
100
AcDbPolyline
 90
7
 70
1
 10
418.901
 20
59.21
 10
419.586
 20
59.233
 10
419.738
 20
59.333
 10
419.789
 20
59.487
 10
419.751
 20
59.668
 10
419.622
 20
59.781
 10
418.901
 20
59.815
  0
LWPOLYLINE
  5
49A
330
30
100
AcDbEntity
  8
PAFTA_ANTET
100
AcDbPolyline
 90
7
 70
1
 10
418.901
 20
58.287
 10
419.663
 20
58.318
 10
419.807
 20
58.421
 10
419.872
 20
58.612
 10
419.826
 20
58.808
 10
419.676
 20
58.934
 10
418.901
 20
58.974
  0
LWPOLYLINE
  5
49B
330
30
100
AcDbEntity
  8
PAFTA_ANTET
100
AcDbPolyline
 90
12
 70
1
 10
420.516
 20
58.051
 10
420.516
 20
60.051
 10
421.963
 20
60.051
 10
421.963
 20
59.815
 10
420.781
 20
59.815
 10
420.781
 20
59.202
 10
421.887
 20
59.202
 10
421.887
 20
58.967
 10
420.781
 20
58.967
 10
420.781
 20
58.287
 10
422.009
 20
58.287
 10
422.009
 20
58.051
  0
LWPOLYLINE
  5
49C
330
30
100
AcDbEntity
  8
PAFTA_ANTET
100
AcDbPolyline
 90
7
 70
1
 10
422.946
 20
58.051
 10
422.171
 20
60.051
 10
422.458
 20
60.051
 10
423.083
 20
58.27
 10
423.731
 20
60.051
 10
424.001
 20
60.051
 10
423.218
 20
58.051
  0
LWPOLYLINE
  5
49D
330
30
100
AcDbEntity
  8
PAFTA_ANTET
100
AcDbPolyline
 90
12
 70
1
 10
424.244
 20
58.051
 10
424.244
 20
60.051
 10
425.69
 20
60.051
 10
425.69
 20
59.815
 10
424.508
 20
59.815
 10
424.508
 20
59.202
 10
425.615
 20
59.202
 10
425.615
 20
58.967
 10
424.508
 20
58.967
 10
424.508
 20
58.287
 10
425.736
 20
58.287
 10
425.736
 20
58.051
  0
LWPOLYLINE
  5
49E
330
30
100
AcDbEntity
  8
PAFTA_ANTET
100
AcDbPolyline
 90
6
 70
1
 10
426.091
 20
58.051
 10
426.091
 20
60.051
 10
426.355
 20
60.051
 10
426.355
 20
58.287
 10
427.34
 20
58.287
 10
427.34
 20
58.051
  0
LWPOLYLINE
  5
49F
330
30
100
AcDbEntity
  8
PAFTA_ANTET
100
AcDbPolyline
 90
8
 70
1
 10
416.05
 20
49.031
 10
416.818
 20
51.031
 10
417.103
 20
51.031
 10
417.922
 20
49.031
 10
417.621
 20
49.031
 10
417.387
 20
49.636
 10
416.551
 20
49.636
 10
416.331
 20
49.031
  0
LWPOLYLINE
  5
4A0
330
30
100
AcDbEntity
  8
PAFTA_ANTET
100
AcDbPolyline
 90
4
 70
1
 10
416.627
 20
49.852
 10
417.305
 20
49.852
 10
416.955
 20
50.821
 10
416.847
 20
50.439
  0
LWPOLYLINE
  5
4A1
330
30
100
AcDbEntity
  8
PAFTA_ANTET
100
AcDbPolyline
 90
10
 70
1
 10
418.131
 20
49.031
 10
418.131
 20
51.031
 10
418.402
 20
51.031
 10
419.453
 20
49.46
 10
419.453
 20
51.031
 10
419.706
 20
51.031
 10
419.706
 20
49.031
 10
419.435
 20
49.031
 10
418.385
 20
50.602
 10
418.385
 20
49.031
  0
LWPOLYLINE
  5
4A2
330
30
100
AcDbEntity
  8
PAFTA_ANTET
100
AcDbPolyline
 90
35
 70
1
 10
421.087
 20
49.815
 10
421.087
 20
50.05
 10
421.934
 20
50.051
 10
421.934
 20
49.309
 10
421.696
 20
49.15
 10
421.406
 20
49.035
 10
421.15
 20
48.997
 10
420.825
 20
49.028
 10
420.524
 20
49.149
 10
420.291
 20
49.355
 10
420.145
 20
49.636
 10
420.084
 20
50.021
 10
420.144
 20
50.411
 10
420.355
 20
50.787
 10
420.652
 20
50.986
 10
421.086
 20
51.065
 10
421.406
 20
51.02
 10
421.634
 20
50.91
 10
421.791
 20
50.745
 10
421.904
 20
50.471
 10
421.666
 20
50.406
 10
421.54
 20
50.663
 10
421.286
 20
50.813
 10
420.983
 20
50.833
 10
420.699
 20
50.747
 10
420.475
 20
50.523
 10
420.376
 20
50.247
 10
420.366
 20
49.885
 10
420.449
 20
49.59
 10
420.59
 20
49.407
 10
420.789
 20
49.291
 10
421.013
 20
49.239
 10
421.261
 20
49.252
 10
421.675
 20
49.443
 10
421.675
 20
49.815
  0
LWPOLYLINE
  5
4A3
330
30
100
AcDbEntity
  8
PAFTA_ANTET
100
AcDbPolyline
 90
12
 70
1
 10
422.33
 20
49.031
 10
422.33
 20
51.031
 10
423.776
 20
51.031
 10
423.776
 20
50.795
 10
422.595
 20
50.795
 10
422.595
 20
50.182
 10
423.701
 20
50.182
 10
423.701
 20
49.947
 10
422.595
 20
49.947
 10
422.595
 20
49.267
 10
423.822
 20
49.267
 10
423.822
 20
49.031
  0
LWPOLYLINE
  5
4A4
330
30
100
AcDbEntity
  8
PAFTA_ANTET
100
AcDbPolyline
 90
6
 70
1
 10
424.177
 20
49.031
 10
424.177
 20
51.031
 10
424.442
 20
51.031
 10
424.442
 20
49.267
 10
425.427
 20
49.267
 10
425.427
 20
49.031
  0
LWPOLYLINE
  5
4A5
330
30
100
AcDbEntity
  8
PAFTA_ANTET
100
AcDbPolyline
 90
39
 70
1
 10
425.652
 20
49.673
 10
425.902
 20
49.695
 10
426.029
 20
49.394
 10
426.361
 20
49.243
 10
426.736
 20
49.27
 10
426.953
 20
49.434
 10
426.984
 20
49.628
 10
426.879
 20
49.791
 10
426.012
 20
50.078
 10
425.847
 20
50.201
 10
425.746
 20
50.382
 10
425.75
 20
50.66
 10
425.896
 20
50.892
 10
426.133
 20
51.021
 10
426.476
 20
51.064
 10
426.754
 20
51.019
 10
426.975
 20
50.905
 10
427.133
 20
50.696
 10
427.184
 20
50.467
 10
426.93
 20
50.448
 10
426.871
 20
50.642
 10
426.767
 20
50.753
 10
426.396
 20
50.831
 10
426.202
 20
50.8
 10
426.054
 20
50.707
 10
425.988
 20
50.58
 10
426.011
 20
50.416
 10
426.162
 20
50.298
 10
427.0
 20
50.032
 10
427.177
 20
49.855
 10
427.243
 20
49.627
 10
427.199
 20
49.381
 10
427.041
 20
49.169
 10
426.783
 20
49.035
 10
426.451
 20
48.997
 10
426.127
 20
49.047
 10
425.886
 20
49.175
 10
425.724
 20
49.379
 10
425.654
 20
49.634
  0
LWPOLYLINE
  5
4A6
330
30
100
AcDbEntity
  8
PAFTA_ANTET
100
AcDbPolyline
 90
12
 70
1
 10
414.462
 20
53.521
 10
414.462
 20
55.521
 10
415.908
 20
55.521
 10
415.908
 20
55.285
 10
414.727
 20
55.285
 10
414.727
 20
54.672
 10
415.833
 20
54.672
 10
415.833
 20
54.437
 10
414.727
 20
54.437
 10
414.727
 20
53.757
 10
415.954
 20
53.757
 10
415.954
 20
53.521
  0
LWPOLYLINE
  5
4A7
330
30
100
AcDbEntity
  8
PAFTA_ANTET
100
AcDbPolyline
 90
7
 70
1
 10
416.892
 20
53.521
 10
416.117
 20
55.521
 10
416.403
 20
55.521
 10
417.028
 20
53.74
 10
417.676
 20
55.521
 10
417.946
 20
55.521
 10
417.163
 20
53.521
  0
LWPOLYLINE
  5
4A8
330
30
100
AcDbEntity
  8
PAFTA_ANTET
100
AcDbPolyline
 90
12
 70
1
 10
418.189
 20
53.521
 10
418.189
 20
55.521
 10
419.635
 20
55.521
 10
419.635
 20
55.285
 10
418.454
 20
55.285
 10
418.454
 20
54.672
 10
419.56
 20
54.672
 10
419.56
 20
54.437
 10
418.454
 20
54.437
 10
418.454
 20
53.757
 10
419.681
 20
53.757
 10
419.681
 20
53.521
  0
LWPOLYLINE
  5
4A9
330
30
100
AcDbEntity
  8
PAFTA_ANTET
100
AcDbPolyline
 90
10
 70
1
 10
420.044
 20
53.521
 10
420.044
 20
55.521
 10
420.316
 20
55.521
 10
421.366
 20
53.95
 10
421.366
 20
55.521
 10
421.62
 20
55.521
 10
421.62
 20
53.521
 10
421.349
 20
53.521
 10
420.298
 20
55.092
 10
420.298
 20
53.521
  0
LWPOLYLINE
  5
4AA
330
30
100
AcDbEntity
  8
PAFTA_ANTET
100
AcDbPolyline
 90
12
 70
1
 10
422.07
 20
53.521
 10
422.07
 20
55.521
 10
423.516
 20
55.521
 10
423.516
 20
55.285
 10
422.335
 20
55.285
 10
422.335
 20
54.672
 10
423.441
 20
54.672
 10
423.441
 20
54.437
 10
422.335
 20
54.437
 10
422.335
 20
53.757
 10
423.563
 20
53.757
 10
423.563
 20
53.521
  0
LWPOLYLINE
  5
4AB
330
30
100
AcDbEntity
  8
PAFTA_ANTET
100
AcDbPolyline
 90
39
 70
1
 10
423.838
 20
54.163
 10
424.088
 20
54.185
 10
424.216
 20
53.884
 10
424.548
 20
53.733
 10
424.923
 20
53.76
 10
425.139
 20
53.924
 10
425.167
 20
54.135
 10
425.066
 20
54.281
 10
424.199
 20
54.568
 10
424.034
 20
54.691
 10
423.932
 20
54.872
 10
423.936
 20
55.15
 10
424.082
 20
55.382
 10
424.319
 20
55.511
 10
424.663
 20
55.554
 10
424.941
 20
55.509
 10
425.161
 20
55.395
 10
425.319
 20
55.186
 10
425.37
 20
54.957
 10
425.117
 20
54.938
 10
425.072
 20
55.105
 10
424.953
 20
55.243
 10
424.583
 20
55.321
 10
424.388
 20
55.29
 10
424.24
 20
55.197
 10
424.174
 20
55.07
 10
424.198
 20
54.906
 10
424.348
 20
54.788
 10
425.186
 20
54.522
 10
425.363
 20
54.345
 10
425.43
 20
54.117
 10
425.386
 20
53.871
 10
425.228
 20
53.659
 10
424.97
 20
53.525
 10
424.638
 20
53.487
 10
424.313
 20
53.537
 10
424.072
 20
53.665
 10
423.91
 20
53.869
 10
423.84
 20
54.124
  0
LWPOLYLINE
  5
4AC
330
30
100
AcDbEntity
  8
PAFTA_ANTET
100
AcDbPolyline
 90
39
 70
1
 10
425.702
 20
54.163
 10
425.952
 20
54.185
 10
426.079
 20
53.884
 10
426.411
 20
53.733
 10
426.786
 20
53.76
 10
427.003
 20
53.924
 10
427.034
 20
54.118
 10
426.929
 20
54.281
 10
426.062
 20
54.568
 10
425.897
 20
54.691
 10
425.796
 20
54.872
 10
425.8
 20
55.15
 10
425.946
 20
55.382
 10
426.183
 20
55.511
 10
426.526
 20
55.554
 10
426.804
 20
55.509
 10
427.025
 20
55.395
 10
427.183
 20
55.186
 10
427.234
 20
54.957
 10
426.98
 20
54.938
 10
426.921
 20
55.132
 10
426.817
 20
55.243
 10
426.446
 20
55.321
 10
426.252
 20
55.29
 10
426.104
 20
55.197
 10
426.038
 20
55.07
 10
426.061
 20
54.906
 10
426.212
 20
54.788
 10
427.05
 20
54.522
 10
427.227
 20
54.345
 10
427.293
 20
54.117
 10
427.249
 20
53.871
 10
427.091
 20
53.659
 10
426.833
 20
53.525
 10
426.501
 20
53.487
 10
426.177
 20
53.537
 10
425.936
 20
53.665
 10
425.774
 20
53.869
 10
425.704
 20
54.124
  0
LWPOLYLINE
  5
4AD
330
30
100
AcDbEntity
  8
PAFTA_ANTET
100
AcDbPolyline
 90
39
 70
1
 10
501.875
 20
58.603
 10
502.125
 20
58.625
 10
502.236
 20
58.342
 10
502.523
 20
58.185
 10
502.91
 20
58.186
 10
503.167
 20
58.348
 10
503.207
 20
58.558
 10
503.103
 20
58.721
 10
502.236
 20
59.008
 10
502.071
 20
59.131
 10
501.969
 20
59.312
 10
501.973
 20
59.59
 10
502.119
 20
59.822
 10
502.356
 20
59.951
 10
502.7
 20
59.994
 10
502.978
 20
59.949
 10
503.198
 20
59.835
 10
503.356
 20
59.626
 10
503.407
 20
59.397
 10
503.154
 20
59.378
 10
503.109
 20
59.545
 10
502.991
 20
59.683
 10
502.62
 20
59.761
 10
502.425
 20
59.73
 10
502.277
 20
59.637
 10
502.211
 20
59.51
 10
502.235
 20
59.346
 10
502.385
 20
59.228
 10
503.223
 20
58.962
 10
503.4
 20
58.785
 10
503.467
 20
58.557
 10
503.423
 20
58.311
 10
503.265
 20
58.099
 10
503.007
 20
57.965
 10
502.675
 20
57.927
 10
502.35
 20
57.977
 10
502.109
 20
58.105
 10
501.947
 20
58.309
 10
501.877
 20
58.564
  0
LWPOLYLINE
  5
4AE
330
30
100
AcDbEntity
  8
PAFTA_ANTET
100
AcDbPolyline
 90
29
 70
1
 10
504.743
 20
58.491
 10
504.985
 20
58.46
 10
504.914
 20
58.237
 10
504.782
 20
58.069
 10
504.517
 20
57.941
 10
504.162
 20
57.959
 10
503.98
 20
58.052
 10
503.811
 20
58.254
 10
503.73
 20
58.541
 10
503.735
 20
58.858
 10
503.835
 20
59.157
 10
504.006
 20
59.336
 10
504.309
 20
59.439
 10
504.635
 20
59.399
 10
504.849
 20
59.242
 10
504.961
 20
58.984
 10
504.723
 20
58.947
 10
504.663
 20
59.096
 10
504.547
 20
59.204
 10
504.417
 20
59.24
 10
504.224
 20
59.207
 10
504.091
 20
59.107
 10
504.017
 20
58.976
 10
503.979
 20
58.576
 10
504.087
 20
58.262
 10
504.31
 20
58.135
 10
504.58
 20
58.187
 10
504.672
 20
58.28
 10
504.737
 20
58.455
  0
LWPOLYLINE
  5
4AF
330
30
100
AcDbEntity
  8
PAFTA_ANTET
100
AcDbPolyline
 90
23
 70
1
 10
506.14
 20
58.139
 10
505.826
 20
57.958
 10
505.473
 20
57.938
 10
505.24
 20
58.045
 10
505.117
 20
58.273
 10
505.142
 20
58.501
 10
505.303
 20
58.689
 10
505.479
 20
58.763
 10
506.12
 20
58.88
 10
506.065
 20
59.143
 10
505.842
 20
59.236
 10
505.533
 20
59.19
 10
505.394
 20
58.963
 10
505.154
 20
58.996
 10
505.261
 20
59.245
 10
505.568
 20
59.417
 10
506.005
 20
59.427
 10
506.268
 20
59.302
 10
506.362
 20
59.075
 10
506.378
 20
58.181
 10
506.446
 20
57.961
 10
506.189
 20
57.961
 10
506.143
 20
58.119
  0
LWPOLYLINE
  5
4B0
330
30
100
AcDbEntity
  8
PAFTA_ANTET
100
AcDbPolyline
 90
9
 70
1
 10
506.12
 20
58.688
 10
505.504
 20
58.546
 10
505.407
 20
58.466
 10
505.373
 20
58.349
 10
505.41
 20
58.228
 10
505.518
 20
58.144
 10
505.849
 20
58.151
 10
506.057
 20
58.311
 10
506.12
 20
58.598
  0
LWPOLYLINE
  5
4B1
330
30
100
AcDbEntity
  8
PAFTA_ANTET
100
AcDbPolyline
 90
4
 70
1
 10
506.743
 20
57.961
 10
506.743
 20
59.961
 10
506.989
 20
59.961
 10
506.989
 20
57.961
  0
LWPOLYLINE
  5
4B2
330
30
100
AcDbEntity
  8
PAFTA_ANTET
100
AcDbPolyline
 90
21
 70
1
 10
508.361
 20
58.427
 10
508.615
 20
58.396
 10
508.506
 20
58.165
 10
508.324
 20
58.006
 10
507.978
 20
57.928
 10
507.597
 20
58.024
 10
507.438
 20
58.164
 10
507.317
 20
58.415
 10
507.289
 20
58.744
 10
507.355
 20
59.053
 10
507.514
 20
59.279
 10
507.742
 20
59.41
 10
508.076
 20
59.434
 10
508.319
 20
59.345
 10
508.557
 20
59.06
 10
508.622
 20
58.622
 10
507.541
 20
58.622
 10
507.632
 20
58.312
 10
507.876
 20
58.141
 10
508.17
 20
58.175
 10
508.349
 20
58.397
  0
LWPOLYLINE
  5
4B3
330
30
100
AcDbEntity
  8
PAFTA_ANTET
100
AcDbPolyline
 90
9
 70
1
 10
507.555
 20
58.824
 10
508.364
 20
58.824
 10
508.271
 20
59.098
 10
508.136
 20
59.205
 10
508.003
 20
59.239
 10
507.84
 20
59.222
 10
507.706
 20
59.149
 10
507.607
 20
59.024
 10
507.558
 20
58.861
  0
LWPOLYLINE
  5
4B4
330
30
100
AcDbEntity
  8
PAFTA_ANTET
100
AcDbPolyline
 90
4
 70
1
 10
509.768
 20
59.13
 10
509.768
 20
59.409
 10
510.047
 20
59.409
 10
510.047
 20
59.13
  0
LWPOLYLINE
  5
4B5
330
30
100
AcDbEntity
  8
PAFTA_ANTET
100
AcDbPolyline
 90
4
 70
1
 10
509.768
 20
57.961
 10
509.768
 20
58.24
 10
510.047
 20
58.24
 10
510.047
 20
57.961
  0
LWPOLYLINE
  5
4B6
330
30
100
AcDbEntity
  8
PAFTA_ANTET
100
AcDbPolyline
 90
13
 70
1
 10
526.335
 20
57.861
 10
525.804
 20
59.861
 10
526.076
 20
59.861
 10
526.464
 20
58.14
 10
526.935
 20
59.861
 10
527.254
 20
59.861
 10
527.696
 20
58.14
 10
528.11
 20
59.861
 10
528.376
 20
59.861
 10
527.827
 20
57.861
 10
527.572
 20
57.861
 10
527.088
 20
59.619
 10
526.605
 20
57.861
  0
LWPOLYLINE
  5
4B7
330
30
100
AcDbEntity
  8
PAFTA_ANTET
100
AcDbPolyline
 90
22
 70
1
 10
529.583
 20
58.327
 10
529.837
 20
58.296
 10
529.728
 20
58.065
 10
529.546
 20
57.906
 10
529.2
 20
57.828
 10
528.819
 20
57.924
 10
528.628
 20
58.108
 10
528.539
 20
58.315
 10
528.511
 20
58.644
 10
528.577
 20
58.953
 10
528.736
 20
59.179
 10
528.964
 20
59.31
 10
529.298
 20
59.334
 10
529.541
 20
59.245
 10
529.779
 20
58.96
 10
529.844
 20
58.522
 10
528.763
 20
58.522
 10
528.854
 20
58.212
 10
529.065
 20
58.05
 10
529.228
 20
58.031
 10
529.392
 20
58.075
 10
529.571
 20
58.297
  0
LWPOLYLINE
  5
4B8
330
30
100
AcDbEntity
  8
PAFTA_ANTET
100
AcDbPolyline
 90
9
 70
1
 10
528.777
 20
58.724
 10
529.586
 20
58.724
 10
529.493
 20
58.998
 10
529.358
 20
59.105
 10
529.225
 20
59.139
 10
529.062
 20
59.122
 10
528.928
 20
59.049
 10
528.829
 20
58.924
 10
528.78
 20
58.761
  0
LWPOLYLINE
  5
4B9
330
30
100
AcDbEntity
  8
PAFTA_ANTET
100
AcDbPolyline
 90
4
 70
1
 10
530.146
 20
59.578
 10
530.146
 20
59.861
 10
530.392
 20
59.861
 10
530.392
 20
59.578
  0
LWPOLYLINE
  5
4BA
330
30
100
AcDbEntity
  8
PAFTA_ANTET
100
AcDbPolyline
 90
4
 70
1
 10
530.146
 20
57.861
 10
530.146
 20
59.309
 10
530.392
 20
59.309
 10
530.392
 20
57.861
  0
LWPOLYLINE
  5
4BB
330
30
100
AcDbEntity
  8
PAFTA_ANTET
100
AcDbPolyline
 90
30
 70
1
 10
530.721
 20
57.741
 10
530.96
 20
57.705
 10
531.03
 20
57.555
 10
531.203
 20
57.482
 10
531.469
 20
57.5
 10
531.62
 20
57.607
 10
531.685
 20
57.752
 10
531.699
 20
58.05
 10
531.558
 20
57.929
 10
531.391
 20
57.868
 10
531.131
 20
57.88
 10
530.946
 20
57.966
 10
530.804
 20
58.12
 10
530.713
 20
58.313
 10
530.69
 20
58.793
 10
530.818
 20
59.103
 10
531.054
 20
59.295
 10
531.261
 20
59.341
 10
531.445
 20
59.324
 10
531.722
 20
59.135
 10
531.722
 20
59.309
 10
531.949
 20
59.309
 10
531.946
 20
57.93
 10
531.905
 20
57.642
 10
531.831
 20
57.498
 10
531.566
 20
57.313
 10
531.147
 20
57.283
 10
530.845
 20
57.414
 10
530.757
 20
57.535
 10
530.721
 20
57.695
  0
LWPOLYLINE
  5
4BC
330
30
100
AcDbEntity
  8
PAFTA_ANTET
100
AcDbPolyline
 90
15
 70
1
 10
530.924
 20
58.611
 10
531.016
 20
58.223
 10
531.137
 20
58.111
 10
531.288
 20
58.065
 10
531.477
 20
58.096
 10
531.605
 20
58.194
 10
531.691
 20
58.361
 10
531.718
 20
58.549
 10
531.644
 20
58.945
 10
531.526
 20
59.073
 10
531.382
 20
59.134
 10
531.194
 20
59.118
 10
531.062
 20
59.031
 10
530.965
 20
58.879
 10
530.925
 20
58.662
  0
LWPOLYLINE
  5
4BD
330
30
100
AcDbEntity
  8
PAFTA_ANTET
100
AcDbPolyline
 90
16
 70
1
 10
532.32
 20
57.861
 10
532.32
 20
59.861
 10
532.565
 20
59.861
 10
532.565
 20
59.143
 10
532.804
 20
59.31
 10
533.149
 20
59.326
 10
533.397
 20
59.185
 10
533.492
 20
58.933
 10
533.5
 20
57.861
 10
533.254
 20
57.861
 10
533.241
 20
58.91
 10
533.14
 20
59.077
 10
532.949
 20
59.131
 10
532.707
 20
59.05
 10
532.591
 20
58.879
 10
532.565
 20
57.861
  0
LWPOLYLINE
  5
4BE
330
30
100
AcDbEntity
  8
PAFTA_ANTET
100
AcDbPolyline
 90
18
 70
1
 10
534.41
 20
58.08
 10
534.445
 20
57.863
 10
534.141
 20
57.852
 10
533.962
 20
57.969
 10
533.921
 20
58.166
 10
533.919
 20
59.118
 10
533.739
 20
59.118
 10
533.739
 20
59.309
 10
533.919
 20
59.309
 10
533.919
 20
59.668
 10
534.163
 20
59.816
 10
534.163
 20
59.309
 10
534.41
 20
59.309
 10
534.41
 20
59.118
 10
534.163
 20
59.118
 10
534.167
 20
58.172
 10
534.238
 20
58.079
 10
534.397
 20
58.078
  0
LWPOLYLINE
  5
4BF
330
30
100
AcDbEntity
  8
PAFTA_ANTET
100
AcDbPolyline
 90
4
 70
1
 10
535.494
 20
59.03
 10
535.494
 20
59.309
 10
535.774
 20
59.309
 10
535.774
 20
59.03
  0
LWPOLYLINE
  5
4C0
330
30
100
AcDbEntity
  8
PAFTA_ANTET
100
AcDbPolyline
 90
4
 70
1
 10
535.494
 20
57.861
 10
535.494
 20
58.14
 10
535.774
 20
58.14
 10
535.774
 20
57.861
  0
LWPOLYLINE
  5
4C1
330
30
100
AcDbEntity
  8
PAFTA_ANTET
100
AcDbPolyline
 90
13
 70
1
 10
502.119
 20
39.308
 10
502.119
 20
41.808
 10
503.243
 20
41.805
 10
503.581
 20
41.751
 10
503.864
 20
41.564
 10
504.021
 20
41.194
 10
504.02
 20
40.962
 10
503.955
 20
40.738
 10
503.825
 20
40.546
 10
503.674
 20
40.433
 10
503.291
 20
40.334
 10
502.45
 20
40.325
 10
502.45
 20
39.308
  0
LWPOLYLINE
  5
4C2
330
30
100
AcDbEntity
  8
PAFTA_ANTET
100
AcDbPolyline
 90
8
 70
1
 10
502.45
 20
40.62
 10
503.159
 20
40.621
 10
503.414
 20
40.663
 10
503.621
 20
40.819
 10
503.687
 20
41.075
 10
503.622
 20
41.321
 10
503.424
 20
41.483
 10
502.45
 20
41.513
  0
LWPOLYLINE
  5
4C3
330
30
100
AcDbEntity
  8
PAFTA_ANTET
100
AcDbPolyline
 90
26
 70
1
 10
505.591
 20
39.532
 10
505.231
 20
39.316
 10
504.811
 20
39.273
 10
504.466
 20
39.413
 10
504.312
 20
39.698
 10
504.344
 20
39.984
 10
504.565
 20
40.231
 10
504.765
 20
40.311
 10
505.566
 20
40.458
 10
505.512
 20
40.767
 10
505.4
 20
40.855
 10
505.219
 20
40.902
 10
504.833
 20
40.845
 10
504.737
 20
40.751
 10
504.659
 20
40.562
 10
504.359
 20
40.603
 10
504.493
 20
40.914
 10
504.666
 20
41.053
 10
504.876
 20
41.129
 10
505.386
 20
41.147
 10
505.718
 20
41.016
 10
505.864
 20
40.743
 10
505.886
 20
39.622
 10
505.973
 20
39.308
 10
505.653
 20
39.308
 10
505.595
 20
39.506
  0
LWPOLYLINE
  5
4C4
330
30
100
AcDbEntity
  8
PAFTA_ANTET
100
AcDbPolyline
 90
10
 70
1
 10
505.566
 20
40.217
 10
504.781
 20
40.033
 10
504.676
 20
39.94
 10
504.633
 20
39.794
 10
504.679
 20
39.643
 10
504.814
 20
39.537
 10
505.197
 20
39.536
 10
505.366
 20
39.619
 10
505.488
 20
39.746
 10
505.566
 20
40.105
  0
LWPOLYLINE
  5
4C5
330
30
100
AcDbEntity
  8
PAFTA_ANTET
100
AcDbPolyline
 90
14
 70
1
 10
506.349
 20
39.308
 10
506.349
 20
41.119
 10
506.625
 20
41.119
 10
506.625
 20
40.845
 10
506.802
 20
41.085
 10
506.996
 20
41.16
 10
507.333
 20
41.061
 10
507.227
 20
40.777
 10
507.069
 20
40.837
 10
506.906
 20
40.828
 10
506.805
 20
40.77
 10
506.714
 20
40.636
 10
506.656
 20
40.295
 10
506.656
 20
39.308
  0
LWPOLYLINE
  5
4C6
330
30
100
AcDbEntity
  8
PAFTA_ANTET
100
AcDbPolyline
 90
18
 70
1
 10
508.185
 20
39.583
 10
508.23
 20
39.312
 10
507.824
 20
39.303
 10
507.626
 20
39.443
 10
507.573
 20
39.736
 10
507.571
 20
40.881
 10
507.346
 20
40.881
 10
507.346
 20
41.119
 10
507.571
 20
41.119
 10
507.571
 20
41.568
 10
507.877
 20
41.752
 10
507.877
 20
41.119
 10
508.185
 20
41.119
 10
508.185
 20
40.881
 10
507.877
 20
40.881
 10
507.882
 20
39.698
 10
507.962
 20
39.585
 10
508.169
 20
39.581
  0
LWPOLYLINE
  5
4C7
330
30
100
AcDbEntity
  8
PAFTA_ANTET
100
AcDbPolyline
 90
10
 70
1
 10
509.492
 20
39.308
 10
509.492
 20
41.808
 10
509.831
 20
41.808
 10
511.144
 20
39.846
 10
511.144
 20
41.808
 10
511.461
 20
41.808
 10
511.461
 20
39.308
 10
511.122
 20
39.308
 10
509.809
 20
41.273
 10
509.809
 20
39.308
  0
LWPOLYLINE
  5
4C8
330
30
100
AcDbEntity
  8
PAFTA_ANTET
100
AcDbPolyline
 90
27
 70
1
 10
513.16
 20
39.532
 10
512.767
 20
39.306
 10
512.326
 20
39.281
 10
512.143
 20
39.339
 10
512.004
 20
39.443
 10
511.875
 20
39.741
 10
511.934
 20
40.029
 10
512.133
 20
40.231
 10
512.333
 20
40.311
 10
513.134
 20
40.458
 10
513.08
 20
40.767
 10
512.968
 20
40.855
 10
512.787
 20
40.902
 10
512.401
 20
40.845
 10
512.29
 20
40.725
 10
512.227
 20
40.562
 10
511.927
 20
40.603
 10
512.061
 20
40.914
 10
512.234
 20
41.053
 10
512.444
 20
41.129
 10
512.991
 20
41.141
 10
513.319
 20
40.985
 10
513.435
 20
40.723
 10
513.454
 20
39.622
 10
513.542
 20
39.308
 10
513.221
 20
39.308
 10
513.163
 20
39.506
  0
LWPOLYLINE
  5
4C9
330
30
100
AcDbEntity
  8
PAFTA_ANTET
100
AcDbPolyline
 90
10
 70
1
 10
513.134
 20
40.217
 10
512.365
 20
40.04
 10
512.244
 20
39.94
 10
512.201
 20
39.794
 10
512.247
 20
39.643
 10
512.382
 20
39.537
 10
512.765
 20
39.536
 10
512.934
 20
39.619
 10
513.056
 20
39.746
 10
513.134
 20
40.105
  0
LWPOLYLINE
  5
4CA
330
30
100
AcDbEntity
  8
PAFTA_ANTET
100
AcDbPolyline
 90
31
 70
1
 10
513.92
 20
39.308
 10
513.92
 20
41.119
 10
514.195
 20
41.119
 10
514.195
 20
40.865
 10
514.394
 20
41.063
 10
514.708
 20
41.16
 10
515.047
 20
41.093
 10
515.184
 20
40.977
 10
515.256
 20
40.843
 10
515.448
 20
41.046
 10
515.747
 20
41.157
 10
516.053
 20
41.123
 10
516.257
 20
40.98
 10
516.373
 20
40.612
 10
516.374
 20
39.308
 10
516.069
 20
39.308
 10
516.05
 20
40.678
 10
515.946
 20
40.835
 10
515.768
 20
40.894
 10
515.511
 20
40.832
 10
515.335
 20
40.602
 10
515.303
 20
39.308
 10
514.996
 20
39.308
 10
514.996
 20
40.525
 10
514.936
 20
40.77
 10
514.822
 20
40.869
 10
514.65
 20
40.894
 10
514.481
 20
40.851
 10
514.358
 20
40.761
 10
514.235
 20
40.427
 10
514.227
 20
39.308
  0
LWPOLYLINE
  5
4CB
330
30
100
AcDbEntity
  8
PAFTA_ANTET
100
AcDbPolyline
 90
26
 70
1
 10
518.069
 20
39.892
 10
518.386
 20
39.852
 10
518.25
 20
39.564
 10
518.023
 20
39.366
 10
517.59
 20
39.267
 10
517.367
 20
39.289
 10
517.115
 20
39.387
 10
516.876
 20
39.618
 10
516.764
 20
39.877
 10
516.727
 20
40.199
 10
516.786
 20
40.604
 10
516.963
 20
40.908
 10
517.295
 20
41.12
 10
517.644
 20
41.158
 10
518.016
 20
41.039
 10
518.21
 20
40.862
 10
518.314
 20
40.683
 10
518.388
 20
40.389
 10
518.395
 20
40.135
 10
517.044
 20
40.135
 10
517.158
 20
39.747
 10
517.422
 20
39.545
 10
517.625
 20
39.521
 10
517.804
 20
39.563
 10
517.947
 20
39.671
 10
518.055
 20
39.854
  0
LWPOLYLINE
  5
4CC
330
30
100
AcDbEntity
  8
PAFTA_ANTET
100
AcDbPolyline
 90
9
 70
1
 10
517.061
 20
40.388
 10
518.073
 20
40.388
 10
517.957
 20
40.731
 10
517.788
 20
40.864
 10
517.622
 20
40.906
 10
517.418
 20
40.885
 10
517.25
 20
40.793
 10
517.126
 20
40.638
 10
517.066
 20
40.434
  0
LWPOLYLINE
  5
4CD
330
30
100
AcDbEntity
  8
PAFTA_ANTET
100
AcDbPolyline
 90
4
 70
1
 10
519.828
 20
40.77
 10
519.828
 20
41.119
 10
520.177
 20
41.119
 10
520.177
 20
40.77
  0
LWPOLYLINE
  5
4CE
330
30
100
AcDbEntity
  8
PAFTA_ANTET
100
AcDbPolyline
 90
4
 70
1
 10
519.828
 20
39.308
 10
519.828
 20
39.658
 10
520.177
 20
39.658
 10
520.177
 20
39.308
  0
LWPOLYLINE
  5
4CF
330
30
100
AcDbEntity
  8
PAFTA_ANTET
100
AcDbPolyline
 90
13
 70
1
 10
501.937
 20
48.461
 10
501.937
 20
50.461
 10
502.336
 20
50.461
 10
502.905
 20
48.749
 10
503.49
 20
50.461
 10
503.846
 20
50.461
 10
503.846
 20
48.461
 10
503.591
 20
48.461
 10
503.591
 20
50.135
 10
503.01
 20
48.461
 10
502.771
 20
48.461
 10
502.192
 20
50.163
 10
502.192
 20
48.461
  0
LWPOLYLINE
  5
4D0
330
30
100
AcDbEntity
  8
PAFTA_ANTET
100
AcDbPolyline
 90
22
 70
1
 10
505.187
 20
48.639
 10
504.873
 20
48.458
 10
504.52
 20
48.438
 10
504.287
 20
48.545
 10
504.163
 20
48.773
 10
504.189
 20
49.001
 10
504.366
 20
49.199
 10
505.167
 20
49.38
 10
505.112
 20
49.643
 10
504.889
 20
49.736
 10
504.58
 20
49.69
 10
504.441
 20
49.463
 10
504.201
 20
49.496
 10
504.308
 20
49.745
 10
504.584
 20
49.91
 10
505.052
 20
49.927
 10
505.315
 20
49.802
 10
505.409
 20
49.575
 10
505.42
 20
48.747
 10
505.493
 20
48.461
 10
505.236
 20
48.461
 10
505.189
 20
48.619
  0
LWPOLYLINE
  5
4D1
330
30
100
AcDbEntity
  8
PAFTA_ANTET
100
AcDbPolyline
 90
10
 70
1
 10
505.167
 20
49.188
 10
504.551
 20
49.046
 10
504.454
 20
48.966
 10
504.42
 20
48.849
 10
504.447
 20
48.743
 10
504.545
 20
48.652
 10
504.712
 20
48.62
 10
504.896
 20
48.651
 10
505.104
 20
48.811
 10
505.167
 20
49.098
  0
LWPOLYLINE
  5
4D2
330
30
100
AcDbEntity
  8
PAFTA_ANTET
100
AcDbPolyline
 90
18
 70
1
 10
506.332
 20
48.68
 10
506.367
 20
48.463
 10
506.063
 20
48.452
 10
505.892
 20
48.556
 10
505.843
 20
48.766
 10
505.84
 20
49.719
 10
505.66
 20
49.719
 10
505.66
 20
49.91
 10
505.84
 20
49.91
 10
505.84
 20
50.268
 10
506.085
 20
50.416
 10
506.085
 20
49.91
 10
506.332
 20
49.91
 10
506.332
 20
49.719
 10
506.085
 20
49.719
 10
506.089
 20
48.772
 10
506.16
 20
48.679
 10
506.319
 20
48.678
  0
LWPOLYLINE
  5
4D3
330
30
100
AcDbEntity
  8
PAFTA_ANTET
100
AcDbPolyline
 90
21
 70
1
 10
507.564
 20
48.927
 10
507.817
 20
48.896
 10
507.708
 20
48.665
 10
507.526
 20
48.507
 10
507.18
 20
48.428
 10
506.8
 20
48.524
 10
506.609
 20
48.708
 10
506.52
 20
48.915
 10
506.492
 20
49.244
 10
506.558
 20
49.553
 10
506.717
 20
49.779
 10
506.944
 20
49.91
 10
507.279
 20
49.934
 10
507.521
 20
49.845
 10
507.759
 20
49.56
 10
507.824
 20
49.122
 10
506.744
 20
49.122
 10
506.834
 20
48.812
 10
507.078
 20
48.641
 10
507.372
 20
48.675
 10
507.552
 20
48.897
  0
LWPOLYLINE
  5
4D4
330
30
100
AcDbEntity
  8
PAFTA_ANTET
100
AcDbPolyline
 90
9
 70
1
 10
506.757
 20
49.324
 10
507.566
 20
49.324
 10
507.474
 20
49.598
 10
507.339
 20
49.705
 10
507.206
 20
49.739
 10
507.043
 20
49.722
 10
506.908
 20
49.649
 10
506.809
 20
49.524
 10
506.761
 20
49.361
  0
LWPOLYLINE
  5
4D5
330
30
100
AcDbEntity
  8
PAFTA_ANTET
100
AcDbPolyline
 90
12
 70
1
 10
508.123
 20
48.461
 10
508.123
 20
49.91
 10
508.344
 20
49.91
 10
508.344
 20
49.69
 10
508.486
 20
49.882
 10
508.641
 20
49.942
 10
508.91
 20
49.863
 10
508.825
 20
49.635
 10
508.584
 20
49.681
 10
508.415
 20
49.523
 10
508.37
 20
49.28
 10
508.368
 20
48.461
  0
LWPOLYLINE
  5
4D6
330
30
100
AcDbEntity
  8
PAFTA_ANTET
100
AcDbPolyline
 90
4
 70
1
 10
509.057
 20
50.178
 10
509.057
 20
50.461
 10
509.303
 20
50.461
 10
509.303
 20
50.178
  0
LWPOLYLINE
  5
4D7
330
30
100
AcDbEntity
  8
PAFTA_ANTET
100
AcDbPolyline
 90
4
 70
1
 10
509.057
 20
48.461
 10
509.057
 20
49.91
 10
509.303
 20
49.91
 10
509.303
 20
48.461
  0
LWPOLYLINE
  5
4D8
330
30
100
AcDbEntity
  8
PAFTA_ANTET
100
AcDbPolyline
 90
23
 70
1
 10
510.622
 20
48.639
 10
510.308
 20
48.458
 10
509.955
 20
48.438
 10
509.722
 20
48.545
 10
509.599
 20
48.773
 10
509.633
 20
49.019
 10
509.801
 20
49.199
 10
510.602
 20
49.38
 10
510.559
 20
49.628
 10
510.324
 20
49.736
 10
510.015
 20
49.69
 10
509.876
 20
49.463
 10
509.636
 20
49.496
 10
509.729
 20
49.726
 10
509.835
 20
49.829
 10
510.019
 20
49.91
 10
510.487
 20
49.927
 10
510.75
 20
49.802
 10
510.844
 20
49.575
 10
510.86
 20
48.681
 10
510.928
 20
48.461
 10
510.671
 20
48.461
 10
510.625
 20
48.619
  0
LWPOLYLINE
  5
4D9
330
30
100
AcDbEntity
  8
PAFTA_ANTET
100
AcDbPolyline
 90
9
 70
1
 10
510.602
 20
49.188
 10
509.986
 20
49.046
 10
509.904
 20
48.986
 10
509.856
 20
48.862
 10
509.882
 20
48.743
 10
509.981
 20
48.652
 10
510.306
 20
48.643
 10
510.539
 20
48.811
 10
510.602
 20
49.098
  0
LWPOLYLINE
  5
4DA
330
30
100
AcDbEntity
  8
PAFTA_ANTET
100
AcDbPolyline
 90
4
 70
1
 10
511.225
 20
48.461
 10
511.225
 20
50.461
 10
511.471
 20
50.461
 10
511.471
 20
48.461
  0
LWPOLYLINE
  5
4DB
330
30
100
AcDbEntity
  8
PAFTA_ANTET
100
AcDbPolyline
 90
4
 70
1
 10
512.696
 20
49.63
 10
512.696
 20
49.91
 10
512.976
 20
49.91
 10
512.976
 20
49.63
  0
LWPOLYLINE
  5
4DC
330
30
100
AcDbEntity
  8
PAFTA_ANTET
100
AcDbPolyline
 90
4
 70
1
 10
512.696
 20
48.461
 10
512.696
 20
48.74
 10
512.976
 20
48.74
 10
512.976
 20
48.461
  0
LWPOLYLINE
  5
4DD
330
30
100
AcDbEntity
  8
PAFTA_ANTET
100
AcDbPolyline
 90
27
 70
1
 10
456.378
 20
72.771
 10
456.134
 20
72.752
 10
455.999
 20
73.0
 10
455.728
 20
73.061
 10
455.504
 20
72.921
 10
455.363
 20
72.603
 10
455.337
 20
72.292
 10
455.554
 20
72.493
 10
455.823
 20
72.558
 10
456.091
 20
72.493
 10
456.329
 20
72.259
 10
456.406
 20
72.02
 10
456.393
 20
71.728
 10
456.297
 20
71.498
 10
456.137
 20
71.33
 10
455.823
 20
71.227
 10
455.46
 20
71.308
 10
455.217
 20
71.554
 10
455.11
 20
71.912
 10
455.095
 20
72.309
 10
455.146
 20
72.697
 10
455.266
 20
72.984
 10
455.431
 20
73.157
 10
455.689
 20
73.26
 10
456.025
 20
73.236
 10
456.253
 20
73.08
 10
456.371
 20
72.817
  0
LWPOLYLINE
  5
4DE
330
30
100
AcDbEntity
  8
PAFTA_ANTET
100
AcDbPolyline
 90
15
 70
1
 10
455.375
 20
71.909
 10
455.479
 20
71.582
 10
455.619
 20
71.467
 10
455.762
 20
71.429
 10
455.901
 20
71.449
 10
456.028
 20
71.53
 10
456.122
 20
71.669
 10
456.161
 20
71.853
 10
456.092
 20
72.171
 10
455.98
 20
72.283
 10
455.806
 20
72.34
 10
455.648
 20
72.322
 10
455.515
 20
72.244
 10
455.417
 20
72.114
 10
455.376
 20
71.947
  0
LWPOLYLINE
  5
4DF
330
30
100
AcDbEntity
  8
PAFTA_ANTET
100
AcDbPolyline
 90
4
 70
1
 10
457.407
 20
71.861
 10
457.407
 20
72.108
 10
458.161
 20
72.108
 10
458.161
 20
71.861
  0
LWPOLYLINE
  5
4E0
330
30
100
AcDbEntity
  8
PAFTA_ANTET
100
AcDbPolyline
 90
37
 70
1
 10
459.142
 20
71.789
 10
459.387
 20
71.821
 10
459.512
 20
71.54
 10
459.644
 20
71.451
 10
459.779
 20
71.428
 10
460.047
 20
71.526
 10
460.186
 20
71.777
 10
460.173
 20
71.972
 10
460.058
 20
72.146
 10
459.865
 20
72.23
 10
459.626
 20
72.207
 10
459.653
 20
72.423
 10
459.897
 20
72.46
 10
460.056
 20
72.582
 10
460.101
 20
72.755
 10
460.056
 20
72.921
 10
459.905
 20
73.045
 10
459.692
 20
73.059
 10
459.499
 20
72.937
 10
459.412
 20
72.707
 10
459.166
 20
72.75
 10
459.24
 20
72.97
 10
459.371
 20
73.133
 10
459.633
 20
73.257
 10
459.955
 20
73.244
 10
460.212
 20
73.096
 10
460.347
 20
72.83
 10
460.297
 20
72.535
 10
460.078
 20
72.344
 10
460.333
 20
72.199
 10
460.443
 20
71.962
 10
460.421
 20
71.655
 10
460.261
 20
71.407
 10
459.944
 20
71.242
 10
459.581
 20
71.25
 10
459.307
 20
71.414
 10
459.148
 20
71.74
  0
LWPOLYLINE
  5
4E1
330
30
100
AcDbEntity
  8
PAFTA_ANTET
100
AcDbPolyline
 90
17
 70
1
 10
460.694
 20
72.247
 10
460.73
 20
72.676
 10
460.837
 20
72.975
 10
461.045
 20
73.194
 10
461.304
 20
73.268
 10
461.579
 20
73.227
 10
461.796
 20
73.064
 10
461.954
 20
72.72
 10
461.997
 20
72.361
 10
461.981
 20
71.929
 10
461.895
 20
71.596
 10
461.71
 20
71.345
 10
461.471
 20
71.237
 10
461.135
 20
71.26
 10
460.892
 20
71.434
 10
460.744
 20
71.762
 10
460.696
 20
72.137
  0
LWPOLYLINE
  5
4E2
330
30
100
AcDbEntity
  8
PAFTA_ANTET
100
AcDbPolyline
 90
16
 70
1
 10
460.947
 20
72.247
 10
460.965
 20
71.906
 10
461.04
 20
71.627
 10
461.163
 20
71.487
 10
461.313
 20
71.43
 10
461.502
 20
71.469
 10
461.653
 20
71.628
 10
461.745
 20
72.152
 10
461.728
 20
72.589
 10
461.672
 20
72.825
 10
461.557
 20
72.986
 10
461.41
 20
73.059
 10
461.219
 20
73.043
 10
461.074
 20
72.922
 10
460.992
 20
72.727
 10
460.948
 20
72.342
  0
LWPOLYLINE
  5
4E3
330
30
100
AcDbEntity
  8
PAFTA_ANTET
100
AcDbPolyline
 90
37
 70
1
 10
465.477
 20
71.819
 10
465.723
 20
71.851
 10
465.847
 20
71.57
 10
465.98
 20
71.481
 10
466.114
 20
71.458
 10
466.383
 20
71.556
 10
466.522
 20
71.807
 10
466.509
 20
72.002
 10
466.393
 20
72.176
 10
466.201
 20
72.26
 10
465.962
 20
72.237
 10
465.989
 20
72.453
 10
466.233
 20
72.49
 10
466.391
 20
72.612
 10
466.436
 20
72.785
 10
466.392
 20
72.951
 10
466.24
 20
73.075
 10
466.027
 20
73.089
 10
465.835
 20
72.967
 10
465.747
 20
72.737
 10
465.502
 20
72.78
 10
465.576
 20
73.0
 10
465.707
 20
73.163
 10
465.968
 20
73.287
 10
466.291
 20
73.274
 10
466.566
 20
73.105
 10
466.686
 20
72.833
 10
466.619
 20
72.543
 10
466.413
 20
72.374
 10
466.668
 20
72.229
 10
466.778
 20
71.992
 10
466.756
 20
71.685
 10
466.596
 20
71.437
 10
466.279
 20
71.272
 10
465.917
 20
71.28
 10
465.612
 20
71.479
 10
465.484
 20
71.77
  0
LWPOLYLINE
  5
4E4
330
30
100
AcDbEntity
  8
PAFTA_ANTET
100
AcDbPolyline
 90
17
 70
1
 10
467.03
 20
72.277
 10
467.066
 20
72.706
 10
467.173
 20
73.005
 10
467.38
 20
73.224
 10
467.639
 20
73.298
 10
467.94
 20
73.246
 10
468.149
 20
73.071
 10
468.289
 20
72.75
 10
468.334
 20
72.335
 10
468.308
 20
71.904
 10
468.212
 20
71.588
 10
468.016
 20
71.352
 10
467.767
 20
71.261
 10
467.47
 20
71.29
 10
467.228
 20
71.464
 10
467.079
 20
71.792
 10
467.032
 20
72.167
  0
LWPOLYLINE
  5
4E5
330
30
100
AcDbEntity
  8
PAFTA_ANTET
100
AcDbPolyline
 90
14
 70
1
 10
467.282
 20
72.277
 10
467.356
 20
71.7
 10
467.472
 20
71.538
 10
467.649
 20
71.46
 10
467.838
 20
71.499
 10
467.988
 20
71.658
 10
468.081
 20
72.182
 10
468.008
 20
72.855
 10
467.892
 20
73.016
 10
467.746
 20
73.089
 10
467.555
 20
73.073
 10
467.409
 20
72.952
 10
467.328
 20
72.757
 10
467.283
 20
72.372
  0
LWPOLYLINE
  5
4E6
330
30
100
AcDbEntity
  8
PAFTA_ANTET
100
AcDbPolyline
 90
4
 70
1
 10
469.333
 20
71.891
 10
469.333
 20
72.138
 10
470.087
 20
72.138
 10
470.087
 20
71.891
  0
LWPOLYLINE
  5
4E7
330
30
100
AcDbEntity
  8
PAFTA_ANTET
100
AcDbPolyline
 90
8
 70
1
 10
471.992
 20
71.291
 10
471.746
 20
71.291
 10
471.746
 20
72.855
 10
471.255
 20
72.559
 10
471.255
 20
72.797
 10
471.584
 20
73.004
 10
471.833
 20
73.299
 10
471.992
 20
73.299
  0
LWPOLYLINE
  5
4E8
330
30
100
AcDbEntity
  8
PAFTA_ANTET
100
AcDbPolyline
 90
27
 70
1
 10
473.911
 20
71.527
 10
473.911
 20
71.291
 10
472.589
 20
71.291
 10
472.618
 20
71.461
 10
472.737
 20
71.675
 10
473.454
 20
72.35
 10
473.638
 20
72.635
 10
473.652
 20
72.806
 10
473.605
 20
72.931
 10
473.483
 20
73.046
 10
473.312
 20
73.095
 10
473.149
 20
73.079
 10
472.996
 20
72.989
 10
472.916
 20
72.862
 10
472.888
 20
72.694
 10
472.636
 20
72.72
 10
472.697
 20
72.969
 10
472.831
 20
73.151
 10
473.029
 20
73.262
 10
473.285
 20
73.299
 10
473.543
 20
73.259
 10
473.772
 20
73.107
 10
473.882
 20
72.92
 10
473.901
 20
72.648
 10
473.837
 20
72.461
 10
473.696
 20
72.263
 10
472.93
 20
71.527
  0
LWPOLYLINE
  5
4E9
330
30
100
AcDbEntity
  8
PAFTA_ANTET
100
AcDbPolyline
 90
17
 70
1
 10
474.174
 20
72.277
 10
474.21
 20
72.706
 10
474.317
 20
73.005
 10
474.525
 20
73.224
 10
474.784
 20
73.298
 10
475.059
 20
73.257
 10
475.276
 20
73.094
 10
475.434
 20
72.75
 10
475.477
 20
72.391
 10
475.461
 20
71.959
 10
475.375
 20
71.626
 10
475.19
 20
71.375
 10
474.952
 20
71.267
 10
474.615
 20
71.29
 10
474.372
 20
71.464
 10
474.224
 20
71.792
 10
474.176
 20
72.167
  0
LWPOLYLINE
  5
4EA
330
30
100
AcDbEntity
  8
PAFTA_ANTET
100
AcDbPolyline
 90
15
 70
1
 10
474.427
 20
72.277
 10
474.445
 20
71.936
 10
474.52
 20
71.657
 10
474.643
 20
71.517
 10
474.793
 20
71.46
 10
474.982
 20
71.499
 10
475.133
 20
71.658
 10
475.225
 20
72.182
 10
475.153
 20
72.855
 10
475.037
 20
73.016
 10
474.89
 20
73.089
 10
474.699
 20
73.073
 10
474.554
 20
72.952
 10
474.473
 20
72.757
 10
474.428
 20
72.372
  0
LWPOLYLINE
  5
4EB
330
30
100
AcDbEntity
  8
PAFTA_ANTET
100
AcDbPolyline
 90
8
 70
1
 10
478.517
 20
71.201
 10
478.272
 20
71.201
 10
478.272
 20
72.765
 10
477.781
 20
72.469
 10
477.781
 20
72.707
 10
478.141
 20
72.941
 10
478.359
 20
73.209
 10
478.517
 20
73.209
  0
LWPOLYLINE
  5
4EC
330
30
100
AcDbEntity
  8
PAFTA_ANTET
100
AcDbPolyline
 90
26
 70
1
 10
480.437
 20
71.437
 10
480.437
 20
71.201
 10
479.115
 20
71.201
 10
479.154
 20
71.398
 10
479.283
 20
71.611
 10
479.942
 20
72.221
 10
480.153
 20
72.516
 10
480.182
 20
72.659
 10
480.144
 20
72.818
 10
480.033
 20
72.941
 10
479.87
 20
73.002
 10
479.675
 20
72.989
 10
479.543
 20
72.919
 10
479.441
 20
72.772
 10
479.414
 20
72.604
 10
479.161
 20
72.63
 10
479.223
 20
72.879
 10
479.356
 20
73.061
 10
479.554
 20
73.172
 10
479.811
 20
73.209
 10
480.068
 20
73.169
 10
480.298
 20
73.017
 10
480.419
 20
72.788
 10
480.422
 20
72.535
 10
480.222
 20
72.173
 10
479.456
 20
71.437
  0
LWPOLYLINE
  5
4ED
330
30
100
AcDbEntity
  8
PAFTA_ANTET
100
AcDbPolyline
 90
17
 70
1
 10
480.7
 20
72.187
 10
480.736
 20
72.616
 10
480.843
 20
72.915
 10
481.05
 20
73.134
 10
481.309
 20
73.208
 10
481.61
 20
73.156
 10
481.819
 20
72.981
 10
481.959
 20
72.66
 10
482.004
 20
72.245
 10
481.969
 20
71.761
 10
481.863
 20
71.462
 10
481.686
 20
71.262
 10
481.437
 20
71.171
 10
481.141
 20
71.2
 10
480.898
 20
71.374
 10
480.749
 20
71.702
 10
480.702
 20
72.077
  0
LWPOLYLINE
  5
4EE
330
30
100
AcDbEntity
  8
PAFTA_ANTET
100
AcDbPolyline
 90
15
 70
1
 10
480.952
 20
72.187
 10
481.026
 20
71.61
 10
481.142
 20
71.448
 10
481.319
 20
71.37
 10
481.508
 20
71.409
 10
481.637
 20
71.532
 10
481.723
 20
71.778
 10
481.751
 20
72.092
 10
481.678
 20
72.765
 10
481.562
 20
72.926
 10
481.416
 20
72.999
 10
481.225
 20
72.983
 10
481.079
 20
72.862
 10
480.998
 20
72.667
 10
480.954
 20
72.282
  0
LWPOLYLINE
  5
4EF
330
30
100
AcDbEntity
  8
PAFTA_ANTET
100
AcDbPolyline
 90
4
 70
1
 10
482.227
 20
71.801
 10
482.227
 20
72.048
 10
482.981
 20
72.048
 10
482.981
 20
71.801
  0
LWPOLYLINE
  5
4F0
330
30
100
AcDbEntity
  8
PAFTA_ANTET
100
AcDbPolyline
 90
11
 70
1
 10
483.972
 20
71.201
 10
483.972
 20
71.68
 10
483.104
 20
71.68
 10
483.104
 20
71.905
 10
484.017
 20
73.201
 10
484.217
 20
73.201
 10
484.217
 20
71.905
 10
484.487
 20
71.905
 10
484.487
 20
71.68
 10
484.217
 20
71.68
 10
484.217
 20
71.201
  0
LWPOLYLINE
  5
4F1
330
30
100
AcDbEntity
  8
PAFTA_ANTET
100
AcDbPolyline
 90
3
 70
1
 10
483.972
 20
71.905
 10
483.972
 20
72.806
 10
483.345
 20
71.905
  0
LWPOLYLINE
  5
4F2
330
30
100
AcDbEntity
  8
PAFTA_ANTET
100
AcDbPolyline
 90
17
 70
1
 10
484.738
 20
72.187
 10
484.774
 20
72.616
 10
484.881
 20
72.915
 10
485.089
 20
73.134
 10
485.347
 20
73.208
 10
485.623
 20
73.167
 10
485.84
 20
73.004
 10
485.988
 20
72.694
 10
486.041
 20
72.301
 10
486.024
 20
71.869
 10
485.938
 20
71.536
 10
485.754
 20
71.285
 10
485.515
 20
71.177
 10
485.179
 20
71.2
 10
484.936
 20
71.374
 10
484.809
 20
71.624
 10
484.74
 20
72.077
  0
LWPOLYLINE
  5
4F3
330
30
100
AcDbEntity
  8
PAFTA_ANTET
100
AcDbPolyline
 90
15
 70
1
 10
484.991
 20
72.187
 10
485.064
 20
71.61
 10
485.18
 20
71.448
 10
485.357
 20
71.37
 10
485.546
 20
71.409
 10
485.697
 20
71.568
 10
485.789
 20
72.092
 10
485.772
 20
72.529
 10
485.716
 20
72.765
 10
485.601
 20
72.926
 10
485.454
 20
72.999
 10
485.263
 20
72.983
 10
485.118
 20
72.862
 10
485.036
 20
72.667
 10
484.992
 20
72.282
  0
LWPOLYLINE
  5
4F4
330
30
100
AcDbEntity
  8
PAFTA_ANTET
100
AcDbPolyline
 90
17
 70
1
 10
486.292
 20
72.187
 10
486.328
 20
72.616
 10
486.435
 20
72.915
 10
486.643
 20
73.134
 10
486.901
 20
73.208
 10
487.176
 20
73.167
 10
487.394
 20
73.004
 10
487.542
 20
72.694
 10
487.595
 20
72.301
 10
487.578
 20
71.869
 10
487.492
 20
71.536
 10
487.308
 20
71.285
 10
487.069
 20
71.177
 10
486.733
 20
71.2
 10
486.49
 20
71.374
 10
486.363
 20
71.624
 10
486.294
 20
72.077
  0
LWPOLYLINE
  5
4F5
330
30
100
AcDbEntity
  8
PAFTA_ANTET
100
AcDbPolyline
 90
15
 70
1
 10
486.545
 20
72.187
 10
486.618
 20
71.61
 10
486.734
 20
71.448
 10
486.911
 20
71.37
 10
487.1
 20
71.409
 10
487.251
 20
71.568
 10
487.343
 20
72.092
 10
487.326
 20
72.529
 10
487.27
 20
72.765
 10
487.154
 20
72.926
 10
487.008
 20
72.999
 10
486.817
 20
72.983
 10
486.671
 20
72.862
 10
486.59
 20
72.667
 10
486.546
 20
72.282
  0
LWPOLYLINE
  5
4F6
330
30
100
AcDbEntity
  8
PAFTA_ANTET
100
AcDbPolyline
 90
11
 70
1
 10
489.673
 20
71.261
 10
489.673
 20
71.74
 10
488.805
 20
71.74
 10
488.805
 20
71.965
 10
489.718
 20
73.261
 10
489.919
 20
73.261
 10
489.919
 20
71.965
 10
490.189
 20
71.965
 10
490.189
 20
71.74
 10
489.919
 20
71.74
 10
489.919
 20
71.261
  0
LWPOLYLINE
  5
4F7
330
30
100
AcDbEntity
  8
PAFTA_ANTET
100
AcDbPolyline
 90
3
 70
1
 10
489.673
 20
71.965
 10
489.673
 20
72.866
 10
489.047
 20
71.965
  0
LWPOLYLINE
  5
4F8
330
30
100
AcDbEntity
  8
PAFTA_ANTET
100
AcDbPolyline
 90
17
 70
1
 10
490.44
 20
72.247
 10
490.476
 20
72.676
 10
490.583
 20
72.975
 10
490.79
 20
73.194
 10
491.049
 20
73.268
 10
491.35
 20
73.216
 10
491.559
 20
73.041
 10
491.699
 20
72.72
 10
491.744
 20
72.305
 10
491.718
 20
71.874
 10
491.622
 20
71.558
 10
491.426
 20
71.322
 10
491.177
 20
71.231
 10
490.88
 20
71.26
 10
490.638
 20
71.434
 10
490.489
 20
71.762
 10
490.442
 20
72.137
  0
LWPOLYLINE
  5
4F9
330
30
100
AcDbEntity
  8
PAFTA_ANTET
100
AcDbPolyline
 90
14
 70
1
 10
490.692
 20
72.247
 10
490.766
 20
71.67
 10
490.882
 20
71.508
 10
491.059
 20
71.43
 10
491.248
 20
71.469
 10
491.398
 20
71.628
 10
491.491
 20
72.152
 10
491.418
 20
72.825
 10
491.302
 20
72.986
 10
491.156
 20
73.059
 10
490.965
 20
73.043
 10
490.819
 20
72.922
 10
490.738
 20
72.727
 10
490.693
 20
72.342
  0
LWPOLYLINE
  5
4FA
330
30
100
AcDbEntity
  8
PAFTA_ANTET
100
AcDbPolyline
 90
17
 70
1
 10
491.994
 20
72.247
 10
492.029
 20
72.676
 10
492.136
 20
72.975
 10
492.344
 20
73.194
 10
492.603
 20
73.268
 10
492.904
 20
73.216
 10
493.113
 20
73.041
 10
493.253
 20
72.72
 10
493.298
 20
72.305
 10
493.272
 20
71.874
 10
493.176
 20
71.558
 10
492.98
 20
71.322
 10
492.731
 20
71.231
 10
492.434
 20
71.26
 10
492.192
 20
71.434
 10
492.043
 20
71.762
 10
491.996
 20
72.137
  0
LWPOLYLINE
  5
4FB
330
30
100
AcDbEntity
  8
PAFTA_ANTET
100
AcDbPolyline
 90
15
 70
1
 10
492.246
 20
72.247
 10
492.275
 20
71.837
 10
492.339
 20
71.627
 10
492.462
 20
71.487
 10
492.646
 20
71.428
 10
492.802
 20
71.469
 10
492.952
 20
71.628
 10
493.017
 20
71.838
 10
493.046
 20
72.247
 10
492.972
 20
72.825
 10
492.856
 20
72.986
 10
492.677
 20
73.064
 10
492.491
 20
73.03
 10
492.349
 20
72.883
 10
492.247
 20
72.342
  0
LWPOLYLINE
  5
4FC
330
30
100
AcDbEntity
  8
PAFTA_ANTET
100
AcDbPolyline
 90
4
 70
1
 10
493.52
 20
71.861
 10
493.52
 20
72.108
 10
494.275
 20
72.108
 10
494.275
 20
71.861
  0
LWPOLYLINE
  5
4FD
330
30
100
AcDbEntity
  8
PAFTA_ANTET
100
AcDbPolyline
 90
8
 70
1
 10
495.403
 20
71.261
 10
495.157
 20
71.261
 10
495.157
 20
72.825
 10
494.666
 20
72.529
 10
494.666
 20
72.767
 10
494.995
 20
72.974
 10
495.245
 20
73.269
 10
495.403
 20
73.269
  0
LWPOLYLINE
  5
4FE
330
30
100
AcDbEntity
  8
PAFTA_ANTET
100
AcDbPolyline
 90
26
 70
1
 10
497.323
 20
71.497
 10
497.323
 20
71.261
 10
496.001
 20
71.261
 10
496.04
 20
71.458
 10
496.169
 20
71.671
 10
496.865
 20
72.32
 10
497.039
 20
72.576
 10
497.067
 20
72.719
 10
497.03
 20
72.878
 10
496.919
 20
73.001
 10
496.755
 20
73.062
 10
496.56
 20
73.049
 10
496.429
 20
72.979
 10
496.327
 20
72.832
 10
496.299
 20
72.664
 10
496.047
 20
72.69
 10
496.109
 20
72.939
 10
496.242
 20
73.121
 10
496.44
 20
73.232
 10
496.696
 20
73.269
 10
496.954
 20
73.229
 10
497.184
 20
73.077
 10
497.305
 20
72.848
 10
497.308
 20
72.595
 10
497.108
 20
72.233
 10
496.342
 20
71.497
  0
LWPOLYLINE
  5
4FF
330
30
100
AcDbEntity
  8
PAFTA_ANTET
100
AcDbPolyline
 90
17
 70
1
 10
497.586
 20
72.247
 10
497.622
 20
72.676
 10
497.729
 20
72.975
 10
497.936
 20
73.194
 10
498.195
 20
73.268
 10
498.496
 20
73.216
 10
498.705
 20
73.041
 10
498.845
 20
72.72
 10
498.89
 20
72.305
 10
498.864
 20
71.874
 10
498.768
 20
71.558
 10
498.572
 20
71.322
 10
498.323
 20
71.231
 10
498.026
 20
71.26
 10
497.784
 20
71.434
 10
497.635
 20
71.762
 10
497.588
 20
72.137
  0
LWPOLYLINE
  5
500
330
30
100
AcDbEntity
  8
PAFTA_ANTET
100
AcDbPolyline
 90
14
 70
1
 10
497.838
 20
72.247
 10
497.912
 20
71.67
 10
498.028
 20
71.508
 10
498.205
 20
71.43
 10
498.394
 20
71.469
 10
498.544
 20
71.628
 10
498.637
 20
72.152
 10
498.564
 20
72.825
 10
498.448
 20
72.986
 10
498.302
 20
73.059
 10
498.111
 20
73.043
 10
497.965
 20
72.922
 10
497.884
 20
72.727
 10
497.839
 20
72.342
  0
LWPOLYLINE
  5
501
330
30
100
AcDbEntity
  8
PAFTA_ANTET
100
AcDbPolyline
 90
17
 70
1
 10
499.14
 20
72.247
 10
499.175
 20
72.676
 10
499.282
 20
72.975
 10
499.49
 20
73.194
 10
499.749
 20
73.268
 10
500.05
 20
73.216
 10
500.259
 20
73.041
 10
500.39
 20
72.754
 10
500.442
 20
72.361
 10
500.426
 20
71.929
 10
500.34
 20
71.596
 10
500.155
 20
71.345
 10
499.917
 20
71.237
 10
499.58
 20
71.26
 10
499.338
 20
71.434
 10
499.189
 20
71.762
 10
499.142
 20
72.137
  0
LWPOLYLINE
  5
502
330
30
100
AcDbEntity
  8
PAFTA_ANTET
100
AcDbPolyline
 90
15
 70
1
 10
499.392
 20
72.247
 10
499.421
 20
71.837
 10
499.485
 20
71.627
 10
499.608
 20
71.487
 10
499.792
 20
71.428
 10
499.948
 20
71.469
 10
500.098
 20
71.628
 10
500.163
 20
71.838
 10
500.192
 20
72.247
 10
500.118
 20
72.825
 10
500.002
 20
72.986
 10
499.823
 20
73.064
 10
499.637
 20
73.03
 10
499.495
 20
72.883
 10
499.393
 20
72.342
  0
LWPOLYLINE
  5
503
330
30
100
AcDbEntity
  8
PAFTA_ANTET
100
AcDbPolyline
 90
21
 70
1
 10
412.776
 20
78.921
 10
413.04
 20
78.921
 10
413.029
 20
77.544
 10
412.957
 20
77.251
 10
412.823
 20
77.07
 10
412.609
 20
76.941
 10
412.37
 20
76.891
 10
412.05
 20
76.902
 10
411.799
 20
76.983
 10
411.646
 20
77.102
 10
411.544
 20
77.264
 10
411.467
 20
77.765
 10
411.467
 20
78.921
 10
411.732
 20
78.921
 10
411.736
 20
77.622
 10
411.78
 20
77.382
 10
411.882
 20
77.237
 10
412.169
 20
77.128
 10
412.562
 20
77.19
 10
412.715
 20
77.359
 10
412.776
 20
77.767
  0
LWPOLYLINE
  5
504
330
30
100
AcDbEntity
  8
PAFTA_ANTET
100
AcDbPolyline
 90
10
 70
1
 10
413.478
 20
76.921
 10
413.478
 20
78.921
 10
413.75
 20
78.921
 10
414.8
 20
77.35
 10
414.8
 20
78.921
 10
415.054
 20
78.921
 10
415.054
 20
76.921
 10
414.782
 20
76.921
 10
413.732
 20
78.492
 10
413.732
 20
76.921
  0
LWPOLYLINE
  5
505
330
30
100
AcDbEntity
  8
PAFTA_ANTET
100
AcDbPolyline
 90
6
 70
1
 10
415.488
 20
76.921
 10
415.488
 20
78.921
 10
415.752
 20
78.921
 10
415.752
 20
77.157
 10
416.737
 20
77.157
 10
416.737
 20
76.921
  0
LWPOLYLINE
  5
506
330
30
100
AcDbEntity
  8
PAFTA_ANTET
100
AcDbPolyline
 90
12
 70
1
 10
417.058
 20
76.921
 10
417.058
 20
78.921
 10
418.504
 20
78.921
 10
418.504
 20
78.685
 10
417.323
 20
78.685
 10
417.323
 20
78.072
 10
418.429
 20
78.072
 10
418.429
 20
77.837
 10
417.323
 20
77.837
 10
417.323
 20
77.157
 10
418.55
 20
77.157
 10
418.55
 20
76.921
  0
LWPOLYLINE
  5
507
330
30
100
AcDbEntity
  8
PAFTA_ANTET
100
AcDbPolyline
 90
39
 70
1
 10
418.826
 20
77.563
 10
419.076
 20
77.585
 10
419.204
 20
77.284
 10
419.535
 20
77.133
 10
419.91
 20
77.16
 10
420.127
 20
77.324
 10
420.158
 20
77.518
 10
420.053
 20
77.681
 10
419.186
 20
77.968
 10
419.021
 20
78.091
 10
418.92
 20
78.272
 10
418.924
 20
78.55
 10
419.07
 20
78.782
 10
419.307
 20
78.911
 10
419.65
 20
78.954
 10
419.929
 20
78.909
 10
420.149
 20
78.795
 10
420.307
 20
78.586
 10
420.358
 20
78.357
 10
420.104
 20
78.338
 10
420.045
 20
78.532
 10
419.941
 20
78.643
 10
419.571
 20
78.721
 10
419.376
 20
78.69
 10
419.228
 20
78.597
 10
419.162
 20
78.47
 10
419.186
 20
78.306
 10
419.336
 20
78.188
 10
420.174
 20
77.922
 10
420.351
 20
77.745
 10
420.417
 20
77.517
 10
420.373
 20
77.271
 10
420.215
 20
77.059
 10
419.957
 20
76.925
 10
419.625
 20
76.887
 10
419.301
 20
76.937
 10
419.06
 20
77.065
 10
418.898
 20
77.269
 10
418.828
 20
77.524
  0
LWPOLYLINE
  5
508
330
30
100
AcDbEntity
  8
PAFTA_ANTET
100
AcDbPolyline
 90
39
 70
1
 10
420.69
 20
77.563
 10
420.939
 20
77.585
 10
421.067
 20
77.284
 10
421.368
 20
77.139
 10
421.725
 20
77.146
 10
421.981
 20
77.308
 10
422.022
 20
77.518
 10
421.917
 20
77.681
 10
421.05
 20
77.968
 10
420.885
 20
78.091
 10
420.784
 20
78.272
 10
420.787
 20
78.55
 10
420.933
 20
78.782
 10
421.17
 20
78.911
 10
421.514
 20
78.954
 10
421.792
 20
78.909
 10
422.012
 20
78.795
 10
422.171
 20
78.586
 10
422.222
 20
78.357
 10
421.968
 20
78.338
 10
421.923
 20
78.505
 10
421.805
 20
78.643
 10
421.434
 20
78.721
 10
421.24
 20
78.69
 10
421.091
 20
78.597
 10
421.025
 20
78.47
 10
421.049
 20
78.306
 10
421.199
 20
78.188
 10
422.037
 20
77.922
 10
422.214
 20
77.745
 10
422.281
 20
77.517
 10
422.237
 20
77.271
 10
422.079
 20
77.059
 10
421.821
 20
76.925
 10
421.489
 20
76.887
 10
421.164
 20
76.937
 10
420.924
 20
77.065
 10
420.762
 20
77.269
 10
420.692
 20
77.524
  0
LWPOLYLINE
  5
509
330
30
100
AcDbEntity
  8
PAFTA_ANTET
100
AcDbPolyline
 90
17
 70
1
 10
423.339
 20
77.895
 10
423.406
 20
78.339
 10
423.606
 20
78.674
 10
423.913
 20
78.886
 10
424.297
 20
78.956
 10
424.658
 20
78.891
 10
424.992
 20
78.665
 10
425.177
 20
78.358
 10
425.252
 20
77.918
 10
425.192
 20
77.523
 10
425.014
 20
77.2
 10
424.736
 20
76.987
 10
424.347
 20
76.888
 10
423.929
 20
76.953
 10
423.63
 20
77.148
 10
423.432
 20
77.443
 10
423.34
 20
77.842
  0
LWPOLYLINE
  5
50A
330
30
100
AcDbEntity
  8
PAFTA_ANTET
100
AcDbPolyline
 90
17
 70
1
 10
423.612
 20
77.891
 10
423.66
 20
77.567
 10
423.806
 20
77.321
 10
424.025
 20
77.165
 10
424.294
 20
77.113
 10
424.566
 20
77.166
 10
424.786
 20
77.323
 10
424.931
 20
77.577
 10
424.979
 20
77.919
 10
424.926
 20
78.27
 10
424.795
 20
78.507
 10
424.59
 20
78.664
 10
424.337
 20
78.727
 10
424.037
 20
78.68
 10
423.814
 20
78.535
 10
423.662
 20
78.278
 10
423.614
 20
77.978
  0
LWPOLYLINE
  5
50B
330
30
100
AcDbEntity
  8
PAFTA_ANTET
100
AcDbPolyline
 90
8
 70
1
 10
426.102
 20
76.921
 10
426.102
 20
78.685
 10
425.443
 20
78.685
 10
425.443
 20
78.921
 10
427.028
 20
78.921
 10
427.028
 20
78.685
 10
426.366
 20
78.685
 10
426.366
 20
76.921
  0
LWPOLYLINE
  5
50C
330
30
100
AcDbEntity
  8
PAFTA_ANTET
100
AcDbPolyline
 90
12
 70
1
 10
427.308
 20
76.921
 10
427.308
 20
78.921
 10
427.572
 20
78.921
 10
427.572
 20
78.099
 10
428.612
 20
78.099
 10
428.612
 20
78.921
 10
428.876
 20
78.921
 10
428.876
 20
76.921
 10
428.612
 20
76.921
 10
428.612
 20
77.863
 10
427.572
 20
77.863
 10
427.572
 20
76.921
  0
LWPOLYLINE
  5
50D
330
30
100
AcDbEntity
  8
PAFTA_ANTET
100
AcDbPolyline
 90
12
 70
1
 10
429.323
 20
76.921
 10
429.323
 20
78.921
 10
430.769
 20
78.921
 10
430.769
 20
78.685
 10
429.587
 20
78.685
 10
429.587
 20
78.072
 10
430.694
 20
78.072
 10
430.694
 20
77.837
 10
429.587
 20
77.837
 10
429.587
 20
77.157
 10
430.815
 20
77.157
 10
430.815
 20
76.921
  0
LWPOLYLINE
  5
50E
330
30
100
AcDbEntity
  8
PAFTA_ANTET
100
AcDbPolyline
 90
18
 70
1
 10
431.185
 20
76.921
 10
431.185
 20
78.921
 10
432.173
 20
78.919
 10
432.449
 20
78.877
 10
432.665
 20
78.728
 10
432.776
 20
78.471
 10
432.762
 20
78.215
 10
432.646
 20
78.016
 10
432.471
 20
77.897
 10
432.22
 20
77.831
 10
432.515
 20
77.584
 10
432.947
 20
76.921
 10
432.615
 20
76.921
 10
432.088
 20
77.694
 10
431.953
 20
77.784
 10
431.776
 20
77.809
 10
431.449
 20
77.809
 10
431.449
 20
76.921
  0
LWPOLYLINE
  5
50F
330
30
100
AcDbEntity
  8
PAFTA_ANTET
100
AcDbPolyline
 90
7
 70
1
 10
431.449
 20
78.038
 10
432.281
 20
78.068
 10
432.447
 20
78.18
 10
432.511
 20
78.375
 10
432.445
 20
78.57
 10
432.275
 20
78.677
 10
431.449
 20
78.7
  0
LWPOLYLINE
  5
510
330
30
100
AcDbEntity
  8
PAFTA_ANTET
100
AcDbPolyline
 90
13
 70
1
 10
433.548
 20
76.921
 10
433.017
 20
78.921
 10
433.288
 20
78.921
 10
433.677
 20
77.2
 10
434.148
 20
78.921
 10
434.467
 20
78.921
 10
434.909
 20
77.2
 10
435.323
 20
78.921
 10
435.589
 20
78.921
 10
435.04
 20
76.921
 10
434.785
 20
76.921
 10
434.301
 20
78.679
 10
433.818
 20
76.921
  0
LWPOLYLINE
  5
511
330
30
100
AcDbEntity
  8
PAFTA_ANTET
100
AcDbPolyline
 90
4
 70
1
 10
435.881
 20
76.921
 10
435.881
 20
78.921
 10
436.145
 20
78.921
 10
436.145
 20
76.921
  0
LWPOLYLINE
  5
512
330
30
100
AcDbEntity
  8
PAFTA_ANTET
100
AcDbPolyline
 90
39
 70
1
 10
436.522
 20
77.563
 10
436.771
 20
77.585
 10
436.899
 20
77.284
 10
437.231
 20
77.133
 10
437.606
 20
77.16
 10
437.823
 20
77.324
 10
437.854
 20
77.518
 10
437.749
 20
77.681
 10
436.882
 20
77.968
 10
436.717
 20
78.091
 10
436.623
 20
78.248
 10
436.612
 20
78.522
 10
436.743
 20
78.76
 10
437.003
 20
78.911
 10
437.346
 20
78.954
 10
437.624
 20
78.909
 10
437.845
 20
78.795
 10
438.003
 20
78.586
 10
438.054
 20
78.357
 10
437.8
 20
78.338
 10
437.755
 20
78.505
 10
437.637
 20
78.643
 10
437.266
 20
78.721
 10
437.072
 20
78.69
 10
436.924
 20
78.597
 10
436.854
 20
78.446
 10
436.881
 20
78.306
 10
437.032
 20
78.188
 10
437.869
 20
77.922
 10
438.031
 20
77.77
 10
438.113
 20
77.517
 10
438.069
 20
77.271
 10
437.911
 20
77.059
 10
437.653
 20
76.925
 10
437.321
 20
76.887
 10
436.996
 20
76.937
 10
436.756
 20
77.065
 10
436.594
 20
77.269
 10
436.524
 20
77.524
  0
LWPOLYLINE
  5
513
330
30
100
AcDbEntity
  8
PAFTA_ANTET
100
AcDbPolyline
 90
12
 70
1
 10
438.481
 20
76.921
 10
438.481
 20
78.921
 10
439.927
 20
78.921
 10
439.927
 20
78.685
 10
438.746
 20
78.685
 10
438.746
 20
78.072
 10
439.852
 20
78.072
 10
439.852
 20
77.837
 10
438.746
 20
77.837
 10
438.746
 20
77.157
 10
439.973
 20
77.157
 10
439.973
 20
76.921
  0
LWPOLYLINE
  5
514
330
30
100
AcDbEntity
  8
PAFTA_ANTET
100
AcDbPolyline
 90
39
 70
1
 10
441.025
 20
77.563
 10
441.275
 20
77.585
 10
441.403
 20
77.284
 10
441.735
 20
77.133
 10
442.109
 20
77.16
 10
442.326
 20
77.324
 10
442.357
 20
77.518
 10
442.253
 20
77.681
 10
441.385
 20
77.968
 10
441.221
 20
78.091
 10
441.119
 20
78.272
 10
441.123
 20
78.55
 10
441.269
 20
78.782
 10
441.506
 20
78.911
 10
441.849
 20
78.954
 10
442.128
 20
78.909
 10
442.348
 20
78.795
 10
442.506
 20
78.586
 10
442.557
 20
78.357
 10
442.304
 20
78.338
 10
442.259
 20
78.505
 10
442.14
 20
78.643
 10
441.77
 20
78.721
 10
441.575
 20
78.69
 10
441.427
 20
78.597
 10
441.361
 20
78.47
 10
441.385
 20
78.306
 10
441.535
 20
78.188
 10
442.373
 20
77.922
 10
442.55
 20
77.745
 10
442.616
 20
77.517
 10
442.572
 20
77.271
 10
442.415
 20
77.059
 10
442.157
 20
76.925
 10
441.824
 20
76.887
 10
441.5
 20
76.937
 10
441.259
 20
77.065
 10
441.097
 20
77.269
 10
441.027
 20
77.524
  0
LWPOLYLINE
  5
515
330
30
100
AcDbEntity
  8
PAFTA_ANTET
100
AcDbPolyline
 90
11
 70
1
 10
442.979
 20
76.921
 10
442.979
 20
78.921
 10
443.878
 20
78.918
 10
444.148
 20
78.875
 10
444.39
 20
78.706
 10
444.5
 20
78.429
 10
444.447
 20
78.064
 10
444.222
 20
77.82
 10
443.916
 20
77.741
 10
443.243
 20
77.734
 10
443.243
 20
76.921
  0
LWPOLYLINE
  5
516
330
30
100
AcDbEntity
  8
PAFTA_ANTET
100
AcDbPolyline
 90
7
 70
1
 10
443.243
 20
77.97
 10
444.015
 20
78.004
 10
444.18
 20
78.13
 10
444.233
 20
78.334
 10
444.181
 20
78.531
 10
444.022
 20
78.661
 10
443.243
 20
78.685
  0
LWPOLYLINE
  5
517
330
30
100
AcDbEntity
  8
PAFTA_ANTET
100
AcDbPolyline
 90
12
 70
1
 10
444.848
 20
76.921
 10
444.848
 20
78.921
 10
446.294
 20
78.921
 10
446.294
 20
78.685
 10
445.112
 20
78.685
 10
445.112
 20
78.072
 10
446.219
 20
78.072
 10
446.219
 20
77.837
 10
445.112
 20
77.837
 10
445.112
 20
77.157
 10
446.34
 20
77.157
 10
446.34
 20
76.921
  0
LWPOLYLINE
  5
518
330
30
100
AcDbEntity
  8
PAFTA_ANTET
100
AcDbPolyline
 90
32
 70
1
 10
448.133
 20
77.622
 10
448.398
 20
77.555
 10
448.25
 20
77.22
 10
448.054
 20
77.025
 10
447.691
 20
76.893
 10
447.176
 20
76.951
 10
446.897
 20
77.142
 10
446.735
 20
77.4
 10
446.639
 20
77.767
 10
446.659
 20
78.228
 10
446.83
 20
78.61
 10
447.133
 20
78.857
 10
447.521
 20
78.954
 10
447.947
 20
78.88
 10
448.19
 20
78.699
 10
448.364
 20
78.372
 10
448.103
 20
78.311
 10
447.975
 20
78.558
 10
447.752
 20
78.703
 10
447.523
 20
78.727
 10
447.282
 20
78.674
 10
447.098
 20
78.545
 10
446.979
 20
78.358
 10
446.912
 20
78.093
 10
446.914
 20
77.743
 10
447.072
 20
77.325
 10
447.24
 20
77.189
 10
447.44
 20
77.121
 10
447.675
 20
77.125
 10
447.86
 20
77.195
 10
448.008
 20
77.329
 10
448.121
 20
77.573
  0
LWPOLYLINE
  5
519
330
30
100
AcDbEntity
  8
PAFTA_ANTET
100
AcDbPolyline
 90
4
 70
1
 10
448.769
 20
76.921
 10
448.769
 20
78.921
 10
449.033
 20
78.921
 10
449.033
 20
76.921
  0
LWPOLYLINE
  5
51A
330
30
100
AcDbEntity
  8
PAFTA_ANTET
100
AcDbPolyline
 90
10
 70
1
 10
449.514
 20
76.921
 10
449.514
 20
78.921
 10
450.863
 20
78.921
 10
450.863
 20
78.685
 10
449.778
 20
78.685
 10
449.778
 20
78.065
 10
450.717
 20
78.065
 10
450.717
 20
77.829
 10
449.778
 20
77.829
 10
449.778
 20
76.921
  0
LWPOLYLINE
  5
51B
330
30
100
AcDbEntity
  8
PAFTA_ANTET
100
AcDbPolyline
 90
4
 70
1
 10
451.252
 20
76.921
 10
451.252
 20
78.921
 10
451.516
 20
78.921
 10
451.516
 20
76.921
  0
LWPOLYLINE
  5
51C
330
30
100
AcDbEntity
  8
PAFTA_ANTET
100
AcDbPolyline
 90
12
 70
1
 10
451.988
 20
76.921
 10
451.988
 20
78.921
 10
453.434
 20
78.921
 10
453.434
 20
78.685
 10
452.253
 20
78.685
 10
452.253
 20
78.072
 10
453.359
 20
78.072
 10
453.359
 20
77.837
 10
452.253
 20
77.837
 10
452.253
 20
77.157
 10
453.481
 20
77.157
 10
453.481
 20
76.921
  0
LWPOLYLINE
  5
51D
330
30
100
AcDbEntity
  8
PAFTA_ANTET
100
AcDbPolyline
 90
12
 70
1
 10
453.846
 20
76.921
 10
453.846
 20
78.921
 10
454.624
 20
78.92
 10
454.958
 20
78.874
 10
455.245
 20
78.692
 10
455.422
 20
78.407
 10
455.498
 20
77.843
 10
455.457
 20
77.563
 10
455.358
 20
77.311
 10
455.223
 20
77.133
 10
455.043
 20
77.007
 10
454.568
 20
76.921
  0
LWPOLYLINE
  5
51E
330
30
100
AcDbEntity
  8
PAFTA_ANTET
100
AcDbPolyline
 90
9
 70
1
 10
454.111
 20
77.157
 10
454.715
 20
77.166
 10
454.984
 20
77.26
 10
455.164
 20
77.519
 10
455.227
 20
77.891
 10
455.177
 20
78.304
 10
454.985
 20
78.58
 10
454.735
 20
78.674
 10
454.111
 20
78.685
  0
LWPOLYLINE
  5
51F
330
30
100
AcDbEntity
  8
PAFTA_ANTET
100
AcDbPolyline
 90
4
 70
1
 10
456.425
 20
76.887
 10
457.005
 20
78.955
 10
457.201
 20
78.955
 10
456.623
 20
76.887
  0
LWPOLYLINE
  5
520
330
30
100
AcDbEntity
  8
PAFTA_ANTET
100
AcDbPolyline
 90
8
 70
1
 10
457.973
 20
76.921
 10
458.741
 20
78.921
 10
459.027
 20
78.921
 10
459.845
 20
76.921
 10
459.544
 20
76.921
 10
459.31
 20
77.526
 10
458.474
 20
77.526
 10
458.254
 20
76.921
  0
LWPOLYLINE
  5
521
330
30
100
AcDbEntity
  8
PAFTA_ANTET
100
AcDbPolyline
 90
4
 70
1
 10
458.55
 20
77.742
 10
459.228
 20
77.742
 10
458.878
 20
78.711
 10
458.77
 20
78.329
  0
LWPOLYLINE
  5
522
330
30
100
AcDbEntity
  8
PAFTA_ANTET
100
AcDbPolyline
 90
12
 70
1
 10
460.046
 20
76.921
 10
460.046
 20
78.921
 10
460.31
 20
78.921
 10
460.31
 20
77.929
 10
461.304
 20
78.921
 10
461.662
 20
78.921
 10
460.823
 20
78.11
 10
461.699
 20
76.921
 10
461.35
 20
76.921
 10
460.638
 20
77.933
 10
460.31
 20
77.614
 10
460.31
 20
76.921
  0
LWPOLYLINE
  5
523
330
30
100
AcDbEntity
  8
PAFTA_ANTET
100
AcDbPolyline
 90
39
 70
1
 10
461.83
 20
77.563
 10
462.08
 20
77.585
 10
462.208
 20
77.284
 10
462.54
 20
77.133
 10
462.914
 20
77.16
 10
463.131
 20
77.324
 10
463.162
 20
77.518
 10
463.058
 20
77.681
 10
462.19
 20
77.968
 10
462.025
 20
78.091
 10
461.924
 20
78.272
 10
461.928
 20
78.55
 10
462.074
 20
78.782
 10
462.311
 20
78.911
 10
462.654
 20
78.954
 10
462.933
 20
78.909
 10
463.153
 20
78.795
 10
463.311
 20
78.586
 10
463.362
 20
78.357
 10
463.108
 20
78.338
 10
463.064
 20
78.505
 10
462.945
 20
78.643
 10
462.575
 20
78.721
 10
462.38
 20
78.69
 10
462.232
 20
78.597
 10
462.166
 20
78.47
 10
462.19
 20
78.306
 10
462.34
 20
78.188
 10
463.178
 20
77.922
 10
463.355
 20
77.745
 10
463.421
 20
77.517
 10
463.377
 20
77.271
 10
463.219
 20
77.059
 10
462.962
 20
76.925
 10
462.629
 20
76.887
 10
462.305
 20
76.937
 10
462.064
 20
77.065
 10
461.902
 20
77.269
 10
461.832
 20
77.524
  0
LWPOLYLINE
  5
524
330
30
100
AcDbEntity
  8
PAFTA_ANTET
100
AcDbPolyline
 90
4
 70
1
 10
463.829
 20
76.921
 10
463.829
 20
78.921
 10
464.093
 20
78.921
 10
464.093
 20
76.921
  0
LWPOLYLINE
  5
525
330
30
100
AcDbEntity
  8
PAFTA_ANTET
100
AcDbPolyline
 90
4
 70
1
 10
463.81
 20
79.043
 10
463.81
 20
79.349
 10
464.114
 20
79.349
 10
464.114
 20
79.043
  0
LWPOLYLINE
  5
526
330
30
100
AcDbEntity
  8
PAFTA_ANTET
100
AcDbPolyline
 90
16
 70
1
 10
465.325
 20
76.921
 10
465.325
 20
78.921
 10
466.352
 20
78.891
 10
466.567
 20
78.783
 10
466.71
 20
78.57
 10
466.739
 20
78.409
 10
466.705
 20
78.237
 10
466.602
 20
78.084
 10
466.459
 20
77.985
 10
466.647
 20
77.894
 10
466.788
 20
77.722
 10
466.836
 20
77.5
 10
466.798
 20
77.288
 10
466.695
 20
77.114
 10
466.553
 20
77.006
 10
466.088
 20
76.921
  0
LWPOLYLINE
  5
527
330
30
100
AcDbEntity
  8
PAFTA_ANTET
100
AcDbPolyline
 90
7
 70
1
 10
465.59
 20
78.08
 10
466.275
 20
78.103
 10
466.427
 20
78.203
 10
466.478
 20
78.357
 10
466.439
 20
78.538
 10
466.311
 20
78.651
 10
465.59
 20
78.685
  0
LWPOLYLINE
  5
528
330
30
100
AcDbEntity
  8
PAFTA_ANTET
100
AcDbPolyline
 90
7
 70
1
 10
465.59
 20
77.157
 10
466.352
 20
77.188
 10
466.496
 20
77.291
 10
466.561
 20
77.482
 10
466.515
 20
77.678
 10
466.365
 20
77.804
 10
465.59
 20
77.844
  0
LWPOLYLINE
  5
529
330
30
100
AcDbEntity
  8
PAFTA_ANTET
100
AcDbPolyline
 90
12
 70
1
 10
467.205
 20
76.921
 10
467.205
 20
78.921
 10
468.651
 20
78.921
 10
468.651
 20
78.685
 10
467.47
 20
78.685
 10
467.47
 20
78.072
 10
468.576
 20
78.072
 10
468.576
 20
77.837
 10
467.47
 20
77.837
 10
467.47
 20
77.157
 10
468.698
 20
77.157
 10
468.698
 20
76.921
  0
LWPOLYLINE
  5
52A
330
30
100
AcDbEntity
  8
PAFTA_ANTET
100
AcDbPolyline
 90
6
 70
1
 10
469.052
 20
76.921
 10
469.052
 20
78.921
 10
469.317
 20
78.921
 10
469.317
 20
77.157
 10
470.302
 20
77.157
 10
470.302
 20
76.921
  0
LWPOLYLINE
  5
52B
330
30
100
AcDbEntity
  8
PAFTA_ANTET
100
AcDbPolyline
 90
4
 70
1
 10
470.662
 20
76.921
 10
470.662
 20
78.921
 10
470.927
 20
78.921
 10
470.927
 20
76.921
  0
LWPOLYLINE
  5
52C
330
30
100
AcDbEntity
  8
PAFTA_ANTET
100
AcDbPolyline
 90
4
 70
1
 10
470.643
 20
79.043
 10
470.643
 20
79.349
 10
470.947
 20
79.349
 10
470.947
 20
79.043
  0
LWPOLYLINE
  5
52D
330
30
100
AcDbEntity
  8
PAFTA_ANTET
100
AcDbPolyline
 90
18
 70
1
 10
471.398
 20
76.921
 10
471.398
 20
78.921
 10
472.386
 20
78.919
 10
472.662
 20
78.877
 10
472.878
 20
78.728
 10
472.989
 20
78.471
 10
472.974
 20
78.215
 10
472.859
 20
78.016
 10
472.683
 20
77.897
 10
472.433
 20
77.831
 10
472.706
 20
77.611
 10
473.16
 20
76.921
 10
472.827
 20
76.921
 10
472.301
 20
77.694
 10
472.165
 20
77.784
 10
471.989
 20
77.809
 10
471.662
 20
77.809
 10
471.662
 20
76.921
  0
LWPOLYLINE
  5
52E
330
30
100
AcDbEntity
  8
PAFTA_ANTET
100
AcDbPolyline
 90
7
 70
1
 10
471.662
 20
78.038
 10
472.494
 20
78.068
 10
472.659
 20
78.18
 10
472.724
 20
78.375
 10
472.658
 20
78.57
 10
472.488
 20
78.677
 10
471.662
 20
78.7
  0
LWPOLYLINE
  5
52F
330
30
100
AcDbEntity
  8
PAFTA_ANTET
100
AcDbPolyline
 90
8
 70
1
 10
473.92
 20
76.921
 10
473.92
 20
78.685
 10
473.261
 20
78.685
 10
473.261
 20
78.921
 10
474.846
 20
78.921
 10
474.846
 20
78.685
 10
474.185
 20
78.685
 10
474.185
 20
76.921
  0
LWPOLYLINE
  5
530
330
30
100
AcDbEntity
  8
PAFTA_ANTET
100
AcDbPolyline
 90
4
 70
1
 10
475.163
 20
76.921
 10
475.163
 20
78.921
 10
475.428
 20
78.921
 10
475.428
 20
76.921
  0
LWPOLYLINE
  5
531
330
30
100
AcDbEntity
  8
PAFTA_ANTET
100
AcDbPolyline
 90
4
 70
1
 10
475.144
 20
79.043
 10
475.144
 20
79.349
 10
475.448
 20
79.349
 10
475.448
 20
79.043
  0
LWPOLYLINE
  5
532
330
30
100
AcDbEntity
  8
PAFTA_ANTET
100
AcDbPolyline
 90
6
 70
1
 10
475.883
 20
76.921
 10
475.883
 20
78.921
 10
476.148
 20
78.921
 10
476.148
 20
77.157
 10
477.133
 20
77.157
 10
477.133
 20
76.921
  0
LWPOLYLINE
  5
533
330
30
100
AcDbEntity
  8
PAFTA_ANTET
100
AcDbPolyline
 90
13
 70
1
 10
477.44
 20
76.921
 10
477.44
 20
78.921
 10
477.838
 20
78.921
 10
478.407
 20
77.209
 10
478.992
 20
78.921
 10
479.349
 20
78.921
 10
479.349
 20
76.921
 10
479.093
 20
76.921
 10
479.093
 20
78.595
 10
478.512
 20
76.921
 10
478.274
 20
76.921
 10
477.695
 20
78.623
 10
477.695
 20
76.921
  0
LWPOLYLINE
  5
534
330
30
100
AcDbEntity
  8
PAFTA_ANTET
100
AcDbPolyline
 90
12
 70
1
 10
479.781
 20
76.921
 10
479.781
 20
78.921
 10
481.227
 20
78.921
 10
481.227
 20
78.685
 10
480.046
 20
78.685
 10
480.046
 20
78.072
 10
481.152
 20
78.072
 10
481.152
 20
77.837
 10
480.046
 20
77.837
 10
480.046
 20
77.157
 10
481.274
 20
77.157
 10
481.274
 20
76.921
  0
LWPOLYLINE
  5
535
330
30
100
AcDbEntity
  8
PAFTA_ANTET
100
AcDbPolyline
 90
12
 70
1
 10
481.639
 20
76.921
 10
481.639
 20
78.921
 10
482.417
 20
78.92
 10
482.751
 20
78.874
 10
483.038
 20
78.692
 10
483.214
 20
78.407
 10
483.286
 20
78.087
 10
483.288
 20
77.8
 10
483.15
 20
77.311
 10
483.016
 20
77.133
 10
482.858
 20
77.018
 10
482.361
 20
76.921
  0
LWPOLYLINE
  5
536
330
30
100
AcDbEntity
  8
PAFTA_ANTET
100
AcDbPolyline
 90
9
 70
1
 10
481.904
 20
77.157
 10
482.507
 20
77.166
 10
482.776
 20
77.26
 10
482.956
 20
77.519
 10
483.02
 20
77.936
 10
482.954
 20
78.345
 10
482.751
 20
78.599
 10
482.492
 20
78.678
 10
481.904
 20
78.685
  0
LWPOLYLINE
  5
537
330
30
100
AcDbEntity
  8
PAFTA_ANTET
100
AcDbPolyline
 90
4
 70
1
 10
483.702
 20
76.921
 10
483.702
 20
78.921
 10
483.967
 20
78.921
 10
483.967
 20
76.921
  0
LWPOLYLINE
  5
538
330
30
100
AcDbEntity
  8
PAFTA_ANTET
100
AcDbPolyline
 90
4
 70
1
 10
483.683
 20
79.043
 10
483.683
 20
79.349
 10
483.987
 20
79.349
 10
483.987
 20
79.043
  0
LWPOLYLINE
  5
539
330
30
100
AcDbEntity
  8
PAFTA_ANTET
100
AcDbPolyline
 90
12
 70
1
 10
484.422
 20
76.921
 10
484.422
 20
78.921
 10
484.687
 20
78.921
 10
484.687
 20
77.929
 10
485.68
 20
78.921
 10
486.039
 20
78.921
 10
485.2
 20
78.11
 10
486.076
 20
76.921
 10
485.726
 20
76.921
 10
485.014
 20
77.933
 10
484.687
 20
77.614
 10
484.687
 20
76.921
  0
LWPOLYLINE
  5
53A
330
30
100
AcDbEntity
  8
PAFTA_ANTET
100
AcDbPolyline
 90
35
 70
1
 10
487.724
 20
77.622
 10
487.988
 20
77.555
 10
487.841
 20
77.22
 10
487.645
 20
77.025
 10
487.449
 20
76.929
 10
487.222
 20
76.888
 10
486.977
 20
76.898
 10
486.72
 20
76.971
 10
486.456
 20
77.179
 10
486.288
 20
77.501
 10
486.221
 20
77.879
 10
486.263
 20
78.282
 10
486.451
 20
78.649
 10
486.724
 20
78.857
 10
487.112
 20
78.954
 10
487.538
 20
78.88
 10
487.813
 20
78.66
 10
487.954
 20
78.372
 10
487.694
 20
78.311
 10
487.566
 20
78.558
 10
487.342
 20
78.703
 10
487.114
 20
78.727
 10
486.873
 20
78.674
 10
486.689
 20
78.545
 10
486.569
 20
78.358
 10
486.499
 20
78.055
 10
486.505
 20
77.743
 10
486.567
 20
77.492
 10
486.662
 20
77.325
 10
486.83
 20
77.189
 10
487.031
 20
77.121
 10
487.266
 20
77.125
 10
487.451
 20
77.195
 10
487.598
 20
77.329
 10
487.712
 20
77.573
  0
LWPOLYLINE
  5
53B
330
30
100
AcDbEntity
  8
PAFTA_ANTET
100
AcDbPolyline
 90
15
 70
1
 10
486.927
 20
76.711
 10
486.998
 20
76.952
 10
487.181
 20
76.952
 10
487.136
 20
76.806
 10
487.298
 20
76.746
 10
487.368
 20
76.585
 10
487.321
 20
76.474
 10
487.203
 20
76.385
 10
486.87
 20
76.35
 10
486.778
 20
76.363
 10
486.793
 20
76.522
 10
487.048
 20
76.53
 10
487.14
 20
76.604
 10
487.103
 20
76.681
 10
486.946
 20
76.71
  0
LWPOLYLINE
  5
53C
330
30
100
AcDbEntity
  8
PAFTA_ANTET
100
AcDbPolyline
 90
12
 70
1
 10
488.32
 20
76.921
 10
488.32
 20
78.921
 10
489.766
 20
78.921
 10
489.766
 20
78.685
 10
488.585
 20
78.685
 10
488.585
 20
78.072
 10
489.691
 20
78.072
 10
489.691
 20
77.837
 10
488.585
 20
77.837
 10
488.585
 20
77.157
 10
489.812
 20
77.157
 10
489.812
 20
76.921
  0
LWPOLYLINE
  5
53D
330
30
100
AcDbEntity
  8
PAFTA_ANTET
100
AcDbPolyline
 90
37
 70
1
 10
443.832
 20
71.839
 10
444.078
 20
71.871
 10
444.202
 20
71.59
 10
444.334
 20
71.501
 10
444.469
 20
71.478
 10
444.737
 20
71.576
 10
444.876
 20
71.827
 10
444.863
 20
72.022
 10
444.748
 20
72.196
 10
444.555
 20
72.28
 10
444.316
 20
72.257
 10
444.344
 20
72.473
 10
444.587
 20
72.51
 10
444.746
 20
72.632
 10
444.791
 20
72.805
 10
444.746
 20
72.971
 10
444.595
 20
73.095
 10
444.382
 20
73.109
 10
444.189
 20
72.987
 10
444.102
 20
72.757
 10
443.857
 20
72.8
 10
443.93
 20
73.02
 10
444.061
 20
73.183
 10
444.323
 20
73.307
 10
444.675
 20
73.284
 10
444.921
 20
73.125
 10
445.041
 20
72.853
 10
444.974
 20
72.563
 10
444.768
 20
72.394
 10
445.023
 20
72.249
 10
445.133
 20
72.012
 10
445.111
 20
71.705
 10
444.951
 20
71.457
 10
444.634
 20
71.292
 10
444.271
 20
71.3
 10
443.997
 20
71.464
 10
443.838
 20
71.79
  0
LWPOLYLINE
  5
53E
330
30
100
AcDbEntity
  8
PAFTA_ANTET
100
AcDbPolyline
 90
4
 70
1
 10
446.133
 20
71.911
 10
446.133
 20
72.158
 10
446.888
 20
72.158
 10
446.888
 20
71.911
  0
LWPOLYLINE
  5
53F
330
30
100
AcDbEntity
  8
PAFTA_ANTET
100
AcDbPolyline
 90
27
 70
1
 10
449.142
 20
72.821
 10
448.897
 20
72.802
 10
448.763
 20
73.05
 10
448.491
 20
73.111
 10
448.249
 20
72.947
 10
448.119
 20
72.608
 10
448.101
 20
72.342
 10
448.292
 20
72.529
 10
448.586
 20
72.608
 10
448.855
 20
72.543
 10
449.067
 20
72.351
 10
449.162
 20
72.122
 10
449.17
 20
71.849
 10
449.079
 20
71.579
 10
448.901
 20
71.38
 10
448.587
 20
71.277
 10
448.272
 20
71.333
 10
448.013
 20
71.55
 10
447.888
 20
71.879
 10
447.859
 20
72.359
 10
447.91
 20
72.747
 10
448.03
 20
73.034
 10
448.195
 20
73.207
 10
448.453
 20
73.31
 10
448.789
 20
73.286
 10
449.016
 20
73.13
 10
449.134
 20
72.867
  0
LWPOLYLINE
  5
540
330
30
100
AcDbEntity
  8
PAFTA_ANTET
100
AcDbPolyline
 90
16
 70
1
 10
448.139
 20
71.959
 10
448.165
 20
71.786
 10
448.257
 20
71.614
 10
448.383
 20
71.517
 10
448.526
 20
71.479
 10
448.691
 20
71.51
 10
448.814
 20
71.604
 10
448.925
 20
71.903
 10
448.908
 20
72.097
 10
448.837
 20
72.247
 10
448.718
 20
72.348
 10
448.57
 20
72.39
 10
448.412
 20
72.372
 10
448.279
 20
72.294
 10
448.181
 20
72.164
 10
448.14
 20
71.997
  0
LWPOLYLINE
  5
541
330
30
100
AcDbEntity
  8
PAFTA_ANTET
100
AcDbPolyline
 90
17
 70
1
 10
430.681
 20
72.347
 10
430.716
 20
72.776
 10
430.823
 20
73.075
 10
431.031
 20
73.294
 10
431.29
 20
73.368
 10
431.565
 20
73.327
 10
431.782
 20
73.164
 10
431.94
 20
72.82
 10
431.983
 20
72.461
 10
431.967
 20
72.029
 10
431.881
 20
71.696
 10
431.696
 20
71.445
 10
431.458
 20
71.337
 10
431.121
 20
71.36
 10
430.878
 20
71.534
 10
430.73
 20
71.862
 10
430.683
 20
72.237
  0
LWPOLYLINE
  5
542
330
30
100
AcDbEntity
  8
PAFTA_ANTET
100
AcDbPolyline
 90
15
 70
1
 10
430.933
 20
72.347
 10
430.951
 20
72.006
 10
431.026
 20
71.727
 10
431.149
 20
71.587
 10
431.299
 20
71.53
 10
431.488
 20
71.569
 10
431.639
 20
71.728
 10
431.731
 20
72.252
 10
431.659
 20
72.925
 10
431.543
 20
73.086
 10
431.396
 20
73.159
 10
431.205
 20
73.143
 10
431.06
 20
73.022
 10
430.979
 20
72.827
 10
430.934
 20
72.442
  0
LWPOLYLINE
  5
543
330
30
100
AcDbEntity
  8
PAFTA_ANTET
100
AcDbPolyline
 90
9
 70
1
 10
432.367
 20
71.361
 10
432.367
 20
71.64
 10
432.646
 20
71.64
 10
432.62
 20
71.174
 10
432.538
 20
71.043
 10
432.419
 20
70.965
 10
432.35
 20
71.07
 10
432.465
 20
71.17
 10
432.506
 20
71.361
  0
LWPOLYLINE
  5
544
330
30
100
AcDbEntity
  8
PAFTA_ANTET
100
AcDbPolyline
 90
31
 70
1
 10
433.011
 20
71.885
 10
433.269
 20
71.906
 10
433.363
 20
71.665
 10
433.569
 20
71.537
 10
433.786
 20
71.55
 10
433.977
 20
71.69
 10
434.056
 20
71.854
 10
434.075
 20
72.058
 10
434.034
 20
72.237
 10
433.908
 20
72.392
 10
433.603
 20
72.468
 10
433.416
 20
72.405
 10
433.285
 20
72.276
 10
433.054
 20
72.306
 10
433.248
 20
73.333
 10
434.243
 20
73.333
 10
434.243
 20
73.099
 10
433.444
 20
73.099
 10
433.337
 20
72.561
 10
433.559
 20
72.667
 10
433.766
 20
72.685
 10
433.999
 20
72.621
 10
434.191
 20
72.468
 10
434.292
 20
72.298
 10
434.337
 20
72.039
 10
434.297
 20
71.786
 10
434.178
 20
71.569
 10
433.897
 20
71.365
 10
433.499
 20
71.34
 10
433.175
 20
71.511
 10
433.017
 20
71.835
  0
LWPOLYLINE
  5
545
330
30
100
AcDbEntity
  8
PAFTA_ANTET
100
AcDbPolyline
 90
4
 70
1
 10
435.314
 20
71.961
 10
435.314
 20
72.208
 10
436.068
 20
72.208
 10
436.068
 20
71.961
  0
LWPOLYLINE
  5
546
330
30
100
AcDbEntity
  8
PAFTA_ANTET
100
AcDbPolyline
 90
37
 70
1
 10
437.049
 20
71.889
 10
437.294
 20
71.921
 10
437.419
 20
71.64
 10
437.551
 20
71.551
 10
437.686
 20
71.528
 10
437.954
 20
71.626
 10
438.093
 20
71.877
 10
438.08
 20
72.072
 10
437.965
 20
72.246
 10
437.772
 20
72.33
 10
437.533
 20
72.307
 10
437.56
 20
72.523
 10
437.804
 20
72.56
 10
437.963
 20
72.682
 10
438.008
 20
72.855
 10
437.963
 20
73.021
 10
437.812
 20
73.145
 10
437.599
 20
73.159
 10
437.406
 20
73.037
 10
437.319
 20
72.807
 10
437.073
 20
72.85
 10
437.147
 20
73.07
 10
437.278
 20
73.233
 10
437.54
 20
73.357
 10
437.862
 20
73.344
 10
438.119
 20
73.196
 10
438.254
 20
72.93
 10
438.204
 20
72.635
 10
437.985
 20
72.444
 10
438.24
 20
72.299
 10
438.35
 20
72.062
 10
438.328
 20
71.755
 10
438.168
 20
71.507
 10
437.851
 20
71.342
 10
437.488
 20
71.35
 10
437.214
 20
71.514
 10
437.055
 20
71.84
  0
LWPOLYLINE
  5
547
330
30
100
AcDbEntity
  8
PAFTA_ANTET
100
AcDbPolyline
 90
12
 70
1
 10
431.382
 20
67.445
 10
431.382
 20
67.995
 10
430.838
 20
67.995
 10
430.838
 20
68.223
 10
431.382
 20
68.223
 10
431.382
 20
68.767
 10
431.614
 20
68.767
 10
431.614
 20
68.223
 10
432.158
 20
68.223
 10
432.158
 20
67.995
 10
431.614
 20
67.995
 10
431.614
 20
67.445
  0
LWPOLYLINE
  5
548
330
30
100
AcDbEntity
  8
PAFTA_ANTET
100
AcDbPolyline
 90
4
 70
1
 10
432.158
 20
67.091
 10
430.838
 20
67.091
 10
430.838
 20
67.32
 10
432.158
 20
67.32
  0
LWPOLYLINE
  5
549
330
30
100
AcDbEntity
  8
PAFTA_ANTET
100
AcDbPolyline
 90
17
 70
1
 10
433.157
 20
68.077
 10
433.193
 20
68.506
 10
433.3
 20
68.805
 10
433.507
 20
69.024
 10
433.766
 20
69.098
 10
434.067
 20
69.046
 10
434.276
 20
68.871
 10
434.416
 20
68.55
 10
434.461
 20
68.135
 10
434.435
 20
67.704
 10
434.339
 20
67.388
 10
434.143
 20
67.152
 10
433.894
 20
67.061
 10
433.597
 20
67.09
 10
433.355
 20
67.264
 10
433.206
 20
67.592
 10
433.159
 20
67.967
  0
LWPOLYLINE
  5
54A
330
30
100
AcDbEntity
  8
PAFTA_ANTET
100
AcDbPolyline
 90
14
 70
1
 10
433.409
 20
68.077
 10
433.483
 20
67.5
 10
433.599
 20
67.338
 10
433.776
 20
67.26
 10
433.965
 20
67.299
 10
434.115
 20
67.458
 10
434.208
 20
67.982
 10
434.135
 20
68.655
 10
434.019
 20
68.816
 10
433.873
 20
68.889
 10
433.682
 20
68.873
 10
433.536
 20
68.752
 10
433.455
 20
68.557
 10
433.41
 20
68.172
  0
LWPOLYLINE
  5
54B
330
30
100
AcDbEntity
  8
PAFTA_ANTET
100
AcDbPolyline
 90
9
 70
1
 10
434.843
 20
67.091
 10
434.843
 20
67.37
 10
435.123
 20
67.37
 10
435.096
 20
66.904
 10
435.03
 20
66.789
 10
434.895
 20
66.695
 10
434.827
 20
66.8
 10
434.941
 20
66.9
 10
434.982
 20
67.091
  0
LWPOLYLINE
  5
54C
330
30
100
AcDbEntity
  8
PAFTA_ANTET
100
AcDbPolyline
 90
8
 70
1
 10
436.412
 20
67.091
 10
436.166
 20
67.091
 10
436.166
 20
68.655
 10
435.675
 20
68.359
 10
435.675
 20
68.597
 10
436.004
 20
68.804
 10
436.254
 20
69.099
 10
436.412
 20
69.099
  0
LWPOLYLINE
  5
54D
330
30
100
AcDbEntity
  8
PAFTA_ANTET
100
AcDbPolyline
 90
31
 70
1
 10
437.041
 20
67.615
 10
437.299
 20
67.636
 10
437.393
 20
67.395
 10
437.599
 20
67.267
 10
437.817
 20
67.28
 10
437.984
 20
67.392
 10
438.076
 20
67.548
 10
438.105
 20
67.788
 10
438.049
 20
67.998
 10
437.938
 20
68.122
 10
437.633
 20
68.198
 10
437.446
 20
68.135
 10
437.315
 20
68.006
 10
437.085
 20
68.036
 10
437.278
 20
69.063
 10
438.273
 20
69.063
 10
438.273
 20
68.829
 10
437.475
 20
68.829
 10
437.367
 20
68.291
 10
437.589
 20
68.397
 10
437.796
 20
68.415
 10
438.03
 20
68.351
 10
438.221
 20
68.198
 10
438.322
 20
68.028
 10
438.367
 20
67.769
 10
438.327
 20
67.516
 10
438.209
 20
67.299
 10
437.927
 20
67.095
 10
437.529
 20
67.07
 10
437.205
 20
67.241
 10
437.047
 20
67.565
  0
LWPOLYLINE
  5
54E
330
30
100
AcDbEntity
  8
PAFTA_ANTET
100
AcDbPolyline
 90
12
 70
1
 10
431.392
 20
63.035
 10
431.392
 20
63.585
 10
430.848
 20
63.585
 10
430.848
 20
63.813
 10
431.392
 20
63.813
 10
431.392
 20
64.357
 10
431.624
 20
64.357
 10
431.624
 20
63.813
 10
432.168
 20
63.813
 10
432.168
 20
63.585
 10
431.624
 20
63.585
 10
431.624
 20
63.035
  0
LWPOLYLINE
  5
54F
330
30
100
AcDbEntity
  8
PAFTA_ANTET
100
AcDbPolyline
 90
4
 70
1
 10
432.168
 20
62.681
 10
430.848
 20
62.681
 10
430.848
 20
62.91
 10
432.168
 20
62.91
  0
LWPOLYLINE
  5
550
330
30
100
AcDbEntity
  8
PAFTA_ANTET
100
AcDbPolyline
 90
17
 70
1
 10
433.167
 20
63.667
 10
433.203
 20
64.096
 10
433.31
 20
64.395
 10
433.517
 20
64.614
 10
433.776
 20
64.688
 10
434.077
 20
64.636
 10
434.286
 20
64.461
 10
434.426
 20
64.14
 10
434.471
 20
63.725
 10
434.445
 20
63.294
 10
434.349
 20
62.978
 10
434.153
 20
62.742
 10
433.904
 20
62.651
 10
433.607
 20
62.68
 10
433.365
 20
62.854
 10
433.216
 20
63.182
 10
433.169
 20
63.557
  0
LWPOLYLINE
  5
551
330
30
100
AcDbEntity
  8
PAFTA_ANTET
100
AcDbPolyline
 90
14
 70
1
 10
433.419
 20
63.667
 10
433.493
 20
63.09
 10
433.609
 20
62.928
 10
433.786
 20
62.85
 10
433.975
 20
62.889
 10
434.125
 20
63.048
 10
434.218
 20
63.572
 10
434.145
 20
64.245
 10
434.029
 20
64.406
 10
433.883
 20
64.479
 10
433.692
 20
64.463
 10
433.546
 20
64.342
 10
433.465
 20
64.147
 10
433.42
 20
63.762
  0
LWPOLYLINE
  5
552
330
30
100
AcDbEntity
  8
PAFTA_ANTET
100
AcDbPolyline
 90
9
 70
1
 10
434.853
 20
62.681
 10
434.853
 20
62.96
 10
435.133
 20
62.96
 10
435.106
 20
62.494
 10
435.04
 20
62.379
 10
434.905
 20
62.285
 10
434.837
 20
62.39
 10
434.951
 20
62.49
 10
434.992
 20
62.681
  0
LWPOLYLINE
  5
553
330
30
100
AcDbEntity
  8
PAFTA_ANTET
100
AcDbPolyline
 90
26
 70
1
 10
436.788
 20
62.917
 10
436.788
 20
62.681
 10
435.466
 20
62.681
 10
435.505
 20
62.878
 10
435.634
 20
63.091
 10
436.33
 20
63.74
 10
436.504
 20
63.996
 10
436.532
 20
64.139
 10
436.495
 20
64.298
 10
436.384
 20
64.421
 10
436.22
 20
64.482
 10
436.025
 20
64.469
 10
435.894
 20
64.399
 10
435.792
 20
64.252
 10
435.764
 20
64.084
 10
435.512
 20
64.11
 10
435.574
 20
64.359
 10
435.707
 20
64.541
 10
435.905
 20
64.652
 10
436.161
 20
64.689
 10
436.419
 20
64.649
 10
436.649
 20
64.497
 10
436.77
 20
64.268
 10
436.773
 20
64.015
 10
436.573
 20
63.653
 10
435.807
 20
62.917
  0
LWPOLYLINE
  5
554
330
30
100
AcDbEntity
  8
PAFTA_ANTET
100
AcDbPolyline
 90
17
 70
1
 10
437.051
 20
63.667
 10
437.087
 20
64.096
 10
437.194
 20
64.395
 10
437.401
 20
64.614
 10
437.66
 20
64.688
 10
437.961
 20
64.636
 10
438.17
 20
64.461
 10
438.31
 20
64.14
 10
438.355
 20
63.725
 10
438.32
 20
63.241
 10
438.214
 20
62.942
 10
438.037
 20
62.742
 10
437.788
 20
62.651
 10
437.491
 20
62.68
 10
437.249
 20
62.854
 10
437.1
 20
63.182
 10
437.053
 20
63.557
  0
LWPOLYLINE
  5
555
330
30
100
AcDbEntity
  8
PAFTA_ANTET
100
AcDbPolyline
 90
14
 70
1
 10
437.303
 20
63.667
 10
437.377
 20
63.09
 10
437.493
 20
62.928
 10
437.67
 20
62.85
 10
437.859
 20
62.889
 10
438.009
 20
63.048
 10
438.102
 20
63.572
 10
438.029
 20
64.245
 10
437.913
 20
64.406
 10
437.767
 20
64.479
 10
437.576
 20
64.463
 10
437.43
 20
64.342
 10
437.349
 20
64.147
 10
437.305
 20
63.762
  0
LWPOLYLINE
  5
556
330
30
100
AcDbEntity
  8
PAFTA_ANTET
100
AcDbPolyline
 90
12
 70
1
 10
431.347
 20
58.615
 10
431.347
 20
59.165
 10
430.803
 20
59.165
 10
430.803
 20
59.393
 10
431.347
 20
59.393
 10
431.347
 20
59.937
 10
431.579
 20
59.937
 10
431.579
 20
59.393
 10
432.123
 20
59.393
 10
432.123
 20
59.165
 10
431.579
 20
59.165
 10
431.579
 20
58.615
  0
LWPOLYLINE
  5
557
330
30
100
AcDbEntity
  8
PAFTA_ANTET
100
AcDbPolyline
 90
4
 70
1
 10
432.123
 20
58.261
 10
430.803
 20
58.261
 10
430.803
 20
58.49
 10
432.123
 20
58.49
  0
LWPOLYLINE
  5
558
330
30
100
AcDbEntity
  8
PAFTA_ANTET
100
AcDbPolyline
 90
17
 70
1
 10
433.122
 20
59.247
 10
433.158
 20
59.676
 10
433.265
 20
59.975
 10
433.472
 20
60.194
 10
433.731
 20
60.268
 10
434.032
 20
60.216
 10
434.241
 20
60.041
 10
434.381
 20
59.72
 10
434.426
 20
59.305
 10
434.4
 20
58.874
 10
434.304
 20
58.558
 10
434.108
 20
58.322
 10
433.859
 20
58.231
 10
433.562
 20
58.26
 10
433.32
 20
58.434
 10
433.171
 20
58.762
 10
433.124
 20
59.137
  0
LWPOLYLINE
  5
559
330
30
100
AcDbEntity
  8
PAFTA_ANTET
100
AcDbPolyline
 90
14
 70
1
 10
433.374
 20
59.247
 10
433.448
 20
58.67
 10
433.564
 20
58.508
 10
433.741
 20
58.43
 10
433.93
 20
58.469
 10
434.08
 20
58.628
 10
434.173
 20
59.152
 10
434.1
 20
59.825
 10
433.984
 20
59.986
 10
433.838
 20
60.059
 10
433.647
 20
60.043
 10
433.501
 20
59.922
 10
433.42
 20
59.727
 10
433.375
 20
59.342
  0
LWPOLYLINE
  5
55A
330
30
100
AcDbEntity
  8
PAFTA_ANTET
100
AcDbPolyline
 90
9
 70
1
 10
434.808
 20
58.261
 10
434.808
 20
58.54
 10
435.088
 20
58.54
 10
435.061
 20
58.074
 10
434.995
 20
57.959
 10
434.86
 20
57.865
 10
434.792
 20
57.97
 10
434.906
 20
58.07
 10
434.947
 20
58.261
  0
LWPOLYLINE
  5
55B
330
30
100
AcDbEntity
  8
PAFTA_ANTET
100
AcDbPolyline
 90
26
 70
1
 10
436.743
 20
58.497
 10
436.743
 20
58.261
 10
435.421
 20
58.261
 10
435.46
 20
58.458
 10
435.589
 20
58.671
 10
436.285
 20
59.32
 10
436.459
 20
59.576
 10
436.487
 20
59.719
 10
436.45
 20
59.878
 10
436.339
 20
60.001
 10
436.176
 20
60.062
 10
435.98
 20
60.049
 10
435.849
 20
59.979
 10
435.747
 20
59.832
 10
435.719
 20
59.664
 10
435.467
 20
59.69
 10
435.529
 20
59.939
 10
435.662
 20
60.121
 10
435.86
 20
60.232
 10
436.116
 20
60.269
 10
436.374
 20
60.229
 10
436.604
 20
60.077
 10
436.725
 20
59.848
 10
436.728
 20
59.595
 10
436.528
 20
59.233
 10
435.762
 20
58.497
  0
LWPOLYLINE
  5
55C
330
30
100
AcDbEntity
  8
PAFTA_ANTET
100
AcDbPolyline
 90
17
 70
1
 10
437.006
 20
59.247
 10
437.042
 20
59.676
 10
437.149
 20
59.975
 10
437.356
 20
60.194
 10
437.615
 20
60.268
 10
437.916
 20
60.216
 10
438.125
 20
60.041
 10
438.265
 20
59.72
 10
438.31
 20
59.305
 10
438.275
 20
58.821
 10
438.169
 20
58.522
 10
437.992
 20
58.322
 10
437.743
 20
58.231
 10
437.446
 20
58.26
 10
437.204
 20
58.434
 10
437.055
 20
58.762
 10
437.008
 20
59.137
  0
LWPOLYLINE
  5
55D
330
30
100
AcDbEntity
  8
PAFTA_ANTET
100
AcDbPolyline
 90
14
 70
1
 10
437.258
 20
59.247
 10
437.332
 20
58.67
 10
437.448
 20
58.508
 10
437.625
 20
58.43
 10
437.814
 20
58.469
 10
437.964
 20
58.628
 10
438.057
 20
59.152
 10
437.984
 20
59.825
 10
437.868
 20
59.986
 10
437.722
 20
60.059
 10
437.531
 20
60.043
 10
437.385
 20
59.922
 10
437.304
 20
59.727
 10
437.26
 20
59.342
  0
LWPOLYLINE
  5
55E
330
30
100
AcDbEntity
  8
PAFTA_ANTET
100
AcDbPolyline
 90
12
 70
1
 10
431.377
 20
54.155
 10
431.377
 20
54.705
 10
430.833
 20
54.705
 10
430.833
 20
54.933
 10
431.377
 20
54.933
 10
431.377
 20
55.477
 10
431.609
 20
55.477
 10
431.609
 20
54.933
 10
432.153
 20
54.933
 10
432.153
 20
54.705
 10
431.609
 20
54.705
 10
431.609
 20
54.155
  0
LWPOLYLINE
  5
55F
330
30
100
AcDbEntity
  8
PAFTA_ANTET
100
AcDbPolyline
 90
4
 70
1
 10
432.153
 20
53.801
 10
430.833
 20
53.801
 10
430.833
 20
54.03
 10
432.153
 20
54.03
  0
LWPOLYLINE
  5
560
330
30
100
AcDbEntity
  8
PAFTA_ANTET
100
AcDbPolyline
 90
17
 70
1
 10
433.152
 20
54.787
 10
433.188
 20
55.216
 10
433.295
 20
55.515
 10
433.502
 20
55.734
 10
433.761
 20
55.808
 10
434.062
 20
55.756
 10
434.271
 20
55.581
 10
434.411
 20
55.26
 10
434.456
 20
54.845
 10
434.43
 20
54.414
 10
434.334
 20
54.098
 10
434.138
 20
53.862
 10
433.889
 20
53.771
 10
433.592
 20
53.8
 10
433.35
 20
53.974
 10
433.201
 20
54.302
 10
433.154
 20
54.677
  0
LWPOLYLINE
  5
561
330
30
100
AcDbEntity
  8
PAFTA_ANTET
100
AcDbPolyline
 90
14
 70
1
 10
433.404
 20
54.787
 10
433.478
 20
54.21
 10
433.594
 20
54.048
 10
433.771
 20
53.97
 10
433.96
 20
54.009
 10
434.11
 20
54.168
 10
434.203
 20
54.692
 10
434.13
 20
55.365
 10
434.014
 20
55.526
 10
433.868
 20
55.599
 10
433.677
 20
55.583
 10
433.531
 20
55.462
 10
433.45
 20
55.267
 10
433.405
 20
54.882
  0
LWPOLYLINE
  5
562
330
30
100
AcDbEntity
  8
PAFTA_ANTET
100
AcDbPolyline
 90
9
 70
1
 10
434.838
 20
53.801
 10
434.838
 20
54.08
 10
435.118
 20
54.08
 10
435.091
 20
53.614
 10
435.025
 20
53.499
 10
434.89
 20
53.405
 10
434.822
 20
53.51
 10
434.936
 20
53.61
 10
434.977
 20
53.801
  0
LWPOLYLINE
  5
563
330
30
100
AcDbEntity
  8
PAFTA_ANTET
100
AcDbPolyline
 90
26
 70
1
 10
436.773
 20
54.037
 10
436.773
 20
53.801
 10
435.451
 20
53.801
 10
435.49
 20
53.998
 10
435.619
 20
54.211
 10
436.315
 20
54.86
 10
436.489
 20
55.116
 10
436.517
 20
55.259
 10
436.48
 20
55.418
 10
436.369
 20
55.541
 10
436.206
 20
55.602
 10
436.01
 20
55.589
 10
435.879
 20
55.519
 10
435.777
 20
55.372
 10
435.749
 20
55.204
 10
435.497
 20
55.23
 10
435.559
 20
55.479
 10
435.692
 20
55.661
 10
435.89
 20
55.772
 10
436.146
 20
55.809
 10
436.404
 20
55.769
 10
436.634
 20
55.617
 10
436.755
 20
55.388
 10
436.758
 20
55.135
 10
436.558
 20
54.773
 10
435.792
 20
54.037
  0
LWPOLYLINE
  5
564
330
30
100
AcDbEntity
  8
PAFTA_ANTET
100
AcDbPolyline
 90
17
 70
1
 10
437.036
 20
54.787
 10
437.072
 20
55.216
 10
437.179
 20
55.515
 10
437.386
 20
55.734
 10
437.645
 20
55.808
 10
437.946
 20
55.756
 10
438.155
 20
55.581
 10
438.295
 20
55.26
 10
438.34
 20
54.845
 10
438.305
 20
54.361
 10
438.199
 20
54.062
 10
438.022
 20
53.862
 10
437.773
 20
53.771
 10
437.476
 20
53.8
 10
437.234
 20
53.974
 10
437.085
 20
54.302
 10
437.038
 20
54.677
  0
LWPOLYLINE
  5
565
330
30
100
AcDbEntity
  8
PAFTA_ANTET
100
AcDbPolyline
 90
14
 70
1
 10
437.288
 20
54.787
 10
437.362
 20
54.21
 10
437.478
 20
54.048
 10
437.655
 20
53.97
 10
437.844
 20
54.009
 10
437.994
 20
54.168
 10
438.087
 20
54.692
 10
438.014
 20
55.365
 10
437.898
 20
55.526
 10
437.752
 20
55.599
 10
437.561
 20
55.583
 10
437.415
 20
55.462
 10
437.334
 20
55.267
 10
437.29
 20
54.882
  0
LWPOLYLINE
  5
566
330
30
100
AcDbEntity
  8
PAFTA_ANTET
100
AcDbPolyline
 90
12
 70
1
 10
432.72
 20
49.475
 10
432.72
 20
50.025
 10
432.176
 20
50.025
 10
432.176
 20
50.253
 10
432.72
 20
50.253
 10
432.72
 20
50.797
 10
432.952
 20
50.797
 10
432.952
 20
50.253
 10
433.497
 20
50.253
 10
433.497
 20
50.025
 10
432.952
 20
50.025
 10
432.952
 20
49.475
  0
LWPOLYLINE
  5
567
330
30
100
AcDbEntity
  8
PAFTA_ANTET
100
AcDbPolyline
 90
4
 70
1
 10
433.497
 20
49.121
 10
432.176
 20
49.121
 10
432.176
 20
49.35
 10
433.497
 20
49.35
  0
LWPOLYLINE
  5
568
330
30
100
AcDbEntity
  8
PAFTA_ANTET
100
AcDbPolyline
 90
8
 70
1
 10
435.42
 20
49.121
 10
435.175
 20
49.121
 10
435.175
 20
50.685
 10
434.683
 20
50.389
 10
434.683
 20
50.627
 10
435.044
 20
50.861
 10
435.262
 20
51.129
 10
435.42
 20
51.129
  0
LWPOLYLINE
  5
569
330
30
100
AcDbEntity
  8
PAFTA_ANTET
100
AcDbPolyline
 90
11
 70
1
 10
436.108
 20
50.777
 10
436.198
 20
51.022
 10
436.455
 20
51.154
 10
436.732
 20
51.065
 10
436.864
 20
50.808
 10
436.775
 20
50.531
 10
436.517
 20
50.399
 10
436.368
 20
50.415
 10
436.242
 20
50.487
 10
436.148
 20
50.604
 10
436.109
 20
50.746
  0
LWPOLYLINE
  5
56A
330
30
100
AcDbEntity
  8
PAFTA_ANTET
100
AcDbPolyline
 90
9
 70
1
 10
436.256
 20
50.777
 10
436.324
 20
50.614
 10
436.487
 20
50.546
 10
436.635
 20
50.601
 10
436.716
 20
50.758
 10
436.662
 20
50.926
 10
436.506
 20
51.007
 10
436.338
 20
50.953
 10
436.257
 20
50.796
  0
LWPOLYLINE
  5
56B
330
30
100
AcDbEntity
  8
PAFTA_ANTET
100
AcDbPolyline
 90
12
 70
1
 10
443.492
 20
67.335
 10
443.492
 20
67.885
 10
442.948
 20
67.885
 10
442.948
 20
68.113
 10
443.492
 20
68.113
 10
443.492
 20
68.657
 10
443.724
 20
68.657
 10
443.724
 20
68.113
 10
444.268
 20
68.113
 10
444.268
 20
67.885
 10
443.724
 20
67.885
 10
443.724
 20
67.335
  0
LWPOLYLINE
  5
56C
330
30
100
AcDbEntity
  8
PAFTA_ANTET
100
AcDbPolyline
 90
4
 70
1
 10
444.268
 20
66.981
 10
442.948
 20
66.981
 10
442.948
 20
67.21
 10
444.268
 20
67.21
  0
LWPOLYLINE
  5
56D
330
30
100
AcDbEntity
  8
PAFTA_ANTET
100
AcDbPolyline
 90
17
 70
1
 10
445.267
 20
67.967
 10
445.303
 20
68.396
 10
445.41
 20
68.695
 10
445.617
 20
68.914
 10
445.876
 20
68.988
 10
446.177
 20
68.936
 10
446.386
 20
68.761
 10
446.526
 20
68.44
 10
446.571
 20
68.025
 10
446.545
 20
67.594
 10
446.449
 20
67.278
 10
446.253
 20
67.042
 10
446.004
 20
66.951
 10
445.707
 20
66.98
 10
445.465
 20
67.154
 10
445.316
 20
67.482
 10
445.269
 20
67.857
  0
LWPOLYLINE
  5
56E
330
30
100
AcDbEntity
  8
PAFTA_ANTET
100
AcDbPolyline
 90
14
 70
1
 10
445.519
 20
67.967
 10
445.593
 20
67.39
 10
445.709
 20
67.228
 10
445.886
 20
67.15
 10
446.075
 20
67.189
 10
446.225
 20
67.348
 10
446.318
 20
67.872
 10
446.245
 20
68.545
 10
446.129
 20
68.706
 10
445.983
 20
68.779
 10
445.792
 20
68.763
 10
445.646
 20
68.642
 10
445.565
 20
68.447
 10
445.521
 20
68.062
  0
LWPOLYLINE
  5
56F
330
30
100
AcDbEntity
  8
PAFTA_ANTET
100
AcDbPolyline
 90
9
 70
1
 10
446.953
 20
66.981
 10
446.953
 20
67.26
 10
447.233
 20
67.26
 10
447.206
 20
66.794
 10
447.14
 20
66.679
 10
447.005
 20
66.585
 10
446.937
 20
66.69
 10
447.051
 20
66.79
 10
447.092
 20
66.981
  0
LWPOLYLINE
  5
570
330
30
100
AcDbEntity
  8
PAFTA_ANTET
100
AcDbPolyline
 90
26
 70
1
 10
448.888
 20
67.217
 10
448.888
 20
66.981
 10
447.566
 20
66.981
 10
447.605
 20
67.178
 10
447.734
 20
67.391
 10
448.43
 20
68.04
 10
448.604
 20
68.296
 10
448.632
 20
68.439
 10
448.595
 20
68.598
 10
448.484
 20
68.721
 10
448.321
 20
68.782
 10
448.125
 20
68.769
 10
447.994
 20
68.699
 10
447.892
 20
68.552
 10
447.864
 20
68.384
 10
447.612
 20
68.41
 10
447.674
 20
68.659
 10
447.807
 20
68.841
 10
448.005
 20
68.952
 10
448.261
 20
68.989
 10
448.519
 20
68.949
 10
448.749
 20
68.797
 10
448.87
 20
68.568
 10
448.873
 20
68.315
 10
448.673
 20
67.953
 10
447.907
 20
67.217
  0
LWPOLYLINE
  5
571
330
30
100
AcDbEntity
  8
PAFTA_ANTET
100
AcDbPolyline
 90
17
 70
1
 10
449.151
 20
67.967
 10
449.187
 20
68.396
 10
449.294
 20
68.695
 10
449.501
 20
68.914
 10
449.76
 20
68.988
 10
450.061
 20
68.936
 10
450.27
 20
68.761
 10
450.41
 20
68.44
 10
450.455
 20
68.025
 10
450.42
 20
67.541
 10
450.314
 20
67.242
 10
450.137
 20
67.042
 10
449.888
 20
66.951
 10
449.591
 20
66.98
 10
449.349
 20
67.154
 10
449.2
 20
67.482
 10
449.153
 20
67.857
  0
LWPOLYLINE
  5
572
330
30
100
AcDbEntity
  8
PAFTA_ANTET
100
AcDbPolyline
 90
14
 70
1
 10
449.403
 20
67.967
 10
449.477
 20
67.39
 10
449.593
 20
67.228
 10
449.77
 20
67.15
 10
449.959
 20
67.189
 10
450.109
 20
67.348
 10
450.202
 20
67.872
 10
450.129
 20
68.545
 10
450.013
 20
68.706
 10
449.867
 20
68.779
 10
449.676
 20
68.763
 10
449.53
 20
68.642
 10
449.449
 20
68.447
 10
449.405
 20
68.062
  0
LWPOLYLINE
  5
573
330
30
100
AcDbEntity
  8
PAFTA_ANTET
100
AcDbPolyline
 90
12
 70
1
 10
455.602
 20
67.225
 10
455.602
 20
67.775
 10
455.058
 20
67.775
 10
455.058
 20
68.003
 10
455.602
 20
68.003
 10
455.602
 20
68.547
 10
455.834
 20
68.547
 10
455.834
 20
68.003
 10
456.378
 20
68.003
 10
456.378
 20
67.775
 10
455.834
 20
67.775
 10
455.834
 20
67.225
  0
LWPOLYLINE
  5
574
330
30
100
AcDbEntity
  8
PAFTA_ANTET
100
AcDbPolyline
 90
4
 70
1
 10
456.378
 20
66.871
 10
455.058
 20
66.871
 10
455.058
 20
67.1
 10
456.378
 20
67.1
  0
LWPOLYLINE
  5
575
330
30
100
AcDbEntity
  8
PAFTA_ANTET
100
AcDbPolyline
 90
17
 70
1
 10
457.377
 20
67.857
 10
457.413
 20
68.286
 10
457.52
 20
68.585
 10
457.727
 20
68.804
 10
457.986
 20
68.878
 10
458.287
 20
68.826
 10
458.496
 20
68.651
 10
458.636
 20
68.33
 10
458.681
 20
67.915
 10
458.655
 20
67.484
 10
458.559
 20
67.168
 10
458.363
 20
66.932
 10
458.114
 20
66.841
 10
457.817
 20
66.87
 10
457.575
 20
67.044
 10
457.426
 20
67.372
 10
457.379
 20
67.747
  0
LWPOLYLINE
  5
576
330
30
100
AcDbEntity
  8
PAFTA_ANTET
100
AcDbPolyline
 90
14
 70
1
 10
457.629
 20
67.857
 10
457.703
 20
67.28
 10
457.819
 20
67.118
 10
457.996
 20
67.04
 10
458.185
 20
67.079
 10
458.335
 20
67.238
 10
458.428
 20
67.762
 10
458.355
 20
68.435
 10
458.239
 20
68.596
 10
458.093
 20
68.669
 10
457.902
 20
68.653
 10
457.756
 20
68.532
 10
457.675
 20
68.337
 10
457.631
 20
67.952
  0
LWPOLYLINE
  5
577
330
30
100
AcDbEntity
  8
PAFTA_ANTET
100
AcDbPolyline
 90
9
 70
1
 10
459.063
 20
66.871
 10
459.063
 20
67.15
 10
459.343
 20
67.15
 10
459.316
 20
66.684
 10
459.25
 20
66.569
 10
459.115
 20
66.475
 10
459.047
 20
66.58
 10
459.161
 20
66.68
 10
459.202
 20
66.871
  0
LWPOLYLINE
  5
578
330
30
100
AcDbEntity
  8
PAFTA_ANTET
100
AcDbPolyline
 90
37
 70
1
 10
459.708
 20
67.399
 10
459.954
 20
67.431
 10
460.078
 20
67.15
 10
460.211
 20
67.061
 10
460.345
 20
67.038
 10
460.614
 20
67.136
 10
460.753
 20
67.387
 10
460.74
 20
67.582
 10
460.624
 20
67.756
 10
460.432
 20
67.84
 10
460.193
 20
67.817
 10
460.22
 20
68.033
 10
460.464
 20
68.07
 10
460.622
 20
68.192
 10
460.667
 20
68.365
 10
460.623
 20
68.531
 10
460.471
 20
68.655
 10
460.258
 20
68.669
 10
460.066
 20
68.547
 10
459.979
 20
68.317
 10
459.733
 20
68.36
 10
459.807
 20
68.58
 10
459.938
 20
68.743
 10
460.199
 20
68.867
 10
460.522
 20
68.854
 10
460.797
 20
68.685
 10
460.917
 20
68.413
 10
460.864
 20
68.145
 10
460.644
 20
67.954
 10
460.899
 20
67.809
 10
461.009
 20
67.572
 10
460.988
 20
67.265
 10
460.827
 20
67.017
 10
460.562
 20
66.864
 10
460.148
 20
66.86
 10
459.843
 20
67.059
 10
459.715
 20
67.35
  0
LWPOLYLINE
  5
579
330
30
100
AcDbEntity
  8
PAFTA_ANTET
100
AcDbPolyline
 90
17
 70
1
 10
461.261
 20
67.857
 10
461.297
 20
68.286
 10
461.404
 20
68.585
 10
461.611
 20
68.804
 10
461.87
 20
68.878
 10
462.171
 20
68.826
 10
462.38
 20
68.651
 10
462.52
 20
68.33
 10
462.565
 20
67.915
 10
462.53
 20
67.431
 10
462.424
 20
67.132
 10
462.247
 20
66.932
 10
461.998
 20
66.841
 10
461.702
 20
66.87
 10
461.459
 20
67.044
 10
461.31
 20
67.372
 10
461.263
 20
67.747
  0
LWPOLYLINE
  5
57A
330
30
100
AcDbEntity
  8
PAFTA_ANTET
100
AcDbPolyline
 90
14
 70
1
 10
461.513
 20
67.857
 10
461.587
 20
67.28
 10
461.703
 20
67.118
 10
461.88
 20
67.04
 10
462.069
 20
67.079
 10
462.219
 20
67.238
 10
462.312
 20
67.762
 10
462.239
 20
68.435
 10
462.123
 20
68.596
 10
461.977
 20
68.669
 10
461.786
 20
68.653
 10
461.64
 20
68.532
 10
461.559
 20
68.337
 10
461.515
 20
67.952
  0
LWPOLYLINE
  5
57B
330
30
100
AcDbEntity
  8
PAFTA_ANTET
100
AcDbPolyline
 90
12
 70
1
 10
443.392
 20
62.925
 10
443.392
 20
63.475
 10
442.848
 20
63.475
 10
442.848
 20
63.703
 10
443.392
 20
63.703
 10
443.392
 20
64.247
 10
443.624
 20
64.247
 10
443.624
 20
63.703
 10
444.168
 20
63.703
 10
444.168
 20
63.475
 10
443.624
 20
63.475
 10
443.624
 20
62.925
  0
LWPOLYLINE
  5
57C
330
30
100
AcDbEntity
  8
PAFTA_ANTET
100
AcDbPolyline
 90
4
 70
1
 10
444.168
 20
62.571
 10
442.848
 20
62.571
 10
442.848
 20
62.8
 10
444.168
 20
62.8
  0
LWPOLYLINE
  5
57D
330
30
100
AcDbEntity
  8
PAFTA_ANTET
100
AcDbPolyline
 90
17
 70
1
 10
445.167
 20
63.557
 10
445.203
 20
63.986
 10
445.31
 20
64.285
 10
445.517
 20
64.504
 10
445.776
 20
64.578
 10
446.077
 20
64.526
 10
446.286
 20
64.351
 10
446.426
 20
64.03
 10
446.471
 20
63.615
 10
446.445
 20
63.184
 10
446.349
 20
62.868
 10
446.153
 20
62.632
 10
445.904
 20
62.541
 10
445.607
 20
62.57
 10
445.365
 20
62.744
 10
445.216
 20
63.072
 10
445.169
 20
63.447
  0
LWPOLYLINE
  5
57E
330
30
100
AcDbEntity
  8
PAFTA_ANTET
100
AcDbPolyline
 90
14
 70
1
 10
445.419
 20
63.557
 10
445.493
 20
62.98
 10
445.609
 20
62.818
 10
445.786
 20
62.74
 10
445.975
 20
62.779
 10
446.125
 20
62.938
 10
446.218
 20
63.462
 10
446.145
 20
64.135
 10
446.029
 20
64.296
 10
445.883
 20
64.369
 10
445.692
 20
64.353
 10
445.546
 20
64.232
 10
445.465
 20
64.037
 10
445.42
 20
63.652
  0
LWPOLYLINE
  5
57F
330
30
100
AcDbEntity
  8
PAFTA_ANTET
100
AcDbPolyline
 90
9
 70
1
 10
446.853
 20
62.571
 10
446.853
 20
62.85
 10
447.133
 20
62.85
 10
447.106
 20
62.384
 10
447.04
 20
62.269
 10
446.905
 20
62.175
 10
446.837
 20
62.28
 10
446.951
 20
62.38
 10
446.992
 20
62.571
  0
LWPOLYLINE
  5
580
330
30
100
AcDbEntity
  8
PAFTA_ANTET
100
AcDbPolyline
 90
31
 70
1
 10
447.497
 20
63.095
 10
447.755
 20
63.116
 10
447.849
 20
62.875
 10
448.055
 20
62.747
 10
448.273
 20
62.76
 10
448.44
 20
62.872
 10
448.532
 20
63.028
 10
448.561
 20
63.268
 10
448.505
 20
63.478
 10
448.394
 20
63.602
 10
448.089
 20
63.678
 10
447.921
 20
63.626
 10
447.771
 20
63.486
 10
447.541
 20
63.516
 10
447.734
 20
64.543
 10
448.729
 20
64.543
 10
448.729
 20
64.309
 10
447.931
 20
64.309
 10
447.823
 20
63.771
 10
448.046
 20
63.877
 10
448.253
 20
63.895
 10
448.486
 20
63.831
 10
448.677
 20
63.678
 10
448.778
 20
63.508
 10
448.823
 20
63.249
 10
448.783
 20
62.996
 10
448.665
 20
62.779
 10
448.383
 20
62.575
 10
447.985
 20
62.55
 10
447.661
 20
62.721
 10
447.503
 20
63.045
  0
LWPOLYLINE
  5
581
330
30
100
AcDbEntity
  8
PAFTA_ANTET
100
AcDbPolyline
 90
17
 70
1
 10
449.051
 20
63.557
 10
449.087
 20
63.986
 10
449.194
 20
64.285
 10
449.401
 20
64.504
 10
449.66
 20
64.578
 10
449.961
 20
64.526
 10
450.17
 20
64.351
 10
450.31
 20
64.03
 10
450.355
 20
63.615
 10
450.32
 20
63.131
 10
450.214
 20
62.832
 10
450.037
 20
62.632
 10
449.788
 20
62.541
 10
449.491
 20
62.57
 10
449.249
 20
62.744
 10
449.1
 20
63.072
 10
449.053
 20
63.447
  0
LWPOLYLINE
  5
582
330
30
100
AcDbEntity
  8
PAFTA_ANTET
100
AcDbPolyline
 90
14
 70
1
 10
449.303
 20
63.557
 10
449.377
 20
62.98
 10
449.493
 20
62.818
 10
449.67
 20
62.74
 10
449.859
 20
62.779
 10
450.009
 20
62.938
 10
450.102
 20
63.462
 10
450.029
 20
64.135
 10
449.913
 20
64.296
 10
449.767
 20
64.369
 10
449.576
 20
64.353
 10
449.43
 20
64.232
 10
449.349
 20
64.037
 10
449.305
 20
63.652
  0
LWPOLYLINE
  5
583
330
30
100
AcDbEntity
  8
PAFTA_ANTET
100
AcDbPolyline
 90
12
 70
1
 10
443.297
 20
58.445
 10
443.297
 20
58.995
 10
442.753
 20
58.995
 10
442.753
 20
59.223
 10
443.297
 20
59.223
 10
443.297
 20
59.767
 10
443.529
 20
59.767
 10
443.529
 20
59.223
 10
444.073
 20
59.223
 10
444.073
 20
58.995
 10
443.529
 20
58.995
 10
443.529
 20
58.445
  0
LWPOLYLINE
  5
584
330
30
100
AcDbEntity
  8
PAFTA_ANTET
100
AcDbPolyline
 90
4
 70
1
 10
444.073
 20
58.091
 10
442.753
 20
58.091
 10
442.753
 20
58.32
 10
444.073
 20
58.32
  0
LWPOLYLINE
  5
585
330
30
100
AcDbEntity
  8
PAFTA_ANTET
100
AcDbPolyline
 90
17
 70
1
 10
445.072
 20
59.077
 10
445.108
 20
59.506
 10
445.215
 20
59.805
 10
445.422
 20
60.024
 10
445.681
 20
60.098
 10
445.982
 20
60.046
 10
446.191
 20
59.871
 10
446.331
 20
59.55
 10
446.376
 20
59.135
 10
446.35
 20
58.704
 10
446.254
 20
58.388
 10
446.058
 20
58.152
 10
445.809
 20
58.061
 10
445.512
 20
58.09
 10
445.27
 20
58.264
 10
445.121
 20
58.592
 10
445.074
 20
58.967
  0
LWPOLYLINE
  5
586
330
30
100
AcDbEntity
  8
PAFTA_ANTET
100
AcDbPolyline
 90
14
 70
1
 10
445.324
 20
59.077
 10
445.398
 20
58.5
 10
445.514
 20
58.338
 10
445.691
 20
58.26
 10
445.88
 20
58.299
 10
446.03
 20
58.458
 10
446.123
 20
58.982
 10
446.05
 20
59.655
 10
445.934
 20
59.816
 10
445.788
 20
59.889
 10
445.597
 20
59.873
 10
445.451
 20
59.752
 10
445.37
 20
59.557
 10
445.325
 20
59.172
  0
LWPOLYLINE
  5
587
330
30
100
AcDbEntity
  8
PAFTA_ANTET
100
AcDbPolyline
 90
9
 70
1
 10
446.758
 20
58.091
 10
446.758
 20
58.37
 10
447.038
 20
58.37
 10
447.011
 20
57.904
 10
446.945
 20
57.789
 10
446.81
 20
57.695
 10
446.742
 20
57.8
 10
446.856
 20
57.9
 10
446.897
 20
58.091
  0
LWPOLYLINE
  5
588
330
30
100
AcDbEntity
  8
PAFTA_ANTET
100
AcDbPolyline
 90
31
 70
1
 10
447.402
 20
58.615
 10
447.66
 20
58.636
 10
447.754
 20
58.395
 10
447.96
 20
58.267
 10
448.178
 20
58.28
 10
448.345
 20
58.392
 10
448.437
 20
58.548
 10
448.466
 20
58.788
 10
448.41
 20
58.998
 10
448.299
 20
59.122
 10
447.994
 20
59.198
 10
447.826
 20
59.146
 10
447.676
 20
59.006
 10
447.446
 20
59.036
 10
447.639
 20
60.063
 10
448.634
 20
60.063
 10
448.634
 20
59.829
 10
447.836
 20
59.829
 10
447.728
 20
59.291
 10
447.951
 20
59.397
 10
448.158
 20
59.415
 10
448.391
 20
59.351
 10
448.582
 20
59.198
 10
448.683
 20
59.028
 10
448.728
 20
58.769
 10
448.688
 20
58.516
 10
448.57
 20
58.299
 10
448.288
 20
58.095
 10
447.89
 20
58.07
 10
447.566
 20
58.241
 10
447.408
 20
58.565
  0
LWPOLYLINE
  5
589
330
30
100
AcDbEntity
  8
PAFTA_ANTET
100
AcDbPolyline
 90
17
 70
1
 10
448.956
 20
59.077
 10
448.992
 20
59.506
 10
449.099
 20
59.805
 10
449.306
 20
60.024
 10
449.565
 20
60.098
 10
449.866
 20
60.046
 10
450.075
 20
59.871
 10
450.215
 20
59.55
 10
450.26
 20
59.135
 10
450.225
 20
58.651
 10
450.119
 20
58.352
 10
449.942
 20
58.152
 10
449.693
 20
58.061
 10
449.396
 20
58.09
 10
449.154
 20
58.264
 10
449.005
 20
58.592
 10
448.958
 20
58.967
  0
LWPOLYLINE
  5
58A
330
30
100
AcDbEntity
  8
PAFTA_ANTET
100
AcDbPolyline
 90
14
 70
1
 10
449.208
 20
59.077
 10
449.282
 20
58.5
 10
449.398
 20
58.338
 10
449.575
 20
58.26
 10
449.764
 20
58.299
 10
449.914
 20
58.458
 10
450.007
 20
58.982
 10
449.934
 20
59.655
 10
449.818
 20
59.816
 10
449.672
 20
59.889
 10
449.481
 20
59.873
 10
449.335
 20
59.752
 10
449.254
 20
59.557
 10
449.21
 20
59.172
  0
LWPOLYLINE
  5
58B
330
30
100
AcDbEntity
  8
PAFTA_ANTET
100
AcDbPolyline
 90
12
 70
1
 10
443.377
 20
54.155
 10
443.377
 20
54.705
 10
442.833
 20
54.705
 10
442.833
 20
54.933
 10
443.377
 20
54.933
 10
443.377
 20
55.477
 10
443.609
 20
55.477
 10
443.609
 20
54.933
 10
444.153
 20
54.933
 10
444.153
 20
54.705
 10
443.609
 20
54.705
 10
443.609
 20
54.155
  0
LWPOLYLINE
  5
58C
330
30
100
AcDbEntity
  8
PAFTA_ANTET
100
AcDbPolyline
 90
4
 70
1
 10
444.153
 20
53.801
 10
442.833
 20
53.801
 10
442.833
 20
54.03
 10
444.153
 20
54.03
  0
LWPOLYLINE
  5
58D
330
30
100
AcDbEntity
  8
PAFTA_ANTET
100
AcDbPolyline
 90
17
 70
1
 10
445.152
 20
54.787
 10
445.188
 20
55.216
 10
445.295
 20
55.515
 10
445.502
 20
55.734
 10
445.761
 20
55.808
 10
446.062
 20
55.756
 10
446.271
 20
55.581
 10
446.411
 20
55.26
 10
446.456
 20
54.845
 10
446.43
 20
54.414
 10
446.334
 20
54.098
 10
446.138
 20
53.862
 10
445.889
 20
53.771
 10
445.592
 20
53.8
 10
445.35
 20
53.974
 10
445.201
 20
54.302
 10
445.154
 20
54.677
  0
LWPOLYLINE
  5
58E
330
30
100
AcDbEntity
  8
PAFTA_ANTET
100
AcDbPolyline
 90
14
 70
1
 10
445.404
 20
54.787
 10
445.478
 20
54.21
 10
445.594
 20
54.048
 10
445.771
 20
53.97
 10
445.96
 20
54.009
 10
446.11
 20
54.168
 10
446.203
 20
54.692
 10
446.13
 20
55.365
 10
446.014
 20
55.526
 10
445.868
 20
55.599
 10
445.677
 20
55.583
 10
445.531
 20
55.462
 10
445.45
 20
55.267
 10
445.405
 20
54.882
  0
LWPOLYLINE
  5
58F
330
30
100
AcDbEntity
  8
PAFTA_ANTET
100
AcDbPolyline
 90
9
 70
1
 10
446.838
 20
53.801
 10
446.838
 20
54.08
 10
447.118
 20
54.08
 10
447.091
 20
53.614
 10
447.025
 20
53.499
 10
446.89
 20
53.405
 10
446.822
 20
53.51
 10
446.936
 20
53.61
 10
446.977
 20
53.801
  0
LWPOLYLINE
  5
590
330
30
100
AcDbEntity
  8
PAFTA_ANTET
100
AcDbPolyline
 90
8
 70
1
 10
448.407
 20
53.801
 10
448.161
 20
53.801
 10
448.161
 20
55.365
 10
447.67
 20
55.069
 10
447.67
 20
55.307
 10
447.999
 20
55.514
 10
448.249
 20
55.809
 10
448.407
 20
55.809
  0
LWPOLYLINE
  5
591
330
30
100
AcDbEntity
  8
PAFTA_ANTET
100
AcDbPolyline
 90
17
 70
1
 10
449.036
 20
54.787
 10
449.072
 20
55.216
 10
449.179
 20
55.515
 10
449.386
 20
55.734
 10
449.645
 20
55.808
 10
449.946
 20
55.756
 10
450.155
 20
55.581
 10
450.295
 20
55.26
 10
450.34
 20
54.845
 10
450.305
 20
54.361
 10
450.199
 20
54.062
 10
450.022
 20
53.862
 10
449.773
 20
53.771
 10
449.476
 20
53.8
 10
449.234
 20
53.974
 10
449.085
 20
54.302
 10
449.038
 20
54.677
  0
LWPOLYLINE
  5
592
330
30
100
AcDbEntity
  8
PAFTA_ANTET
100
AcDbPolyline
 90
14
 70
1
 10
449.288
 20
54.787
 10
449.362
 20
54.21
 10
449.478
 20
54.048
 10
449.655
 20
53.97
 10
449.844
 20
54.009
 10
449.994
 20
54.168
 10
450.087
 20
54.692
 10
450.014
 20
55.365
 10
449.898
 20
55.526
 10
449.752
 20
55.599
 10
449.561
 20
55.583
 10
449.415
 20
55.462
 10
449.334
 20
55.267
 10
449.29
 20
54.882
  0
LWPOLYLINE
  5
593
330
30
100
AcDbEntity
  8
PAFTA_ANTET
100
AcDbPolyline
 90
12
 70
1
 10
444.72
 20
49.535
 10
444.72
 20
50.085
 10
444.176
 20
50.085
 10
444.176
 20
50.313
 10
444.72
 20
50.313
 10
444.72
 20
50.857
 10
444.952
 20
50.857
 10
444.952
 20
50.313
 10
445.497
 20
50.313
 10
445.497
 20
50.085
 10
444.952
 20
50.085
 10
444.952
 20
49.535
  0
LWPOLYLINE
  5
594
330
30
100
AcDbEntity
  8
PAFTA_ANTET
100
AcDbPolyline
 90
4
 70
1
 10
445.497
 20
49.181
 10
444.176
 20
49.181
 10
444.176
 20
49.41
 10
445.497
 20
49.41
  0
LWPOLYLINE
  5
595
330
30
100
AcDbEntity
  8
PAFTA_ANTET
100
AcDbPolyline
 90
8
 70
1
 10
447.42
 20
49.181
 10
447.175
 20
49.181
 10
447.175
 20
50.745
 10
446.683
 20
50.449
 10
446.683
 20
50.687
 10
447.044
 20
50.921
 10
447.262
 20
51.189
 10
447.42
 20
51.189
  0
LWPOLYLINE
  5
596
330
30
100
AcDbEntity
  8
PAFTA_ANTET
100
AcDbPolyline
 90
11
 70
1
 10
448.108
 20
50.837
 10
448.198
 20
51.082
 10
448.455
 20
51.214
 10
448.732
 20
51.125
 10
448.864
 20
50.868
 10
448.775
 20
50.591
 10
448.517
 20
50.459
 10
448.368
 20
50.475
 10
448.242
 20
50.547
 10
448.148
 20
50.664
 10
448.109
 20
50.806
  0
LWPOLYLINE
  5
597
330
30
100
AcDbEntity
  8
PAFTA_ANTET
100
AcDbPolyline
 90
9
 70
1
 10
448.256
 20
50.837
 10
448.324
 20
50.674
 10
448.487
 20
50.606
 10
448.635
 20
50.661
 10
448.716
 20
50.818
 10
448.662
 20
50.986
 10
448.506
 20
51.067
 10
448.338
 20
51.013
 10
448.257
 20
50.856
  0
LWPOLYLINE
  5
598
330
30
100
AcDbEntity
  8
PAFTA_ANTET
100
AcDbPolyline
 90
12
 70
1
 10
467.712
 20
67.115
 10
467.712
 20
67.665
 10
467.168
 20
67.665
 10
467.168
 20
67.893
 10
467.712
 20
67.893
 10
467.712
 20
68.437
 10
467.944
 20
68.437
 10
467.944
 20
67.893
 10
468.488
 20
67.893
 10
468.488
 20
67.665
 10
467.944
 20
67.665
 10
467.944
 20
67.115
  0
LWPOLYLINE
  5
599
330
30
100
AcDbEntity
  8
PAFTA_ANTET
100
AcDbPolyline
 90
4
 70
1
 10
468.488
 20
66.761
 10
467.168
 20
66.761
 10
467.168
 20
66.99
 10
468.488
 20
66.99
  0
LWPOLYLINE
  5
59A
330
30
100
AcDbEntity
  8
PAFTA_ANTET
100
AcDbPolyline
 90
17
 70
1
 10
469.487
 20
67.747
 10
469.523
 20
68.176
 10
469.63
 20
68.475
 10
469.837
 20
68.694
 10
470.096
 20
68.768
 10
470.397
 20
68.716
 10
470.606
 20
68.541
 10
470.746
 20
68.22
 10
470.791
 20
67.805
 10
470.756
 20
67.321
 10
470.65
 20
67.022
 10
470.473
 20
66.822
 10
470.224
 20
66.731
 10
469.927
 20
66.76
 10
469.685
 20
66.934
 10
469.536
 20
67.262
 10
469.489
 20
67.637
  0
LWPOLYLINE
  5
59B
330
30
100
AcDbEntity
  8
PAFTA_ANTET
100
AcDbPolyline
 90
14
 70
1
 10
469.739
 20
67.747
 10
469.813
 20
67.17
 10
469.929
 20
67.008
 10
470.106
 20
66.93
 10
470.295
 20
66.969
 10
470.445
 20
67.128
 10
470.538
 20
67.652
 10
470.465
 20
68.325
 10
470.349
 20
68.486
 10
470.203
 20
68.559
 10
470.012
 20
68.543
 10
469.866
 20
68.422
 10
469.785
 20
68.227
 10
469.741
 20
67.842
  0
LWPOLYLINE
  5
59C
330
30
100
AcDbEntity
  8
PAFTA_ANTET
100
AcDbPolyline
 90
9
 70
1
 10
471.173
 20
66.761
 10
471.173
 20
67.04
 10
471.453
 20
67.04
 10
471.426
 20
66.574
 10
471.36
 20
66.459
 10
471.225
 20
66.365
 10
471.157
 20
66.47
 10
471.271
 20
66.57
 10
471.312
 20
66.761
  0
LWPOLYLINE
  5
59D
330
30
100
AcDbEntity
  8
PAFTA_ANTET
100
AcDbPolyline
 90
11
 70
1
 10
472.604
 20
66.761
 10
472.604
 20
67.24
 10
471.737
 20
67.24
 10
471.737
 20
67.465
 10
472.649
 20
68.761
 10
472.85
 20
68.761
 10
472.85
 20
67.465
 10
473.12
 20
67.465
 10
473.12
 20
67.24
 10
472.85
 20
67.24
 10
472.85
 20
66.761
  0
LWPOLYLINE
  5
59E
330
30
100
AcDbEntity
  8
PAFTA_ANTET
100
AcDbPolyline
 90
3
 70
1
 10
472.604
 20
67.465
 10
472.604
 20
68.366
 10
471.978
 20
67.465
  0
LWPOLYLINE
  5
59F
330
30
100
AcDbEntity
  8
PAFTA_ANTET
100
AcDbPolyline
 90
17
 70
1
 10
473.371
 20
67.747
 10
473.407
 20
68.176
 10
473.514
 20
68.475
 10
473.721
 20
68.694
 10
473.98
 20
68.768
 10
474.281
 20
68.716
 10
474.49
 20
68.541
 10
474.63
 20
68.22
 10
474.675
 20
67.805
 10
474.64
 20
67.321
 10
474.534
 20
67.022
 10
474.357
 20
66.822
 10
474.108
 20
66.731
 10
473.812
 20
66.76
 10
473.569
 20
66.934
 10
473.42
 20
67.262
 10
473.373
 20
67.637
  0
LWPOLYLINE
  5
5A0
330
30
100
AcDbEntity
  8
PAFTA_ANTET
100
AcDbPolyline
 90
15
 70
1
 10
473.623
 20
67.747
 10
473.697
 20
67.17
 10
473.813
 20
67.008
 10
473.99
 20
66.93
 10
474.179
 20
66.969
 10
474.308
 20
67.092
 10
474.394
 20
67.338
 10
474.422
 20
67.652
 10
474.349
 20
68.325
 10
474.233
 20
68.486
 10
474.087
 20
68.559
 10
473.896
 20
68.543
 10
473.75
 20
68.422
 10
473.669
 20
68.227
 10
473.625
 20
67.842
  0
LWPOLYLINE
  5
5A1
330
30
100
AcDbEntity
  8
PAFTA_ANTET
100
AcDbPolyline
 90
12
 70
1
 10
479.822
 20
67.005
 10
479.822
 20
67.555
 10
479.278
 20
67.555
 10
479.278
 20
67.783
 10
479.822
 20
67.783
 10
479.822
 20
68.327
 10
480.054
 20
68.327
 10
480.054
 20
67.783
 10
480.598
 20
67.783
 10
480.598
 20
67.555
 10
480.054
 20
67.555
 10
480.054
 20
67.005
  0
LWPOLYLINE
  5
5A2
330
30
100
AcDbEntity
  8
PAFTA_ANTET
100
AcDbPolyline
 90
4
 70
1
 10
480.598
 20
66.651
 10
479.278
 20
66.651
 10
479.278
 20
66.88
 10
480.598
 20
66.88
  0
LWPOLYLINE
  5
5A3
330
30
100
AcDbEntity
  8
PAFTA_ANTET
100
AcDbPolyline
 90
17
 70
1
 10
481.597
 20
67.637
 10
481.633
 20
68.066
 10
481.74
 20
68.365
 10
481.947
 20
68.584
 10
482.206
 20
68.658
 10
482.507
 20
68.606
 10
482.716
 20
68.431
 10
482.856
 20
68.11
 10
482.901
 20
67.695
 10
482.866
 20
67.211
 10
482.76
 20
66.912
 10
482.583
 20
66.712
 10
482.334
 20
66.621
 10
482.038
 20
66.65
 10
481.795
 20
66.824
 10
481.646
 20
67.152
 10
481.599
 20
67.527
  0
LWPOLYLINE
  5
5A4
330
30
100
AcDbEntity
  8
PAFTA_ANTET
100
AcDbPolyline
 90
14
 70
1
 10
481.849
 20
67.637
 10
481.923
 20
67.06
 10
482.039
 20
66.898
 10
482.216
 20
66.82
 10
482.405
 20
66.859
 10
482.555
 20
67.018
 10
482.648
 20
67.542
 10
482.575
 20
68.215
 10
482.459
 20
68.376
 10
482.313
 20
68.449
 10
482.122
 20
68.433
 10
481.976
 20
68.312
 10
481.895
 20
68.117
 10
481.851
 20
67.732
  0
LWPOLYLINE
  5
5A5
330
30
100
AcDbEntity
  8
PAFTA_ANTET
100
AcDbPolyline
 90
9
 70
1
 10
483.283
 20
66.651
 10
483.283
 20
66.93
 10
483.563
 20
66.93
 10
483.536
 20
66.464
 10
483.47
 20
66.349
 10
483.335
 20
66.255
 10
483.267
 20
66.36
 10
483.381
 20
66.46
 10
483.422
 20
66.651
  0
LWPOLYLINE
  5
5A6
330
30
100
AcDbEntity
  8
PAFTA_ANTET
100
AcDbPolyline
 90
31
 70
1
 10
483.927
 20
67.175
 10
484.185
 20
67.196
 10
484.279
 20
66.955
 10
484.485
 20
66.827
 10
484.703
 20
66.84
 10
484.87
 20
66.952
 10
484.962
 20
67.108
 10
484.991
 20
67.348
 10
484.935
 20
67.558
 10
484.824
 20
67.682
 10
484.519
 20
67.758
 10
484.351
 20
67.706
 10
484.201
 20
67.566
 10
483.971
 20
67.596
 10
484.164
 20
68.623
 10
485.159
 20
68.623
 10
485.159
 20
68.389
 10
484.361
 20
68.389
 10
484.253
 20
67.851
 10
484.476
 20
67.957
 10
484.683
 20
67.975
 10
484.916
 20
67.911
 10
485.107
 20
67.758
 10
485.208
 20
67.588
 10
485.253
 20
67.329
 10
485.214
 20
67.076
 10
485.095
 20
66.859
 10
484.813
 20
66.655
 10
484.415
 20
66.63
 10
484.091
 20
66.801
 10
483.933
 20
67.125
  0
LWPOLYLINE
  5
5A7
330
30
100
AcDbEntity
  8
PAFTA_ANTET
100
AcDbPolyline
 90
17
 70
1
 10
485.481
 20
67.637
 10
485.517
 20
68.066
 10
485.624
 20
68.365
 10
485.831
 20
68.584
 10
486.09
 20
68.658
 10
486.391
 20
68.606
 10
486.6
 20
68.431
 10
486.74
 20
68.11
 10
486.785
 20
67.695
 10
486.75
 20
67.211
 10
486.644
 20
66.912
 10
486.467
 20
66.712
 10
486.218
 20
66.621
 10
485.922
 20
66.65
 10
485.679
 20
66.824
 10
485.53
 20
67.152
 10
485.483
 20
67.527
  0
LWPOLYLINE
  5
5A8
330
30
100
AcDbEntity
  8
PAFTA_ANTET
100
AcDbPolyline
 90
15
 70
1
 10
485.733
 20
67.637
 10
485.807
 20
67.06
 10
485.923
 20
66.898
 10
486.1
 20
66.82
 10
486.289
 20
66.859
 10
486.418
 20
66.982
 10
486.504
 20
67.228
 10
486.532
 20
67.542
 10
486.459
 20
68.215
 10
486.343
 20
68.376
 10
486.197
 20
68.449
 10
486.006
 20
68.433
 10
485.86
 20
68.312
 10
485.779
 20
68.117
 10
485.735
 20
67.732
  0
LWPOLYLINE
  5
5A9
330
30
100
AcDbEntity
  8
PAFTA_ANTET
100
AcDbPolyline
 90
12
 70
1
 10
491.537
 20
67.155
 10
491.537
 20
67.705
 10
490.993
 20
67.705
 10
490.993
 20
67.933
 10
491.537
 20
67.933
 10
491.537
 20
68.477
 10
491.769
 20
68.477
 10
491.769
 20
67.933
 10
492.313
 20
67.933
 10
492.313
 20
67.705
 10
491.769
 20
67.705
 10
491.769
 20
67.155
  0
LWPOLYLINE
  5
5AA
330
30
100
AcDbEntity
  8
PAFTA_ANTET
100
AcDbPolyline
 90
4
 70
1
 10
492.313
 20
66.801
 10
490.993
 20
66.801
 10
490.993
 20
67.03
 10
492.313
 20
67.03
  0
LWPOLYLINE
  5
5AB
330
30
100
AcDbEntity
  8
PAFTA_ANTET
100
AcDbPolyline
 90
27
 70
1
 10
494.602
 20
67.037
 10
494.602
 20
66.801
 10
493.28
 20
66.801
 10
493.32
 20
66.998
 10
493.449
 20
67.211
 10
494.145
 20
67.86
 10
494.319
 20
68.116
 10
494.347
 20
68.259
 10
494.31
 20
68.418
 10
494.199
 20
68.541
 10
494.035
 20
68.602
 10
493.84
 20
68.589
 10
493.709
 20
68.519
 10
493.607
 20
68.372
 10
493.579
 20
68.204
 10
493.327
 20
68.23
 10
493.389
 20
68.479
 10
493.522
 20
68.661
 10
493.72
 20
68.772
 10
493.976
 20
68.809
 10
494.234
 20
68.769
 10
494.464
 20
68.617
 10
494.585
 20
68.388
 10
494.592
 20
68.158
 10
494.528
 20
67.971
 10
494.388
 20
67.773
 10
493.622
 20
67.037
  0
LWPOLYLINE
  5
5AC
330
30
100
AcDbEntity
  8
PAFTA_ANTET
100
AcDbPolyline
 90
9
 70
1
 10
494.998
 20
66.801
 10
494.998
 20
67.08
 10
495.278
 20
67.08
 10
495.251
 20
66.614
 10
495.185
 20
66.499
 10
495.05
 20
66.405
 10
494.982
 20
66.51
 10
495.096
 20
66.61
 10
495.137
 20
66.801
  0
LWPOLYLINE
  5
5AD
330
30
100
AcDbEntity
  8
PAFTA_ANTET
100
AcDbPolyline
 90
17
 70
1
 10
495.642
 20
67.787
 10
495.678
 20
68.216
 10
495.785
 20
68.515
 10
495.961
 20
68.714
 10
496.251
 20
68.808
 10
496.552
 20
68.756
 10
496.761
 20
68.581
 10
496.901
 20
68.26
 10
496.946
 20
67.845
 10
496.911
 20
67.361
 10
496.805
 20
67.062
 10
496.628
 20
66.862
 10
496.379
 20
66.771
 10
496.083
 20
66.8
 10
495.84
 20
66.974
 10
495.713
 20
67.224
 10
495.644
 20
67.677
  0
LWPOLYLINE
  5
5AE
330
30
100
AcDbEntity
  8
PAFTA_ANTET
100
AcDbPolyline
 90
15
 70
1
 10
495.894
 20
67.787
 10
495.968
 20
67.21
 10
496.084
 20
67.048
 10
496.261
 20
66.97
 10
496.45
 20
67.009
 10
496.601
 20
67.168
 10
496.693
 20
67.692
 10
496.684
 20
68.054
 10
496.62
 20
68.365
 10
496.504
 20
68.526
 10
496.358
 20
68.599
 10
496.167
 20
68.583
 10
496.021
 20
68.462
 10
495.94
 20
68.267
 10
495.896
 20
67.882
  0
LWPOLYLINE
  5
5AF
330
30
100
AcDbEntity
  8
PAFTA_ANTET
100
AcDbPolyline
 90
17
 70
1
 10
497.196
 20
67.787
 10
497.232
 20
68.216
 10
497.339
 20
68.515
 10
497.546
 20
68.734
 10
497.805
 20
68.808
 10
498.106
 20
68.756
 10
498.315
 20
68.581
 10
498.455
 20
68.26
 10
498.5
 20
67.845
 10
498.465
 20
67.361
 10
498.359
 20
67.062
 10
498.182
 20
66.862
 10
497.933
 20
66.771
 10
497.637
 20
66.8
 10
497.394
 20
66.974
 10
497.245
 20
67.302
 10
497.198
 20
67.677
  0
LWPOLYLINE
  5
5B0
330
30
100
AcDbEntity
  8
PAFTA_ANTET
100
AcDbPolyline
 90
14
 70
1
 10
497.448
 20
67.787
 10
497.522
 20
67.21
 10
497.638
 20
67.048
 10
497.815
 20
66.97
 10
498.004
 20
67.009
 10
498.154
 20
67.168
 10
498.247
 20
67.692
 10
498.174
 20
68.365
 10
498.058
 20
68.526
 10
497.912
 20
68.599
 10
497.721
 20
68.583
 10
497.575
 20
68.462
 10
497.494
 20
68.267
 10
497.45
 20
67.882
  0
LWPOLYLINE
  5
5B1
330
30
100
AcDbEntity
  8
PAFTA_ANTET
100
AcDbPolyline
 90
12
 70
1
 10
455.392
 20
62.815
 10
455.392
 20
63.365
 10
454.848
 20
63.365
 10
454.848
 20
63.593
 10
455.392
 20
63.593
 10
455.392
 20
64.137
 10
455.624
 20
64.137
 10
455.624
 20
63.593
 10
456.168
 20
63.593
 10
456.168
 20
63.365
 10
455.624
 20
63.365
 10
455.624
 20
62.815
  0
LWPOLYLINE
  5
5B2
330
30
100
AcDbEntity
  8
PAFTA_ANTET
100
AcDbPolyline
 90
4
 70
1
 10
456.168
 20
62.461
 10
454.848
 20
62.461
 10
454.848
 20
62.69
 10
456.168
 20
62.69
  0
LWPOLYLINE
  5
5B3
330
30
100
AcDbEntity
  8
PAFTA_ANTET
100
AcDbPolyline
 90
8
 70
1
 10
458.092
 20
62.461
 10
457.846
 20
62.461
 10
457.846
 20
64.025
 10
457.355
 20
63.729
 10
457.355
 20
63.967
 10
457.684
 20
64.174
 10
457.934
 20
64.469
 10
458.092
 20
64.469
  0
LWPOLYLINE
  5
5B4
330
30
100
AcDbEntity
  8
PAFTA_ANTET
100
AcDbPolyline
 90
9
 70
1
 10
458.853
 20
62.461
 10
458.853
 20
62.74
 10
459.133
 20
62.74
 10
459.106
 20
62.274
 10
459.04
 20
62.159
 10
458.905
 20
62.065
 10
458.837
 20
62.17
 10
458.951
 20
62.27
 10
458.992
 20
62.461
  0
LWPOLYLINE
  5
5B5
330
30
100
AcDbEntity
  8
PAFTA_ANTET
100
AcDbPolyline
 90
17
 70
1
 10
459.497
 20
63.447
 10
459.533
 20
63.876
 10
459.64
 20
64.175
 10
459.847
 20
64.394
 10
460.106
 20
64.468
 10
460.407
 20
64.416
 10
460.616
 20
64.241
 10
460.756
 20
63.92
 10
460.801
 20
63.505
 10
460.766
 20
63.021
 10
460.66
 20
62.722
 10
460.483
 20
62.522
 10
460.234
 20
62.431
 10
459.938
 20
62.46
 10
459.695
 20
62.634
 10
459.546
 20
62.962
 10
459.499
 20
63.337
  0
LWPOLYLINE
  5
5B6
330
30
100
AcDbEntity
  8
PAFTA_ANTET
100
AcDbPolyline
 90
15
 70
1
 10
459.749
 20
63.447
 10
459.823
 20
62.87
 10
459.939
 20
62.708
 10
460.116
 20
62.63
 10
460.305
 20
62.669
 10
460.434
 20
62.792
 10
460.52
 20
63.038
 10
460.548
 20
63.352
 10
460.475
 20
64.025
 10
460.359
 20
64.186
 10
460.213
 20
64.259
 10
460.022
 20
64.243
 10
459.876
 20
64.122
 10
459.795
 20
63.927
 10
459.751
 20
63.542
  0
LWPOLYLINE
  5
5B7
330
30
100
AcDbEntity
  8
PAFTA_ANTET
100
AcDbPolyline
 90
17
 70
1
 10
461.051
 20
63.447
 10
461.087
 20
63.876
 10
461.194
 20
64.175
 10
461.401
 20
64.394
 10
461.66
 20
64.468
 10
461.961
 20
64.416
 10
462.17
 20
64.241
 10
462.31
 20
63.92
 10
462.355
 20
63.505
 10
462.32
 20
63.021
 10
462.214
 20
62.722
 10
462.037
 20
62.522
 10
461.788
 20
62.431
 10
461.491
 20
62.46
 10
461.249
 20
62.634
 10
461.1
 20
62.962
 10
461.053
 20
63.337
  0
LWPOLYLINE
  5
5B8
330
30
100
AcDbEntity
  8
PAFTA_ANTET
100
AcDbPolyline
 90
14
 70
1
 10
461.303
 20
63.447
 10
461.377
 20
62.87
 10
461.493
 20
62.708
 10
461.67
 20
62.63
 10
461.859
 20
62.669
 10
462.009
 20
62.828
 10
462.102
 20
63.352
 10
462.029
 20
64.025
 10
461.913
 20
64.186
 10
461.767
 20
64.259
 10
461.576
 20
64.243
 10
461.43
 20
64.122
 10
461.349
 20
63.927
 10
461.305
 20
63.542
  0
LWPOLYLINE
  5
5B9
330
30
100
AcDbEntity
  8
PAFTA_ANTET
100
AcDbPolyline
 90
12
 70
1
 10
467.392
 20
62.705
 10
467.392
 20
63.255
 10
466.848
 20
63.255
 10
466.848
 20
63.483
 10
467.392
 20
63.483
 10
467.392
 20
64.027
 10
467.624
 20
64.027
 10
467.624
 20
63.483
 10
468.168
 20
63.483
 10
468.168
 20
63.255
 10
467.624
 20
63.255
 10
467.624
 20
62.705
  0
LWPOLYLINE
  5
5BA
330
30
100
AcDbEntity
  8
PAFTA_ANTET
100
AcDbPolyline
 90
4
 70
1
 10
468.168
 20
62.351
 10
466.848
 20
62.351
 10
466.848
 20
62.58
 10
468.168
 20
62.58
  0
LWPOLYLINE
  5
5BB
330
30
100
AcDbEntity
  8
PAFTA_ANTET
100
AcDbPolyline
 90
27
 70
1
 10
470.457
 20
62.587
 10
470.457
 20
62.351
 10
469.135
 20
62.351
 10
469.175
 20
62.548
 10
469.304
 20
62.761
 10
470.0
 20
63.41
 10
470.174
 20
63.666
 10
470.202
 20
63.809
 10
470.165
 20
63.968
 10
470.054
 20
64.091
 10
469.89
 20
64.152
 10
469.695
 20
64.139
 10
469.564
 20
64.069
 10
469.462
 20
63.922
 10
469.434
 20
63.754
 10
469.182
 20
63.78
 10
469.244
 20
64.029
 10
469.377
 20
64.211
 10
469.575
 20
64.322
 10
469.831
 20
64.359
 10
470.089
 20
64.319
 10
470.319
 20
64.167
 10
470.44
 20
63.938
 10
470.447
 20
63.708
 10
470.383
 20
63.521
 10
470.243
 20
63.323
 10
469.477
 20
62.587
  0
LWPOLYLINE
  5
5BC
330
30
100
AcDbEntity
  8
PAFTA_ANTET
100
AcDbPolyline
 90
9
 70
1
 10
470.853
 20
62.351
 10
470.853
 20
62.63
 10
471.133
 20
62.63
 10
471.106
 20
62.164
 10
471.04
 20
62.049
 10
470.905
 20
61.955
 10
470.837
 20
62.06
 10
470.951
 20
62.16
 10
470.992
 20
62.351
  0
LWPOLYLINE
  5
5BD
330
30
100
AcDbEntity
  8
PAFTA_ANTET
100
AcDbPolyline
 90
17
 70
1
 10
471.497
 20
63.337
 10
471.533
 20
63.766
 10
471.64
 20
64.065
 10
471.847
 20
64.284
 10
472.106
 20
64.358
 10
472.407
 20
64.306
 10
472.616
 20
64.131
 10
472.756
 20
63.81
 10
472.801
 20
63.395
 10
472.766
 20
62.911
 10
472.66
 20
62.612
 10
472.483
 20
62.412
 10
472.234
 20
62.321
 10
471.938
 20
62.35
 10
471.695
 20
62.524
 10
471.546
 20
62.852
 10
471.499
 20
63.227
  0
LWPOLYLINE
  5
5BE
330
30
100
AcDbEntity
  8
PAFTA_ANTET
100
AcDbPolyline
 90
15
 70
1
 10
471.749
 20
63.337
 10
471.823
 20
62.76
 10
471.939
 20
62.598
 10
472.116
 20
62.52
 10
472.305
 20
62.559
 10
472.434
 20
62.682
 10
472.52
 20
62.928
 10
472.548
 20
63.242
 10
472.475
 20
63.915
 10
472.359
 20
64.076
 10
472.213
 20
64.149
 10
472.022
 20
64.133
 10
471.876
 20
64.012
 10
471.795
 20
63.817
 10
471.751
 20
63.432
  0
LWPOLYLINE
  5
5BF
330
30
100
AcDbEntity
  8
PAFTA_ANTET
100
AcDbPolyline
 90
17
 70
1
 10
473.051
 20
63.337
 10
473.087
 20
63.766
 10
473.194
 20
64.065
 10
473.401
 20
64.284
 10
473.66
 20
64.358
 10
473.961
 20
64.306
 10
474.17
 20
64.131
 10
474.31
 20
63.81
 10
474.355
 20
63.395
 10
474.32
 20
62.911
 10
474.214
 20
62.612
 10
474.037
 20
62.412
 10
473.788
 20
62.321
 10
473.491
 20
62.35
 10
473.249
 20
62.524
 10
473.1
 20
62.852
 10
473.053
 20
63.227
  0
LWPOLYLINE
  5
5C0
330
30
100
AcDbEntity
  8
PAFTA_ANTET
100
AcDbPolyline
 90
14
 70
1
 10
473.303
 20
63.337
 10
473.377
 20
62.76
 10
473.493
 20
62.598
 10
473.67
 20
62.52
 10
473.859
 20
62.559
 10
474.009
 20
62.718
 10
474.102
 20
63.242
 10
474.029
 20
63.915
 10
473.913
 20
64.076
 10
473.767
 20
64.149
 10
473.576
 20
64.133
 10
473.43
 20
64.012
 10
473.349
 20
63.817
 10
473.305
 20
63.432
  0
LWPOLYLINE
  5
5C1
330
30
100
AcDbEntity
  8
PAFTA_ANTET
100
AcDbPolyline
 90
12
 70
1
 10
479.392
 20
62.595
 10
479.392
 20
63.145
 10
478.848
 20
63.145
 10
478.848
 20
63.373
 10
479.392
 20
63.373
 10
479.392
 20
63.917
 10
479.624
 20
63.917
 10
479.624
 20
63.373
 10
480.168
 20
63.373
 10
480.168
 20
63.145
 10
479.624
 20
63.145
 10
479.624
 20
62.595
  0
LWPOLYLINE
  5
5C2
330
30
100
AcDbEntity
  8
PAFTA_ANTET
100
AcDbPolyline
 90
4
 70
1
 10
480.168
 20
62.241
 10
478.848
 20
62.241
 10
478.848
 20
62.47
 10
480.168
 20
62.47
  0
LWPOLYLINE
  5
5C3
330
30
100
AcDbEntity
  8
PAFTA_ANTET
100
AcDbPolyline
 90
11
 70
1
 10
481.954
 20
62.241
 10
481.954
 20
62.72
 10
481.086
 20
62.72
 10
481.086
 20
62.945
 10
481.999
 20
64.241
 10
482.2
 20
64.241
 10
482.2
 20
62.945
 10
482.47
 20
62.945
 10
482.47
 20
62.72
 10
482.2
 20
62.72
 10
482.2
 20
62.241
  0
LWPOLYLINE
  5
5C4
330
30
100
AcDbEntity
  8
PAFTA_ANTET
100
AcDbPolyline
 90
3
 70
1
 10
481.954
 20
62.945
 10
481.954
 20
63.846
 10
481.328
 20
62.945
  0
LWPOLYLINE
  5
5C5
330
30
100
AcDbEntity
  8
PAFTA_ANTET
100
AcDbPolyline
 90
9
 70
1
 10
482.853
 20
62.241
 10
482.853
 20
62.52
 10
483.133
 20
62.52
 10
483.106
 20
62.054
 10
483.04
 20
61.939
 10
482.905
 20
61.845
 10
482.837
 20
61.95
 10
482.951
 20
62.05
 10
482.992
 20
62.241
  0
LWPOLYLINE
  5
5C6
330
30
100
AcDbEntity
  8
PAFTA_ANTET
100
AcDbPolyline
 90
17
 70
1
 10
483.497
 20
63.227
 10
483.533
 20
63.656
 10
483.64
 20
63.955
 10
483.847
 20
64.174
 10
484.106
 20
64.248
 10
484.407
 20
64.196
 10
484.616
 20
64.021
 10
484.756
 20
63.7
 10
484.801
 20
63.285
 10
484.766
 20
62.801
 10
484.66
 20
62.502
 10
484.483
 20
62.302
 10
484.234
 20
62.211
 10
483.938
 20
62.24
 10
483.695
 20
62.414
 10
483.546
 20
62.742
 10
483.499
 20
63.117
  0
LWPOLYLINE
  5
5C7
330
30
100
AcDbEntity
  8
PAFTA_ANTET
100
AcDbPolyline
 90
15
 70
1
 10
483.749
 20
63.227
 10
483.823
 20
62.65
 10
483.939
 20
62.488
 10
484.116
 20
62.41
 10
484.305
 20
62.449
 10
484.434
 20
62.572
 10
484.52
 20
62.818
 10
484.548
 20
63.132
 10
484.475
 20
63.805
 10
484.359
 20
63.966
 10
484.213
 20
64.039
 10
484.022
 20
64.023
 10
483.876
 20
63.902
 10
483.795
 20
63.707
 10
483.751
 20
63.322
  0
LWPOLYLINE
  5
5C8
330
30
100
AcDbEntity
  8
PAFTA_ANTET
100
AcDbPolyline
 90
17
 70
1
 10
485.051
 20
63.227
 10
485.087
 20
63.656
 10
485.194
 20
63.955
 10
485.401
 20
64.174
 10
485.66
 20
64.248
 10
485.961
 20
64.196
 10
486.17
 20
64.021
 10
486.31
 20
63.7
 10
486.355
 20
63.285
 10
486.32
 20
62.801
 10
486.214
 20
62.502
 10
486.037
 20
62.302
 10
485.788
 20
62.211
 10
485.491
 20
62.24
 10
485.249
 20
62.414
 10
485.1
 20
62.742
 10
485.053
 20
63.117
  0
LWPOLYLINE
  5
5C9
330
30
100
AcDbEntity
  8
PAFTA_ANTET
100
AcDbPolyline
 90
14
 70
1
 10
485.303
 20
63.227
 10
485.377
 20
62.65
 10
485.493
 20
62.488
 10
485.67
 20
62.41
 10
485.859
 20
62.449
 10
486.009
 20
62.608
 10
486.102
 20
63.132
 10
486.029
 20
63.805
 10
485.913
 20
63.966
 10
485.767
 20
64.039
 10
485.576
 20
64.023
 10
485.43
 20
63.902
 10
485.349
 20
63.707
 10
485.305
 20
63.322
  0
LWPOLYLINE
  5
5CA
330
30
100
AcDbEntity
  8
PAFTA_ANTET
100
AcDbPolyline
 90
12
 70
1
 10
491.352
 20
62.835
 10
491.352
 20
63.385
 10
490.808
 20
63.385
 10
490.808
 20
63.613
 10
491.352
 20
63.613
 10
491.352
 20
64.157
 10
491.584
 20
64.157
 10
491.584
 20
63.613
 10
492.128
 20
63.613
 10
492.128
 20
63.385
 10
491.584
 20
63.385
 10
491.584
 20
62.835
  0
LWPOLYLINE
  5
5CB
330
30
100
AcDbEntity
  8
PAFTA_ANTET
100
AcDbPolyline
 90
4
 70
1
 10
492.128
 20
62.481
 10
490.808
 20
62.481
 10
490.808
 20
62.71
 10
492.128
 20
62.71
  0
LWPOLYLINE
  5
5CC
330
30
100
AcDbEntity
  8
PAFTA_ANTET
100
AcDbPolyline
 90
11
 70
1
 10
493.914
 20
62.481
 10
493.914
 20
62.96
 10
493.046
 20
62.96
 10
493.046
 20
63.185
 10
493.959
 20
64.481
 10
494.16
 20
64.481
 10
494.16
 20
63.185
 10
494.43
 20
63.185
 10
494.43
 20
62.96
 10
494.16
 20
62.96
 10
494.16
 20
62.481
  0
LWPOLYLINE
  5
5CD
330
30
100
AcDbEntity
  8
PAFTA_ANTET
100
AcDbPolyline
 90
3
 70
1
 10
493.914
 20
63.185
 10
493.914
 20
64.086
 10
493.288
 20
63.185
  0
LWPOLYLINE
  5
5CE
330
30
100
AcDbEntity
  8
PAFTA_ANTET
100
AcDbPolyline
 90
9
 70
1
 10
494.813
 20
62.481
 10
494.813
 20
62.76
 10
495.093
 20
62.76
 10
495.066
 20
62.294
 10
495.0
 20
62.179
 10
494.865
 20
62.085
 10
494.797
 20
62.19
 10
494.911
 20
62.29
 10
494.952
 20
62.481
  0
LWPOLYLINE
  5
5CF
330
30
100
AcDbEntity
  8
PAFTA_ANTET
100
AcDbPolyline
 90
17
 70
1
 10
495.457
 20
63.467
 10
495.493
 20
63.896
 10
495.6
 20
64.195
 10
495.807
 20
64.414
 10
496.066
 20
64.488
 10
496.367
 20
64.436
 10
496.576
 20
64.261
 10
496.716
 20
63.94
 10
496.761
 20
63.525
 10
496.726
 20
63.041
 10
496.62
 20
62.742
 10
496.443
 20
62.542
 10
496.194
 20
62.451
 10
495.898
 20
62.48
 10
495.655
 20
62.654
 10
495.506
 20
62.982
 10
495.459
 20
63.357
  0
LWPOLYLINE
  5
5D0
330
30
100
AcDbEntity
  8
PAFTA_ANTET
100
AcDbPolyline
 90
15
 70
1
 10
495.709
 20
63.467
 10
495.783
 20
62.89
 10
495.899
 20
62.728
 10
496.076
 20
62.65
 10
496.265
 20
62.689
 10
496.394
 20
62.812
 10
496.48
 20
63.058
 10
496.508
 20
63.372
 10
496.435
 20
64.045
 10
496.319
 20
64.206
 10
496.173
 20
64.279
 10
495.982
 20
64.263
 10
495.836
 20
64.142
 10
495.755
 20
63.947
 10
495.711
 20
63.562
  0
LWPOLYLINE
  5
5D1
330
30
100
AcDbEntity
  8
PAFTA_ANTET
100
AcDbPolyline
 90
17
 70
1
 10
497.011
 20
63.467
 10
497.047
 20
63.896
 10
497.154
 20
64.195
 10
497.361
 20
64.414
 10
497.62
 20
64.488
 10
497.921
 20
64.436
 10
498.13
 20
64.261
 10
498.27
 20
63.94
 10
498.315
 20
63.525
 10
498.289
 20
63.094
 10
498.193
 20
62.778
 10
497.997
 20
62.542
 10
497.748
 20
62.451
 10
497.451
 20
62.48
 10
497.209
 20
62.654
 10
497.06
 20
62.982
 10
497.013
 20
63.357
  0
LWPOLYLINE
  5
5D2
330
30
100
AcDbEntity
  8
PAFTA_ANTET
100
AcDbPolyline
 90
14
 70
1
 10
497.263
 20
63.467
 10
497.337
 20
62.89
 10
497.453
 20
62.728
 10
497.63
 20
62.65
 10
497.819
 20
62.689
 10
497.969
 20
62.848
 10
498.062
 20
63.372
 10
497.989
 20
64.045
 10
497.873
 20
64.206
 10
497.727
 20
64.279
 10
497.536
 20
64.263
 10
497.39
 20
64.142
 10
497.309
 20
63.947
 10
497.265
 20
63.562
  0
LWPOLYLINE
  5
5D3
330
30
100
AcDbEntity
  8
PAFTA_ANTET
100
AcDbPolyline
 90
12
 70
1
 10
455.247
 20
58.275
 10
455.247
 20
58.825
 10
454.703
 20
58.825
 10
454.703
 20
59.053
 10
455.247
 20
59.053
 10
455.247
 20
59.597
 10
455.479
 20
59.597
 10
455.479
 20
59.053
 10
456.023
 20
59.053
 10
456.023
 20
58.825
 10
455.479
 20
58.825
 10
455.479
 20
58.275
  0
LWPOLYLINE
  5
5D4
330
30
100
AcDbEntity
  8
PAFTA_ANTET
100
AcDbPolyline
 90
4
 70
1
 10
456.023
 20
57.921
 10
454.703
 20
57.921
 10
454.703
 20
58.15
 10
456.023
 20
58.15
  0
LWPOLYLINE
  5
5D5
330
30
100
AcDbEntity
  8
PAFTA_ANTET
100
AcDbPolyline
 90
8
 70
1
 10
457.947
 20
57.921
 10
457.701
 20
57.921
 10
457.701
 20
59.485
 10
457.21
 20
59.189
 10
457.21
 20
59.427
 10
457.539
 20
59.634
 10
457.789
 20
59.929
 10
457.947
 20
59.929
  0
LWPOLYLINE
  5
5D6
330
30
100
AcDbEntity
  8
PAFTA_ANTET
100
AcDbPolyline
 90
9
 70
1
 10
458.708
 20
57.921
 10
458.708
 20
58.2
 10
458.988
 20
58.2
 10
458.961
 20
57.734
 10
458.895
 20
57.619
 10
458.76
 20
57.525
 10
458.692
 20
57.63
 10
458.806
 20
57.73
 10
458.847
 20
57.921
  0
LWPOLYLINE
  5
5D7
330
30
100
AcDbEntity
  8
PAFTA_ANTET
100
AcDbPolyline
 90
17
 70
1
 10
459.352
 20
58.907
 10
459.388
 20
59.336
 10
459.495
 20
59.635
 10
459.702
 20
59.854
 10
459.961
 20
59.928
 10
460.262
 20
59.876
 10
460.471
 20
59.701
 10
460.611
 20
59.38
 10
460.656
 20
58.965
 10
460.621
 20
58.481
 10
460.515
 20
58.182
 10
460.338
 20
57.982
 10
460.089
 20
57.891
 10
459.793
 20
57.92
 10
459.55
 20
58.094
 10
459.401
 20
58.422
 10
459.354
 20
58.797
  0
LWPOLYLINE
  5
5D8
330
30
100
AcDbEntity
  8
PAFTA_ANTET
100
AcDbPolyline
 90
15
 70
1
 10
459.604
 20
58.907
 10
459.678
 20
58.33
 10
459.794
 20
58.168
 10
459.971
 20
58.09
 10
460.16
 20
58.129
 10
460.289
 20
58.252
 10
460.375
 20
58.498
 10
460.403
 20
58.812
 10
460.33
 20
59.485
 10
460.214
 20
59.646
 10
460.068
 20
59.719
 10
459.877
 20
59.703
 10
459.731
 20
59.582
 10
459.65
 20
59.387
 10
459.606
 20
59.002
  0
LWPOLYLINE
  5
5D9
330
30
100
AcDbEntity
  8
PAFTA_ANTET
100
AcDbPolyline
 90
17
 70
1
 10
460.906
 20
58.907
 10
460.942
 20
59.336
 10
461.049
 20
59.635
 10
461.256
 20
59.854
 10
461.515
 20
59.928
 10
461.816
 20
59.876
 10
462.025
 20
59.701
 10
462.165
 20
59.38
 10
462.21
 20
58.965
 10
462.184
 20
58.534
 10
462.088
 20
58.218
 10
461.892
 20
57.982
 10
461.643
 20
57.891
 10
461.346
 20
57.92
 10
461.104
 20
58.094
 10
460.955
 20
58.422
 10
460.908
 20
58.797
  0
LWPOLYLINE
  5
5DA
330
30
100
AcDbEntity
  8
PAFTA_ANTET
100
AcDbPolyline
 90
14
 70
1
 10
461.158
 20
58.907
 10
461.232
 20
58.33
 10
461.348
 20
58.168
 10
461.525
 20
58.09
 10
461.714
 20
58.129
 10
461.864
 20
58.288
 10
461.957
 20
58.812
 10
461.884
 20
59.485
 10
461.768
 20
59.646
 10
461.622
 20
59.719
 10
461.431
 20
59.703
 10
461.285
 20
59.582
 10
461.204
 20
59.387
 10
461.16
 20
59.002
  0
LWPOLYLINE
  5
5DB
330
30
100
AcDbEntity
  8
PAFTA_ANTET
100
AcDbPolyline
 90
12
 70
1
 10
467.197
 20
58.105
 10
467.197
 20
58.655
 10
466.653
 20
58.655
 10
466.653
 20
58.883
 10
467.197
 20
58.883
 10
467.197
 20
59.427
 10
467.429
 20
59.427
 10
467.429
 20
58.883
 10
467.973
 20
58.883
 10
467.973
 20
58.655
 10
467.429
 20
58.655
 10
467.429
 20
58.105
  0
LWPOLYLINE
  5
5DC
330
30
100
AcDbEntity
  8
PAFTA_ANTET
100
AcDbPolyline
 90
4
 70
1
 10
467.973
 20
57.751
 10
466.653
 20
57.751
 10
466.653
 20
57.98
 10
467.973
 20
57.98
  0
LWPOLYLINE
  5
5DD
330
30
100
AcDbEntity
  8
PAFTA_ANTET
100
AcDbPolyline
 90
27
 70
1
 10
470.262
 20
57.987
 10
470.262
 20
57.751
 10
468.94
 20
57.751
 10
468.98
 20
57.948
 10
469.109
 20
58.161
 10
469.805
 20
58.81
 10
469.979
 20
59.066
 10
470.007
 20
59.209
 10
469.97
 20
59.368
 10
469.859
 20
59.491
 10
469.695
 20
59.552
 10
469.5
 20
59.539
 10
469.369
 20
59.469
 10
469.267
 20
59.322
 10
469.239
 20
59.154
 10
468.987
 20
59.18
 10
469.049
 20
59.429
 10
469.182
 20
59.611
 10
469.38
 20
59.722
 10
469.636
 20
59.759
 10
469.894
 20
59.719
 10
470.124
 20
59.567
 10
470.245
 20
59.338
 10
470.252
 20
59.108
 10
470.188
 20
58.921
 10
470.048
 20
58.723
 10
469.281
 20
57.987
  0
LWPOLYLINE
  5
5DE
330
30
100
AcDbEntity
  8
PAFTA_ANTET
100
AcDbPolyline
 90
9
 70
1
 10
470.658
 20
57.751
 10
470.658
 20
58.03
 10
470.938
 20
58.03
 10
470.911
 20
57.564
 10
470.845
 20
57.449
 10
470.71
 20
57.355
 10
470.642
 20
57.46
 10
470.756
 20
57.56
 10
470.797
 20
57.751
  0
LWPOLYLINE
  5
5DF
330
30
100
AcDbEntity
  8
PAFTA_ANTET
100
AcDbPolyline
 90
17
 70
1
 10
471.302
 20
58.737
 10
471.338
 20
59.166
 10
471.445
 20
59.465
 10
471.652
 20
59.684
 10
471.911
 20
59.758
 10
472.212
 20
59.706
 10
472.421
 20
59.531
 10
472.561
 20
59.21
 10
472.606
 20
58.795
 10
472.571
 20
58.311
 10
472.465
 20
58.012
 10
472.288
 20
57.812
 10
472.039
 20
57.721
 10
471.743
 20
57.75
 10
471.5
 20
57.924
 10
471.351
 20
58.252
 10
471.304
 20
58.627
  0
LWPOLYLINE
  5
5E0
330
30
100
AcDbEntity
  8
PAFTA_ANTET
100
AcDbPolyline
 90
15
 70
1
 10
471.554
 20
58.737
 10
471.628
 20
58.16
 10
471.744
 20
57.998
 10
471.921
 20
57.92
 10
472.11
 20
57.959
 10
472.239
 20
58.082
 10
472.325
 20
58.328
 10
472.353
 20
58.642
 10
472.28
 20
59.315
 10
472.164
 20
59.476
 10
472.018
 20
59.549
 10
471.827
 20
59.533
 10
471.681
 20
59.412
 10
471.6
 20
59.217
 10
471.556
 20
58.832
  0
LWPOLYLINE
  5
5E1
330
30
100
AcDbEntity
  8
PAFTA_ANTET
100
AcDbPolyline
 90
17
 70
1
 10
472.856
 20
58.737
 10
472.892
 20
59.166
 10
472.999
 20
59.465
 10
473.206
 20
59.684
 10
473.465
 20
59.758
 10
473.766
 20
59.706
 10
473.975
 20
59.531
 10
474.115
 20
59.21
 10
474.16
 20
58.795
 10
474.134
 20
58.364
 10
474.038
 20
58.048
 10
473.842
 20
57.812
 10
473.593
 20
57.721
 10
473.296
 20
57.75
 10
473.054
 20
57.924
 10
472.905
 20
58.252
 10
472.858
 20
58.627
  0
LWPOLYLINE
  5
5E2
330
30
100
AcDbEntity
  8
PAFTA_ANTET
100
AcDbPolyline
 90
14
 70
1
 10
473.108
 20
58.737
 10
473.182
 20
58.16
 10
473.298
 20
57.998
 10
473.475
 20
57.92
 10
473.664
 20
57.959
 10
473.814
 20
58.118
 10
473.907
 20
58.642
 10
473.834
 20
59.315
 10
473.718
 20
59.476
 10
473.572
 20
59.549
 10
473.381
 20
59.533
 10
473.235
 20
59.412
 10
473.154
 20
59.217
 10
473.11
 20
58.832
  0
LWPOLYLINE
  5
5E3
330
30
100
AcDbEntity
  8
PAFTA_ANTET
100
AcDbPolyline
 90
12
 70
1
 10
479.147
 20
57.935
 10
479.147
 20
58.485
 10
478.603
 20
58.485
 10
478.603
 20
58.713
 10
479.147
 20
58.713
 10
479.147
 20
59.257
 10
479.379
 20
59.257
 10
479.379
 20
58.713
 10
479.923
 20
58.713
 10
479.923
 20
58.485
 10
479.379
 20
58.485
 10
479.379
 20
57.935
  0
LWPOLYLINE
  5
5E4
330
30
100
AcDbEntity
  8
PAFTA_ANTET
100
AcDbPolyline
 90
4
 70
1
 10
479.923
 20
57.581
 10
478.603
 20
57.581
 10
478.603
 20
57.81
 10
479.923
 20
57.81
  0
LWPOLYLINE
  5
5E5
330
30
100
AcDbEntity
  8
PAFTA_ANTET
100
AcDbPolyline
 90
11
 70
1
 10
481.709
 20
57.581
 10
481.709
 20
58.06
 10
480.841
 20
58.06
 10
480.841
 20
58.285
 10
481.754
 20
59.581
 10
481.955
 20
59.581
 10
481.955
 20
58.285
 10
482.225
 20
58.285
 10
482.225
 20
58.06
 10
481.955
 20
58.06
 10
481.955
 20
57.581
  0
LWPOLYLINE
  5
5E6
330
30
100
AcDbEntity
  8
PAFTA_ANTET
100
AcDbPolyline
 90
3
 70
1
 10
481.709
 20
58.285
 10
481.709
 20
59.186
 10
481.083
 20
58.285
  0
LWPOLYLINE
  5
5E7
330
30
100
AcDbEntity
  8
PAFTA_ANTET
100
AcDbPolyline
 90
9
 70
1
 10
482.608
 20
57.581
 10
482.608
 20
57.86
 10
482.888
 20
57.86
 10
482.861
 20
57.394
 10
482.795
 20
57.279
 10
482.66
 20
57.185
 10
482.592
 20
57.29
 10
482.706
 20
57.39
 10
482.747
 20
57.581
  0
LWPOLYLINE
  5
5E8
330
30
100
AcDbEntity
  8
PAFTA_ANTET
100
AcDbPolyline
 90
17
 70
1
 10
483.252
 20
58.567
 10
483.288
 20
58.996
 10
483.395
 20
59.295
 10
483.602
 20
59.514
 10
483.861
 20
59.588
 10
484.162
 20
59.536
 10
484.371
 20
59.361
 10
484.511
 20
59.04
 10
484.556
 20
58.625
 10
484.521
 20
58.141
 10
484.415
 20
57.842
 10
484.238
 20
57.642
 10
483.989
 20
57.551
 10
483.693
 20
57.58
 10
483.45
 20
57.754
 10
483.301
 20
58.082
 10
483.254
 20
58.457
  0
LWPOLYLINE
  5
5E9
330
30
100
AcDbEntity
  8
PAFTA_ANTET
100
AcDbPolyline
 90
14
 70
1
 10
483.504
 20
58.567
 10
483.578
 20
57.99
 10
483.694
 20
57.828
 10
483.871
 20
57.75
 10
484.06
 20
57.789
 10
484.21
 20
57.948
 10
484.303
 20
58.472
 10
484.23
 20
59.145
 10
484.114
 20
59.306
 10
483.968
 20
59.379
 10
483.777
 20
59.363
 10
483.631
 20
59.242
 10
483.55
 20
59.047
 10
483.506
 20
58.662
  0
LWPOLYLINE
  5
5EA
330
30
100
AcDbEntity
  8
PAFTA_ANTET
100
AcDbPolyline
 90
17
 70
1
 10
484.806
 20
58.567
 10
484.842
 20
58.996
 10
484.949
 20
59.295
 10
485.156
 20
59.514
 10
485.415
 20
59.588
 10
485.716
 20
59.536
 10
485.925
 20
59.361
 10
486.065
 20
59.04
 10
486.11
 20
58.625
 10
486.084
 20
58.194
 10
485.988
 20
57.878
 10
485.792
 20
57.642
 10
485.543
 20
57.551
 10
485.246
 20
57.58
 10
485.004
 20
57.754
 10
484.855
 20
58.082
 10
484.808
 20
58.457
  0
LWPOLYLINE
  5
5EB
330
30
100
AcDbEntity
  8
PAFTA_ANTET
100
AcDbPolyline
 90
14
 70
1
 10
485.058
 20
58.567
 10
485.132
 20
57.99
 10
485.248
 20
57.828
 10
485.425
 20
57.75
 10
485.614
 20
57.789
 10
485.764
 20
57.948
 10
485.857
 20
58.472
 10
485.784
 20
59.145
 10
485.668
 20
59.306
 10
485.522
 20
59.379
 10
485.331
 20
59.363
 10
485.185
 20
59.242
 10
485.104
 20
59.047
 10
485.059
 20
58.662
  0
LWPOLYLINE
  5
5EC
330
30
100
AcDbEntity
  8
PAFTA_ANTET
100
AcDbPolyline
 90
12
 70
1
 10
491.227
 20
58.205
 10
491.227
 20
58.755
 10
490.683
 20
58.755
 10
490.683
 20
58.983
 10
491.227
 20
58.983
 10
491.227
 20
59.527
 10
491.459
 20
59.527
 10
491.459
 20
58.983
 10
492.003
 20
58.983
 10
492.003
 20
58.755
 10
491.459
 20
58.755
 10
491.459
 20
58.205
  0
LWPOLYLINE
  5
5ED
330
30
100
AcDbEntity
  8
PAFTA_ANTET
100
AcDbPolyline
 90
4
 70
1
 10
492.003
 20
57.851
 10
490.683
 20
57.851
 10
490.683
 20
58.08
 10
492.003
 20
58.08
  0
LWPOLYLINE
  5
5EE
330
30
100
AcDbEntity
  8
PAFTA_ANTET
100
AcDbPolyline
 90
11
 70
1
 10
493.789
 20
57.851
 10
493.789
 20
58.33
 10
492.921
 20
58.33
 10
492.921
 20
58.555
 10
493.834
 20
59.851
 10
494.035
 20
59.851
 10
494.035
 20
58.555
 10
494.305
 20
58.555
 10
494.305
 20
58.33
 10
494.035
 20
58.33
 10
494.035
 20
57.851
  0
LWPOLYLINE
  5
5EF
330
30
100
AcDbEntity
  8
PAFTA_ANTET
100
AcDbPolyline
 90
3
 70
1
 10
493.789
 20
58.555
 10
493.789
 20
59.456
 10
493.163
 20
58.555
  0
LWPOLYLINE
  5
5F0
330
30
100
AcDbEntity
  8
PAFTA_ANTET
100
AcDbPolyline
 90
9
 70
1
 10
494.688
 20
57.851
 10
494.688
 20
58.13
 10
494.968
 20
58.13
 10
494.941
 20
57.664
 10
494.875
 20
57.549
 10
494.74
 20
57.455
 10
494.672
 20
57.56
 10
494.786
 20
57.66
 10
494.827
 20
57.851
  0
LWPOLYLINE
  5
5F1
330
30
100
AcDbEntity
  8
PAFTA_ANTET
100
AcDbPolyline
 90
17
 70
1
 10
495.332
 20
58.837
 10
495.368
 20
59.266
 10
495.475
 20
59.565
 10
495.682
 20
59.784
 10
495.941
 20
59.858
 10
496.242
 20
59.806
 10
496.451
 20
59.631
 10
496.591
 20
59.31
 10
496.636
 20
58.895
 10
496.601
 20
58.411
 10
496.495
 20
58.112
 10
496.318
 20
57.912
 10
496.069
 20
57.821
 10
495.773
 20
57.85
 10
495.53
 20
58.024
 10
495.381
 20
58.352
 10
495.334
 20
58.727
  0
LWPOLYLINE
  5
5F2
330
30
100
AcDbEntity
  8
PAFTA_ANTET
100
AcDbPolyline
 90
15
 70
1
 10
495.584
 20
58.837
 10
495.658
 20
58.26
 10
495.774
 20
58.098
 10
495.951
 20
58.02
 10
496.14
 20
58.059
 10
496.269
 20
58.182
 10
496.355
 20
58.428
 10
496.383
 20
58.742
 10
496.31
 20
59.415
 10
496.194
 20
59.576
 10
496.048
 20
59.649
 10
495.857
 20
59.633
 10
495.711
 20
59.512
 10
495.63
 20
59.317
 10
495.586
 20
58.932
  0
LWPOLYLINE
  5
5F3
330
30
100
AcDbEntity
  8
PAFTA_ANTET
100
AcDbPolyline
 90
17
 70
1
 10
496.886
 20
58.837
 10
496.922
 20
59.266
 10
497.029
 20
59.565
 10
497.236
 20
59.784
 10
497.495
 20
59.858
 10
497.796
 20
59.806
 10
498.005
 20
59.631
 10
498.145
 20
59.31
 10
498.19
 20
58.895
 10
498.155
 20
58.411
 10
498.049
 20
58.112
 10
497.872
 20
57.912
 10
497.623
 20
57.821
 10
497.326
 20
57.85
 10
497.084
 20
58.024
 10
496.935
 20
58.352
 10
496.888
 20
58.727
  0
LWPOLYLINE
  5
5F4
330
30
100
AcDbEntity
  8
PAFTA_ANTET
100
AcDbPolyline
 90
14
 70
1
 10
497.138
 20
58.837
 10
497.212
 20
58.26
 10
497.328
 20
58.098
 10
497.505
 20
58.02
 10
497.694
 20
58.059
 10
497.844
 20
58.218
 10
497.937
 20
58.742
 10
497.864
 20
59.415
 10
497.748
 20
59.576
 10
497.602
 20
59.649
 10
497.411
 20
59.633
 10
497.265
 20
59.512
 10
497.184
 20
59.317
 10
497.14
 20
58.932
  0
LWPOLYLINE
  5
5F5
330
30
100
AcDbEntity
  8
PAFTA_ANTET
100
AcDbPolyline
 90
12
 70
1
 10
455.377
 20
54.155
 10
455.377
 20
54.705
 10
454.833
 20
54.705
 10
454.833
 20
54.933
 10
455.377
 20
54.933
 10
455.377
 20
55.477
 10
455.609
 20
55.477
 10
455.609
 20
54.933
 10
456.153
 20
54.933
 10
456.153
 20
54.705
 10
455.609
 20
54.705
 10
455.609
 20
54.155
  0
LWPOLYLINE
  5
5F6
330
30
100
AcDbEntity
  8
PAFTA_ANTET
100
AcDbPolyline
 90
4
 70
1
 10
456.153
 20
53.801
 10
454.833
 20
53.801
 10
454.833
 20
54.03
 10
456.153
 20
54.03
  0
LWPOLYLINE
  5
5F7
330
30
100
AcDbEntity
  8
PAFTA_ANTET
100
AcDbPolyline
 90
17
 70
1
 10
457.152
 20
54.787
 10
457.188
 20
55.216
 10
457.295
 20
55.515
 10
457.502
 20
55.734
 10
457.761
 20
55.808
 10
458.062
 20
55.756
 10
458.271
 20
55.581
 10
458.411
 20
55.26
 10
458.456
 20
54.845
 10
458.43
 20
54.414
 10
458.334
 20
54.098
 10
458.138
 20
53.862
 10
457.889
 20
53.771
 10
457.592
 20
53.8
 10
457.35
 20
53.974
 10
457.201
 20
54.302
 10
457.154
 20
54.677
  0
LWPOLYLINE
  5
5F8
330
30
100
AcDbEntity
  8
PAFTA_ANTET
100
AcDbPolyline
 90
14
 70
1
 10
457.404
 20
54.787
 10
457.478
 20
54.21
 10
457.594
 20
54.048
 10
457.771
 20
53.97
 10
457.96
 20
54.009
 10
458.11
 20
54.168
 10
458.203
 20
54.692
 10
458.13
 20
55.365
 10
458.014
 20
55.526
 10
457.868
 20
55.599
 10
457.677
 20
55.583
 10
457.531
 20
55.462
 10
457.45
 20
55.267
 10
457.405
 20
54.882
  0
LWPOLYLINE
  5
5F9
330
30
100
AcDbEntity
  8
PAFTA_ANTET
100
AcDbPolyline
 90
9
 70
1
 10
458.838
 20
53.801
 10
458.838
 20
54.08
 10
459.118
 20
54.08
 10
459.091
 20
53.614
 10
459.025
 20
53.499
 10
458.89
 20
53.405
 10
458.822
 20
53.51
 10
458.936
 20
53.61
 10
458.977
 20
53.801
  0
LWPOLYLINE
  5
5FA
330
30
100
AcDbEntity
  8
PAFTA_ANTET
100
AcDbPolyline
 90
26
 70
1
 10
460.773
 20
54.037
 10
460.773
 20
53.801
 10
459.451
 20
53.801
 10
459.49
 20
53.998
 10
459.619
 20
54.211
 10
460.315
 20
54.86
 10
460.489
 20
55.116
 10
460.517
 20
55.259
 10
460.48
 20
55.418
 10
460.369
 20
55.541
 10
460.206
 20
55.602
 10
460.01
 20
55.589
 10
459.879
 20
55.519
 10
459.777
 20
55.372
 10
459.749
 20
55.204
 10
459.497
 20
55.23
 10
459.559
 20
55.479
 10
459.692
 20
55.661
 10
459.89
 20
55.772
 10
460.146
 20
55.809
 10
460.404
 20
55.769
 10
460.634
 20
55.617
 10
460.755
 20
55.388
 10
460.758
 20
55.135
 10
460.558
 20
54.773
 10
459.792
 20
54.037
  0
LWPOLYLINE
  5
5FB
330
30
100
AcDbEntity
  8
PAFTA_ANTET
100
AcDbPolyline
 90
31
 70
1
 10
461.036
 20
54.325
 10
461.294
 20
54.346
 10
461.388
 20
54.105
 10
461.594
 20
53.977
 10
461.812
 20
53.99
 10
461.979
 20
54.102
 10
462.071
 20
54.258
 10
462.1
 20
54.498
 10
462.044
 20
54.708
 10
461.933
 20
54.832
 10
461.628
 20
54.908
 10
461.441
 20
54.845
 10
461.31
 20
54.716
 10
461.08
 20
54.746
 10
461.273
 20
55.773
 10
462.268
 20
55.773
 10
462.268
 20
55.539
 10
461.47
 20
55.539
 10
461.362
 20
55.001
 10
461.584
 20
55.107
 10
461.791
 20
55.125
 10
462.025
 20
55.061
 10
462.216
 20
54.908
 10
462.317
 20
54.738
 10
462.362
 20
54.479
 10
462.322
 20
54.226
 10
462.204
 20
54.009
 10
461.922
 20
53.805
 10
461.524
 20
53.78
 10
461.2
 20
53.951
 10
461.042
 20
54.275
  0
LWPOLYLINE
  5
5FC
330
30
100
AcDbEntity
  8
PAFTA_ANTET
100
AcDbPolyline
 90
12
 70
1
 10
467.377
 20
54.155
 10
467.377
 20
54.705
 10
466.833
 20
54.705
 10
466.833
 20
54.933
 10
467.377
 20
54.933
 10
467.377
 20
55.477
 10
467.609
 20
55.477
 10
467.609
 20
54.933
 10
468.153
 20
54.933
 10
468.153
 20
54.705
 10
467.609
 20
54.705
 10
467.609
 20
54.155
  0
LWPOLYLINE
  5
5FD
330
30
100
AcDbEntity
  8
PAFTA_ANTET
100
AcDbPolyline
 90
4
 70
1
 10
468.153
 20
53.801
 10
466.833
 20
53.801
 10
466.833
 20
54.03
 10
468.153
 20
54.03
  0
LWPOLYLINE
  5
5FE
330
30
100
AcDbEntity
  8
PAFTA_ANTET
100
AcDbPolyline
 90
17
 70
1
 10
469.152
 20
54.787
 10
469.188
 20
55.216
 10
469.295
 20
55.515
 10
469.502
 20
55.734
 10
469.761
 20
55.808
 10
470.062
 20
55.756
 10
470.271
 20
55.581
 10
470.411
 20
55.26
 10
470.456
 20
54.845
 10
470.43
 20
54.414
 10
470.334
 20
54.098
 10
470.138
 20
53.862
 10
469.889
 20
53.771
 10
469.592
 20
53.8
 10
469.35
 20
53.974
 10
469.201
 20
54.302
 10
469.154
 20
54.677
  0
LWPOLYLINE
  5
5FF
330
30
100
AcDbEntity
  8
PAFTA_ANTET
100
AcDbPolyline
 90
14
 70
1
 10
469.404
 20
54.787
 10
469.478
 20
54.21
 10
469.594
 20
54.048
 10
469.771
 20
53.97
 10
469.96
 20
54.009
 10
470.11
 20
54.168
 10
470.203
 20
54.692
 10
470.13
 20
55.365
 10
470.014
 20
55.526
 10
469.868
 20
55.599
 10
469.677
 20
55.583
 10
469.531
 20
55.462
 10
469.45
 20
55.267
 10
469.405
 20
54.882
  0
LWPOLYLINE
  5
600
330
30
100
AcDbEntity
  8
PAFTA_ANTET
100
AcDbPolyline
 90
9
 70
1
 10
470.838
 20
53.801
 10
470.838
 20
54.08
 10
471.118
 20
54.08
 10
471.091
 20
53.614
 10
471.025
 20
53.499
 10
470.89
 20
53.405
 10
470.822
 20
53.51
 10
470.936
 20
53.61
 10
470.977
 20
53.801
  0
LWPOLYLINE
  5
601
330
30
100
AcDbEntity
  8
PAFTA_ANTET
100
AcDbPolyline
 90
31
 70
1
 10
471.482
 20
54.325
 10
471.74
 20
54.346
 10
471.834
 20
54.105
 10
472.04
 20
53.977
 10
472.258
 20
53.99
 10
472.425
 20
54.102
 10
472.517
 20
54.258
 10
472.546
 20
54.498
 10
472.49
 20
54.708
 10
472.379
 20
54.832
 10
472.074
 20
54.908
 10
471.906
 20
54.856
 10
471.756
 20
54.716
 10
471.526
 20
54.746
 10
471.719
 20
55.773
 10
472.714
 20
55.773
 10
472.714
 20
55.539
 10
471.916
 20
55.539
 10
471.808
 20
55.001
 10
472.031
 20
55.107
 10
472.238
 20
55.125
 10
472.471
 20
55.061
 10
472.662
 20
54.908
 10
472.763
 20
54.738
 10
472.808
 20
54.479
 10
472.769
 20
54.226
 10
472.65
 20
54.009
 10
472.368
 20
53.805
 10
471.97
 20
53.78
 10
471.646
 20
53.951
 10
471.488
 20
54.275
  0
LWPOLYLINE
  5
602
330
30
100
AcDbEntity
  8
PAFTA_ANTET
100
AcDbPolyline
 90
17
 70
1
 10
473.036
 20
54.787
 10
473.072
 20
55.216
 10
473.179
 20
55.515
 10
473.386
 20
55.734
 10
473.645
 20
55.808
 10
473.946
 20
55.756
 10
474.155
 20
55.581
 10
474.295
 20
55.26
 10
474.34
 20
54.845
 10
474.305
 20
54.361
 10
474.199
 20
54.062
 10
474.022
 20
53.862
 10
473.773
 20
53.771
 10
473.476
 20
53.8
 10
473.234
 20
53.974
 10
473.085
 20
54.302
 10
473.038
 20
54.677
  0
LWPOLYLINE
  5
603
330
30
100
AcDbEntity
  8
PAFTA_ANTET
100
AcDbPolyline
 90
14
 70
1
 10
473.288
 20
54.787
 10
473.362
 20
54.21
 10
473.478
 20
54.048
 10
473.655
 20
53.97
 10
473.844
 20
54.009
 10
473.994
 20
54.168
 10
474.087
 20
54.692
 10
474.014
 20
55.365
 10
473.898
 20
55.526
 10
473.752
 20
55.599
 10
473.561
 20
55.583
 10
473.415
 20
55.462
 10
473.334
 20
55.267
 10
473.29
 20
54.882
  0
LWPOLYLINE
  5
604
330
30
100
AcDbEntity
  8
PAFTA_ANTET
100
AcDbPolyline
 90
12
 70
1
 10
479.377
 20
54.155
 10
479.377
 20
54.705
 10
478.833
 20
54.705
 10
478.833
 20
54.933
 10
479.377
 20
54.933
 10
479.377
 20
55.477
 10
479.609
 20
55.477
 10
479.609
 20
54.933
 10
480.153
 20
54.933
 10
480.153
 20
54.705
 10
479.609
 20
54.705
 10
479.609
 20
54.155
  0
LWPOLYLINE
  5
605
330
30
100
AcDbEntity
  8
PAFTA_ANTET
100
AcDbPolyline
 90
4
 70
1
 10
480.153
 20
53.801
 10
478.833
 20
53.801
 10
478.833
 20
54.03
 10
480.153
 20
54.03
  0
LWPOLYLINE
  5
606
330
30
100
AcDbEntity
  8
PAFTA_ANTET
100
AcDbPolyline
 90
8
 70
1
 10
482.077
 20
53.801
 10
481.831
 20
53.801
 10
481.831
 20
55.365
 10
481.34
 20
55.069
 10
481.34
 20
55.307
 10
481.669
 20
55.514
 10
481.919
 20
55.809
 10
482.077
 20
55.809
  0
LWPOLYLINE
  5
607
330
30
100
AcDbEntity
  8
PAFTA_ANTET
100
AcDbPolyline
 90
9
 70
1
 10
482.838
 20
53.801
 10
482.838
 20
54.08
 10
483.118
 20
54.08
 10
483.091
 20
53.614
 10
483.025
 20
53.499
 10
482.89
 20
53.405
 10
482.822
 20
53.51
 10
482.936
 20
53.61
 10
482.977
 20
53.801
  0
LWPOLYLINE
  5
608
330
30
100
AcDbEntity
  8
PAFTA_ANTET
100
AcDbPolyline
 90
17
 70
1
 10
483.482
 20
54.787
 10
483.518
 20
55.216
 10
483.625
 20
55.515
 10
483.832
 20
55.734
 10
484.091
 20
55.808
 10
484.392
 20
55.756
 10
484.601
 20
55.581
 10
484.741
 20
55.26
 10
484.786
 20
54.845
 10
484.751
 20
54.361
 10
484.645
 20
54.062
 10
484.468
 20
53.862
 10
484.219
 20
53.771
 10
483.923
 20
53.8
 10
483.68
 20
53.974
 10
483.531
 20
54.302
 10
483.484
 20
54.677
  0
LWPOLYLINE
  5
609
330
30
100
AcDbEntity
  8
PAFTA_ANTET
100
AcDbPolyline
 90
15
 70
1
 10
483.734
 20
54.787
 10
483.808
 20
54.21
 10
483.924
 20
54.048
 10
484.101
 20
53.97
 10
484.29
 20
54.009
 10
484.419
 20
54.132
 10
484.505
 20
54.378
 10
484.533
 20
54.692
 10
484.46
 20
55.365
 10
484.344
 20
55.526
 10
484.198
 20
55.599
 10
484.007
 20
55.583
 10
483.861
 20
55.462
 10
483.78
 20
55.267
 10
483.736
 20
54.882
  0
LWPOLYLINE
  5
60A
330
30
100
AcDbEntity
  8
PAFTA_ANTET
100
AcDbPolyline
 90
17
 70
1
 10
485.036
 20
54.787
 10
485.072
 20
55.216
 10
485.179
 20
55.515
 10
485.386
 20
55.734
 10
485.645
 20
55.808
 10
485.946
 20
55.756
 10
486.155
 20
55.581
 10
486.295
 20
55.26
 10
486.34
 20
54.845
 10
486.305
 20
54.361
 10
486.199
 20
54.062
 10
486.022
 20
53.862
 10
485.773
 20
53.771
 10
485.476
 20
53.8
 10
485.234
 20
53.974
 10
485.085
 20
54.302
 10
485.038
 20
54.677
  0
LWPOLYLINE
  5
60B
330
30
100
AcDbEntity
  8
PAFTA_ANTET
100
AcDbPolyline
 90
14
 70
1
 10
485.288
 20
54.787
 10
485.362
 20
54.21
 10
485.478
 20
54.048
 10
485.655
 20
53.97
 10
485.844
 20
54.009
 10
485.994
 20
54.168
 10
486.087
 20
54.692
 10
486.014
 20
55.365
 10
485.898
 20
55.526
 10
485.752
 20
55.599
 10
485.561
 20
55.583
 10
485.415
 20
55.462
 10
485.334
 20
55.267
 10
485.29
 20
54.882
  0
LWPOLYLINE
  5
60C
330
30
100
AcDbEntity
  8
PAFTA_ANTET
100
AcDbPolyline
 90
12
 70
1
 10
491.377
 20
54.155
 10
491.377
 20
54.705
 10
490.833
 20
54.705
 10
490.833
 20
54.933
 10
491.377
 20
54.933
 10
491.377
 20
55.477
 10
491.609
 20
55.477
 10
491.609
 20
54.933
 10
492.153
 20
54.933
 10
492.153
 20
54.705
 10
491.609
 20
54.705
 10
491.609
 20
54.155
  0
LWPOLYLINE
  5
60D
330
30
100
AcDbEntity
  8
PAFTA_ANTET
100
AcDbPolyline
 90
4
 70
1
 10
492.153
 20
53.801
 10
490.833
 20
53.801
 10
490.833
 20
54.03
 10
492.153
 20
54.03
  0
LWPOLYLINE
  5
60E
330
30
100
AcDbEntity
  8
PAFTA_ANTET
100
AcDbPolyline
 90
8
 70
1
 10
494.077
 20
53.801
 10
493.831
 20
53.801
 10
493.831
 20
55.365
 10
493.34
 20
55.069
 10
493.34
 20
55.307
 10
493.669
 20
55.514
 10
493.919
 20
55.809
 10
494.077
 20
55.809
  0
LWPOLYLINE
  5
60F
330
30
100
AcDbEntity
  8
PAFTA_ANTET
100
AcDbPolyline
 90
9
 70
1
 10
494.838
 20
53.801
 10
494.838
 20
54.08
 10
495.118
 20
54.08
 10
495.091
 20
53.614
 10
495.025
 20
53.499
 10
494.89
 20
53.405
 10
494.822
 20
53.51
 10
494.936
 20
53.61
 10
494.977
 20
53.801
  0
LWPOLYLINE
  5
610
330
30
100
AcDbEntity
  8
PAFTA_ANTET
100
AcDbPolyline
 90
31
 70
1
 10
495.482
 20
54.325
 10
495.74
 20
54.346
 10
495.834
 20
54.105
 10
496.04
 20
53.977
 10
496.258
 20
53.99
 10
496.425
 20
54.102
 10
496.517
 20
54.258
 10
496.546
 20
54.498
 10
496.49
 20
54.708
 10
496.379
 20
54.832
 10
496.074
 20
54.908
 10
495.906
 20
54.856
 10
495.756
 20
54.716
 10
495.526
 20
54.746
 10
495.719
 20
55.773
 10
496.714
 20
55.773
 10
496.714
 20
55.539
 10
495.916
 20
55.539
 10
495.808
 20
55.001
 10
496.031
 20
55.107
 10
496.238
 20
55.125
 10
496.471
 20
55.061
 10
496.662
 20
54.908
 10
496.763
 20
54.738
 10
496.808
 20
54.479
 10
496.769
 20
54.226
 10
496.65
 20
54.009
 10
496.368
 20
53.805
 10
495.97
 20
53.78
 10
495.646
 20
53.951
 10
495.488
 20
54.275
  0
LWPOLYLINE
  5
611
330
30
100
AcDbEntity
  8
PAFTA_ANTET
100
AcDbPolyline
 90
17
 70
1
 10
497.036
 20
54.787
 10
497.072
 20
55.216
 10
497.179
 20
55.515
 10
497.386
 20
55.734
 10
497.645
 20
55.808
 10
497.946
 20
55.756
 10
498.155
 20
55.581
 10
498.295
 20
55.26
 10
498.34
 20
54.845
 10
498.305
 20
54.361
 10
498.199
 20
54.062
 10
498.022
 20
53.862
 10
497.773
 20
53.771
 10
497.476
 20
53.8
 10
497.234
 20
53.974
 10
497.085
 20
54.302
 10
497.038
 20
54.677
  0
LWPOLYLINE
  5
612
330
30
100
AcDbEntity
  8
PAFTA_ANTET
100
AcDbPolyline
 90
14
 70
1
 10
497.288
 20
54.787
 10
497.362
 20
54.21
 10
497.478
 20
54.048
 10
497.655
 20
53.97
 10
497.844
 20
54.009
 10
497.994
 20
54.168
 10
498.087
 20
54.692
 10
498.014
 20
55.365
 10
497.898
 20
55.526
 10
497.752
 20
55.599
 10
497.561
 20
55.583
 10
497.415
 20
55.462
 10
497.334
 20
55.267
 10
497.29
 20
54.882
  0
LWPOLYLINE
  5
613
330
30
100
AcDbEntity
  8
PAFTA_ANTET
100
AcDbPolyline
 90
12
 70
1
 10
456.72
 20
49.595
 10
456.72
 20
50.145
 10
456.176
 20
50.145
 10
456.176
 20
50.373
 10
456.72
 20
50.373
 10
456.72
 20
50.917
 10
456.952
 20
50.917
 10
456.952
 20
50.373
 10
457.497
 20
50.373
 10
457.497
 20
50.145
 10
456.952
 20
50.145
 10
456.952
 20
49.595
  0
LWPOLYLINE
  5
614
330
30
100
AcDbEntity
  8
PAFTA_ANTET
100
AcDbPolyline
 90
4
 70
1
 10
457.497
 20
49.241
 10
456.176
 20
49.241
 10
456.176
 20
49.47
 10
457.497
 20
49.47
  0
LWPOLYLINE
  5
615
330
30
100
AcDbEntity
  8
PAFTA_ANTET
100
AcDbPolyline
 90
8
 70
1
 10
459.42
 20
49.241
 10
459.175
 20
49.241
 10
459.175
 20
50.805
 10
458.683
 20
50.509
 10
458.683
 20
50.747
 10
459.044
 20
50.981
 10
459.262
 20
51.249
 10
459.42
 20
51.249
  0
LWPOLYLINE
  5
616
330
30
100
AcDbEntity
  8
PAFTA_ANTET
100
AcDbPolyline
 90
11
 70
1
 10
460.108
 20
50.897
 10
460.198
 20
51.142
 10
460.455
 20
51.274
 10
460.732
 20
51.185
 10
460.864
 20
50.928
 10
460.775
 20
50.651
 10
460.517
 20
50.519
 10
460.368
 20
50.535
 10
460.242
 20
50.607
 10
460.148
 20
50.724
 10
460.109
 20
50.866
  0
LWPOLYLINE
  5
617
330
30
100
AcDbEntity
  8
PAFTA_ANTET
100
AcDbPolyline
 90
9
 70
1
 10
460.256
 20
50.897
 10
460.324
 20
50.734
 10
460.487
 20
50.666
 10
460.635
 20
50.721
 10
460.716
 20
50.878
 10
460.662
 20
51.046
 10
460.506
 20
51.127
 10
460.338
 20
51.073
 10
460.257
 20
50.916
  0
LWPOLYLINE
  5
618
330
30
100
AcDbEntity
  8
PAFTA_ANTET
100
AcDbPolyline
 90
12
 70
1
 10
468.72
 20
49.655
 10
468.72
 20
50.205
 10
468.176
 20
50.205
 10
468.176
 20
50.433
 10
468.72
 20
50.433
 10
468.72
 20
50.977
 10
468.952
 20
50.977
 10
468.952
 20
50.433
 10
469.497
 20
50.433
 10
469.497
 20
50.205
 10
468.952
 20
50.205
 10
468.952
 20
49.655
  0
LWPOLYLINE
  5
619
330
30
100
AcDbEntity
  8
PAFTA_ANTET
100
AcDbPolyline
 90
4
 70
1
 10
469.497
 20
49.301
 10
468.176
 20
49.301
 10
468.176
 20
49.53
 10
469.497
 20
49.53
  0
LWPOLYLINE
  5
61A
330
30
100
AcDbEntity
  8
PAFTA_ANTET
100
AcDbPolyline
 90
8
 70
1
 10
471.42
 20
49.301
 10
471.175
 20
49.301
 10
471.175
 20
50.865
 10
470.683
 20
50.569
 10
470.683
 20
50.807
 10
471.044
 20
51.041
 10
471.262
 20
51.309
 10
471.42
 20
51.309
  0
LWPOLYLINE
  5
61B
330
30
100
AcDbEntity
  8
PAFTA_ANTET
100
AcDbPolyline
 90
11
 70
1
 10
472.108
 20
50.957
 10
472.198
 20
51.202
 10
472.455
 20
51.334
 10
472.732
 20
51.245
 10
472.864
 20
50.988
 10
472.775
 20
50.711
 10
472.517
 20
50.579
 10
472.368
 20
50.595
 10
472.242
 20
50.667
 10
472.148
 20
50.784
 10
472.109
 20
50.926
  0
LWPOLYLINE
  5
61C
330
30
100
AcDbEntity
  8
PAFTA_ANTET
100
AcDbPolyline
 90
9
 70
1
 10
472.256
 20
50.957
 10
472.324
 20
50.794
 10
472.487
 20
50.726
 10
472.635
 20
50.781
 10
472.716
 20
50.938
 10
472.662
 20
51.106
 10
472.506
 20
51.187
 10
472.338
 20
51.133
 10
472.257
 20
50.976
  0
LWPOLYLINE
  5
61D
330
30
100
AcDbEntity
  8
PAFTA_ANTET
100
AcDbPolyline
 90
12
 70
1
 10
480.72
 20
49.715
 10
480.72
 20
50.265
 10
480.176
 20
50.265
 10
480.176
 20
50.493
 10
480.72
 20
50.493
 10
480.72
 20
51.037
 10
480.952
 20
51.037
 10
480.952
 20
50.493
 10
481.497
 20
50.493
 10
481.497
 20
50.265
 10
480.952
 20
50.265
 10
480.952
 20
49.715
  0
LWPOLYLINE
  5
61E
330
30
100
AcDbEntity
  8
PAFTA_ANTET
100
AcDbPolyline
 90
4
 70
1
 10
481.497
 20
49.361
 10
480.176
 20
49.361
 10
480.176
 20
49.59
 10
481.497
 20
49.59
  0
LWPOLYLINE
  5
61F
330
30
100
AcDbEntity
  8
PAFTA_ANTET
100
AcDbPolyline
 90
8
 70
1
 10
483.42
 20
49.361
 10
483.175
 20
49.361
 10
483.175
 20
50.925
 10
482.683
 20
50.629
 10
482.683
 20
50.867
 10
483.044
 20
51.101
 10
483.262
 20
51.369
 10
483.42
 20
51.369
  0
LWPOLYLINE
  5
620
330
30
100
AcDbEntity
  8
PAFTA_ANTET
100
AcDbPolyline
 90
11
 70
1
 10
484.108
 20
51.017
 10
484.198
 20
51.262
 10
484.455
 20
51.394
 10
484.732
 20
51.305
 10
484.864
 20
51.048
 10
484.775
 20
50.771
 10
484.517
 20
50.639
 10
484.368
 20
50.655
 10
484.242
 20
50.727
 10
484.148
 20
50.844
 10
484.109
 20
50.986
  0
LWPOLYLINE
  5
621
330
30
100
AcDbEntity
  8
PAFTA_ANTET
100
AcDbPolyline
 90
9
 70
1
 10
484.256
 20
51.017
 10
484.324
 20
50.854
 10
484.487
 20
50.786
 10
484.635
 20
50.841
 10
484.716
 20
50.998
 10
484.662
 20
51.166
 10
484.506
 20
51.247
 10
484.338
 20
51.193
 10
484.257
 20
51.036
  0
LWPOLYLINE
  5
622
330
30
100
AcDbEntity
  8
PAFTA_ANTET
100
AcDbPolyline
 90
12
 70
1
 10
492.72
 20
49.775
 10
492.72
 20
50.325
 10
492.176
 20
50.325
 10
492.176
 20
50.553
 10
492.72
 20
50.553
 10
492.72
 20
51.097
 10
492.952
 20
51.097
 10
492.952
 20
50.553
 10
493.497
 20
50.553
 10
493.497
 20
50.325
 10
492.952
 20
50.325
 10
492.952
 20
49.775
  0
LWPOLYLINE
  5
623
330
30
100
AcDbEntity
  8
PAFTA_ANTET
100
AcDbPolyline
 90
4
 70
1
 10
493.497
 20
49.421
 10
492.176
 20
49.421
 10
492.176
 20
49.65
 10
493.497
 20
49.65
  0
LWPOLYLINE
  5
624
330
30
100
AcDbEntity
  8
PAFTA_ANTET
100
AcDbPolyline
 90
26
 70
1
 10
495.786
 20
49.657
 10
495.786
 20
49.421
 10
494.464
 20
49.421
 10
494.492
 20
49.591
 10
494.612
 20
49.805
 10
495.291
 20
50.441
 10
495.502
 20
50.736
 10
495.53
 20
50.908
 10
495.48
 20
51.061
 10
495.358
 20
51.176
 10
495.219
 20
51.222
 10
495.024
 20
51.209
 10
494.892
 20
51.139
 10
494.79
 20
50.992
 10
494.763
 20
50.824
 10
494.51
 20
50.85
 10
494.572
 20
51.099
 10
494.705
 20
51.281
 10
494.903
 20
51.392
 10
495.16
 20
51.429
 10
495.417
 20
51.389
 10
495.647
 20
51.237
 10
495.768
 20
51.008
 10
495.771
 20
50.755
 10
495.571
 20
50.393
 10
494.805
 20
49.657
  0
LWPOLYLINE
  5
625
330
30
100
AcDbEntity
  8
PAFTA_ANTET
100
AcDbPolyline
 90
11
 70
1
 10
496.108
 20
51.077
 10
496.198
 20
51.322
 10
496.455
 20
51.454
 10
496.732
 20
51.365
 10
496.864
 20
51.108
 10
496.775
 20
50.831
 10
496.517
 20
50.699
 10
496.368
 20
50.715
 10
496.242
 20
50.787
 10
496.148
 20
50.904
 10
496.109
 20
51.046
  0
LWPOLYLINE
  5
626
330
30
100
AcDbEntity
  8
PAFTA_ANTET
100
AcDbPolyline
 90
9
 70
1
 10
496.256
 20
51.077
 10
496.324
 20
50.914
 10
496.487
 20
50.846
 10
496.635
 20
50.901
 10
496.716
 20
51.058
 10
496.662
 20
51.226
 10
496.506
 20
51.307
 10
496.338
 20
51.253
 10
496.257
 20
51.096
  0
LWPOLYLINE
  5
627
330
30
100
AcDbEntity
  8
PAFTA_ANTET
100
AcDbPolyline
 90
11
 70
1
 10
532.306
 20
83.561
 10
532.306
 20
85.561
 10
533.204
 20
85.558
 10
533.474
 20
85.515
 10
533.717
 20
85.346
 10
533.827
 20
85.069
 10
533.774
 20
84.704
 10
533.549
 20
84.46
 10
533.242
 20
84.381
 10
532.57
 20
84.374
 10
532.57
 20
83.561
  0
LWPOLYLINE
  5
628
330
30
100
AcDbEntity
  8
PAFTA_ANTET
100
AcDbPolyline
 90
7
 70
1
 10
532.57
 20
84.61
 10
533.341
 20
84.644
 10
533.506
 20
84.77
 10
533.559
 20
84.974
 10
533.508
 20
85.171
 10
533.349
 20
85.301
 10
532.57
 20
85.325
  0
LWPOLYLINE
  5
629
330
30
100
AcDbEntity
  8
PAFTA_ANTET
100
AcDbPolyline
 90
12
 70
1
 10
534.135
 20
83.561
 10
534.135
 20
85.009
 10
534.356
 20
85.009
 10
534.356
 20
84.79
 10
534.498
 20
84.982
 10
534.653
 20
85.042
 10
534.922
 20
84.963
 10
534.838
 20
84.735
 10
534.596
 20
84.781
 10
534.427
 20
84.622
 10
534.382
 20
84.38
 10
534.381
 20
83.561
  0
LWPOLYLINE
  5
62A
330
30
100
AcDbEntity
  8
PAFTA_ANTET
100
AcDbPolyline
 90
22
 70
1
 10
536.06
 20
84.027
 10
536.314
 20
83.996
 10
536.205
 20
83.765
 10
536.023
 20
83.606
 10
535.677
 20
83.528
 10
535.296
 20
83.624
 10
535.105
 20
83.808
 10
535.016
 20
84.015
 10
534.988
 20
84.344
 10
535.054
 20
84.653
 10
535.213
 20
84.879
 10
535.441
 20
85.01
 10
535.775
 20
85.034
 10
536.018
 20
84.945
 10
536.256
 20
84.66
 10
536.321
 20
84.222
 10
535.24
 20
84.222
 10
535.331
 20
83.912
 10
535.542
 20
83.75
 10
535.705
 20
83.731
 10
535.869
 20
83.775
 10
536.048
 20
83.997
  0
LWPOLYLINE
  5
62B
330
30
100
AcDbEntity
  8
PAFTA_ANTET
100
AcDbPolyline
 90
9
 70
1
 10
535.254
 20
84.424
 10
536.063
 20
84.424
 10
535.97
 20
84.698
 10
535.835
 20
84.805
 10
535.702
 20
84.839
 10
535.539
 20
84.822
 10
535.405
 20
84.749
 10
535.305
 20
84.624
 10
535.257
 20
84.461
  0
LWPOLYLINE
  5
62C
330
30
100
AcDbEntity
  8
PAFTA_ANTET
100
AcDbPolyline
 90
18
 70
1
 10
537.158
 20
83.78
 10
537.194
 20
83.563
 10
536.889
 20
83.552
 10
536.719
 20
83.656
 10
536.668
 20
83.903
 10
536.667
 20
84.819
 10
536.487
 20
84.819
 10
536.487
 20
85.009
 10
536.667
 20
85.009
 10
536.667
 20
85.368
 10
536.911
 20
85.516
 10
536.911
 20
85.009
 10
537.158
 20
85.009
 10
537.158
 20
84.819
 10
536.911
 20
84.819
 10
536.914
 20
83.885
 10
536.966
 20
83.788
 10
537.145
 20
83.778
  0
LWPOLYLINE
  5
62D
330
30
100
AcDbEntity
  8
PAFTA_ANTET
100
AcDbPolyline
 90
12
 70
1
 10
537.396
 20
83.561
 10
537.396
 20
85.009
 10
537.617
 20
85.009
 10
537.617
 20
84.79
 10
537.758
 20
84.982
 10
537.913
 20
85.042
 10
538.183
 20
84.963
 10
538.098
 20
84.735
 10
537.856
 20
84.781
 10
537.694
 20
84.639
 10
537.643
 20
84.38
 10
537.641
 20
83.561
  0
LWPOLYLINE
  5
62E
330
30
100
AcDbEntity
  8
PAFTA_ANTET
100
AcDbPolyline
 90
21
 70
1
 10
539.321
 20
84.027
 10
539.574
 20
83.996
 10
539.465
 20
83.765
 10
539.283
 20
83.606
 10
538.937
 20
83.528
 10
538.557
 20
83.624
 10
538.366
 20
83.808
 10
538.277
 20
84.015
 10
538.249
 20
84.344
 10
538.315
 20
84.653
 10
538.474
 20
84.879
 10
538.701
 20
85.01
 10
539.036
 20
85.034
 10
539.278
 20
84.945
 10
539.516
 20
84.66
 10
539.581
 20
84.222
 10
538.501
 20
84.222
 10
538.591
 20
83.912
 10
538.835
 20
83.741
 10
539.129
 20
83.775
 10
539.309
 20
83.997
  0
LWPOLYLINE
  5
62F
330
30
100
AcDbEntity
  8
PAFTA_ANTET
100
AcDbPolyline
 90
9
 70
1
 10
538.514
 20
84.424
 10
539.323
 20
84.424
 10
539.23
 20
84.698
 10
539.096
 20
84.805
 10
538.963
 20
84.839
 10
538.8
 20
84.822
 10
538.665
 20
84.749
 10
538.566
 20
84.624
 10
538.518
 20
84.461
  0
LWPOLYLINE
  5
630
330
30
100
AcDbEntity
  8
PAFTA_ANTET
100
AcDbPolyline
 90
22
 70
1
 10
540.828
 20
83.739
 10
540.514
 20
83.558
 10
540.161
 20
83.538
 10
539.928
 20
83.645
 10
539.805
 20
83.873
 10
539.83
 20
84.101
 10
540.007
 20
84.299
 10
540.808
 20
84.48
 10
540.753
 20
84.743
 10
540.53
 20
84.836
 10
540.221
 20
84.79
 10
540.082
 20
84.563
 10
539.842
 20
84.596
 10
539.949
 20
84.845
 10
540.256
 20
85.017
 10
540.693
 20
85.027
 10
540.956
 20
84.902
 10
541.05
 20
84.675
 10
541.066
 20
83.781
 10
541.134
 20
83.561
 10
540.877
 20
83.561
 10
540.831
 20
83.719
  0
LWPOLYLINE
  5
631
330
30
100
AcDbEntity
  8
PAFTA_ANTET
100
AcDbPolyline
 90
10
 70
1
 10
540.808
 20
84.288
 10
540.192
 20
84.146
 10
540.095
 20
84.066
 10
540.061
 20
83.949
 10
540.088
 20
83.843
 10
540.186
 20
83.752
 10
540.353
 20
83.72
 10
540.537
 20
83.751
 10
540.745
 20
83.911
 10
540.808
 20
84.198
  0
LWPOLYLINE
  5
632
330
30
100
AcDbEntity
  8
PAFTA_ANTET
100
AcDbPolyline
 90
18
 70
1
 10
541.973
 20
83.78
 10
542.008
 20
83.563
 10
541.704
 20
83.552
 10
541.533
 20
83.656
 10
541.484
 20
83.866
 10
541.482
 20
84.819
 10
541.301
 20
84.819
 10
541.301
 20
85.009
 10
541.482
 20
85.009
 10
541.482
 20
85.368
 10
541.726
 20
85.516
 10
541.726
 20
85.009
 10
541.973
 20
85.009
 10
541.973
 20
84.819
 10
541.726
 20
84.819
 10
541.73
 20
83.872
 10
541.801
 20
83.779
 10
541.96
 20
83.778
  0
LWPOLYLINE
  5
633
330
30
100
AcDbEntity
  8
PAFTA_ANTET
100
AcDbPolyline
 90
29
 70
1
 10
542.213
 20
83.561
 10
542.213
 20
85.009
 10
542.432
 20
85.009
 10
542.432
 20
84.806
 10
542.614
 20
84.977
 10
542.843
 20
85.042
 10
543.115
 20
84.988
 10
543.281
 20
84.788
 10
543.435
 20
84.951
 10
543.622
 20
85.032
 10
543.849
 20
85.032
 10
544.06
 20
84.923
 10
544.147
 20
84.771
 10
544.175
 20
84.604
 10
544.176
 20
83.561
 10
543.932
 20
83.561
 10
543.92
 20
84.639
 10
543.845
 20
84.773
 10
543.691
 20
84.829
 10
543.485
 20
84.78
 10
543.344
 20
84.596
 10
543.319
 20
83.561
 10
543.074
 20
83.561
 10
543.073
 20
84.534
 10
543.014
 20
84.748
 10
542.797
 20
84.829
 10
542.577
 20
84.738
 10
542.468
 20
84.487
 10
542.458
 20
83.561
  0
LWPOLYLINE
  5
634
330
30
100
AcDbEntity
  8
PAFTA_ANTET
100
AcDbPolyline
 90
22
 70
1
 10
545.532
 20
84.027
 10
545.786
 20
83.996
 10
545.677
 20
83.765
 10
545.495
 20
83.606
 10
545.149
 20
83.528
 10
544.768
 20
83.624
 10
544.609
 20
83.764
 10
544.488
 20
84.015
 10
544.46
 20
84.344
 10
544.526
 20
84.653
 10
544.685
 20
84.879
 10
544.913
 20
85.01
 10
545.247
 20
85.034
 10
545.49
 20
84.945
 10
545.728
 20
84.66
 10
545.793
 20
84.222
 10
544.712
 20
84.222
 10
544.803
 20
83.912
 10
545.014
 20
83.75
 10
545.177
 20
83.731
 10
545.341
 20
83.775
 10
545.52
 20
83.997
  0
LWPOLYLINE
  5
635
330
30
100
AcDbEntity
  8
PAFTA_ANTET
100
AcDbPolyline
 90
9
 70
1
 10
544.726
 20
84.424
 10
545.535
 20
84.424
 10
545.442
 20
84.698
 10
545.307
 20
84.805
 10
545.174
 20
84.839
 10
545.011
 20
84.822
 10
544.877
 20
84.749
 10
544.778
 20
84.624
 10
544.729
 20
84.461
  0
LWPOLYLINE
  5
636
330
30
100
AcDbEntity
  8
PAFTA_ANTET
100
AcDbPolyline
 90
16
 70
1
 10
546.094
 20
83.561
 10
546.094
 20
85.009
 10
546.315
 20
85.009
 10
546.315
 20
84.803
 10
546.51
 20
84.983
 10
546.776
 20
85.042
 10
547.096
 20
84.953
 10
547.242
 20
84.751
 10
547.271
 20
83.561
 10
547.026
 20
83.561
 10
547.008
 20
84.634
 10
546.91
 20
84.776
 10
546.744
 20
84.829
 10
546.501
 20
84.766
 10
546.368
 20
84.586
 10
546.34
 20
83.561
  0
LWPOLYLINE
  5
637
330
30
100
AcDbEntity
  8
PAFTA_ANTET
100
AcDbPolyline
 90
18
 70
1
 10
548.184
 20
83.78
 10
548.22
 20
83.563
 10
547.915
 20
83.552
 10
547.745
 20
83.656
 10
547.694
 20
83.903
 10
547.693
 20
84.819
 10
547.513
 20
84.819
 10
547.513
 20
85.009
 10
547.693
 20
85.009
 10
547.693
 20
85.368
 10
547.937
 20
85.516
 10
547.937
 20
85.009
 10
548.184
 20
85.009
 10
548.184
 20
84.819
 10
547.937
 20
84.819
 10
547.94
 20
83.885
 10
547.992
 20
83.788
 10
548.171
 20
83.778
  0
LWPOLYLINE
  5
638
330
30
100
AcDbEntity
  8
PAFTA_ANTET
100
AcDbPolyline
 90
4
 70
1
 10
532.351
 20
89.801
 10
532.351
 20
91.801
 10
532.615
 20
91.801
 10
532.615
 20
89.801
  0
LWPOLYLINE
  5
639
330
30
100
AcDbEntity
  8
PAFTA_ANTET
100
AcDbPolyline
 90
17
 70
1
 10
533.99
 20
89.801
 10
533.99
 20
89.983
 10
533.82
 20
89.822
 10
533.637
 20
89.77
 10
533.419
 20
89.792
 10
533.238
 20
89.883
 10
533.026
 20
90.165
 10
532.962
 20
90.524
 10
533.049
 20
90.952
 10
533.28
 20
91.206
 10
533.47
 20
91.274
 10
533.674
 20
91.273
 10
533.847
 20
91.204
 10
533.974
 20
91.083
 10
533.974
 20
91.801
 10
534.218
 20
91.801
 10
534.218
 20
89.801
  0
LWPOLYLINE
  5
63A
330
30
100
AcDbEntity
  8
PAFTA_ANTET
100
AcDbPolyline
 90
13
 70
1
 10
533.214
 20
90.524
 10
533.309
 20
90.137
 10
533.432
 20
90.019
 10
533.608
 20
89.97
 10
533.784
 20
90.017
 10
533.903
 20
90.129
 10
533.994
 20
90.503
 10
533.902
 20
90.91
 10
533.78
 20
91.029
 10
533.63
 20
91.078
 10
533.447
 20
91.046
 10
533.324
 20
90.945
 10
533.215
 20
90.58
  0
LWPOLYLINE
  5
63B
330
30
100
AcDbEntity
  8
PAFTA_ANTET
100
AcDbPolyline
 90
21
 70
1
 10
535.596
 20
90.267
 10
535.85
 20
90.236
 10
535.741
 20
90.005
 10
535.559
 20
89.847
 10
535.213
 20
89.768
 10
534.832
 20
89.864
 10
534.673
 20
90.004
 10
534.552
 20
90.255
 10
534.524
 20
90.584
 10
534.59
 20
90.893
 10
534.749
 20
91.119
 10
534.977
 20
91.25
 10
535.311
 20
91.274
 10
535.554
 20
91.185
 10
535.792
 20
90.9
 10
535.857
 20
90.462
 10
534.776
 20
90.462
 10
534.867
 20
90.152
 10
535.111
 20
89.981
 10
535.405
 20
90.015
 10
535.585
 20
90.237
  0
LWPOLYLINE
  5
63C
330
30
100
AcDbEntity
  8
PAFTA_ANTET
100
AcDbPolyline
 90
9
 70
1
 10
534.79
 20
90.664
 10
535.599
 20
90.664
 10
535.506
 20
90.938
 10
535.371
 20
91.045
 10
535.239
 20
91.079
 10
535.075
 20
91.062
 10
534.941
 20
90.989
 10
534.842
 20
90.864
 10
534.793
 20
90.701
  0
LWPOLYLINE
  5
63D
330
30
100
AcDbEntity
  8
PAFTA_ANTET
100
AcDbPolyline
 90
16
 70
1
 10
536.158
 20
89.801
 10
536.158
 20
91.25
 10
536.379
 20
91.25
 10
536.379
 20
91.044
 10
536.574
 20
91.223
 10
536.84
 20
91.282
 10
537.16
 20
91.193
 10
537.306
 20
90.991
 10
537.336
 20
89.801
 10
537.09
 20
89.801
 10
537.072
 20
90.874
 10
536.974
 20
91.016
 10
536.808
 20
91.069
 10
536.565
 20
91.006
 10
536.432
 20
90.826
 10
536.404
 20
89.801
  0
LWPOLYLINE
  5
63E
330
30
100
AcDbEntity
  8
PAFTA_ANTET
100
AcDbPolyline
 90
18
 70
1
 10
538.248
 20
90.02
 10
538.284
 20
89.803
 10
537.979
 20
89.792
 10
537.809
 20
89.896
 10
537.758
 20
90.143
 10
537.757
 20
91.059
 10
537.577
 20
91.059
 10
537.577
 20
91.25
 10
537.757
 20
91.25
 10
537.757
 20
91.608
 10
538.001
 20
91.756
 10
538.001
 20
91.25
 10
538.248
 20
91.25
 10
538.248
 20
91.059
 10
538.001
 20
91.059
 10
538.006
 20
90.112
 10
538.076
 20
90.019
 10
538.235
 20
90.019
  0
LWPOLYLINE
  5
63F
330
30
100
AcDbEntity
  8
PAFTA_ANTET
100
AcDbPolyline
 90
4
 70
1
 10
538.393
 20
90.401
 10
538.393
 20
90.648
 10
539.147
 20
90.648
 10
539.147
 20
90.401
  0
LWPOLYLINE
  5
640
330
30
100
AcDbEntity
  8
PAFTA_ANTET
100
AcDbPolyline
 90
10
 70
1
 10
539.447
 20
89.801
 10
539.447
 20
91.801
 10
539.719
 20
91.801
 10
540.769
 20
90.23
 10
540.769
 20
91.801
 10
541.023
 20
91.801
 10
541.023
 20
89.801
 10
540.752
 20
89.801
 10
539.701
 20
91.372
 10
539.701
 20
89.801
  0
LWPOLYLINE
  5
641
330
30
100
AcDbEntity
  8
PAFTA_ANTET
100
AcDbPolyline
 90
17
 70
1
 10
541.345
 20
90.525
 10
541.381
 20
90.814
 10
541.526
 20
91.08
 10
541.731
 20
91.224
 10
542.024
 20
91.282
 10
542.296
 20
91.233
 10
542.513
 20
91.086
 10
542.655
 20
90.853
 10
542.703
 20
90.546
 10
542.672
 20
90.253
 10
542.561
 20
90.016
 10
542.342
 20
89.84
 10
542.099
 20
89.771
 10
541.8
 20
89.799
 10
541.571
 20
89.926
 10
541.413
 20
90.147
 10
541.347
 20
90.453
  0
LWPOLYLINE
  5
642
330
30
100
AcDbEntity
  8
PAFTA_ANTET
100
AcDbPolyline
 90
16
 70
1
 10
541.597
 20
90.525
 10
541.617
 20
90.325
 10
541.696
 20
90.137
 10
541.826
 20
90.02
 10
541.988
 20
89.971
 10
542.161
 20
89.992
 10
542.329
 20
90.109
 10
542.42
 20
90.285
 10
542.449
 20
90.478
 10
542.372
 20
90.88
 10
542.221
 20
91.029
 10
542.06
 20
91.078
 10
541.856
 20
91.045
 10
541.719
 20
90.941
 10
541.641
 20
90.808
 10
541.599
 20
90.579
  0
LWPOLYLINE
  5
643
330
30
100
AcDbEntity
  8
PAFTA_ANTET
100
AcDbPolyline
 90
4
 70
1
 10
543.835
 20
90.97
 10
543.835
 20
91.25
 10
544.115
 20
91.25
 10
544.115
 20
90.97
  0
LWPOLYLINE
  5
644
330
30
100
AcDbEntity
  8
PAFTA_ANTET
100
AcDbPolyline
 90
4
 70
1
 10
543.835
 20
89.801
 10
543.835
 20
90.08
 10
544.115
 20
90.08
 10
544.115
 20
89.801
  0
LWPOLYLINE
  5
645
330
30
100
AcDbEntity
  8
PAFTA_ANTET
100
AcDbPolyline
 90
12
 70
1
 10
470.335
 20
44.991
 10
470.335
 20
46.991
 10
471.113
 20
46.99
 10
471.446
 20
46.944
 10
471.733
 20
46.762
 10
471.91
 20
46.477
 10
471.986
 20
45.913
 10
471.945
 20
45.633
 10
471.846
 20
45.381
 10
471.711
 20
45.203
 10
471.531
 20
45.077
 10
471.056
 20
44.991
  0
LWPOLYLINE
  5
646
330
30
100
AcDbEntity
  8
PAFTA_ANTET
100
AcDbPolyline
 90
9
 70
1
 10
470.599
 20
45.227
 10
471.203
 20
45.236
 10
471.472
 20
45.33
 10
471.652
 20
45.589
 10
471.715
 20
45.961
 10
471.665
 20
46.374
 10
471.473
 20
46.65
 10
471.223
 20
46.744
 10
470.599
 20
46.755
  0
LWPOLYLINE
  5
647
330
30
100
AcDbEntity
  8
PAFTA_ANTET
100
AcDbPolyline
 90
22
 70
1
 10
473.266
 20
45.169
 10
472.953
 20
44.988
 10
472.6
 20
44.968
 10
472.366
 20
45.075
 10
472.243
 20
45.303
 10
472.277
 20
45.549
 10
472.445
 20
45.729
 10
473.246
 20
45.91
 10
473.203
 20
46.158
 10
472.969
 20
46.266
 10
472.66
 20
46.22
 10
472.52
 20
45.993
 10
472.28
 20
46.026
 10
472.373
 20
46.256
 10
472.663
 20
46.44
 10
473.131
 20
46.457
 10
473.394
 20
46.332
 10
473.488
 20
46.105
 10
473.504
 20
45.211
 10
473.572
 20
44.991
 10
473.316
 20
44.991
 10
473.269
 20
45.149
  0
LWPOLYLINE
  5
648
330
30
100
AcDbEntity
  8
PAFTA_ANTET
100
AcDbPolyline
 90
9
 70
1
 10
473.246
 20
45.718
 10
472.631
 20
45.576
 10
472.541
 20
45.506
 10
472.5
 20
45.392
 10
472.526
 20
45.273
 10
472.625
 20
45.182
 10
472.951
 20
45.173
 10
473.183
 20
45.341
 10
473.246
 20
45.628
  0
LWPOLYLINE
  5
649
330
30
100
AcDbEntity
  8
PAFTA_ANTET
100
AcDbPolyline
 90
18
 70
1
 10
474.411
 20
45.21
 10
474.447
 20
44.993
 10
474.142
 20
44.982
 10
473.972
 20
45.086
 10
473.921
 20
45.333
 10
473.92
 20
46.249
 10
473.74
 20
46.249
 10
473.74
 20
46.44
 10
473.92
 20
46.44
 10
473.92
 20
46.798
 10
474.164
 20
46.946
 10
474.164
 20
46.44
 10
474.411
 20
46.44
 10
474.411
 20
46.249
 10
474.164
 20
46.249
 10
474.17
 20
45.291
 10
474.239
 20
45.209
 10
474.398
 20
45.209
  0
LWPOLYLINE
  5
64A
330
30
100
AcDbEntity
  8
PAFTA_ANTET
100
AcDbPolyline
 90
22
 70
1
 10
475.643
 20
45.457
 10
475.897
 20
45.426
 10
475.788
 20
45.195
 10
475.606
 20
45.037
 10
475.26
 20
44.958
 10
474.879
 20
45.054
 10
474.72
 20
45.194
 10
474.599
 20
45.445
 10
474.571
 20
45.774
 10
474.637
 20
46.083
 10
474.796
 20
46.309
 10
475.024
 20
46.44
 10
475.358
 20
46.464
 10
475.601
 20
46.375
 10
475.839
 20
46.09
 10
475.904
 20
45.652
 10
474.823
 20
45.652
 10
474.914
 20
45.342
 10
475.125
 20
45.18
 10
475.288
 20
45.161
 10
475.452
 20
45.205
 10
475.631
 20
45.427
  0
LWPOLYLINE
  5
64B
330
30
100
AcDbEntity
  8
PAFTA_ANTET
100
AcDbPolyline
 90
9
 70
1
 10
474.837
 20
45.854
 10
475.646
 20
45.854
 10
475.553
 20
46.128
 10
475.418
 20
46.235
 10
475.285
 20
46.269
 10
475.122
 20
46.252
 10
474.988
 20
46.179
 10
474.889
 20
46.054
 10
474.84
 20
45.891
  0
LWPOLYLINE
  5
64C
330
30
100
AcDbEntity
  8
PAFTA_ANTET
100
AcDbPolyline
 90
10
 70
1
 10
487.816
 20
44.801
 10
487.816
 20
46.801
 10
488.088
 20
46.801
 10
489.138
 20
45.23
 10
489.138
 20
46.801
 10
489.392
 20
46.801
 10
489.392
 20
44.801
 10
489.121
 20
44.801
 10
488.07
 20
46.372
 10
488.07
 20
44.801
  0
LWPOLYLINE
  5
64D
330
30
100
AcDbEntity
  8
PAFTA_ANTET
100
AcDbPolyline
 90
23
 70
1
 10
490.751
 20
44.979
 10
490.437
 20
44.798
 10
490.084
 20
44.778
 10
489.85
 20
44.885
 10
489.727
 20
45.113
 10
489.761
 20
45.359
 10
489.913
 20
45.529
 10
490.089
 20
45.603
 10
490.73
 20
45.72
 10
490.687
 20
45.968
 10
490.453
 20
46.076
 10
490.144
 20
46.03
 10
490.005
 20
45.803
 10
489.765
 20
45.836
 10
489.872
 20
46.085
 10
490.148
 20
46.25
 10
490.616
 20
46.267
 10
490.879
 20
46.142
 10
490.973
 20
45.915
 10
490.986
 20
45.052
 10
491.056
 20
44.801
 10
490.8
 20
44.801
 10
490.753
 20
44.959
  0
LWPOLYLINE
  5
64E
330
30
100
AcDbEntity
  8
PAFTA_ANTET
100
AcDbPolyline
 90
10
 70
1
 10
490.73
 20
45.528
 10
490.115
 20
45.386
 10
490.018
 20
45.306
 10
489.984
 20
45.189
 10
490.011
 20
45.083
 10
490.109
 20
44.992
 10
490.276
 20
44.96
 10
490.459
 20
44.991
 10
490.668
 20
45.151
 10
490.73
 20
45.438
  0
LWPOLYLINE
  5
64F
330
30
100
AcDbEntity
  8
PAFTA_ANTET
100
AcDbPolyline
 90
29
 70
1
 10
491.359
 20
44.801
 10
491.359
 20
46.25
 10
491.579
 20
46.25
 10
491.579
 20
46.046
 10
491.76
 20
46.217
 10
491.99
 20
46.282
 10
492.261
 20
46.228
 10
492.428
 20
46.028
 10
492.582
 20
46.191
 10
492.769
 20
46.272
 10
493.032
 20
46.263
 10
493.207
 20
46.163
 10
493.318
 20
45.889
 10
493.323
 20
44.801
 10
493.078
 20
44.801
 10
493.067
 20
45.879
 10
493.002
 20
46.004
 10
492.837
 20
46.069
 10
492.632
 20
46.02
 10
492.491
 20
45.836
 10
492.466
 20
44.801
 10
492.22
 20
44.801
 10
492.22
 20
45.774
 10
492.172
 20
45.97
 10
492.081
 20
46.049
 10
491.943
 20
46.069
 10
491.709
 20
45.963
 10
491.608
 20
45.663
 10
491.605
 20
44.801
  0
LWPOLYLINE
  5
650
330
30
100
AcDbEntity
  8
PAFTA_ANTET
100
AcDbPolyline
 90
21
 70
1
 10
494.679
 20
45.267
 10
494.932
 20
45.236
 10
494.823
 20
45.005
 10
494.641
 20
44.847
 10
494.295
 20
44.768
 10
493.915
 20
44.864
 10
493.724
 20
45.048
 10
493.635
 20
45.255
 10
493.607
 20
45.584
 10
493.673
 20
45.893
 10
493.832
 20
46.119
 10
494.059
 20
46.25
 10
494.394
 20
46.274
 10
494.636
 20
46.185
 10
494.874
 20
45.9
 10
494.939
 20
45.462
 10
493.859
 20
45.462
 10
493.949
 20
45.152
 10
494.193
 20
44.981
 10
494.487
 20
45.015
 10
494.667
 20
45.237
  0
LWPOLYLINE
  5
651
330
30
100
AcDbEntity
  8
PAFTA_ANTET
100
AcDbPolyline
 90
9
 70
1
 10
493.872
 20
45.664
 10
494.681
 20
45.664
 10
494.589
 20
45.938
 10
494.454
 20
46.045
 10
494.321
 20
46.079
 10
494.158
 20
46.062
 10
494.023
 20
45.989
 10
493.924
 20
45.864
 10
493.876
 20
45.701
  0
LWPOLYLINE
  5
652
330
30
100
AcDbEntity
  8
PAFTA_ANTET
100
AcDbPolyline
 90
12
 70
1
 10
456.634
 20
40.661
 10
456.634
 20
42.661
 10
457.412
 20
42.66
 10
457.745
 20
42.614
 10
458.032
 20
42.432
 10
458.209
 20
42.147
 10
458.285
 20
41.583
 10
458.244
 20
41.303
 10
458.145
 20
41.051
 10
458.01
 20
40.873
 10
457.83
 20
40.747
 10
457.355
 20
40.661
  0
LWPOLYLINE
  5
653
330
30
100
AcDbEntity
  8
PAFTA_ANTET
100
AcDbPolyline
 90
9
 70
1
 10
456.898
 20
40.897
 10
457.502
 20
40.906
 10
457.771
 20
41.0
 10
457.951
 20
41.259
 10
458.014
 20
41.631
 10
457.964
 20
42.044
 10
457.772
 20
42.32
 10
457.522
 20
42.414
 10
456.898
 20
42.425
  0
LWPOLYLINE
  5
654
330
30
100
AcDbEntity
  8
PAFTA_ANTET
100
AcDbPolyline
 90
12
 70
1
 10
458.617
 20
40.661
 10
458.617
 20
42.11
 10
458.838
 20
42.11
 10
458.838
 20
41.89
 10
458.98
 20
42.082
 10
459.135
 20
42.142
 10
459.405
 20
42.063
 10
459.32
 20
41.835
 10
459.078
 20
41.881
 10
458.916
 20
41.739
 10
458.863
 20
41.45
 10
458.863
 20
40.661
  0
LWPOLYLINE
  5
655
330
30
100
AcDbEntity
  8
PAFTA_ANTET
100
AcDbPolyline
 90
23
 70
1
 10
460.496
 20
40.839
 10
460.182
 20
40.658
 10
459.829
 20
40.638
 10
459.596
 20
40.745
 10
459.472
 20
40.973
 10
459.498
 20
41.201
 10
459.658
 20
41.389
 10
459.834
 20
41.463
 10
460.475
 20
41.58
 10
460.432
 20
41.828
 10
460.198
 20
41.936
 10
459.889
 20
41.89
 10
459.75
 20
41.663
 10
459.51
 20
41.696
 10
459.617
 20
41.945
 10
459.893
 20
42.11
 10
460.361
 20
42.127
 10
460.624
 20
42.002
 10
460.718
 20
41.775
 10
460.731
 20
40.912
 10
460.802
 20
40.661
 10
460.545
 20
40.661
 10
460.498
 20
40.819
  0
LWPOLYLINE
  5
656
330
30
100
AcDbEntity
  8
PAFTA_ANTET
100
AcDbPolyline
 90
10
 70
1
 10
460.475
 20
41.388
 10
459.86
 20
41.246
 10
459.763
 20
41.166
 10
459.729
 20
41.049
 10
459.756
 20
40.943
 10
459.854
 20
40.852
 10
460.021
 20
40.82
 10
460.204
 20
40.851
 10
460.413
 20
41.011
 10
460.475
 20
41.298
  0
LWPOLYLINE
  5
657
330
30
100
AcDbEntity
  8
PAFTA_ANTET
100
AcDbPolyline
 90
13
 70
1
 10
461.372
 20
40.661
 10
460.928
 20
42.11
 10
461.182
 20
42.11
 10
461.499
 20
40.962
 10
461.804
 20
42.11
 10
462.057
 20
42.11
 10
462.346
 20
40.992
 10
462.677
 20
42.11
 10
462.916
 20
42.11
 10
462.463
 20
40.661
 10
462.208
 20
40.661
 10
461.922
 20
41.775
 10
461.628
 20
40.661
  0
LWPOLYLINE
  5
658
330
30
100
AcDbEntity
  8
PAFTA_ANTET
100
AcDbPolyline
 90
16
 70
1
 10
463.122
 20
40.661
 10
463.122
 20
42.11
 10
463.343
 20
42.11
 10
463.343
 20
41.904
 10
463.538
 20
42.083
 10
463.804
 20
42.142
 10
464.124
 20
42.053
 10
464.27
 20
41.851
 10
464.299
 20
40.661
 10
464.054
 20
40.661
 10
464.036
 20
41.734
 10
463.938
 20
41.876
 10
463.772
 20
41.929
 10
463.529
 20
41.866
 10
463.396
 20
41.686
 10
463.368
 20
40.661
  0
LWPOLYLINE
  5
659
330
30
100
AcDbEntity
  8
PAFTA_ANTET
100
AcDbPolyline
 90
34
 70
1
 10
456.499
 20
37.212
 10
456.764
 20
37.145
 10
456.616
 20
36.81
 10
456.42
 20
36.615
 10
456.224
 20
36.519
 10
455.997
 20
36.478
 10
455.752
 20
36.488
 10
455.495
 20
36.561
 10
455.231
 20
36.769
 10
455.063
 20
37.091
 10
454.997
 20
37.469
 10
455.038
 20
37.872
 10
455.227
 20
38.239
 10
455.499
 20
38.447
 10
455.887
 20
38.544
 10
456.313
 20
38.47
 10
456.588
 20
38.25
 10
456.729
 20
37.962
 10
456.469
 20
37.901
 10
456.341
 20
38.148
 10
456.118
 20
38.293
 10
455.889
 20
38.317
 10
455.648
 20
38.264
 10
455.464
 20
38.135
 10
455.345
 20
37.948
 10
455.278
 20
37.683
 10
455.28
 20
37.333
 10
455.438
 20
36.915
 10
455.606
 20
36.779
 10
455.806
 20
36.712
 10
456.041
 20
36.715
 10
456.226
 20
36.785
 10
456.374
 20
36.919
 10
456.487
 20
37.163
  0
LWPOLYLINE
  5
65A
330
30
100
AcDbEntity
  8
PAFTA_ANTET
100
AcDbPolyline
 90
16
 70
1
 10
457.058
 20
36.511
 10
457.058
 20
38.511
 10
457.304
 20
38.511
 10
457.304
 20
37.793
 10
457.543
 20
37.96
 10
457.86
 20
37.982
 10
458.119
 20
37.853
 10
458.226
 20
37.616
 10
458.238
 20
36.511
 10
457.993
 20
36.511
 10
457.98
 20
37.56
 10
457.878
 20
37.727
 10
457.687
 20
37.781
 10
457.463
 20
37.712
 10
457.33
 20
37.529
 10
457.304
 20
36.511
  0
LWPOLYLINE
  5
65B
330
30
100
AcDbEntity
  8
PAFTA_ANTET
100
AcDbPolyline
 90
22
 70
1
 10
459.604
 20
36.977
 10
459.858
 20
36.946
 10
459.749
 20
36.715
 10
459.567
 20
36.557
 10
459.221
 20
36.478
 10
458.84
 20
36.574
 10
458.649
 20
36.758
 10
458.56
 20
36.965
 10
458.532
 20
37.294
 10
458.598
 20
37.603
 10
458.757
 20
37.829
 10
458.985
 20
37.96
 10
459.319
 20
37.984
 10
459.562
 20
37.895
 10
459.8
 20
37.61
 10
459.865
 20
37.172
 10
458.784
 20
37.172
 10
458.875
 20
36.862
 10
459.086
 20
36.7
 10
459.249
 20
36.681
 10
459.413
 20
36.725
 10
459.592
 20
36.947
  0
LWPOLYLINE
  5
65C
330
30
100
AcDbEntity
  8
PAFTA_ANTET
100
AcDbPolyline
 90
9
 70
1
 10
458.798
 20
37.374
 10
459.607
 20
37.374
 10
459.514
 20
37.648
 10
459.379
 20
37.755
 10
459.246
 20
37.789
 10
459.083
 20
37.772
 10
458.949
 20
37.699
 10
458.85
 20
37.574
 10
458.801
 20
37.411
  0
LWPOLYLINE
  5
65D
330
30
100
AcDbEntity
  8
PAFTA_ANTET
100
AcDbPolyline
 90
28
 70
1
 10
461.111
 20
37.041
 10
461.353
 20
37.01
 10
461.283
 20
36.787
 10
461.182
 20
36.648
 10
460.886
 20
36.491
 10
460.531
 20
36.509
 10
460.309
 20
36.635
 10
460.18
 20
36.804
 10
460.098
 20
37.091
 10
460.103
 20
37.408
 10
460.203
 20
37.707
 10
460.374
 20
37.886
 10
460.678
 20
37.989
 10
461.004
 20
37.949
 10
461.218
 20
37.792
 10
461.33
 20
37.534
 10
461.091
 20
37.497
 10
461.018
 20
37.666
 10
460.915
 20
37.754
 10
460.785
 20
37.79
 10
460.593
 20
37.757
 10
460.459
 20
37.657
 10
460.385
 20
37.526
 10
460.353
 20
37.076
 10
460.455
 20
36.812
 10
460.712
 20
36.681
 10
460.969
 20
36.752
 10
461.106
 20
37.005
  0
LWPOLYLINE
  5
65E
330
30
100
AcDbEntity
  8
PAFTA_ANTET
100
AcDbPolyline
 90
12
 70
1
 10
461.564
 20
36.511
 10
461.564
 20
38.511
 10
461.81
 20
38.511
 10
461.81
 20
37.37
 10
462.391
 20
37.96
 10
462.709
 20
37.96
 10
462.155
 20
37.422
 10
462.765
 20
36.511
 10
462.462
 20
36.511
 10
461.983
 20
37.251
 10
461.81
 20
37.085
 10
461.81
 20
36.511
  0
LWPOLYLINE
  5
65F
330
30
100
AcDbEntity
  8
PAFTA_ANTET
100
AcDbPolyline
 90
21
 70
1
 10
463.952
 20
36.977
 10
464.206
 20
36.946
 10
464.097
 20
36.715
 10
463.915
 20
36.557
 10
463.568
 20
36.478
 10
463.188
 20
36.574
 10
462.997
 20
36.758
 10
462.908
 20
36.965
 10
462.88
 20
37.294
 10
462.946
 20
37.603
 10
463.105
 20
37.829
 10
463.333
 20
37.96
 10
463.667
 20
37.984
 10
463.91
 20
37.895
 10
464.147
 20
37.61
 10
464.212
 20
37.172
 10
463.132
 20
37.172
 10
463.223
 20
36.862
 10
463.466
 20
36.691
 10
463.761
 20
36.725
 10
463.94
 20
36.947
  0
LWPOLYLINE
  5
660
330
30
100
AcDbEntity
  8
PAFTA_ANTET
100
AcDbPolyline
 90
9
 70
1
 10
463.146
 20
37.374
 10
463.955
 20
37.374
 10
463.862
 20
37.648
 10
463.727
 20
37.755
 10
463.594
 20
37.789
 10
463.431
 20
37.772
 10
463.297
 20
37.699
 10
463.197
 20
37.574
 10
463.149
 20
37.411
  0
LWPOLYLINE
  5
661
330
30
100
AcDbEntity
  8
PAFTA_ANTET
100
AcDbPolyline
 90
17
 70
1
 10
465.454
 20
36.511
 10
465.454
 20
36.693
 10
465.323
 20
36.556
 10
465.15
 20
36.487
 10
464.915
 20
36.493
 10
464.73
 20
36.573
 10
464.505
 20
36.84
 10
464.425
 20
37.234
 10
464.513
 20
37.662
 10
464.744
 20
37.916
 10
464.934
 20
37.984
 10
465.138
 20
37.983
 10
465.31
 20
37.914
 10
465.438
 20
37.793
 10
465.438
 20
38.511
 10
465.682
 20
38.511
 10
465.682
 20
36.511
  0
LWPOLYLINE
  5
662
330
30
100
AcDbEntity
  8
PAFTA_ANTET
100
AcDbPolyline
 90
14
 70
1
 10
464.678
 20
37.234
 10
464.696
 20
37.034
 10
464.773
 20
36.847
 10
464.896
 20
36.729
 10
465.072
 20
36.68
 10
465.248
 20
36.727
 10
465.367
 20
36.839
 10
465.458
 20
37.213
 10
465.365
 20
37.62
 10
465.243
 20
37.739
 10
465.094
 20
37.788
 10
464.911
 20
37.756
 10
464.787
 20
37.655
 10
464.679
 20
37.29
  0
LWPOLYLINE
  5
663
330
30
100
AcDbEntity
  8
PAFTA_ANTET
100
AcDbPolyline
 90
14
 70
1
 10
502.159
 20
22.308
 10
502.159
 20
24.808
 10
503.232
 20
24.803
 10
503.549
 20
24.75
 10
503.907
 20
24.523
 10
504.147
 20
24.114
 10
504.217
 20
23.766
 10
504.216
 20
23.355
 10
504.16
 20
23.067
 10
504.029
 20
22.764
 10
503.88
 20
22.574
 10
503.683
 20
22.43
 10
503.428
 20
22.343
 10
503.062
 20
22.308
  0
LWPOLYLINE
  5
664
330
30
100
AcDbEntity
  8
PAFTA_ANTET
100
AcDbPolyline
 90
10
 70
1
 10
502.49
 20
22.603
 10
503.245
 20
22.615
 10
503.56
 20
22.718
 10
503.702
 20
22.857
 10
503.806
 20
23.056
 10
503.885
 20
23.521
 10
503.803
 20
24.088
 10
503.549
 20
24.407
 10
503.27
 20
24.501
 10
502.49
 20
24.513
  0
LWPOLYLINE
  5
665
330
30
100
AcDbEntity
  8
PAFTA_ANTET
100
AcDbPolyline
 90
14
 70
1
 10
504.639
 20
22.308
 10
504.639
 20
24.119
 10
504.915
 20
24.119
 10
504.915
 20
23.845
 10
505.092
 20
24.085
 10
505.286
 20
24.16
 10
505.623
 20
24.061
 10
505.517
 20
23.777
 10
505.36
 20
23.837
 10
505.215
 20
23.833
 10
505.081
 20
23.756
 10
505.004
 20
23.636
 10
504.946
 20
23.295
 10
504.946
 20
22.308
  0
LWPOLYLINE
  5
666
330
30
100
AcDbEntity
  8
PAFTA_ANTET
100
AcDbPolyline
 90
27
 70
1
 10
506.987
 20
22.532
 10
506.595
 20
22.306
 10
506.154
 20
22.281
 10
505.97
 20
22.339
 10
505.831
 20
22.443
 10
505.703
 20
22.741
 10
505.75
 20
23.007
 10
505.961
 20
23.231
 10
506.16
 20
23.311
 10
506.962
 20
23.458
 10
506.908
 20
23.767
 10
506.795
 20
23.855
 10
506.615
 20
23.902
 10
506.229
 20
23.845
 10
506.133
 20
23.751
 10
506.054
 20
23.562
 10
505.754
 20
23.603
 10
505.889
 20
23.914
 10
506.061
 20
24.053
 10
506.272
 20
24.129
 10
506.818
 20
24.141
 10
507.131
 20
24.0
 10
507.26
 20
23.743
 10
507.282
 20
22.622
 10
507.369
 20
22.308
 10
507.049
 20
22.308
 10
506.99
 20
22.506
  0
LWPOLYLINE
  5
667
330
30
100
AcDbEntity
  8
PAFTA_ANTET
100
AcDbPolyline
 90
11
 70
1
 10
506.962
 20
23.217
 10
506.209
 20
23.047
 10
506.08
 20
22.953
 10
506.029
 20
22.81
 10
506.062
 20
22.662
 10
506.185
 20
22.548
 10
506.359
 20
22.509
 10
506.592
 20
22.536
 10
506.762
 20
22.619
 10
506.883
 20
22.746
 10
506.962
 20
23.105
  0
LWPOLYLINE
  5
668
330
30
100
AcDbEntity
  8
PAFTA_ANTET
100
AcDbPolyline
 90
13
 70
1
 10
508.082
 20
22.308
 10
507.528
 20
24.119
 10
507.845
 20
24.119
 10
508.241
 20
22.685
 10
508.623
 20
24.119
 10
508.938
 20
24.119
 10
509.3
 20
22.723
 10
509.714
 20
24.119
 10
510.012
 20
24.119
 10
509.446
 20
22.308
 10
509.127
 20
22.308
 10
508.769
 20
23.702
 10
508.403
 20
22.308
  0
LWPOLYLINE
  5
669
330
30
100
AcDbEntity
  8
PAFTA_ANTET
100
AcDbPolyline
 90
4
 70
1
 10
510.272
 20
24.455
 10
510.272
 20
24.808
 10
510.579
 20
24.808
 10
510.579
 20
24.455
  0
LWPOLYLINE
  5
66A
330
30
100
AcDbEntity
  8
PAFTA_ANTET
100
AcDbPolyline
 90
4
 70
1
 10
510.272
 20
22.308
 10
510.272
 20
24.119
 10
510.579
 20
24.119
 10
510.579
 20
22.308
  0
LWPOLYLINE
  5
66B
330
30
100
AcDbEntity
  8
PAFTA_ANTET
100
AcDbPolyline
 90
17
 70
1
 10
511.046
 20
22.308
 10
511.046
 20
24.119
 10
511.322
 20
24.119
 10
511.322
 20
23.862
 10
511.566
 20
24.086
 10
511.899
 20
24.16
 10
512.276
 20
24.063
 10
512.472
 20
23.82
 10
512.515
 20
23.572
 10
512.518
 20
22.308
 10
512.211
 20
22.308
 10
512.188
 20
23.65
 10
512.082
 20
23.815
 10
511.858
 20
23.894
 10
511.554
 20
23.815
 10
511.388
 20
23.589
 10
511.353
 20
22.308
  0
LWPOLYLINE
  5
66C
330
30
100
AcDbEntity
  8
PAFTA_ANTET
100
AcDbPolyline
 90
32
 70
1
 10
512.932
 20
22.158
 10
513.23
 20
22.114
 10
513.318
 20
21.926
 10
513.535
 20
21.835
 10
513.867
 20
21.858
 10
514.056
 20
21.992
 10
514.137
 20
22.172
 10
514.155
 20
22.545
 10
513.929
 20
22.368
 10
513.712
 20
22.311
 10
513.444
 20
22.333
 10
513.213
 20
22.44
 10
513.036
 20
22.633
 10
512.922
 20
22.874
 10
512.873
 20
23.15
 10
512.894
 20
23.473
 10
513.053
 20
23.862
 10
513.349
 20
24.102
 10
513.561
 20
24.156
 10
513.837
 20
24.137
 10
514.049
 20
24.033
 10
514.184
 20
23.901
 10
514.184
 20
24.119
 10
514.467
 20
24.119
 10
514.459
 20
22.322
 10
514.412
 20
22.035
 10
514.32
 20
21.855
 10
513.988
 20
21.623
 10
513.465
 20
21.586
 10
513.087
 20
21.75
 10
512.977
 20
21.902
 10
512.933
 20
22.101
  0
LWPOLYLINE
  5
66D
330
30
100
AcDbEntity
  8
PAFTA_ANTET
100
AcDbPolyline
 90
17
 70
1
 10
513.186
 20
23.246
 10
513.221
 20
22.938
 10
513.301
 20
22.761
 10
513.452
 20
22.621
 10
513.64
 20
22.564
 10
513.841
 20
22.588
 10
514.037
 20
22.725
 10
514.129
 20
22.885
 10
514.179
 20
23.168
 10
514.157
 20
23.476
 10
514.086
 20
23.663
 10
513.939
 20
23.823
 10
513.718
 20
23.905
 10
513.523
 20
23.88
 10
513.329
 20
23.74
 10
513.222
 20
23.533
 10
513.187
 20
23.31
  0
LWPOLYLINE
  5
66E
330
30
100
AcDbEntity
  8
PAFTA_ANTET
100
AcDbPolyline
 90
10
 70
1
 10
515.937
 20
22.308
 10
515.937
 20
24.808
 10
516.276
 20
24.808
 10
517.589
 20
22.846
 10
517.589
 20
24.808
 10
517.906
 20
24.808
 10
517.906
 20
22.308
 10
517.567
 20
22.308
 10
516.254
 20
24.273
 10
516.254
 20
22.308
  0
LWPOLYLINE
  5
66F
330
30
100
AcDbEntity
  8
PAFTA_ANTET
100
AcDbPolyline
 90
17
 70
1
 10
518.309
 20
23.214
 10
518.379
 20
23.652
 10
518.535
 20
23.908
 10
518.792
 20
24.088
 10
519.158
 20
24.16
 10
519.497
 20
24.099
 10
519.769
 20
23.916
 10
519.946
 20
23.624
 10
520.006
 20
23.239
 10
519.968
 20
22.874
 10
519.829
 20
22.577
 10
519.595
 20
22.378
 10
519.251
 20
22.272
 10
518.877
 20
22.306
 10
518.592
 20
22.465
 10
518.393
 20
22.741
 10
518.311
 20
23.124
  0
LWPOLYLINE
  5
670
330
30
100
AcDbEntity
  8
PAFTA_ANTET
100
AcDbPolyline
 90
17
 70
1
 10
518.624
 20
23.214
 10
518.662
 20
22.91
 10
518.747
 20
22.729
 10
518.91
 20
22.582
 10
519.113
 20
22.522
 10
519.367
 20
22.563
 10
519.538
 20
22.694
 10
519.636
 20
22.862
 10
519.689
 20
23.155
 10
519.666
 20
23.467
 10
519.592
 20
23.657
 10
519.439
 20
23.821
 10
519.246
 20
23.899
 10
518.986
 20
23.879
 10
518.807
 20
23.767
 10
518.679
 20
23.568
 10
518.626
 20
23.282
  0
LWPOLYLINE
  5
671
330
30
100
AcDbEntity
  8
PAFTA_ANTET
100
AcDbPolyline
 90
4
 70
1
 10
520.452
 20
22.308
 10
520.452
 20
22.658
 10
520.802
 20
22.658
 10
520.802
 20
22.308
  0
LWPOLYLINE
  5
672
330
30
100
AcDbEntity
  8
PAFTA_ANTET
100
AcDbPolyline
 90
4
 70
1
 10
522.391
 20
23.77
 10
522.391
 20
24.119
 10
522.741
 20
24.119
 10
522.741
 20
23.77
  0
LWPOLYLINE
  5
673
330
30
100
AcDbEntity
  8
PAFTA_ANTET
100
AcDbPolyline
 90
4
 70
1
 10
522.391
 20
22.308
 10
522.391
 20
22.658
 10
522.741
 20
22.658
 10
522.741
 20
22.308
  0
LWPOLYLINE
  5
674
330
30
100
AcDbEntity
  8
PAFTA_ANTET
100
AcDbPolyline
 90
16
 70
1
 10
503.195
 20
74.301
 10
503.195
 20
76.301
 10
504.221
 20
76.271
 10
504.436
 20
76.163
 10
504.58
 20
75.95
 10
504.608
 20
75.789
 10
504.574
 20
75.617
 10
504.471
 20
75.464
 10
504.328
 20
75.365
 10
504.516
 20
75.274
 10
504.657
 20
75.102
 10
504.705
 20
74.88
 10
504.667
 20
74.668
 10
504.564
 20
74.494
 10
504.422
 20
74.386
 10
503.957
 20
74.301
  0
LWPOLYLINE
  5
675
330
30
100
AcDbEntity
  8
PAFTA_ANTET
100
AcDbPolyline
 90
7
 70
1
 10
503.459
 20
75.46
 10
504.144
 20
75.483
 10
504.286
 20
75.57
 10
504.347
 20
75.737
 10
504.309
 20
75.918
 10
504.181
 20
76.031
 10
503.459
 20
76.065
  0
LWPOLYLINE
  5
676
330
30
100
AcDbEntity
  8
PAFTA_ANTET
100
AcDbPolyline
 90
7
 70
1
 10
503.459
 20
74.537
 10
504.221
 20
74.568
 10
504.374
 20
74.684
 10
504.431
 20
74.88
 10
504.373
 20
75.075
 10
504.234
 20
75.184
 10
503.459
 20
75.224
  0
LWPOLYLINE
  5
677
330
30
100
AcDbEntity
  8
PAFTA_ANTET
100
AcDbPolyline
 90
17
 70
1
 10
505.987
 20
74.301
 10
505.987
 20
74.513
 10
505.788
 20
74.329
 10
505.584
 20
74.27
 10
505.31
 20
74.308
 10
505.113
 20
74.456
 10
505.036
 20
74.716
 10
505.032
 20
75.75
 10
505.278
 20
75.75
 10
505.293
 20
74.687
 10
505.406
 20
74.524
 10
505.577
 20
74.479
 10
505.82
 20
74.56
 10
505.936
 20
74.733
 10
505.961
 20
75.75
 10
506.207
 20
75.75
 10
506.207
 20
74.301
  0
LWPOLYLINE
  5
678
330
30
100
AcDbEntity
  8
PAFTA_ANTET
100
AcDbPolyline
 90
17
 70
1
 10
508.308
 20
74.301
 10
508.308
 20
74.483
 10
508.177
 20
74.346
 10
508.004
 20
74.277
 10
507.769
 20
74.283
 10
507.584
 20
74.363
 10
507.359
 20
74.63
 10
507.279
 20
75.024
 10
507.367
 20
75.452
 10
507.598
 20
75.706
 10
507.788
 20
75.774
 10
507.992
 20
75.773
 10
508.164
 20
75.704
 10
508.292
 20
75.583
 10
508.292
 20
76.301
 10
508.536
 20
76.301
 10
508.536
 20
74.301
  0
LWPOLYLINE
  5
679
330
30
100
AcDbEntity
  8
PAFTA_ANTET
100
AcDbPolyline
 90
14
 70
1
 10
507.532
 20
75.024
 10
507.55
 20
74.824
 10
507.627
 20
74.637
 10
507.75
 20
74.519
 10
507.926
 20
74.47
 10
508.102
 20
74.517
 10
508.221
 20
74.629
 10
508.312
 20
75.003
 10
508.219
 20
75.41
 10
508.097
 20
75.529
 10
507.948
 20
75.578
 10
507.765
 20
75.546
 10
507.641
 20
75.445
 10
507.533
 20
75.08
  0
LWPOLYLINE
  5
67A
330
30
100
AcDbEntity
  8
PAFTA_ANTET
100
AcDbPolyline
 90
17
 70
1
 10
508.83
 20
75.025
 10
508.886
 20
75.375
 10
509.012
 20
75.58
 10
509.261
 20
75.742
 10
509.51
 20
75.782
 10
509.781
 20
75.733
 10
509.998
 20
75.586
 10
510.14
 20
75.353
 10
510.188
 20
75.046
 10
510.158
 20
74.753
 10
510.047
 20
74.516
 10
509.86
 20
74.357
 10
509.584
 20
74.271
 10
509.285
 20
74.299
 10
509.057
 20
74.426
 10
508.898
 20
74.647
 10
508.832
 20
74.953
  0
LWPOLYLINE
  5
67B
330
30
100
AcDbEntity
  8
PAFTA_ANTET
100
AcDbPolyline
 90
17
 70
1
 10
509.083
 20
75.025
 10
509.102
 20
74.825
 10
509.181
 20
74.637
 10
509.311
 20
74.52
 10
509.474
 20
74.471
 10
509.646
 20
74.492
 10
509.814
 20
74.609
 10
509.892
 20
74.744
 10
509.934
 20
74.978
 10
509.916
 20
75.227
 10
509.837
 20
75.412
 10
509.706
 20
75.529
 10
509.545
 20
75.578
 10
509.341
 20
75.545
 10
509.204
 20
75.441
 10
509.126
 20
75.308
 10
509.084
 20
75.079
  0
LWPOLYLINE
  5
67C
330
30
100
AcDbEntity
  8
PAFTA_ANTET
100
AcDbPolyline
 90
12
 70
1
 10
510.477
 20
74.301
 10
510.477
 20
76.301
 10
510.723
 20
76.301
 10
510.723
 20
75.16
 10
511.304
 20
75.75
 10
511.622
 20
75.75
 10
511.068
 20
75.212
 10
511.678
 20
74.301
 10
511.375
 20
74.301
 10
510.896
 20
75.041
 10
510.723
 20
74.875
 10
510.723
 20
74.301
  0
LWPOLYLINE
  5
67D
330
30
100
AcDbEntity
  8
PAFTA_ANTET
100
AcDbPolyline
 90
17
 70
1
 10
512.822
 20
74.301
 10
512.822
 20
74.513
 10
512.623
 20
74.329
 10
512.419
 20
74.27
 10
512.145
 20
74.308
 10
511.947
 20
74.456
 10
511.871
 20
74.716
 10
511.867
 20
75.75
 10
512.113
 20
75.75
 10
512.128
 20
74.687
 10
512.241
 20
74.524
 10
512.412
 20
74.479
 10
512.655
 20
74.56
 10
512.771
 20
74.733
 10
512.796
 20
75.75
 10
513.042
 20
75.75
 10
513.042
 20
74.301
  0
LWPOLYLINE
  5
67E
330
30
100
AcDbEntity
  8
PAFTA_ANTET
100
AcDbPolyline
 90
4
 70
1
 10
512.072
 20
76.033
 10
512.072
 20
76.313
 10
512.328
 20
76.313
 10
512.328
 20
76.033
  0
LWPOLYLINE
  5
67F
330
30
100
AcDbEntity
  8
PAFTA_ANTET
100
AcDbPolyline
 90
4
 70
1
 10
512.581
 20
76.033
 10
512.581
 20
76.313
 10
512.837
 20
76.313
 10
512.837
 20
76.033
  0
LWPOLYLINE
  5
680
330
30
100
AcDbEntity
  8
PAFTA_ANTET
100
AcDbPolyline
 90
29
 70
1
 10
513.427
 20
74.301
 10
513.427
 20
75.75
 10
513.646
 20
75.75
 10
513.646
 20
75.546
 10
513.805
 20
75.704
 10
514.057
 20
75.782
 10
514.328
 20
75.728
 10
514.495
 20
75.528
 10
514.649
 20
75.691
 10
514.836
 20
75.772
 10
515.063
 20
75.772
 10
515.274
 20
75.663
 10
515.361
 20
75.511
 10
515.389
 20
75.344
 10
515.39
 20
74.301
 10
515.146
 20
74.301
 10
515.134
 20
75.379
 10
515.059
 20
75.513
 10
514.904
 20
75.569
 10
514.699
 20
75.52
 10
514.558
 20
75.336
 10
514.533
 20
74.301
 10
514.287
 20
74.301
 10
514.287
 20
75.274
 10
514.239
 20
75.47
 10
514.057
 20
75.569
 10
513.791
 20
75.478
 10
513.678
 20
75.196
 10
513.672
 20
74.301
  0
LWPOLYLINE
  5
681
330
30
100
AcDbEntity
  8
PAFTA_ANTET
100
AcDbPolyline
 90
22
 70
1
 10
516.699
 20
74.479
 10
516.386
 20
74.298
 10
516.033
 20
74.278
 10
515.799
 20
74.385
 10
515.676
 20
74.613
 10
515.71
 20
74.859
 10
515.878
 20
75.039
 10
516.679
 20
75.22
 10
516.636
 20
75.468
 10
516.402
 20
75.576
 10
516.093
 20
75.53
 10
515.953
 20
75.303
 10
515.713
 20
75.336
 10
515.806
 20
75.566
 10
516.096
 20
75.75
 10
516.564
 20
75.767
 10
516.827
 20
75.642
 10
516.921
 20
75.415
 10
516.937
 20
74.521
 10
517.005
 20
74.301
 10
516.749
 20
74.301
 10
516.702
 20
74.459
  0
LWPOLYLINE
  5
682
330
30
100
AcDbEntity
  8
PAFTA_ANTET
100
AcDbPolyline
 90
9
 70
1
 10
516.679
 20
75.028
 10
516.064
 20
74.886
 10
515.974
 20
74.816
 10
515.933
 20
74.702
 10
515.959
 20
74.583
 10
516.058
 20
74.492
 10
516.384
 20
74.483
 10
516.616
 20
74.651
 10
516.679
 20
74.938
  0
LWPOLYLINE
  5
683
330
30
100
AcDbEntity
  8
PAFTA_ANTET
100
AcDbPolyline
 90
16
 70
1
 10
517.308
 20
74.301
 10
517.308
 20
75.75
 10
517.529
 20
75.75
 10
517.529
 20
75.544
 10
517.724
 20
75.723
 10
517.99
 20
75.782
 10
518.31
 20
75.693
 10
518.456
 20
75.491
 10
518.485
 20
74.301
 10
518.24
 20
74.301
 10
518.226
 20
75.355
 10
518.137
 20
75.506
 10
517.958
 20
75.569
 10
517.715
 20
75.506
 10
517.582
 20
75.326
 10
517.553
 20
74.301
  0
LWPOLYLINE
  5
684
330
30
100
AcDbEntity
  8
PAFTA_ANTET
100
AcDbPolyline
 90
18
 70
1
 10
520.174
 20
74.52
 10
520.21
 20
74.303
 10
519.905
 20
74.292
 10
519.735
 20
74.396
 10
519.684
 20
74.643
 10
519.683
 20
75.559
 10
519.503
 20
75.559
 10
519.503
 20
75.75
 10
519.683
 20
75.75
 10
519.683
 20
76.108
 10
519.927
 20
76.256
 10
519.927
 20
75.75
 10
520.174
 20
75.75
 10
520.174
 20
75.559
 10
519.927
 20
75.559
 10
519.93
 20
74.625
 10
519.995
 20
74.522
 10
520.161
 20
74.519
  0
LWPOLYLINE
  5
685
330
30
100
AcDbEntity
  8
PAFTA_ANTET
100
AcDbPolyline
 90
21
 70
1
 10
521.406
 20
74.767
 10
521.66
 20
74.736
 10
521.551
 20
74.505
 10
521.369
 20
74.347
 10
521.023
 20
74.268
 10
520.642
 20
74.364
 10
520.483
 20
74.504
 10
520.362
 20
74.755
 10
520.334
 20
75.084
 10
520.379
 20
75.338
 10
520.559
 20
75.619
 10
520.787
 20
75.75
 10
521.121
 20
75.774
 10
521.364
 20
75.685
 10
521.602
 20
75.4
 10
521.667
 20
74.962
 10
520.586
 20
74.962
 10
520.677
 20
74.652
 10
520.921
 20
74.481
 10
521.215
 20
74.515
 10
521.395
 20
74.737
  0
LWPOLYLINE
  5
686
330
30
100
AcDbEntity
  8
PAFTA_ANTET
100
AcDbPolyline
 90
9
 70
1
 10
520.6
 20
75.164
 10
521.409
 20
75.164
 10
521.316
 20
75.438
 10
521.181
 20
75.545
 10
521.049
 20
75.579
 10
520.885
 20
75.562
 10
520.751
 20
75.489
 10
520.652
 20
75.364
 10
520.603
 20
75.201
  0
LWPOLYLINE
  5
687
330
30
100
AcDbEntity
  8
PAFTA_ANTET
100
AcDbPolyline
 90
4
 70
1
 10
521.963
 20
74.301
 10
521.963
 20
76.301
 10
522.208
 20
76.301
 10
522.208
 20
74.301
  0
LWPOLYLINE
  5
688
330
30
100
AcDbEntity
  8
PAFTA_ANTET
100
AcDbPolyline
 90
4
 70
1
 10
522.59
 20
76.018
 10
522.59
 20
76.301
 10
522.836
 20
76.301
 10
522.836
 20
76.018
  0
LWPOLYLINE
  5
689
330
30
100
AcDbEntity
  8
PAFTA_ANTET
100
AcDbPolyline
 90
4
 70
1
 10
522.59
 20
74.301
 10
522.59
 20
75.75
 10
522.836
 20
75.75
 10
522.836
 20
74.301
  0
LWPOLYLINE
  5
68A
330
30
100
AcDbEntity
  8
PAFTA_ANTET
100
AcDbPolyline
 90
17
 70
1
 10
523.268
 20
74.301
 10
523.268
 20
75.559
 10
523.051
 20
75.559
 10
523.051
 20
75.75
 10
523.268
 20
75.75
 10
523.32
 20
76.175
 10
523.458
 20
76.297
 10
523.669
 20
76.335
 10
523.899
 20
76.31
 10
523.862
 20
76.096
 10
523.622
 20
76.098
 10
523.52
 20
75.975
 10
523.513
 20
75.75
 10
523.795
 20
75.75
 10
523.795
 20
75.559
 10
523.513
 20
75.559
 10
523.513
 20
74.301
  0
LWPOLYLINE
  5
68B
330
30
100
AcDbEntity
  8
PAFTA_ANTET
100
AcDbPolyline
 90
16
 70
1
 10
524.762
 20
74.301
 10
524.762
 20
76.301
 10
525.008
 20
76.301
 10
525.008
 20
75.583
 10
525.246
 20
75.75
 10
525.592
 20
75.766
 10
525.839
 20
75.625
 10
525.934
 20
75.373
 10
525.942
 20
74.301
 10
525.697
 20
74.301
 10
525.684
 20
75.35
 10
525.582
 20
75.517
 10
525.391
 20
75.571
 10
525.149
 20
75.49
 10
525.034
 20
75.319
 10
525.008
 20
74.301
  0
LWPOLYLINE
  5
68C
330
30
100
AcDbEntity
  8
PAFTA_ANTET
100
AcDbPolyline
 90
22
 70
1
 10
527.261
 20
74.479
 10
526.948
 20
74.298
 10
526.595
 20
74.278
 10
526.361
 20
74.385
 10
526.238
 20
74.613
 10
526.272
 20
74.859
 10
526.44
 20
75.039
 10
527.241
 20
75.22
 10
527.198
 20
75.468
 10
526.964
 20
75.576
 10
526.655
 20
75.53
 10
526.515
 20
75.303
 10
526.275
 20
75.336
 10
526.368
 20
75.566
 10
526.658
 20
75.75
 10
527.126
 20
75.767
 10
527.389
 20
75.642
 10
527.483
 20
75.415
 10
527.499
 20
74.521
 10
527.567
 20
74.301
 10
527.311
 20
74.301
 10
527.264
 20
74.459
  0
LWPOLYLINE
  5
68D
330
30
100
AcDbEntity
  8
PAFTA_ANTET
100
AcDbPolyline
 90
9
 70
1
 10
527.241
 20
75.028
 10
526.626
 20
74.886
 10
526.536
 20
74.816
 10
526.495
 20
74.702
 10
526.522
 20
74.583
 10
526.62
 20
74.492
 10
526.946
 20
74.483
 10
527.178
 20
74.651
 10
527.241
 20
74.938
  0
LWPOLYLINE
  5
68E
330
30
100
AcDbEntity
  8
PAFTA_ANTET
100
AcDbPolyline
 90
12
 70
1
 10
527.871
 20
74.301
 10
527.871
 20
76.301
 10
528.117
 20
76.301
 10
528.117
 20
75.16
 10
528.698
 20
75.75
 10
529.016
 20
75.75
 10
528.462
 20
75.212
 10
529.072
 20
74.301
 10
528.769
 20
74.301
 10
528.29
 20
75.041
 10
528.117
 20
74.875
 10
528.117
 20
74.301
  0
LWPOLYLINE
  5
68F
330
30
100
AcDbEntity
  8
PAFTA_ANTET
100
AcDbPolyline
 90
12
 70
1
 10
529.268
 20
74.301
 10
529.268
 20
76.301
 10
529.514
 20
76.301
 10
529.514
 20
75.16
 10
530.095
 20
75.75
 10
530.413
 20
75.75
 10
529.859
 20
75.212
 10
530.469
 20
74.301
 10
530.166
 20
74.301
 10
529.687
 20
75.041
 10
529.514
 20
74.875
 10
529.514
 20
74.301
  0
LWPOLYLINE
  5
690
330
30
100
AcDbEntity
  8
PAFTA_ANTET
100
AcDbPolyline
 90
4
 70
1
 10
530.75
 20
74.301
 10
530.75
 20
75.75
 10
530.995
 20
75.75
 10
530.995
 20
74.301
  0
LWPOLYLINE
  5
691
330
30
100
AcDbEntity
  8
PAFTA_ANTET
100
AcDbPolyline
 90
4
 70
1
 10
532.218
 20
76.018
 10
532.218
 20
76.301
 10
532.463
 20
76.301
 10
532.463
 20
76.018
  0
LWPOLYLINE
  5
692
330
30
100
AcDbEntity
  8
PAFTA_ANTET
100
AcDbPolyline
 90
4
 70
1
 10
532.218
 20
74.301
 10
532.218
 20
75.75
 10
532.463
 20
75.75
 10
532.463
 20
74.301
  0
LWPOLYLINE
  5
693
330
30
100
AcDbEntity
  8
PAFTA_ANTET
100
AcDbPolyline
 90
4
 70
1
 10
532.832
 20
74.301
 10
532.832
 20
76.301
 10
533.077
 20
76.301
 10
533.077
 20
74.301
  0
LWPOLYLINE
  5
694
330
30
100
AcDbEntity
  8
PAFTA_ANTET
100
AcDbPolyline
 90
21
 70
1
 10
534.45
 20
74.767
 10
534.703
 20
74.736
 10
534.595
 20
74.505
 10
534.413
 20
74.347
 10
534.066
 20
74.268
 10
533.686
 20
74.364
 10
533.495
 20
74.548
 10
533.406
 20
74.755
 10
533.378
 20
75.084
 10
533.444
 20
75.393
 10
533.603
 20
75.619
 10
533.831
 20
75.75
 10
534.165
 20
75.774
 10
534.407
 20
75.685
 10
534.645
 20
75.4
 10
534.71
 20
74.962
 10
533.63
 20
74.962
 10
533.721
 20
74.652
 10
533.964
 20
74.481
 10
534.259
 20
74.515
 10
534.438
 20
74.737
  0
LWPOLYLINE
  5
695
330
30
100
AcDbEntity
  8
PAFTA_ANTET
100
AcDbPolyline
 90
9
 70
1
 10
533.644
 20
75.164
 10
534.452
 20
75.164
 10
534.36
 20
75.438
 10
534.225
 20
75.545
 10
534.092
 20
75.579
 10
533.929
 20
75.562
 10
533.795
 20
75.489
 10
533.695
 20
75.364
 10
533.647
 20
75.201
  0
LWPOLYLINE
  5
696
330
30
100
AcDbEntity
  8
PAFTA_ANTET
100
AcDbPolyline
 90
12
 70
1
 10
535.789
 20
74.301
 10
535.789
 20
76.301
 10
536.035
 20
76.301
 10
536.035
 20
75.16
 10
536.616
 20
75.75
 10
536.934
 20
75.75
 10
536.38
 20
75.212
 10
536.99
 20
74.301
 10
536.687
 20
74.301
 10
536.208
 20
75.041
 10
536.035
 20
74.875
 10
536.035
 20
74.301
  0
LWPOLYLINE
  5
697
330
30
100
AcDbEntity
  8
PAFTA_ANTET
100
AcDbPolyline
 90
17
 70
1
 10
537.094
 20
75.025
 10
537.129
 20
75.314
 10
537.275
 20
75.58
 10
537.48
 20
75.724
 10
537.773
 20
75.782
 10
538.045
 20
75.733
 10
538.261
 20
75.586
 10
538.404
 20
75.353
 10
538.451
 20
75.046
 10
538.421
 20
74.753
 10
538.31
 20
74.516
 10
538.091
 20
74.34
 10
537.848
 20
74.271
 10
537.548
 20
74.299
 10
537.32
 20
74.426
 10
537.161
 20
74.647
 10
537.096
 20
74.953
  0
LWPOLYLINE
  5
698
330
30
100
AcDbEntity
  8
PAFTA_ANTET
100
AcDbPolyline
 90
16
 70
1
 10
537.346
 20
75.025
 10
537.365
 20
74.825
 10
537.444
 20
74.637
 10
537.575
 20
74.52
 10
537.737
 20
74.471
 10
537.909
 20
74.492
 10
538.077
 20
74.609
 10
538.155
 20
74.744
 10
538.198
 20
74.978
 10
538.121
 20
75.38
 10
537.998
 20
75.511
 10
537.809
 20
75.578
 10
537.605
 20
75.545
 10
537.467
 20
75.441
 10
537.376
 20
75.268
 10
537.347
 20
75.079
  0
LWPOLYLINE
  5
699
330
30
100
AcDbEntity
  8
PAFTA_ANTET
100
AcDbPolyline
 90
12
 70
1
 10
538.736
 20
74.301
 10
538.736
 20
75.75
 10
538.957
 20
75.75
 10
538.957
 20
75.53
 10
539.099
 20
75.722
 10
539.254
 20
75.782
 10
539.523
 20
75.703
 10
539.439
 20
75.475
 10
539.197
 20
75.521
 10
539.035
 20
75.379
 10
538.983
 20
75.12
 10
538.982
 20
74.301
  0
LWPOLYLINE
  5
69A
330
30
100
AcDbEntity
  8
PAFTA_ANTET
100
AcDbPolyline
 90
17
 70
1
 10
540.619
 20
74.301
 10
540.619
 20
74.513
 10
540.464
 20
74.356
 10
540.216
 20
74.27
 10
539.942
 20
74.308
 10
539.744
 20
74.456
 10
539.666
 20
74.74
 10
539.664
 20
75.75
 10
539.909
 20
75.75
 10
539.925
 20
74.687
 10
540.008
 20
74.546
 10
540.208
 20
74.479
 10
540.452
 20
74.56
 10
540.567
 20
74.733
 10
540.593
 20
75.75
 10
540.839
 20
75.75
 10
540.839
 20
74.301
  0
LWPOLYLINE
  5
69B
330
30
100
AcDbEntity
  8
PAFTA_ANTET
100
AcDbPolyline
 90
16
 70
1
 10
541.223
 20
74.301
 10
541.223
 20
75.75
 10
541.444
 20
75.75
 10
541.444
 20
75.544
 10
541.639
 20
75.723
 10
541.905
 20
75.782
 10
542.225
 20
75.693
 10
542.371
 20
75.491
 10
542.401
 20
74.301
 10
542.155
 20
74.301
 10
542.137
 20
75.374
 10
542.039
 20
75.516
 10
541.873
 20
75.569
 10
541.63
 20
75.506
 10
541.497
 20
75.326
 10
541.469
 20
74.301
  0
LWPOLYLINE
  5
69C
330
30
100
AcDbEntity
  8
PAFTA_ANTET
100
AcDbPolyline
 90
28
 70
1
 10
542.777
 20
74.301
 10
542.777
 20
75.75
 10
542.997
 20
75.75
 10
542.997
 20
75.546
 10
543.178
 20
75.717
 10
543.407
 20
75.782
 10
543.679
 20
75.728
 10
543.845
 20
75.528
 10
544.0
 20
75.691
 10
544.187
 20
75.772
 10
544.413
 20
75.772
 10
544.624
 20
75.663
 10
544.736
 20
75.389
 10
544.74
 20
74.301
 10
544.496
 20
74.301
 10
544.488
 20
75.36
 10
544.42
 20
75.504
 10
544.255
 20
75.569
 10
544.05
 20
75.52
 10
543.909
 20
75.336
 10
543.884
 20
74.301
 10
543.638
 20
74.301
 10
543.636
 20
75.304
 10
543.578
 20
75.488
 10
543.361
 20
75.569
 10
543.141
 20
75.478
 10
543.029
 20
75.196
 10
543.023
 20
74.301
  0
LWPOLYLINE
  5
69D
330
30
100
AcDbEntity
  8
PAFTA_ANTET
100
AcDbPolyline
 90
22
 70
1
 10
546.05
 20
74.479
 10
545.736
 20
74.298
 10
545.383
 20
74.278
 10
545.15
 20
74.385
 10
545.026
 20
74.613
 10
545.052
 20
74.841
 10
545.229
 20
75.039
 10
546.03
 20
75.22
 10
545.975
 20
75.483
 10
545.752
 20
75.576
 10
545.443
 20
75.53
 10
545.304
 20
75.303
 10
545.064
 20
75.336
 10
545.171
 20
75.585
 10
545.447
 20
75.75
 10
545.915
 20
75.767
 10
546.178
 20
75.642
 10
546.272
 20
75.415
 10
546.288
 20
74.521
 10
546.356
 20
74.301
 10
546.099
 20
74.301
 10
546.052
 20
74.459
  0
LWPOLYLINE
  5
69E
330
30
100
AcDbEntity
  8
PAFTA_ANTET
100
AcDbPolyline
 90
10
 70
1
 10
546.03
 20
75.028
 10
545.414
 20
74.886
 10
545.317
 20
74.806
 10
545.283
 20
74.689
 10
545.31
 20
74.583
 10
545.408
 20
74.492
 10
545.575
 20
74.46
 10
545.759
 20
74.491
 10
545.967
 20
74.651
 10
546.03
 20
74.938
  0
LWPOLYLINE
  5
69F
330
30
100
AcDbEntity
  8
PAFTA_ANTET
100
AcDbPolyline
 90
12
 70
1
 10
546.66
 20
74.301
 10
546.66
 20
76.301
 10
546.905
 20
76.301
 10
546.905
 20
75.16
 10
547.487
 20
75.75
 10
547.804
 20
75.75
 10
547.251
 20
75.212
 10
547.86
 20
74.301
 10
547.558
 20
74.301
 10
547.079
 20
75.041
 10
546.905
 20
74.875
 10
546.905
 20
74.301
  0
LWPOLYLINE
  5
6A0
330
30
100
AcDbEntity
  8
PAFTA_ANTET
100
AcDbPolyline
 90
18
 70
1
 10
548.592
 20
74.52
 10
548.627
 20
74.303
 10
548.323
 20
74.292
 10
548.152
 20
74.396
 10
548.103
 20
74.606
 10
548.101
 20
75.559
 10
547.92
 20
75.559
 10
547.92
 20
75.75
 10
548.101
 20
75.75
 10
548.101
 20
76.108
 10
548.345
 20
76.256
 10
548.345
 20
75.75
 10
548.592
 20
75.75
 10
548.592
 20
75.559
 10
548.345
 20
75.559
 10
548.349
 20
74.612
 10
548.42
 20
74.519
 10
548.578
 20
74.519
  0
LWPOLYLINE
  5
6A1
330
30
100
AcDbEntity
  8
PAFTA_ANTET
100
AcDbPolyline
 90
23
 70
1
 10
549.777
 20
74.479
 10
549.463
 20
74.298
 10
549.11
 20
74.278
 10
548.877
 20
74.385
 10
548.754
 20
74.613
 10
548.779
 20
74.841
 10
548.956
 20
75.039
 10
549.757
 20
75.22
 10
549.714
 20
75.468
 10
549.479
 20
75.576
 10
549.17
 20
75.53
 10
549.031
 20
75.303
 10
548.791
 20
75.336
 10
548.884
 20
75.566
 10
548.99
 20
75.669
 10
549.174
 20
75.75
 10
549.642
 20
75.767
 10
549.905
 20
75.642
 10
549.999
 20
75.415
 10
550.015
 20
74.521
 10
550.083
 20
74.301
 10
549.826
 20
74.301
 10
549.78
 20
74.459
  0
LWPOLYLINE
  5
6A2
330
30
100
AcDbEntity
  8
PAFTA_ANTET
100
AcDbPolyline
 90
9
 70
1
 10
549.757
 20
75.028
 10
549.141
 20
74.886
 10
549.038
 20
74.796
 10
549.01
 20
74.689
 10
549.047
 20
74.568
 10
549.155
 20
74.484
 10
549.486
 20
74.491
 10
549.694
 20
74.651
 10
549.757
 20
74.938
  0
LWPOLYLINE
  5
6A3
330
30
100
AcDbEntity
  8
PAFTA_ANTET
100
AcDbPolyline
 90
17
 70
1
 10
551.326
 20
74.301
 10
551.326
 20
74.483
 10
551.195
 20
74.346
 10
550.973
 20
74.27
 10
550.754
 20
74.292
 10
550.573
 20
74.383
 10
550.377
 20
74.63
 10
550.297
 20
75.024
 10
550.384
 20
75.452
 10
550.615
 20
75.706
 10
550.805
 20
75.774
 10
551.01
 20
75.773
 10
551.182
 20
75.704
 10
551.309
 20
75.583
 10
551.309
 20
76.301
 10
551.553
 20
76.301
 10
551.553
 20
74.301
  0
LWPOLYLINE
  5
6A4
330
30
100
AcDbEntity
  8
PAFTA_ANTET
100
AcDbPolyline
 90
13
 70
1
 10
550.549
 20
75.024
 10
550.644
 20
74.637
 10
550.767
 20
74.519
 10
550.944
 20
74.47
 10
551.119
 20
74.517
 10
551.239
 20
74.629
 10
551.33
 20
75.003
 10
551.237
 20
75.41
 10
551.115
 20
75.529
 10
550.966
 20
75.578
 10
550.782
 20
75.546
 10
550.659
 20
75.445
 10
550.55
 20
75.08
  0
LWPOLYLINE
  5
6A5
330
30
100
AcDbEntity
  8
PAFTA_ANTET
100
AcDbPolyline
 90
4
 70
1
 10
552.025
 20
74.301
 10
552.025
 20
75.75
 10
552.271
 20
75.75
 10
552.271
 20
74.301
  0
LWPOLYLINE
  5
6A6
330
30
100
AcDbEntity
  8
PAFTA_ANTET
100
AcDbPolyline
 90
12
 70
1
 10
552.713
 20
74.301
 10
552.713
 20
75.75
 10
552.934
 20
75.75
 10
552.934
 20
75.53
 10
553.076
 20
75.722
 10
553.231
 20
75.782
 10
553.5
 20
75.703
 10
553.416
 20
75.475
 10
553.174
 20
75.521
 10
553.005
 20
75.363
 10
552.96
 20
75.12
 10
552.959
 20
74.301
  0
LWPOLYLINE
  5
6A7
330
30
100
AcDbEntity
  8
PAFTA_ANTET
100
AcDbPolyline
 90
4
 70
1
 10
553.716
 20
74.301
 10
553.716
 20
74.58
 10
553.995
 20
74.58
 10
553.995
 20
74.301
  0
LWPOLYLINE
  5
6A8
330
30
100
AcDbEntity
  8
PAFTA_ANTET
100
AcDbPolyline
 90
21
 70
1
 10
556.543
 20
76.301
 10
556.807
 20
76.301
 10
556.796
 20
74.924
 10
556.724
 20
74.631
 10
556.59
 20
74.45
 10
556.376
 20
74.321
 10
556.137
 20
74.271
 10
555.817
 20
74.282
 10
555.566
 20
74.363
 10
555.413
 20
74.482
 10
555.311
 20
74.644
 10
555.234
 20
75.145
 10
555.234
 20
76.301
 10
555.499
 20
76.301
 10
555.503
 20
75.003
 10
555.547
 20
74.762
 10
555.649
 20
74.617
 10
555.936
 20
74.508
 10
556.329
 20
74.57
 10
556.482
 20
74.739
 10
556.543
 20
75.147
  0
LWPOLYLINE
  5
6A9
330
30
100
AcDbEntity
  8
PAFTA_ANTET
100
AcDbPolyline
 90
4
 70
1
 10
555.634
 20
76.423
 10
555.634
 20
76.703
 10
555.89
 20
76.703
 10
555.89
 20
76.423
  0
LWPOLYLINE
  5
6AA
330
30
100
AcDbEntity
  8
PAFTA_ANTET
100
AcDbPolyline
 90
4
 70
1
 10
556.143
 20
76.423
 10
556.143
 20
76.703
 10
556.399
 20
76.703
 10
556.399
 20
76.423
  0
LWPOLYLINE
  5
6AB
330
30
100
AcDbEntity
  8
PAFTA_ANTET
100
AcDbPolyline
 90
28
 70
1
 10
558.162
 20
74.831
 10
558.403
 20
74.8
 10
558.333
 20
74.577
 10
558.201
 20
74.409
 10
557.936
 20
74.281
 10
557.581
 20
74.299
 10
557.399
 20
74.392
 10
557.23
 20
74.594
 10
557.149
 20
74.881
 10
557.154
 20
75.198
 10
557.254
 20
75.497
 10
557.425
 20
75.676
 10
557.728
 20
75.779
 10
558.054
 20
75.739
 10
558.268
 20
75.582
 10
558.38
 20
75.324
 10
558.141
 20
75.287
 10
558.068
 20
75.456
 10
557.946
 20
75.554
 10
557.643
 20
75.547
 10
557.51
 20
75.447
 10
557.436
 20
75.316
 10
557.398
 20
74.916
 10
557.484
 20
74.63
 10
557.728
 20
74.475
 10
557.88
 20
74.478
 10
558.019
 20
74.542
 10
558.156
 20
74.795
  0
LWPOLYLINE
  5
6AC
330
30
100
AcDbEntity
  8
PAFTA_ANTET
100
AcDbPolyline
 90
14
 70
1
 10
557.593
 20
74.118
 10
557.664
 20
74.359
 10
557.847
 20
74.359
 10
557.802
 20
74.213
 10
557.976
 20
74.142
 10
558.034
 20
73.993
 10
557.894
 20
73.804
 10
557.556
 20
73.756
 10
557.444
 20
73.77
 10
557.459
 20
73.93
 10
557.697
 20
73.933
 10
557.806
 20
74.011
 10
557.775
 20
74.085
 10
557.612
 20
74.117
  0
LWPOLYLINE
  5
6AD
330
30
100
AcDbEntity
  8
PAFTA_ANTET
100
AcDbPolyline
 90
17
 70
1
 10
559.563
 20
74.301
 10
559.563
 20
74.513
 10
559.408
 20
74.356
 10
559.16
 20
74.27
 10
558.886
 20
74.308
 10
558.688
 20
74.456
 10
558.61
 20
74.74
 10
558.608
 20
75.75
 10
558.854
 20
75.75
 10
558.869
 20
74.687
 10
558.952
 20
74.546
 10
559.152
 20
74.479
 10
559.396
 20
74.56
 10
559.511
 20
74.733
 10
559.537
 20
75.75
 10
559.783
 20
75.75
 10
559.783
 20
74.301
  0
LWPOLYLINE
  5
6AE
330
30
100
AcDbEntity
  8
PAFTA_ANTET
100
AcDbPolyline
 90
4
 70
1
 10
558.813
 20
76.033
 10
558.813
 20
76.313
 10
559.069
 20
76.313
 10
559.069
 20
76.033
  0
LWPOLYLINE
  5
6AF
330
30
100
AcDbEntity
  8
PAFTA_ANTET
100
AcDbPolyline
 90
4
 70
1
 10
559.322
 20
76.033
 10
559.322
 20
76.313
 10
559.578
 20
76.313
 10
559.578
 20
76.033
  0
LWPOLYLINE
  5
6B0
330
30
100
AcDbEntity
  8
PAFTA_ANTET
100
AcDbPolyline
 90
16
 70
1
 10
560.167
 20
74.301
 10
560.167
 20
75.75
 10
560.388
 20
75.75
 10
560.388
 20
75.544
 10
560.583
 20
75.723
 10
560.849
 20
75.782
 10
561.169
 20
75.693
 10
561.315
 20
75.491
 10
561.345
 20
74.301
 10
561.099
 20
74.301
 10
561.081
 20
75.374
 10
560.983
 20
75.516
 10
560.817
 20
75.569
 10
560.574
 20
75.506
 10
560.441
 20
75.326
 10
560.413
 20
74.301
  0
LWPOLYLINE
  5
6B1
330
30
100
AcDbEntity
  8
PAFTA_ANTET
100
AcDbPolyline
 90
29
 70
1
 10
562.667
 20
74.831
 10
562.908
 20
74.8
 10
562.838
 20
74.577
 10
562.706
 20
74.409
 10
562.441
 20
74.281
 10
562.086
 20
74.299
 10
561.864
 20
74.425
 10
561.735
 20
74.594
 10
561.653
 20
74.881
 10
561.659
 20
75.198
 10
561.758
 20
75.497
 10
561.93
 20
75.676
 10
562.233
 20
75.779
 10
562.559
 20
75.739
 10
562.773
 20
75.582
 10
562.885
 20
75.324
 10
562.646
 20
75.287
 10
562.573
 20
75.456
 10
562.47
 20
75.544
 10
562.34
 20
75.58
 10
562.148
 20
75.547
 10
562.038
 20
75.473
 10
561.94
 20
75.316
 10
561.903
 20
74.916
 10
561.989
 20
74.63
 10
562.233
 20
74.475
 10
562.385
 20
74.478
 10
562.524
 20
74.542
 10
562.661
 20
74.795
  0
LWPOLYLINE
  5
6B2
330
30
100
AcDbEntity
  8
PAFTA_ANTET
100
AcDbPolyline
 90
17
 70
1
 10
564.068
 20
74.301
 10
564.068
 20
74.513
 10
563.913
 20
74.356
 10
563.665
 20
74.27
 10
563.391
 20
74.308
 10
563.193
 20
74.456
 10
563.115
 20
74.74
 10
563.113
 20
75.75
 10
563.358
 20
75.75
 10
563.373
 20
74.687
 10
563.487
 20
74.524
 10
563.657
 20
74.479
 10
563.901
 20
74.56
 10
564.016
 20
74.733
 10
564.042
 20
75.75
 10
564.287
 20
75.75
 10
564.287
 20
74.301
  0
LWPOLYLINE
  5
6B3
330
30
100
AcDbEntity
  8
PAFTA_ANTET
100
AcDbPolyline
 90
4
 70
1
 10
563.317
 20
76.033
 10
563.317
 20
76.313
 10
563.574
 20
76.313
 10
563.574
 20
76.033
  0
LWPOLYLINE
  5
6B4
330
30
100
AcDbEntity
  8
PAFTA_ANTET
100
AcDbPolyline
 90
4
 70
1
 10
563.826
 20
76.033
 10
563.826
 20
76.313
 10
564.083
 20
76.313
 10
564.083
 20
76.033
  0
LWPOLYLINE
  5
6B5
330
30
100
AcDbEntity
  8
PAFTA_ANTET
100
AcDbPolyline
 90
35
 70
1
 10
565.35
 20
74.733
 10
565.593
 20
74.771
 10
565.689
 20
74.564
 10
565.904
 20
74.473
 10
566.162
 20
74.504
 10
566.294
 20
74.647
 10
566.295
 20
74.747
 10
566.229
 20
74.831
 10
565.626
 20
75.022
 10
565.456
 20
75.153
 10
565.396
 20
75.303
 10
565.402
 20
75.458
 10
565.476
 20
75.606
 10
565.594
 20
75.706
 10
565.858
 20
75.78
 10
566.198
 20
75.742
 10
566.401
 20
75.617
 10
566.494
 20
75.403
 10
566.259
 20
75.343
 10
566.164
 20
75.518
 10
565.97
 20
75.58
 10
565.734
 20
75.545
 10
565.631
 20
75.423
 10
565.643
 20
75.331
 10
565.717
 20
75.259
 10
566.333
 20
75.065
 10
566.495
 20
74.936
 10
566.548
 20
74.798
 10
566.542
 20
74.63
 10
566.467
 20
74.474
 10
566.35
 20
74.367
 10
566.036
 20
74.27
 10
565.679
 20
74.31
 10
565.484
 20
74.437
 10
565.359
 20
74.688
  0
LWPOLYLINE
  5
6B6
330
30
100
AcDbEntity
  8
PAFTA_ANTET
100
AcDbPolyline
 90
15
 70
1
 10
565.776
 20
74.118
 10
565.847
 20
74.359
 10
566.03
 20
74.359
 10
565.985
 20
74.213
 10
566.159
 20
74.142
 10
566.217
 20
73.993
 10
566.17
 20
73.881
 10
566.052
 20
73.792
 10
565.738
 20
73.756
 10
565.627
 20
73.77
 10
565.642
 20
73.93
 10
565.897
 20
73.937
 10
565.99
 20
74.019
 10
565.958
 20
74.085
 10
565.795
 20
74.117
  0
LWPOLYLINE
  5
6B7
330
30
100
AcDbEntity
  8
PAFTA_ANTET
100
AcDbPolyline
 90
22
 70
1
 10
567.791
 20
74.479
 10
567.477
 20
74.298
 10
567.124
 20
74.278
 10
566.866
 20
74.409
 10
566.763
 20
74.647
 10
566.801
 20
74.859
 10
566.97
 20
75.039
 10
567.77
 20
75.22
 10
567.727
 20
75.468
 10
567.493
 20
75.576
 10
567.184
 20
75.53
 10
567.045
 20
75.303
 10
566.804
 20
75.336
 10
566.912
 20
75.585
 10
567.188
 20
75.75
 10
567.656
 20
75.767
 10
567.906
 20
75.654
 10
568.013
 20
75.415
 10
568.026
 20
74.552
 10
568.096
 20
74.301
 10
567.84
 20
74.301
 10
567.793
 20
74.459
  0
LWPOLYLINE
  5
6B8
330
30
100
AcDbEntity
  8
PAFTA_ANTET
100
AcDbPolyline
 90
9
 70
1
 10
567.77
 20
75.028
 10
567.155
 20
74.886
 10
567.065
 20
74.816
 10
567.024
 20
74.702
 10
567.051
 20
74.583
 10
567.149
 20
74.492
 10
567.475
 20
74.483
 10
567.708
 20
74.651
 10
567.77
 20
74.938
  0
LWPOLYLINE
  5
6B9
330
30
100
AcDbEntity
  8
PAFTA_ANTET
100
AcDbPolyline
 90
16
 70
1
 10
568.399
 20
74.301
 10
568.399
 20
76.301
 10
568.645
 20
76.301
 10
568.645
 20
75.583
 10
568.884
 20
75.75
 10
569.201
 20
75.772
 10
569.443
 20
75.66
 10
569.567
 20
75.406
 10
569.579
 20
74.301
 10
569.334
 20
74.301
 10
569.321
 20
75.35
 10
569.219
 20
75.517
 10
569.028
 20
75.571
 10
568.804
 20
75.502
 10
568.671
 20
75.319
 10
568.645
 20
74.301
  0
LWPOLYLINE
  5
6BA
330
30
100
AcDbEntity
  8
PAFTA_ANTET
100
AcDbPolyline
 90
4
 70
1
 10
570.039
 20
74.301
 10
570.039
 20
75.75
 10
570.285
 20
75.75
 10
570.285
 20
74.301
  0
LWPOLYLINE
  5
6BB
330
30
100
AcDbEntity
  8
PAFTA_ANTET
100
AcDbPolyline
 90
35
 70
1
 10
570.631
 20
74.733
 10
570.874
 20
74.771
 10
570.97
 20
74.564
 10
571.185
 20
74.473
 10
571.443
 20
74.504
 10
571.575
 20
74.647
 10
571.576
 20
74.747
 10
571.51
 20
74.831
 10
570.907
 20
75.022
 10
570.737
 20
75.153
 10
570.677
 20
75.303
 10
570.683
 20
75.458
 10
570.757
 20
75.606
 10
570.875
 20
75.706
 10
571.139
 20
75.78
 10
571.479
 20
75.742
 10
571.682
 20
75.617
 10
571.775
 20
75.403
 10
571.54
 20
75.343
 10
571.445
 20
75.518
 10
571.251
 20
75.58
 10
571.015
 20
75.545
 10
570.912
 20
75.423
 10
570.924
 20
75.331
 10
570.998
 20
75.259
 10
571.614
 20
75.065
 10
571.776
 20
74.936
 10
571.829
 20
74.798
 10
571.823
 20
74.63
 10
571.748
 20
74.474
 10
571.631
 20
74.367
 10
571.317
 20
74.27
 10
570.96
 20
74.31
 10
570.765
 20
74.437
 10
570.64
 20
74.688
  0
LWPOLYLINE
  5
6BC
330
30
100
AcDbEntity
  8
PAFTA_ANTET
100
AcDbPolyline
 90
4
 70
1
 10
572.121
 20
74.301
 10
572.121
 20
76.301
 10
572.367
 20
76.301
 10
572.367
 20
74.301
  0
LWPOLYLINE
  5
6BD
330
30
100
AcDbEntity
  8
PAFTA_ANTET
100
AcDbPolyline
 90
22
 70
1
 10
573.693
 20
74.479
 10
573.379
 20
74.298
 10
573.026
 20
74.278
 10
572.768
 20
74.409
 10
572.665
 20
74.647
 10
572.712
 20
74.877
 10
572.871
 20
75.039
 10
573.672
 20
75.22
 10
573.629
 20
75.468
 10
573.395
 20
75.576
 10
573.086
 20
75.53
 10
572.946
 20
75.303
 10
572.706
 20
75.336
 10
572.814
 20
75.585
 10
573.089
 20
75.75
 10
573.557
 20
75.767
 10
573.82
 20
75.642
 10
573.913
 20
75.433
 10
573.93
 20
74.521
 10
573.998
 20
74.301
 10
573.742
 20
74.301
 10
573.695
 20
74.459
  0
LWPOLYLINE
  5
6BE
330
30
100
AcDbEntity
  8
PAFTA_ANTET
100
AcDbPolyline
 90
9
 70
1
 10
573.672
 20
75.028
 10
573.057
 20
74.886
 10
572.967
 20
74.816
 10
572.926
 20
74.702
 10
572.953
 20
74.583
 10
573.051
 20
74.492
 10
573.377
 20
74.483
 10
573.622
 20
74.671
 10
573.672
 20
74.938
  0
LWPOLYLINE
  5
6BF
330
30
100
AcDbEntity
  8
PAFTA_ANTET
100
AcDbPolyline
 90
12
 70
1
 10
574.298
 20
74.301
 10
574.298
 20
75.75
 10
574.519
 20
75.75
 10
574.519
 20
75.53
 10
574.661
 20
75.722
 10
574.816
 20
75.782
 10
575.086
 20
75.703
 10
575.001
 20
75.475
 10
574.759
 20
75.521
 10
574.597
 20
75.379
 10
574.544
 20
75.09
 10
574.544
 20
74.301
  0
LWPOLYLINE
  5
6C0
330
30
100
AcDbEntity
  8
PAFTA_ANTET
100
AcDbPolyline
 90
23
 70
1
 10
576.177
 20
74.479
 10
575.863
 20
74.298
 10
575.51
 20
74.278
 10
575.276
 20
74.385
 10
575.153
 20
74.613
 10
575.187
 20
74.859
 10
575.339
 20
75.029
 10
575.515
 20
75.103
 10
576.156
 20
75.22
 10
576.113
 20
75.468
 10
575.879
 20
75.576
 10
575.57
 20
75.53
 10
575.431
 20
75.303
 10
575.191
 20
75.336
 10
575.298
 20
75.585
 10
575.574
 20
75.75
 10
576.042
 20
75.767
 10
576.305
 20
75.642
 10
576.399
 20
75.415
 10
576.412
 20
74.552
 10
576.482
 20
74.301
 10
576.226
 20
74.301
 10
576.179
 20
74.459
  0
LWPOLYLINE
  5
6C1
330
30
100
AcDbEntity
  8
PAFTA_ANTET
100
AcDbPolyline
 90
10
 70
1
 10
576.156
 20
75.028
 10
575.541
 20
74.886
 10
575.444
 20
74.806
 10
575.41
 20
74.689
 10
575.437
 20
74.583
 10
575.535
 20
74.492
 10
575.702
 20
74.46
 10
575.885
 20
74.491
 10
576.094
 20
74.651
 10
576.156
 20
74.938
  0
LWPOLYLINE
  5
6C2
330
30
100
AcDbEntity
  8
PAFTA_ANTET
100
AcDbPolyline
 90
12
 70
1
 10
503.176
 20
71.179
 10
503.176
 20
73.179
 10
503.421
 20
73.179
 10
503.421
 20
72.039
 10
504.002
 20
72.628
 10
504.32
 20
72.628
 10
503.766
 20
72.091
 10
504.376
 20
71.179
 10
504.073
 20
71.179
 10
503.594
 20
71.92
 10
503.421
 20
71.754
 10
503.421
 20
71.179
  0
LWPOLYLINE
  5
6C3
330
30
100
AcDbEntity
  8
PAFTA_ANTET
100
AcDbPolyline
 90
17
 70
1
 10
504.48
 20
71.904
 10
504.536
 20
72.254
 10
504.661
 20
72.459
 10
504.866
 20
72.603
 10
505.159
 20
72.661
 10
505.431
 20
72.612
 10
505.648
 20
72.465
 10
505.79
 20
72.232
 10
505.837
 20
71.924
 10
505.796
 20
71.591
 10
505.674
 20
71.367
 10
505.477
 20
71.218
 10
505.197
 20
71.147
 10
504.884
 20
71.195
 10
504.667
 20
71.342
 10
504.547
 20
71.525
 10
504.482
 20
71.832
  0
LWPOLYLINE
  5
6C4
330
30
100
AcDbEntity
  8
PAFTA_ANTET
100
AcDbPolyline
 90
16
 70
1
 10
504.732
 20
71.904
 10
504.752
 20
71.703
 10
504.831
 20
71.516
 10
504.961
 20
71.398
 10
505.123
 20
71.35
 10
505.327
 20
71.383
 10
505.463
 20
71.488
 10
505.541
 20
71.622
 10
505.584
 20
71.856
 10
505.507
 20
72.258
 10
505.384
 20
72.39
 10
505.229
 20
72.452
 10
505.022
 20
72.436
 10
504.878
 20
72.346
 10
504.776
 20
72.187
 10
504.733
 20
71.958
  0
LWPOLYLINE
  5
6C5
330
30
100
AcDbEntity
  8
PAFTA_ANTET
100
AcDbPolyline
 90
15
 70
1
 10
506.125
 20
70.624
 10
506.125
 20
72.628
 10
506.349
 20
72.628
 10
506.349
 20
72.44
 10
506.528
 20
72.606
 10
506.769
 20
72.661
 10
507.038
 20
72.6
 10
507.261
 20
72.393
 10
507.371
 20
72.075
 10
507.363
 20
71.703
 10
507.228
 20
71.385
 10
506.947
 20
71.181
 10
506.635
 20
71.159
 10
506.371
 20
71.329
 10
506.371
 20
70.624
  0
LWPOLYLINE
  5
6C6
330
30
100
AcDbEntity
  8
PAFTA_ANTET
100
AcDbPolyline
 90
15
 70
1
 10
506.347
 20
71.895
 10
506.439
 20
71.51
 10
506.586
 20
71.382
 10
506.735
 20
71.348
 10
506.887
 20
71.383
 10
507.015
 20
71.487
 10
507.103
 20
71.663
 10
507.131
 20
71.859
 10
507.059
 20
72.27
 10
506.946
 20
72.401
 10
506.777
 20
72.467
 10
506.598
 20
72.432
 10
506.468
 20
72.322
 10
506.391
 20
72.183
 10
506.349
 20
71.95
  0
LWPOLYLINE
  5
6C7
330
30
100
AcDbEntity
  8
PAFTA_ANTET
100
AcDbPolyline
 90
13
 70
1
 10
507.668
 20
70.621
 10
507.641
 20
70.852
 10
507.797
 20
70.83
 10
507.931
 20
70.869
 10
508.09
 20
71.177
 10
507.54
 20
72.628
 10
507.804
 20
72.628
 10
508.211
 20
71.453
 10
508.622
 20
72.628
 10
508.867
 20
72.628
 10
508.165
 20
70.802
 10
507.974
 20
70.619
 10
507.685
 20
70.616
  0
LWPOLYLINE
  5
6C8
330
30
100
AcDbEntity
  8
PAFTA_ANTET
100
AcDbPolyline
 90
25
 70
1
 10
510.021
 20
71.358
 10
509.733
 20
71.185
 10
509.397
 20
71.151
 10
509.121
 20
71.263
 10
508.998
 20
71.491
 10
509.032
 20
71.738
 10
509.2
 20
71.917
 10
510.001
 20
72.099
 10
509.968
 20
72.33
 10
509.843
 20
72.428
 10
509.653
 20
72.458
 10
509.434
 20
72.419
 10
509.338
 20
72.333
 10
509.275
 20
72.182
 10
509.035
 20
72.215
 10
509.128
 20
72.444
 10
509.257
 20
72.562
 10
509.418
 20
72.628
 10
509.857
 20
72.65
 10
510.122
 20
72.545
 10
510.239
 20
72.327
 10
510.259
 20
71.4
 10
510.327
 20
71.179
 10
510.071
 20
71.179
 10
510.024
 20
71.338
  0
LWPOLYLINE
  5
6C9
330
30
100
AcDbEntity
  8
PAFTA_ANTET
100
AcDbPolyline
 90
9
 70
1
 10
510.001
 20
71.906
 10
509.386
 20
71.765
 10
509.296
 20
71.695
 10
509.255
 20
71.581
 10
509.281
 20
71.462
 10
509.38
 20
71.371
 10
509.706
 20
71.361
 10
509.938
 20
71.53
 10
510.001
 20
71.816
  0
LWPOLYLINE
  5
6CA
330
30
100
AcDbEntity
  8
PAFTA_ANTET
100
AcDbPolyline
 90
4
 70
1
 10
510.624
 20
71.179
 10
510.624
 20
73.179
 10
510.87
 20
73.179
 10
510.87
 20
71.179
  0
LWPOLYLINE
  5
6CB
330
30
100
AcDbEntity
  8
PAFTA_ANTET
100
AcDbPolyline
 90
22
 70
1
 10
512.196
 20
71.358
 10
511.908
 20
71.185
 10
511.572
 20
71.151
 10
511.296
 20
71.263
 10
511.172
 20
71.491
 10
511.198
 20
71.72
 10
511.375
 20
71.917
 10
512.176
 20
72.099
 10
512.121
 20
72.361
 10
511.898
 20
72.454
 10
511.589
 20
72.408
 10
511.45
 20
72.182
 10
511.21
 20
72.215
 10
511.317
 20
72.464
 10
511.593
 20
72.628
 10
512.031
 20
72.65
 10
512.297
 20
72.545
 10
512.414
 20
72.327
 10
512.434
 20
71.4
 10
512.502
 20
71.179
 10
512.245
 20
71.179
 10
512.198
 20
71.338
  0
LWPOLYLINE
  5
6CC
330
30
100
AcDbEntity
  8
PAFTA_ANTET
100
AcDbPolyline
 90
9
 70
1
 10
512.176
 20
71.906
 10
511.56
 20
71.765
 10
511.463
 20
71.685
 10
511.429
 20
71.568
 10
511.456
 20
71.462
 10
511.554
 20
71.371
 10
511.88
 20
71.361
 10
512.1
 20
71.51
 10
512.176
 20
71.816
  0
LWPOLYLINE
  5
6CD
330
30
100
AcDbEntity
  8
PAFTA_ANTET
100
AcDbPolyline
 90
29
 70
1
 10
512.804
 20
71.179
 10
512.804
 20
72.628
 10
513.024
 20
72.628
 10
513.024
 20
72.425
 10
513.206
 20
72.596
 10
513.463
 20
72.661
 10
513.727
 20
72.594
 10
513.873
 20
72.407
 10
514.027
 20
72.569
 10
514.214
 20
72.651
 10
514.477
 20
72.642
 10
514.652
 20
72.541
 10
514.763
 20
72.268
 10
514.768
 20
71.179
 10
514.523
 20
71.179
 10
514.512
 20
72.258
 10
514.436
 20
72.392
 10
514.282
 20
72.448
 10
514.054
 20
72.383
 10
513.936
 20
72.214
 10
513.911
 20
71.179
 10
513.665
 20
71.179
 10
513.665
 20
72.153
 10
513.617
 20
72.349
 10
513.545
 20
72.419
 10
513.409
 20
72.448
 10
513.154
 20
72.342
 10
513.056
 20
72.074
 10
513.05
 20
71.179
  0
LWPOLYLINE
  5
6CE
330
30
100
AcDbEntity
  8
PAFTA_ANTET
100
AcDbPolyline
 90
25
 70
1
 10
516.077
 20
71.358
 10
515.789
 20
71.185
 10
515.453
 20
71.151
 10
515.177
 20
71.263
 10
515.054
 20
71.491
 10
515.088
 20
71.738
 10
515.256
 20
71.917
 10
516.057
 20
72.099
 10
516.024
 20
72.33
 10
515.899
 20
72.428
 10
515.709
 20
72.458
 10
515.49
 20
72.419
 10
515.394
 20
72.333
 10
515.331
 20
72.182
 10
515.091
 20
72.215
 10
515.184
 20
72.444
 10
515.29
 20
72.548
 10
515.474
 20
72.628
 10
515.913
 20
72.65
 10
516.178
 20
72.545
 10
516.295
 20
72.327
 10
516.315
 20
71.4
 10
516.383
 20
71.179
 10
516.126
 20
71.179
 10
516.08
 20
71.338
  0
LWPOLYLINE
  5
6CF
330
30
100
AcDbEntity
  8
PAFTA_ANTET
100
AcDbPolyline
 90
9
 70
1
 10
516.057
 20
71.906
 10
515.442
 20
71.765
 10
515.352
 20
71.695
 10
515.311
 20
71.581
 10
515.337
 20
71.462
 10
515.436
 20
71.371
 10
515.761
 20
71.361
 10
515.981
 20
71.51
 10
516.057
 20
71.816
  0
LWPOLYLINE
  5
6D0
330
30
100
AcDbEntity
  8
PAFTA_ANTET
100
AcDbPolyline
 90
7
 70
1
 10
517.865
 20
71.179
 10
517.313
 20
72.628
 10
517.573
 20
72.628
 10
517.976
 20
71.468
 10
518.39
 20
72.628
 10
518.642
 20
72.628
 10
518.094
 20
71.179
  0
LWPOLYLINE
  5
6D1
330
30
100
AcDbEntity
  8
PAFTA_ANTET
100
AcDbPolyline
 90
21
 70
1
 10
519.851
 20
71.646
 10
520.105
 20
71.614
 10
519.996
 20
71.383
 10
519.814
 20
71.225
 10
519.467
 20
71.146
 10
519.087
 20
71.242
 10
518.896
 20
71.427
 10
518.807
 20
71.634
 10
518.779
 20
71.963
 10
518.845
 20
72.271
 10
519.004
 20
72.497
 10
519.232
 20
72.629
 10
519.566
 20
72.653
 10
519.809
 20
72.564
 10
520.046
 20
72.279
 10
520.111
 20
71.841
 10
519.031
 20
71.841
 10
519.122
 20
71.531
 10
519.365
 20
71.36
 10
519.66
 20
71.394
 10
519.839
 20
71.616
  0
LWPOLYLINE
  5
6D2
330
30
100
AcDbEntity
  8
PAFTA_ANTET
100
AcDbPolyline
 90
8
 70
1
 10
519.045
 20
72.043
 10
519.854
 20
72.043
 10
519.737
 20
72.344
 10
519.595
 20
72.436
 10
519.457
 20
72.459
 10
519.301
 20
72.431
 10
519.172
 20
72.346
 10
519.048
 20
72.08
  0
LWPOLYLINE
  5
6D3
330
30
100
AcDbEntity
  8
PAFTA_ANTET
100
AcDbPolyline
 90
13
 70
1
 10
520.402
 20
70.621
 10
520.375
 20
70.852
 10
520.531
 20
70.83
 10
520.665
 20
70.869
 10
520.824
 20
71.177
 10
520.274
 20
72.628
 10
520.538
 20
72.628
 10
520.945
 20
71.453
 10
521.356
 20
72.628
 10
521.601
 20
72.628
 10
520.899
 20
70.802
 10
520.708
 20
70.619
 10
520.419
 20
70.616
  0
LWPOLYLINE
  5
6D4
330
30
100
AcDbEntity
  8
PAFTA_ANTET
100
AcDbPolyline
 90
25
 70
1
 10
522.755
 20
71.358
 10
522.467
 20
71.185
 10
522.131
 20
71.151
 10
521.855
 20
71.263
 10
521.732
 20
71.491
 10
521.766
 20
71.738
 10
521.934
 20
71.917
 10
522.735
 20
72.099
 10
522.702
 20
72.33
 10
522.577
 20
72.428
 10
522.387
 20
72.458
 10
522.168
 20
72.419
 10
522.072
 20
72.333
 10
522.009
 20
72.182
 10
521.769
 20
72.215
 10
521.862
 20
72.444
 10
521.991
 20
72.562
 10
522.152
 20
72.628
 10
522.591
 20
72.65
 10
522.856
 20
72.545
 10
522.973
 20
72.327
 10
522.993
 20
71.4
 10
523.061
 20
71.179
 10
522.804
 20
71.179
 10
522.758
 20
71.338
  0
LWPOLYLINE
  5
6D5
330
30
100
AcDbEntity
  8
PAFTA_ANTET
100
AcDbPolyline
 90
9
 70
1
 10
522.735
 20
71.906
 10
522.12
 20
71.765
 10
522.03
 20
71.695
 10
521.989
 20
71.581
 10
522.015
 20
71.462
 10
522.114
 20
71.371
 10
522.44
 20
71.361
 10
522.672
 20
71.53
 10
522.735
 20
71.816
  0
LWPOLYLINE
  5
6D6
330
30
100
AcDbEntity
  8
PAFTA_ANTET
100
AcDbPolyline
 90
4
 70
1
 10
524.141
 20
72.897
 10
524.141
 20
73.179
 10
524.387
 20
73.179
 10
524.387
 20
72.897
  0
LWPOLYLINE
  5
6D7
330
30
100
AcDbEntity
  8
PAFTA_ANTET
100
AcDbPolyline
 90
4
 70
1
 10
524.141
 20
71.179
 10
524.141
 20
72.628
 10
524.387
 20
72.628
 10
524.387
 20
71.179
  0
LWPOLYLINE
  5
6D8
330
30
100
AcDbEntity
  8
PAFTA_ANTET
100
AcDbPolyline
 90
4
 70
1
 10
524.755
 20
71.179
 10
524.755
 20
73.179
 10
525.001
 20
73.179
 10
525.001
 20
71.179
  0
LWPOLYLINE
  5
6D9
330
30
100
AcDbEntity
  8
PAFTA_ANTET
100
AcDbPolyline
 90
21
 70
1
 10
526.373
 20
71.646
 10
526.627
 20
71.614
 10
526.518
 20
71.383
 10
526.336
 20
71.225
 10
525.99
 20
71.146
 10
525.61
 20
71.242
 10
525.419
 20
71.427
 10
525.329
 20
71.634
 10
525.302
 20
71.963
 10
525.367
 20
72.271
 10
525.527
 20
72.497
 10
525.754
 20
72.629
 10
526.088
 20
72.653
 10
526.331
 20
72.564
 10
526.569
 20
72.279
 10
526.634
 20
71.841
 10
525.553
 20
71.841
 10
525.644
 20
71.531
 10
525.888
 20
71.36
 10
526.182
 20
71.394
 10
526.362
 20
71.616
  0
LWPOLYLINE
  5
6DA
330
30
100
AcDbEntity
  8
PAFTA_ANTET
100
AcDbPolyline
 90
8
 70
1
 10
525.567
 20
72.043
 10
526.376
 20
72.043
 10
526.259
 20
72.344
 10
526.149
 20
72.423
 10
525.979
 20
72.459
 10
525.823
 20
72.431
 10
525.695
 20
72.346
 10
525.571
 20
72.08
  0
LWPOLYLINE
  5
6DB
330
30
100
AcDbEntity
  8
PAFTA_ANTET
100
AcDbPolyline
 90
18
 70
1
 10
527.472
 20
71.399
 10
527.507
 20
71.182
 10
527.183
 20
71.175
 10
527.024
 20
71.287
 10
526.983
 20
71.485
 10
526.98
 20
72.437
 10
526.8
 20
72.437
 10
526.8
 20
72.628
 10
526.98
 20
72.628
 10
526.98
 20
72.987
 10
527.225
 20
73.134
 10
527.225
 20
72.628
 10
527.472
 20
72.628
 10
527.472
 20
72.437
 10
527.225
 20
72.437
 10
527.229
 20
71.491
 10
527.3
 20
71.398
 10
527.458
 20
71.397
  0
LWPOLYLINE
  5
6DC
330
30
100
AcDbEntity
  8
PAFTA_ANTET
100
AcDbPolyline
 90
4
 70
1
 10
527.713
 20
72.897
 10
527.713
 20
73.179
 10
527.959
 20
73.179
 10
527.959
 20
72.897
  0
LWPOLYLINE
  5
6DD
330
30
100
AcDbEntity
  8
PAFTA_ANTET
100
AcDbPolyline
 90
4
 70
1
 10
527.713
 20
71.179
 10
527.713
 20
72.628
 10
527.959
 20
72.628
 10
527.959
 20
71.179
  0
LWPOLYLINE
  5
6DE
330
30
100
AcDbEntity
  8
PAFTA_ANTET
100
AcDbPolyline
 90
29
 70
1
 10
528.332
 20
71.179
 10
528.332
 20
72.628
 10
528.552
 20
72.628
 10
528.552
 20
72.425
 10
528.756
 20
72.608
 10
528.991
 20
72.661
 10
529.255
 20
72.594
 10
529.401
 20
72.407
 10
529.555
 20
72.569
 10
529.742
 20
72.651
 10
530.005
 20
72.642
 10
530.18
 20
72.541
 10
530.291
 20
72.268
 10
530.296
 20
71.179
 10
530.051
 20
71.179
 10
530.04
 20
72.258
 10
529.964
 20
72.392
 10
529.81
 20
72.448
 10
529.582
 20
72.383
 10
529.464
 20
72.214
 10
529.439
 20
71.179
 10
529.193
 20
71.179
 10
529.193
 20
72.153
 10
529.145
 20
72.349
 10
529.073
 20
72.419
 10
528.937
 20
72.448
 10
528.682
 20
72.342
 10
528.584
 20
72.074
 10
528.578
 20
71.179
  0
LWPOLYLINE
  5
6DF
330
30
100
AcDbEntity
  8
PAFTA_ANTET
100
AcDbPolyline
 90
4
 70
1
 10
530.661
 20
72.897
 10
530.661
 20
73.179
 10
530.907
 20
73.179
 10
530.907
 20
72.897
  0
LWPOLYLINE
  5
6E0
330
30
100
AcDbEntity
  8
PAFTA_ANTET
100
AcDbPolyline
 90
4
 70
1
 10
530.661
 20
71.179
 10
530.661
 20
72.628
 10
530.907
 20
72.628
 10
530.907
 20
71.179
  0
LWPOLYLINE
  5
6E1
330
30
100
AcDbEntity
  8
PAFTA_ANTET
100
AcDbPolyline
 90
13
 70
1
 10
532.046
 20
70.621
 10
532.019
 20
70.852
 10
532.175
 20
70.83
 10
532.309
 20
70.869
 10
532.467
 20
71.177
 10
531.918
 20
72.628
 10
532.182
 20
72.628
 10
532.589
 20
71.453
 10
533.0
 20
72.628
 10
533.245
 20
72.628
 10
532.543
 20
70.802
 10
532.352
 20
70.619
 10
532.063
 20
70.616
  0
LWPOLYLINE
  5
6E2
330
30
100
AcDbEntity
  8
PAFTA_ANTET
100
AcDbPolyline
 90
25
 70
1
 10
534.399
 20
71.358
 10
534.111
 20
71.185
 10
533.775
 20
71.151
 10
533.499
 20
71.263
 10
533.376
 20
71.491
 10
533.41
 20
71.738
 10
533.578
 20
71.917
 10
534.379
 20
72.099
 10
534.346
 20
72.33
 10
534.221
 20
72.428
 10
534.031
 20
72.458
 10
533.812
 20
72.419
 10
533.716
 20
72.333
 10
533.653
 20
72.182
 10
533.413
 20
72.215
 10
533.506
 20
72.444
 10
533.612
 20
72.548
 10
533.796
 20
72.628
 10
534.235
 20
72.65
 10
534.5
 20
72.545
 10
534.617
 20
72.327
 10
534.637
 20
71.4
 10
534.705
 20
71.179
 10
534.448
 20
71.179
 10
534.402
 20
71.338
  0
LWPOLYLINE
  5
6E3
330
30
100
AcDbEntity
  8
PAFTA_ANTET
100
AcDbPolyline
 90
9
 70
1
 10
534.379
 20
71.906
 10
533.764
 20
71.765
 10
533.681
 20
71.705
 10
533.633
 20
71.581
 10
533.659
 20
71.462
 10
533.758
 20
71.371
 10
534.084
 20
71.361
 10
534.316
 20
71.53
 10
534.379
 20
71.816
  0
LWPOLYLINE
  5
6E4
330
30
100
AcDbEntity
  8
PAFTA_ANTET
100
AcDbPolyline
 90
32
 70
1
 10
534.909
 20
71.612
 10
535.152
 20
71.65
 10
535.266
 20
71.426
 10
535.495
 20
71.349
 10
535.722
 20
71.382
 10
535.853
 20
71.525
 10
535.854
 20
71.626
 10
535.788
 20
71.71
 10
535.185
 20
71.901
 10
535.004
 20
72.049
 10
534.961
 20
72.337
 10
535.14
 20
72.576
 10
535.439
 20
72.66
 10
535.757
 20
72.621
 10
535.961
 20
72.495
 10
536.053
 20
72.282
 10
535.818
 20
72.222
 10
535.723
 20
72.396
 10
535.502
 20
72.459
 10
535.276
 20
72.414
 10
535.189
 20
72.287
 10
535.277
 20
72.137
 10
535.892
 20
71.944
 10
536.054
 20
71.815
 10
536.107
 20
71.677
 10
536.101
 20
71.509
 10
536.026
 20
71.352
 10
535.91
 20
71.246
 10
535.596
 20
71.149
 10
535.238
 20
71.189
 10
535.019
 20
71.344
 10
534.919
 20
71.567
  0
LWPOLYLINE
  5
6E5
330
30
100
AcDbEntity
  8
PAFTA_ANTET
100
AcDbPolyline
 90
25
 70
1
 10
537.35
 20
71.358
 10
537.062
 20
71.185
 10
536.726
 20
71.151
 10
536.45
 20
71.263
 10
536.327
 20
71.491
 10
536.352
 20
71.72
 10
536.529
 20
71.917
 10
537.33
 20
72.099
 10
537.297
 20
72.33
 10
537.172
 20
72.428
 10
536.982
 20
72.458
 10
536.763
 20
72.419
 10
536.667
 20
72.333
 10
536.604
 20
72.182
 10
536.364
 20
72.215
 10
536.457
 20
72.444
 10
536.563
 20
72.548
 10
536.747
 20
72.628
 10
537.185
 20
72.65
 10
537.451
 20
72.545
 10
537.568
 20
72.327
 10
537.588
 20
71.4
 10
537.656
 20
71.179
 10
537.399
 20
71.179
 10
537.353
 20
71.338
  0
LWPOLYLINE
  5
6E6
330
30
100
AcDbEntity
  8
PAFTA_ANTET
100
AcDbPolyline
 90
9
 70
1
 10
537.33
 20
71.906
 10
536.714
 20
71.765
 10
536.618
 20
71.685
 10
536.583
 20
71.568
 10
536.62
 20
71.447
 10
536.728
 20
71.362
 10
537.059
 20
71.369
 10
537.267
 20
71.53
 10
537.33
 20
71.816
  0
LWPOLYLINE
  5
6E7
330
30
100
AcDbEntity
  8
PAFTA_ANTET
100
AcDbPolyline
 90
12
 70
1
 10
537.96
 20
71.179
 10
537.96
 20
73.179
 10
538.206
 20
73.179
 10
538.206
 20
72.039
 10
538.787
 20
72.628
 10
539.105
 20
72.628
 10
538.551
 20
72.091
 10
539.161
 20
71.179
 10
538.858
 20
71.179
 10
538.379
 20
71.92
 10
538.206
 20
71.754
 10
538.206
 20
71.179
  0
LWPOLYLINE
  5
6E8
330
30
100
AcDbEntity
  8
PAFTA_ANTET
100
AcDbPolyline
 90
18
 70
1
 10
539.892
 20
71.399
 10
539.927
 20
71.182
 10
539.603
 20
71.175
 10
539.444
 20
71.287
 10
539.403
 20
71.485
 10
539.401
 20
72.437
 10
539.221
 20
72.437
 10
539.221
 20
72.628
 10
539.401
 20
72.628
 10
539.401
 20
72.987
 10
539.645
 20
73.134
 10
539.645
 20
72.628
 10
539.892
 20
72.628
 10
539.892
 20
72.437
 10
539.645
 20
72.437
 10
539.649
 20
71.491
 10
539.72
 20
71.398
 10
539.879
 20
71.397
  0
LWPOLYLINE
  5
6E9
330
30
100
AcDbEntity
  8
PAFTA_ANTET
100
AcDbPolyline
 90
4
 70
1
 10
540.218
 20
71.179
 10
540.218
 20
72.628
 10
540.463
 20
72.628
 10
540.463
 20
71.179
  0
LWPOLYLINE
  5
6EA
330
30
100
AcDbEntity
  8
PAFTA_ANTET
100
AcDbPolyline
 90
12
 70
1
 10
540.905
 20
71.179
 10
540.905
 20
72.628
 10
541.126
 20
72.628
 10
541.126
 20
72.408
 10
541.268
 20
72.601
 10
541.44
 20
72.661
 10
541.693
 20
72.582
 10
541.608
 20
72.354
 10
541.381
 20
72.403
 10
541.204
 20
72.257
 10
541.151
 20
71.969
 10
541.151
 20
71.179
  0
LWPOLYLINE
  5
6EB
330
30
100
AcDbEntity
  8
PAFTA_ANTET
100
AcDbPolyline
 90
4
 70
1
 10
541.908
 20
71.179
 10
541.908
 20
71.459
 10
542.188
 20
71.459
 10
542.188
 20
71.179
  0
LWPOLYLINE
  5
6EC
330
30
100
AcDbEntity
  8
PAFTA_ANTET
100
AcDbPolyline
 90
8
 70
1
 10
503.714
 20
68.058
 10
503.714
 20
69.822
 10
503.055
 20
69.822
 10
503.055
 20
70.058
 10
504.641
 20
70.058
 10
504.641
 20
69.822
 10
503.979
 20
69.822
 10
503.979
 20
68.058
  0
LWPOLYLINE
  5
6ED
330
30
100
AcDbEntity
  8
PAFTA_ANTET
100
AcDbPolyline
 90
16
 70
1
 10
504.881
 20
68.058
 10
504.881
 20
70.058
 10
505.126
 20
70.058
 10
505.126
 20
69.34
 10
505.365
 20
69.508
 10
505.711
 20
69.524
 10
505.958
 20
69.382
 10
506.053
 20
69.13
 10
506.061
 20
68.058
 10
505.815
 20
68.058
 10
505.803
 20
69.107
 10
505.701
 20
69.274
 10
505.51
 20
69.328
 10
505.268
 20
69.247
 10
505.146
 20
69.053
 10
505.126
 20
68.058
  0
LWPOLYLINE
  5
6EE
330
30
100
AcDbEntity
  8
PAFTA_ANTET
100
AcDbPolyline
 90
4
 70
1
 10
506.436
 20
69.775
 10
506.436
 20
70.058
 10
506.682
 20
70.058
 10
506.682
 20
69.775
  0
LWPOLYLINE
  5
6EF
330
30
100
AcDbEntity
  8
PAFTA_ANTET
100
AcDbPolyline
 90
4
 70
1
 10
506.436
 20
68.058
 10
506.436
 20
69.507
 10
506.682
 20
69.507
 10
506.682
 20
68.058
  0
LWPOLYLINE
  5
6F0
330
30
100
AcDbEntity
  8
PAFTA_ANTET
100
AcDbPolyline
 90
34
 70
1
 10
506.957
 20
68.49
 10
507.2
 20
68.528
 10
507.296
 20
68.321
 10
507.511
 20
68.23
 10
507.769
 20
68.261
 10
507.901
 20
68.404
 10
507.902
 20
68.504
 10
507.836
 20
68.589
 10
507.259
 20
68.769
 10
507.063
 20
68.91
 10
507.003
 20
69.06
 10
507.009
 20
69.215
 10
507.083
 20
69.363
 10
507.201
 20
69.463
 10
507.465
 20
69.537
 10
507.805
 20
69.5
 10
508.008
 20
69.374
 10
508.101
 20
69.16
 10
507.866
 20
69.1
 10
507.771
 20
69.275
 10
507.549
 20
69.338
 10
507.341
 20
69.302
 10
507.238
 20
69.18
 10
507.25
 20
69.088
 10
507.324
 20
69.016
 10
507.918
 20
68.832
 10
508.102
 20
68.694
 10
508.158
 20
68.532
 10
508.143
 20
68.364
 10
507.958
 20
68.124
 10
507.643
 20
68.027
 10
507.286
 20
68.067
 10
507.091
 20
68.194
 10
506.966
 20
68.445
  0
LWPOLYLINE
  5
6F1
330
30
100
AcDbEntity
  8
PAFTA_ANTET
100
AcDbPolyline
 90
12
 70
1
 10
509.26
 20
68.058
 10
509.26
 20
70.058
 10
510.038
 20
70.057
 10
510.372
 20
70.011
 10
510.659
 20
69.829
 10
510.835
 20
69.544
 10
510.907
 20
69.224
 10
510.909
 20
68.937
 10
510.771
 20
68.448
 10
510.655
 20
68.289
 10
510.479
 20
68.155
 10
509.982
 20
68.058
  0
LWPOLYLINE
  5
6F2
330
30
100
AcDbEntity
  8
PAFTA_ANTET
100
AcDbPolyline
 90
9
 70
1
 10
509.525
 20
68.294
 10
510.128
 20
68.303
 10
510.397
 20
68.397
 10
510.577
 20
68.656
 10
510.641
 20
69.073
 10
510.575
 20
69.482
 10
510.372
 20
69.737
 10
510.149
 20
69.812
 10
509.525
 20
69.822
  0
LWPOLYLINE
  5
6F3
330
30
100
AcDbEntity
  8
PAFTA_ANTET
100
AcDbPolyline
 90
12
 70
1
 10
511.244
 20
68.058
 10
511.244
 20
69.507
 10
511.465
 20
69.507
 10
511.465
 20
69.287
 10
511.607
 20
69.479
 10
511.761
 20
69.539
 10
512.031
 20
69.46
 10
511.946
 20
69.232
 10
511.704
 20
69.278
 10
511.536
 20
69.12
 10
511.491
 20
68.878
 10
511.489
 20
68.058
  0
LWPOLYLINE
  5
6F4
330
30
100
AcDbEntity
  8
PAFTA_ANTET
100
AcDbPolyline
 90
22
 70
1
 10
513.122
 20
68.237
 10
512.834
 20
68.064
 10
512.498
 20
68.03
 10
512.222
 20
68.142
 10
512.099
 20
68.37
 10
512.133
 20
68.616
 10
512.301
 20
68.796
 10
513.102
 20
68.977
 10
513.059
 20
69.225
 10
512.825
 20
69.333
 10
512.516
 20
69.287
 10
512.376
 20
69.061
 10
512.136
 20
69.093
 10
512.229
 20
69.323
 10
512.519
 20
69.507
 10
512.987
 20
69.524
 10
513.25
 20
69.399
 10
513.344
 20
69.172
 10
513.36
 20
68.278
 10
513.428
 20
68.058
 10
513.171
 20
68.058
 10
513.125
 20
68.216
  0
LWPOLYLINE
  5
6F5
330
30
100
AcDbEntity
  8
PAFTA_ANTET
100
AcDbPolyline
 90
10
 70
1
 10
513.102
 20
68.785
 10
512.487
 20
68.643
 10
512.397
 20
68.574
 10
512.356
 20
68.459
 10
512.382
 20
68.341
 10
512.462
 20
68.259
 10
512.62
 20
68.218
 10
512.807
 20
68.24
 10
513.039
 20
68.408
 10
513.102
 20
68.695
  0
LWPOLYLINE
  5
6F6
330
30
100
AcDbEntity
  8
PAFTA_ANTET
100
AcDbPolyline
 90
13
 70
1
 10
513.998
 20
68.058
 10
513.555
 20
69.507
 10
513.809
 20
69.507
 10
514.125
 20
68.359
 10
514.431
 20
69.507
 10
514.683
 20
69.507
 10
514.972
 20
68.389
 10
515.304
 20
69.507
 10
515.543
 20
69.507
 10
515.09
 20
68.058
 10
514.834
 20
68.058
 10
514.548
 20
69.172
 10
514.255
 20
68.058
  0
LWPOLYLINE
  5
6F7
330
30
100
AcDbEntity
  8
PAFTA_ANTET
100
AcDbPolyline
 90
4
 70
1
 10
515.75
 20
69.775
 10
515.75
 20
70.058
 10
515.995
 20
70.058
 10
515.995
 20
69.775
  0
LWPOLYLINE
  5
6F8
330
30
100
AcDbEntity
  8
PAFTA_ANTET
100
AcDbPolyline
 90
4
 70
1
 10
515.75
 20
68.058
 10
515.75
 20
69.507
 10
515.995
 20
69.507
 10
515.995
 20
68.058
  0
LWPOLYLINE
  5
6F9
330
30
100
AcDbEntity
  8
PAFTA_ANTET
100
AcDbPolyline
 90
16
 70
1
 10
516.369
 20
68.058
 10
516.369
 20
69.507
 10
516.59
 20
69.507
 10
516.59
 20
69.301
 10
516.785
 20
69.48
 10
517.051
 20
69.539
 10
517.371
 20
69.45
 10
517.517
 20
69.248
 10
517.547
 20
68.058
 10
517.301
 20
68.058
 10
517.283
 20
69.131
 10
517.185
 20
69.273
 10
517.0
 20
69.327
 10
516.776
 20
69.263
 10
516.643
 20
69.083
 10
516.615
 20
68.058
  0
LWPOLYLINE
  5
6FA
330
30
100
AcDbEntity
  8
PAFTA_ANTET
100
AcDbPolyline
 90
29
 70
1
 10
517.878
 20
67.938
 10
518.117
 20
67.902
 10
518.187
 20
67.752
 10
518.361
 20
67.679
 10
518.601
 20
67.69
 10
518.778
 20
67.805
 10
518.839
 20
67.932
 10
518.856
 20
68.247
 10
518.715
 20
68.126
 10
518.548
 20
68.065
 10
518.288
 20
68.077
 10
518.103
 20
68.163
 10
517.962
 20
68.317
 10
517.87
 20
68.51
 10
517.848
 20
68.99
 10
517.975
 20
69.301
 10
518.212
 20
69.493
 10
518.382
 20
69.536
 10
518.602
 20
69.521
 10
518.879
 20
69.332
 10
518.879
 20
69.507
 10
519.106
 20
69.507
 10
519.1
 20
68.069
 10
518.988
 20
67.695
 10
518.723
 20
67.51
 10
518.305
 20
67.48
 10
518.002
 20
67.611
 10
517.914
 20
67.733
 10
517.879
 20
67.892
  0
LWPOLYLINE
  5
6FB
330
30
100
AcDbEntity
  8
PAFTA_ANTET
100
AcDbPolyline
 90
15
 70
1
 10
518.081
 20
68.808
 10
518.173
 20
68.42
 10
518.294
 20
68.308
 10
518.445
 20
68.262
 10
518.605
 20
68.282
 10
518.762
 20
68.391
 10
518.836
 20
68.519
 10
518.876
 20
68.746
 10
518.801
 20
69.142
 10
518.684
 20
69.27
 10
518.539
 20
69.331
 10
518.351
 20
69.315
 10
518.219
 20
69.228
 10
518.123
 20
69.076
 10
518.083
 20
68.859
  0
LWPOLYLINE
  5
6FC
330
30
100
AcDbEntity
  8
PAFTA_ANTET
100
AcDbPolyline
 90
4
 70
1
 10
520.255
 20
69.775
 10
520.255
 20
70.058
 10
520.5
 20
70.058
 10
520.5
 20
69.775
  0
LWPOLYLINE
  5
6FD
330
30
100
AcDbEntity
  8
PAFTA_ANTET
100
AcDbPolyline
 90
4
 70
1
 10
520.255
 20
68.058
 10
520.255
 20
69.507
 10
520.5
 20
69.507
 10
520.5
 20
68.058
  0
LWPOLYLINE
  5
6FE
330
30
100
AcDbEntity
  8
PAFTA_ANTET
100
AcDbPolyline
 90
33
 70
1
 10
520.776
 20
68.49
 10
521.019
 20
68.528
 10
521.115
 20
68.321
 10
521.33
 20
68.23
 10
521.588
 20
68.261
 10
521.719
 20
68.404
 10
521.72
 20
68.504
 10
521.654
 20
68.589
 10
521.077
 20
68.769
 10
520.882
 20
68.91
 10
520.825
 20
69.04
 10
520.828
 20
69.215
 10
521.006
 20
69.455
 10
521.284
 20
69.537
 10
521.623
 20
69.5
 10
521.827
 20
69.374
 10
521.92
 20
69.16
 10
521.684
 20
69.1
 10
521.59
 20
69.275
 10
521.368
 20
69.338
 10
521.159
 20
69.302
 10
521.057
 20
69.18
 10
521.132
 20
69.022
 10
521.737
 20
68.832
 10
521.92
 20
68.694
 10
521.974
 20
68.555
 10
521.968
 20
68.388
 10
521.893
 20
68.231
 10
521.776
 20
68.124
 10
521.462
 20
68.027
 10
521.105
 20
68.067
 10
520.91
 20
68.194
 10
520.785
 20
68.445
  0
LWPOLYLINE
  5
6FF
330
30
100
AcDbEntity
  8
PAFTA_ANTET
100
AcDbPolyline
 90
29
 70
1
 10
523.993
 20
68.589
 10
524.234
 20
68.557
 10
524.164
 20
68.335
 10
524.032
 20
68.166
 10
523.767
 20
68.038
 10
523.412
 20
68.056
 10
523.19
 20
68.183
 10
523.061
 20
68.351
 10
522.979
 20
68.638
 10
522.985
 20
68.955
 10
523.084
 20
69.254
 10
523.256
 20
69.433
 10
523.559
 20
69.536
 10
523.885
 20
69.496
 10
524.099
 20
69.339
 10
524.211
 20
69.081
 10
523.972
 20
69.044
 10
523.899
 20
69.213
 10
523.796
 20
69.301
 10
523.642
 20
69.338
 10
523.474
 20
69.304
 10
523.341
 20
69.204
 10
523.266
 20
69.073
 10
523.229
 20
68.673
 10
523.315
 20
68.387
 10
523.559
 20
68.232
 10
523.711
 20
68.235
 10
523.85
 20
68.299
 10
523.987
 20
68.553
  0
LWPOLYLINE
  5
700
330
30
100
AcDbEntity
  8
PAFTA_ANTET
100
AcDbPolyline
 90
17
 70
1
 10
524.353
 20
68.782
 10
524.409
 20
69.133
 10
524.534
 20
69.338
 10
524.739
 20
69.481
 10
525.032
 20
69.539
 10
525.304
 20
69.49
 10
525.521
 20
69.344
 10
525.663
 20
69.111
 10
525.71
 20
68.803
 10
525.669
 20
68.47
 10
525.547
 20
68.246
 10
525.35
 20
68.097
 10
525.07
 20
68.026
 10
524.757
 20
68.074
 10
524.54
 20
68.22
 10
524.42
 20
68.404
 10
524.355
 20
68.711
  0
LWPOLYLINE
  5
701
330
30
100
AcDbEntity
  8
PAFTA_ANTET
100
AcDbPolyline
 90
16
 70
1
 10
524.605
 20
68.782
 10
524.625
 20
68.582
 10
524.704
 20
68.395
 10
524.834
 20
68.277
 10
524.996
 20
68.228
 10
525.169
 20
68.249
 10
525.336
 20
68.366
 10
525.428
 20
68.542
 10
525.457
 20
68.735
 10
525.38
 20
69.137
 10
525.257
 20
69.268
 10
525.102
 20
69.331
 10
524.927
 20
69.324
 10
524.752
 20
69.225
 10
524.649
 20
69.066
 10
524.607
 20
68.837
  0
LWPOLYLINE
  5
702
330
30
100
AcDbEntity
  8
PAFTA_ANTET
100
AcDbPolyline
 90
15
 70
1
 10
525.998
 20
67.503
 10
525.998
 20
69.507
 10
526.222
 20
69.507
 10
526.222
 20
69.318
 10
526.381
 20
69.473
 10
526.614
 20
69.539
 10
526.911
 20
69.478
 10
527.134
 20
69.272
 10
527.25
 20
68.915
 10
527.236
 20
68.582
 10
527.101
 20
68.264
 10
526.82
 20
68.059
 10
526.508
 20
68.038
 10
526.244
 20
68.208
 10
526.244
 20
67.503
  0
LWPOLYLINE
  5
703
330
30
100
AcDbEntity
  8
PAFTA_ANTET
100
AcDbPolyline
 90
15
 70
1
 10
526.221
 20
68.774
 10
526.312
 20
68.389
 10
526.432
 20
68.275
 10
526.576
 20
68.228
 10
526.731
 20
68.249
 10
526.888
 20
68.365
 10
526.976
 20
68.542
 10
527.004
 20
68.738
 10
526.932
 20
69.149
 10
526.819
 20
69.28
 10
526.65
 20
69.346
 10
526.499
 20
69.324
 10
526.341
 20
69.2
 10
526.264
 20
69.062
 10
526.222
 20
68.829
  0
LWPOLYLINE
  5
704
330
30
100
AcDbEntity
  8
PAFTA_ANTET
100
AcDbPolyline
 90
13
 70
1
 10
527.541
 20
67.5
 10
527.514
 20
67.73
 10
527.701
 20
67.711
 10
527.813
 20
67.754
 10
527.963
 20
68.055
 10
527.413
 20
69.507
 10
527.678
 20
69.507
 10
528.084
 20
68.332
 10
528.495
 20
69.507
 10
528.74
 20
69.507
 10
528.038
 20
67.681
 10
527.828
 20
67.49
 10
527.558
 20
67.494
  0
LWPOLYLINE
  5
705
330
30
100
AcDbEntity
  8
PAFTA_ANTET
100
AcDbPolyline
 90
12
 70
1
 10
528.946
 20
68.058
 10
528.946
 20
69.507
 10
529.167
 20
69.507
 10
529.167
 20
69.287
 10
529.309
 20
69.479
 10
529.464
 20
69.539
 10
529.734
 20
69.46
 10
529.649
 20
69.232
 10
529.407
 20
69.278
 10
529.245
 20
69.136
 10
529.192
 20
68.847
 10
529.192
 20
68.058
  0
LWPOLYLINE
  5
706
330
30
100
AcDbEntity
  8
PAFTA_ANTET
100
AcDbPolyline
 90
4
 70
1
 10
529.881
 20
69.775
 10
529.881
 20
70.058
 10
530.126
 20
70.058
 10
530.126
 20
69.775
  0
LWPOLYLINE
  5
707
330
30
100
AcDbEntity
  8
PAFTA_ANTET
100
AcDbPolyline
 90
4
 70
1
 10
529.881
 20
68.058
 10
529.881
 20
69.507
 10
530.126
 20
69.507
 10
530.126
 20
68.058
  0
LWPOLYLINE
  5
708
330
30
100
AcDbEntity
  8
PAFTA_ANTET
100
AcDbPolyline
 90
29
 70
1
 10
530.455
 20
67.938
 10
530.694
 20
67.902
 10
530.764
 20
67.752
 10
530.938
 20
67.679
 10
531.178
 20
67.69
 10
531.355
 20
67.805
 10
531.416
 20
67.932
 10
531.433
 20
68.247
 10
531.292
 20
68.126
 10
531.125
 20
68.065
 10
530.865
 20
68.077
 10
530.68
 20
68.163
 10
530.539
 20
68.317
 10
530.447
 20
68.51
 10
530.425
 20
68.99
 10
530.552
 20
69.301
 10
530.789
 20
69.493
 10
530.959
 20
69.536
 10
531.179
 20
69.521
 10
531.457
 20
69.332
 10
531.457
 20
69.507
 10
531.683
 20
69.507
 10
531.677
 20
68.069
 10
531.566
 20
67.695
 10
531.3
 20
67.51
 10
530.882
 20
67.48
 10
530.579
 20
67.611
 10
530.491
 20
67.733
 10
530.456
 20
67.892
  0
LWPOLYLINE
  5
709
330
30
100
AcDbEntity
  8
PAFTA_ANTET
100
AcDbPolyline
 90
15
 70
1
 10
530.658
 20
68.808
 10
530.75
 20
68.42
 10
530.871
 20
68.308
 10
531.022
 20
68.262
 10
531.182
 20
68.282
 10
531.339
 20
68.391
 10
531.413
 20
68.519
 10
531.453
 20
68.746
 10
531.378
 20
69.142
 10
531.261
 20
69.27
 10
531.116
 20
69.331
 10
530.928
 20
69.315
 10
530.797
 20
69.228
 10
530.7
 20
69.076
 10
530.66
 20
68.859
  0
LWPOLYLINE
  5
70A
330
30
100
AcDbEntity
  8
PAFTA_ANTET
100
AcDbPolyline
 90
16
 70
1
 10
532.054
 20
68.058
 10
532.054
 20
70.058
 10
532.3
 20
70.058
 10
532.3
 20
69.34
 10
532.538
 20
69.508
 10
532.884
 20
69.524
 10
533.131
 20
69.382
 10
533.226
 20
69.13
 10
533.234
 20
68.058
 10
532.989
 20
68.058
 10
532.976
 20
69.107
 10
532.874
 20
69.274
 10
532.683
 20
69.328
 10
532.459
 20
69.26
 10
532.326
 20
69.076
 10
532.3
 20
68.058
  0
LWPOLYLINE
  5
70B
330
30
100
AcDbEntity
  8
PAFTA_ANTET
100
AcDbPolyline
 90
18
 70
1
 10
534.144
 20
68.277
 10
534.18
 20
68.061
 10
533.875
 20
68.049
 10
533.705
 20
68.153
 10
533.654
 20
68.4
 10
533.653
 20
69.316
 10
533.473
 20
69.316
 10
533.473
 20
69.507
 10
533.653
 20
69.507
 10
533.653
 20
69.865
 10
533.897
 20
70.013
 10
533.897
 20
69.507
 10
534.144
 20
69.507
 10
534.144
 20
69.316
 10
533.897
 20
69.316
 10
533.9
 20
68.382
 10
533.965
 20
68.279
 10
534.131
 20
68.276
  0
LWPOLYLINE
  5
70C
330
30
100
AcDbEntity
  8
PAFTA_ANTET
100
AcDbPolyline
 90
21
 70
1
 10
535.376
 20
68.524
 10
535.63
 20
68.493
 10
535.521
 20
68.262
 10
535.339
 20
68.104
 10
534.993
 20
68.025
 10
534.612
 20
68.121
 10
534.422
 20
68.305
 10
534.332
 20
68.513
 10
534.304
 20
68.841
 10
534.349
 20
69.095
 10
534.491
 20
69.338
 10
534.757
 20
69.507
 10
535.091
 20
69.532
 10
535.334
 20
69.442
 10
535.572
 20
69.158
 10
535.637
 20
68.719
 10
534.556
 20
68.719
 10
534.647
 20
68.409
 10
534.891
 20
68.238
 10
535.185
 20
68.272
 10
535.365
 20
68.494
  0
LWPOLYLINE
  5
70D
330
30
100
AcDbEntity
  8
PAFTA_ANTET
100
AcDbPolyline
 90
8
 70
1
 10
534.57
 20
68.921
 10
535.379
 20
68.921
 10
535.262
 20
69.223
 10
535.12
 20
69.315
 10
534.982
 20
69.338
 10
534.826
 20
69.309
 10
534.697
 20
69.224
 10
534.573
 20
68.959
  0
LWPOLYLINE
  5
70E
330
30
100
AcDbEntity
  8
PAFTA_ANTET
100
AcDbPolyline
 90
17
 70
1
 10
536.878
 20
68.058
 10
536.878
 20
68.241
 10
536.708
 20
68.079
 10
536.525
 20
68.027
 10
536.307
 20
68.049
 10
536.126
 20
68.14
 10
535.929
 20
68.387
 10
535.849
 20
68.781
 10
535.937
 20
69.209
 10
536.168
 20
69.463
 10
536.358
 20
69.531
 10
536.562
 20
69.531
 10
536.735
 20
69.461
 10
536.862
 20
69.34
 10
536.862
 20
70.058
 10
537.106
 20
70.058
 10
537.106
 20
68.058
  0
LWPOLYLINE
  5
70F
330
30
100
AcDbEntity
  8
PAFTA_ANTET
100
AcDbPolyline
 90
15
 70
1
 10
536.102
 20
68.781
 10
536.197
 20
68.394
 10
536.347
 20
68.261
 10
536.496
 20
68.227
 10
536.672
 20
68.274
 10
536.791
 20
68.386
 10
536.882
 20
68.76
 10
536.854
 20
69.018
 10
536.789
 20
69.168
 10
536.667
 20
69.286
 10
536.518
 20
69.335
 10
536.335
 20
69.303
 10
536.212
 20
69.202
 10
536.141
 20
69.071
 10
536.103
 20
68.837
  0
LWPOLYLINE
  5
710
330
30
100
AcDbEntity
  8
PAFTA_ANTET
100
AcDbPolyline
 90
4
 70
1
 10
537.562
 20
68.058
 10
537.562
 20
68.338
 10
537.841
 20
68.338
 10
537.841
 20
68.058
  0
LWPOLYLINE
  5
711
330
30
100
AcDbEntity
  8
PAFTA_ANTET
100
AcDbPolyline
 90
18
 70
1
 10
539.08
 20
68.058
 10
539.08
 20
70.058
 10
540.069
 20
70.056
 10
540.344
 20
70.014
 10
540.56
 20
69.865
 10
540.676
 20
69.577
 10
540.657
 20
69.353
 10
540.541
 20
69.153
 10
540.366
 20
69.034
 10
540.115
 20
68.968
 10
540.41
 20
68.721
 10
540.843
 20
68.058
 10
540.51
 20
68.058
 10
540.011
 20
68.802
 10
539.86
 20
68.916
 10
539.69
 20
68.946
 10
539.345
 20
68.946
 10
539.345
 20
68.058
  0
LWPOLYLINE
  5
712
330
30
100
AcDbEntity
  8
PAFTA_ANTET
100
AcDbPolyline
 90
7
 70
1
 10
539.345
 20
69.175
 10
540.153
 20
69.199
 10
540.33
 20
69.302
 10
540.406
 20
69.493
 10
540.356
 20
69.686
 10
540.202
 20
69.804
 10
539.345
 20
69.837
  0
LWPOLYLINE
  5
713
330
30
100
AcDbEntity
  8
PAFTA_ANTET
100
AcDbPolyline
 90
21
 70
1
 10
542.054
 20
68.524
 10
542.308
 20
68.493
 10
542.199
 20
68.262
 10
542.017
 20
68.104
 10
541.671
 20
68.025
 10
541.29
 20
68.121
 10
541.1
 20
68.305
 10
541.01
 20
68.513
 10
540.982
 20
68.841
 10
541.048
 20
69.15
 10
541.207
 20
69.376
 10
541.435
 20
69.507
 10
541.769
 20
69.532
 10
542.012
 20
69.442
 10
542.25
 20
69.158
 10
542.315
 20
68.719
 10
541.234
 20
68.719
 10
541.325
 20
68.409
 10
541.569
 20
68.238
 10
541.863
 20
68.272
 10
542.043
 20
68.494
  0
LWPOLYLINE
  5
714
330
30
100
AcDbEntity
  8
PAFTA_ANTET
100
AcDbPolyline
 90
8
 70
1
 10
541.248
 20
68.921
 10
542.057
 20
68.921
 10
541.94
 20
69.223
 10
541.798
 20
69.315
 10
541.66
 20
69.338
 10
541.504
 20
69.309
 10
541.375
 20
69.224
 10
541.251
 20
68.959
  0
LWPOLYLINE
  5
715
330
30
100
AcDbEntity
  8
PAFTA_ANTET
100
AcDbPolyline
 90
15
 70
1
 10
542.616
 20
67.503
 10
542.616
 20
69.507
 10
542.84
 20
69.507
 10
542.84
 20
69.318
 10
542.999
 20
69.473
 10
543.232
 20
69.539
 10
543.529
 20
69.478
 10
543.752
 20
69.272
 10
543.862
 20
68.954
 10
543.854
 20
68.582
 10
543.719
 20
68.264
 10
543.438
 20
68.059
 10
543.126
 20
68.038
 10
542.862
 20
68.208
 10
542.862
 20
67.503
  0
LWPOLYLINE
  5
716
330
30
100
AcDbEntity
  8
PAFTA_ANTET
100
AcDbPolyline
 90
15
 70
1
 10
542.839
 20
68.774
 10
542.93
 20
68.389
 10
543.05
 20
68.275
 10
543.194
 20
68.228
 10
543.349
 20
68.249
 10
543.506
 20
68.365
 10
543.594
 20
68.542
 10
543.622
 20
68.738
 10
543.55
 20
69.149
 10
543.437
 20
69.28
 10
543.268
 20
69.346
 10
543.117
 20
69.324
 10
542.959
 20
69.2
 10
542.882
 20
69.062
 10
542.84
 20
68.829
  0
LWPOLYLINE
  5
717
330
30
100
AcDbEntity
  8
PAFTA_ANTET
100
AcDbPolyline
 90
12
 70
1
 10
544.167
 20
68.058
 10
544.167
 20
69.507
 10
544.388
 20
69.507
 10
544.388
 20
69.287
 10
544.53
 20
69.479
 10
544.685
 20
69.539
 10
544.955
 20
69.46
 10
544.87
 20
69.232
 10
544.628
 20
69.278
 10
544.466
 20
69.136
 10
544.413
 20
68.847
 10
544.413
 20
68.058
  0
LWPOLYLINE
  5
718
330
30
100
AcDbEntity
  8
PAFTA_ANTET
100
AcDbPolyline
 90
17
 70
1
 10
545.009
 20
68.782
 10
545.065
 20
69.133
 10
545.19
 20
69.338
 10
545.395
 20
69.481
 10
545.688
 20
69.539
 10
545.96
 20
69.49
 10
546.177
 20
69.344
 10
546.319
 20
69.111
 10
546.367
 20
68.803
 10
546.325
 20
68.47
 10
546.203
 20
68.246
 10
546.006
 20
68.097
 10
545.726
 20
68.026
 10
545.464
 20
68.056
 10
545.235
 20
68.183
 10
545.077
 20
68.404
 10
545.011
 20
68.711
  0
LWPOLYLINE
  5
719
330
30
100
AcDbEntity
  8
PAFTA_ANTET
100
AcDbPolyline
 90
16
 70
1
 10
545.261
 20
68.782
 10
545.281
 20
68.582
 10
545.36
 20
68.395
 10
545.49
 20
68.277
 10
545.652
 20
68.228
 10
545.825
 20
68.249
 10
545.993
 20
68.366
 10
546.084
 20
68.542
 10
546.113
 20
68.735
 10
546.036
 20
69.137
 10
545.913
 20
69.268
 10
545.759
 20
69.331
 10
545.584
 20
69.324
 10
545.408
 20
69.225
 10
545.305
 20
69.066
 10
545.263
 20
68.837
  0
LWPOLYLINE
  5
71A
330
30
100
AcDbEntity
  8
PAFTA_ANTET
100
AcDbPolyline
 90
17
 70
1
 10
547.594
 20
68.058
 10
547.594
 20
68.241
 10
547.424
 20
68.079
 10
547.241
 20
68.027
 10
547.023
 20
68.049
 10
546.842
 20
68.14
 10
546.63
 20
68.422
 10
546.566
 20
68.781
 10
546.653
 20
69.209
 10
546.884
 20
69.463
 10
547.074
 20
69.531
 10
547.278
 20
69.531
 10
547.451
 20
69.461
 10
547.578
 20
69.34
 10
547.578
 20
70.058
 10
547.822
 20
70.058
 10
547.822
 20
68.058
  0
LWPOLYLINE
  5
71B
330
30
100
AcDbEntity
  8
PAFTA_ANTET
100
AcDbPolyline
 90
13
 70
1
 10
546.818
 20
68.781
 10
546.913
 20
68.394
 10
547.063
 20
68.261
 10
547.212
 20
68.227
 10
547.388
 20
68.274
 10
547.507
 20
68.386
 10
547.598
 20
68.76
 10
547.506
 20
69.168
 10
547.384
 20
69.286
 10
547.235
 20
69.335
 10
547.051
 20
69.303
 10
546.928
 20
69.202
 10
546.819
 20
68.837
  0
LWPOLYLINE
  5
71C
330
30
100
AcDbEntity
  8
PAFTA_ANTET
100
AcDbPolyline
 90
18
 70
1
 10
549.158
 20
68.058
 10
549.158
 20
68.271
 10
549.003
 20
68.113
 10
548.755
 20
68.028
 10
548.481
 20
68.065
 10
548.283
 20
68.213
 10
548.205
 20
68.497
 10
548.203
 20
69.507
 10
548.448
 20
69.507
 10
548.463
 20
68.444
 10
548.547
 20
68.303
 10
548.725
 20
68.237
 10
548.935
 20
68.282
 10
549.083
 20
68.428
 10
549.13
 20
68.66
 10
549.132
 20
69.507
 10
549.377
 20
69.507
 10
549.377
 20
68.058
  0
LWPOLYLINE
  5
71D
330
30
100
AcDbEntity
  8
PAFTA_ANTET
100
AcDbPolyline
 90
29
 70
1
 10
550.708
 20
68.589
 10
550.949
 20
68.557
 10
550.879
 20
68.335
 10
550.746
 20
68.166
 10
550.482
 20
68.038
 10
550.127
 20
68.056
 10
549.905
 20
68.183
 10
549.776
 20
68.351
 10
549.694
 20
68.638
 10
549.7
 20
68.955
 10
549.799
 20
69.254
 10
549.971
 20
69.433
 10
550.274
 20
69.536
 10
550.6
 20
69.496
 10
550.814
 20
69.339
 10
550.926
 20
69.081
 10
550.687
 20
69.044
 10
550.614
 20
69.213
 10
550.511
 20
69.301
 10
550.357
 20
69.338
 10
550.189
 20
69.304
 10
550.055
 20
69.204
 10
549.981
 20
69.073
 10
549.944
 20
68.673
 10
550.03
 20
68.387
 10
550.274
 20
68.232
 10
550.426
 20
68.235
 10
550.565
 20
68.299
 10
550.702
 20
68.553
  0
LWPOLYLINE
  5
71E
330
30
100
AcDbEntity
  8
PAFTA_ANTET
100
AcDbPolyline
 90
18
 70
1
 10
551.695
 20
68.277
 10
551.731
 20
68.061
 10
551.427
 20
68.049
 10
551.256
 20
68.153
 10
551.205
 20
68.4
 10
551.204
 20
69.316
 10
551.024
 20
69.316
 10
551.024
 20
69.507
 10
551.204
 20
69.507
 10
551.204
 20
69.865
 10
551.448
 20
70.013
 10
551.448
 20
69.507
 10
551.695
 20
69.507
 10
551.695
 20
69.316
 10
551.448
 20
69.316
 10
551.453
 20
68.369
 10
551.516
 20
68.279
 10
551.682
 20
68.276
  0
LWPOLYLINE
  5
71F
330
30
100
AcDbEntity
  8
PAFTA_ANTET
100
AcDbPolyline
 90
4
 70
1
 10
551.937
 20
69.775
 10
551.937
 20
70.058
 10
552.182
 20
70.058
 10
552.182
 20
69.775
  0
LWPOLYLINE
  5
720
330
30
100
AcDbEntity
  8
PAFTA_ANTET
100
AcDbPolyline
 90
4
 70
1
 10
551.937
 20
68.058
 10
551.937
 20
69.507
 10
552.182
 20
69.507
 10
552.182
 20
68.058
  0
LWPOLYLINE
  5
721
330
30
100
AcDbEntity
  8
PAFTA_ANTET
100
AcDbPolyline
 90
17
 70
1
 10
552.465
 20
68.782
 10
552.521
 20
69.133
 10
552.646
 20
69.338
 10
552.851
 20
69.481
 10
553.144
 20
69.539
 10
553.416
 20
69.49
 10
553.633
 20
69.344
 10
553.775
 20
69.111
 10
553.822
 20
68.803
 10
553.781
 20
68.47
 10
553.659
 20
68.246
 10
553.462
 20
68.097
 10
553.182
 20
68.026
 10
552.869
 20
68.074
 10
552.652
 20
68.22
 10
552.532
 20
68.404
 10
552.467
 20
68.711
  0
LWPOLYLINE
  5
722
330
30
100
AcDbEntity
  8
PAFTA_ANTET
100
AcDbPolyline
 90
15
 70
1
 10
552.717
 20
68.782
 10
552.815
 20
68.395
 10
552.946
 20
68.277
 10
553.108
 20
68.228
 10
553.281
 20
68.249
 10
553.448
 20
68.366
 10
553.526
 20
68.501
 10
553.569
 20
68.735
 10
553.492
 20
69.137
 10
553.369
 20
69.268
 10
553.214
 20
69.331
 10
553.039
 20
69.324
 10
552.863
 20
69.225
 10
552.761
 20
69.066
 10
552.718
 20
68.837
  0
LWPOLYLINE
  5
723
330
30
100
AcDbEntity
  8
PAFTA_ANTET
100
AcDbPolyline
 90
16
 70
1
 10
554.11
 20
68.058
 10
554.11
 20
69.507
 10
554.331
 20
69.507
 10
554.331
 20
69.301
 10
554.526
 20
69.48
 10
554.792
 20
69.539
 10
555.112
 20
69.45
 10
555.258
 20
69.248
 10
555.287
 20
68.058
 10
555.042
 20
68.058
 10
555.024
 20
69.131
 10
554.926
 20
69.273
 10
554.74
 20
69.327
 10
554.517
 20
69.263
 10
554.384
 20
69.083
 10
554.356
 20
68.058
  0
LWPOLYLINE
  5
724
330
30
100
AcDbEntity
  8
PAFTA_ANTET
100
AcDbPolyline
 90
9
 70
1
 10
555.728
 20
68.058
 10
555.728
 20
68.338
 10
556.008
 20
68.338
 10
555.981
 20
67.871
 10
555.915
 20
67.756
 10
555.78
 20
67.662
 10
555.712
 20
67.767
 10
555.833
 20
67.881
 10
555.867
 20
68.058
  0
LWPOLYLINE
  5
725
330
30
100
AcDbEntity
  8
PAFTA_ANTET
100
AcDbPolyline
 90
18
 70
1
 10
557.753
 20
68.277
 10
557.788
 20
68.061
 10
557.484
 20
68.049
 10
557.313
 20
68.153
 10
557.264
 20
68.363
 10
557.261
 20
69.316
 10
557.081
 20
69.316
 10
557.081
 20
69.507
 10
557.261
 20
69.507
 10
557.261
 20
69.865
 10
557.506
 20
70.013
 10
557.506
 20
69.507
 10
557.753
 20
69.507
 10
557.753
 20
69.316
 10
557.506
 20
69.316
 10
557.51
 20
68.369
 10
557.574
 20
68.279
 10
557.74
 20
68.276
  0
LWPOLYLINE
  5
726
330
30
100
AcDbEntity
  8
PAFTA_ANTET
100
AcDbPolyline
 90
12
 70
1
 10
557.99
 20
68.058
 10
557.99
 20
69.507
 10
558.211
 20
69.507
 10
558.211
 20
69.287
 10
558.353
 20
69.479
 10
558.508
 20
69.539
 10
558.777
 20
69.46
 10
558.693
 20
69.232
 10
558.436
 20
69.274
 10
558.282
 20
69.12
 10
558.237
 20
68.878
 10
558.236
 20
68.058
  0
LWPOLYLINE
  5
727
330
30
100
AcDbEntity
  8
PAFTA_ANTET
100
AcDbPolyline
 90
22
 70
1
 10
559.869
 20
68.237
 10
559.529
 20
68.048
 10
559.202
 20
68.036
 10
558.944
 20
68.166
 10
558.841
 20
68.404
 10
558.888
 20
68.634
 10
559.047
 20
68.796
 10
559.848
 20
68.977
 10
559.805
 20
69.225
 10
559.571
 20
69.333
 10
559.262
 20
69.287
 10
559.122
 20
69.061
 10
558.882
 20
69.093
 10
558.99
 20
69.342
 10
559.265
 20
69.507
 10
559.733
 20
69.524
 10
559.996
 20
69.399
 10
560.089
 20
69.19
 10
560.106
 20
68.278
 10
560.174
 20
68.058
 10
559.918
 20
68.058
 10
559.871
 20
68.216
  0
LWPOLYLINE
  5
728
330
30
100
AcDbEntity
  8
PAFTA_ANTET
100
AcDbPolyline
 90
9
 70
1
 10
559.848
 20
68.785
 10
559.233
 20
68.643
 10
559.143
 20
68.574
 10
559.102
 20
68.459
 10
559.138
 20
68.325
 10
559.227
 20
68.25
 10
559.553
 20
68.24
 10
559.798
 20
68.428
 10
559.848
 20
68.695
  0
LWPOLYLINE
  5
729
330
30
100
AcDbEntity
  8
PAFTA_ANTET
100
AcDbPolyline
 90
16
 70
1
 10
560.477
 20
68.058
 10
560.477
 20
69.507
 10
560.698
 20
69.507
 10
560.698
 20
69.301
 10
560.893
 20
69.48
 10
561.159
 20
69.539
 10
561.479
 20
69.45
 10
561.625
 20
69.248
 10
561.654
 20
68.058
 10
561.409
 20
68.058
 10
561.391
 20
69.131
 10
561.293
 20
69.273
 10
561.107
 20
69.327
 10
560.884
 20
69.263
 10
560.751
 20
69.083
 10
560.723
 20
68.058
  0
LWPOLYLINE
  5
72A
330
30
100
AcDbEntity
  8
PAFTA_ANTET
100
AcDbPolyline
 90
35
 70
1
 10
561.933
 20
68.49
 10
562.176
 20
68.528
 10
562.271
 20
68.321
 10
562.487
 20
68.23
 10
562.745
 20
68.261
 10
562.876
 20
68.404
 10
562.877
 20
68.504
 10
562.811
 20
68.589
 10
562.234
 20
68.769
 10
562.039
 20
68.91
 10
561.978
 20
69.06
 10
561.985
 20
69.215
 10
562.163
 20
69.455
 10
562.44
 20
69.537
 10
562.753
 20
69.508
 10
562.97
 20
69.389
 10
563.071
 20
69.187
 10
563.081
 20
69.133
 10
562.841
 20
69.1
 10
562.746
 20
69.275
 10
562.525
 20
69.338
 10
562.316
 20
69.302
 10
562.212
 20
69.165
 10
562.235
 20
69.072
 10
562.311
 20
69.01
 10
562.894
 20
68.832
 10
563.077
 20
68.694
 10
563.131
 20
68.555
 10
563.125
 20
68.388
 10
563.049
 20
68.231
 10
562.933
 20
68.124
 10
562.619
 20
68.027
 10
562.262
 20
68.067
 10
562.042
 20
68.223
 10
561.942
 20
68.445
  0
LWPOLYLINE
  5
72B
330
30
100
AcDbEntity
  8
PAFTA_ANTET
100
AcDbPolyline
 90
30
 70
1
 10
563.428
 20
68.058
 10
563.428
 20
69.507
 10
563.648
 20
69.507
 10
563.648
 20
69.303
 10
563.829
 20
69.475
 10
564.058
 20
69.539
 10
564.351
 20
69.473
 10
564.496
 20
69.286
 10
564.65
 20
69.448
 10
564.838
 20
69.529
 10
565.064
 20
69.529
 10
565.275
 20
69.42
 10
565.362
 20
69.268
 10
565.39
 20
69.101
 10
565.391
 20
68.058
 10
565.147
 20
68.058
 10
565.132
 20
69.153
 10
565.049
 20
69.279
 10
564.889
 20
69.327
 10
564.678
 20
69.262
 10
564.55
 20
69.059
 10
564.534
 20
68.058
 10
564.289
 20
68.058
 10
564.288
 20
69.031
 10
564.24
 20
69.228
 10
564.169
 20
69.297
 10
564.032
 20
69.327
 10
563.792
 20
69.235
 10
563.683
 20
68.984
 10
563.673
 20
68.058
  0
LWPOLYLINE
  5
72C
330
30
100
AcDbEntity
  8
PAFTA_ANTET
100
AcDbPolyline
 90
4
 70
1
 10
565.757
 20
69.775
 10
565.757
 20
70.058
 10
566.002
 20
70.058
 10
566.002
 20
69.775
  0
LWPOLYLINE
  5
72D
330
30
100
AcDbEntity
  8
PAFTA_ANTET
100
AcDbPolyline
 90
4
 70
1
 10
565.757
 20
68.058
 10
565.757
 20
69.507
 10
566.002
 20
69.507
 10
566.002
 20
68.058
  0
LWPOLYLINE
  5
72E
330
30
100
AcDbEntity
  8
PAFTA_ANTET
100
AcDbPolyline
 90
33
 70
1
 10
566.278
 20
68.49
 10
566.521
 20
68.528
 10
566.617
 20
68.321
 10
566.832
 20
68.23
 10
567.09
 20
68.261
 10
567.221
 20
68.404
 10
567.222
 20
68.504
 10
567.156
 20
68.589
 10
566.579
 20
68.769
 10
566.384
 20
68.91
 10
566.327
 20
69.04
 10
566.33
 20
69.215
 10
566.508
 20
69.455
 10
566.786
 20
69.537
 10
567.125
 20
69.5
 10
567.329
 20
69.374
 10
567.422
 20
69.16
 10
567.186
 20
69.1
 10
567.092
 20
69.275
 10
566.87
 20
69.338
 10
566.661
 20
69.302
 10
566.559
 20
69.18
 10
566.634
 20
69.022
 10
567.239
 20
68.832
 10
567.422
 20
68.694
 10
567.476
 20
68.555
 10
567.47
 20
68.388
 10
567.395
 20
68.231
 10
567.278
 20
68.124
 10
566.964
 20
68.027
 10
566.607
 20
68.067
 10
566.412
 20
68.194
 10
566.287
 20
68.445
  0
LWPOLYLINE
  5
72F
330
30
100
AcDbEntity
  8
PAFTA_ANTET
100
AcDbPolyline
 90
33
 70
1
 10
567.675
 20
68.49
 10
567.918
 20
68.528
 10
568.014
 20
68.321
 10
568.229
 20
68.23
 10
568.487
 20
68.261
 10
568.618
 20
68.404
 10
568.619
 20
68.504
 10
568.553
 20
68.589
 10
567.976
 20
68.769
 10
567.781
 20
68.91
 10
567.724
 20
69.04
 10
567.727
 20
69.215
 10
567.905
 20
69.455
 10
568.183
 20
69.537
 10
568.522
 20
69.5
 10
568.726
 20
69.374
 10
568.819
 20
69.16
 10
568.583
 20
69.1
 10
568.489
 20
69.275
 10
568.267
 20
69.338
 10
568.058
 20
69.302
 10
567.956
 20
69.18
 10
568.031
 20
69.022
 10
568.636
 20
68.832
 10
568.819
 20
68.694
 10
568.873
 20
68.555
 10
568.867
 20
68.388
 10
568.792
 20
68.231
 10
568.675
 20
68.124
 10
568.361
 20
68.027
 10
568.004
 20
68.067
 10
567.809
 20
68.194
 10
567.684
 20
68.445
  0
LWPOLYLINE
  5
730
330
30
100
AcDbEntity
  8
PAFTA_ANTET
100
AcDbPolyline
 90
4
 70
1
 10
569.171
 20
69.775
 10
569.171
 20
70.058
 10
569.417
 20
70.058
 10
569.417
 20
69.775
  0
LWPOLYLINE
  5
731
330
30
100
AcDbEntity
  8
PAFTA_ANTET
100
AcDbPolyline
 90
4
 70
1
 10
569.171
 20
68.058
 10
569.171
 20
69.507
 10
569.417
 20
69.507
 10
569.417
 20
68.058
  0
LWPOLYLINE
  5
732
330
30
100
AcDbEntity
  8
PAFTA_ANTET
100
AcDbPolyline
 90
17
 70
1
 10
569.699
 20
68.782
 10
569.755
 20
69.133
 10
569.881
 20
69.338
 10
570.13
 20
69.499
 10
570.379
 20
69.539
 10
570.65
 20
69.49
 10
570.867
 20
69.344
 10
571.009
 20
69.111
 10
571.057
 20
68.803
 10
571.016
 20
68.47
 10
570.894
 20
68.246
 10
570.696
 20
68.097
 10
570.416
 20
68.026
 10
570.104
 20
68.074
 10
569.887
 20
68.22
 10
569.746
 20
68.458
 10
569.701
 20
68.711
  0
LWPOLYLINE
  5
733
330
30
100
AcDbEntity
  8
PAFTA_ANTET
100
AcDbPolyline
 90
16
 70
1
 10
569.952
 20
68.782
 10
569.971
 20
68.582
 10
570.05
 20
68.395
 10
570.18
 20
68.277
 10
570.343
 20
68.228
 10
570.515
 20
68.249
 10
570.683
 20
68.366
 10
570.761
 20
68.501
 10
570.803
 20
68.735
 10
570.726
 20
69.137
 10
570.604
 20
69.268
 10
570.449
 20
69.331
 10
570.274
 20
69.324
 10
570.098
 20
69.225
 10
569.995
 20
69.066
 10
569.953
 20
68.837
  0
LWPOLYLINE
  5
734
330
30
100
AcDbEntity
  8
PAFTA_ANTET
100
AcDbPolyline
 90
16
 70
1
 10
571.345
 20
68.058
 10
571.345
 20
69.507
 10
571.566
 20
69.507
 10
571.566
 20
69.301
 10
571.761
 20
69.48
 10
572.027
 20
69.539
 10
572.329
 20
69.461
 10
572.486
 20
69.267
 10
572.522
 20
68.058
 10
572.276
 20
68.058
 10
572.258
 20
69.131
 10
572.16
 20
69.273
 10
571.975
 20
69.327
 10
571.751
 20
69.263
 10
571.619
 20
69.083
 10
571.59
 20
68.058
  0
LWPOLYLINE
  5
735
330
30
100
AcDbEntity
  8
PAFTA_ANTET
100
AcDbPolyline
 90
23
 70
1
 10
574.62
 20
68.237
 10
574.332
 20
68.064
 10
573.996
 20
68.03
 10
573.72
 20
68.142
 10
573.597
 20
68.37
 10
573.631
 20
68.616
 10
573.799
 20
68.796
 10
574.6
 20
68.977
 10
574.557
 20
69.225
 10
574.323
 20
69.333
 10
574.014
 20
69.287
 10
573.874
 20
69.061
 10
573.634
 20
69.093
 10
573.727
 20
69.323
 10
573.833
 20
69.426
 10
574.017
 20
69.507
 10
574.485
 20
69.524
 10
574.748
 20
69.399
 10
574.842
 20
69.172
 10
574.858
 20
68.278
 10
574.926
 20
68.058
 10
574.669
 20
68.058
 10
574.623
 20
68.216
  0
LWPOLYLINE
  5
736
330
30
100
AcDbEntity
  8
PAFTA_ANTET
100
AcDbPolyline
 90
10
 70
1
 10
574.6
 20
68.785
 10
573.985
 20
68.643
 10
573.895
 20
68.574
 10
573.854
 20
68.459
 10
573.88
 20
68.341
 10
573.96
 20
68.259
 10
574.118
 20
68.218
 10
574.305
 20
68.24
 10
574.537
 20
68.408
 10
574.6
 20
68.695
  0
LWPOLYLINE
  5
737
330
30
100
AcDbEntity
  8
PAFTA_ANTET
100
AcDbPolyline
 90
16
 70
1
 10
575.229
 20
68.058
 10
575.229
 20
69.507
 10
575.45
 20
69.507
 10
575.45
 20
69.301
 10
575.645
 20
69.48
 10
575.911
 20
69.539
 10
576.213
 20
69.461
 10
576.37
 20
69.267
 10
576.406
 20
68.058
 10
576.161
 20
68.058
 10
576.142
 20
69.131
 10
576.044
 20
69.273
 10
575.859
 20
69.327
 10
575.611
 20
69.246
 10
575.503
 20
69.083
 10
575.474
 20
68.058
  0
LWPOLYLINE
  5
738
330
30
100
AcDbEntity
  8
PAFTA_ANTET
100
AcDbPolyline
 90
17
 70
1
 10
577.723
 20
68.058
 10
577.723
 20
68.241
 10
577.592
 20
68.103
 10
577.37
 20
68.027
 10
577.151
 20
68.049
 10
576.97
 20
68.14
 10
576.774
 20
68.387
 10
576.694
 20
68.781
 10
576.781
 20
69.209
 10
577.012
 20
69.463
 10
577.202
 20
69.531
 10
577.407
 20
69.531
 10
577.579
 20
69.461
 10
577.706
 20
69.34
 10
577.706
 20
70.058
 10
577.95
 20
70.058
 10
577.95
 20
68.058
  0
LWPOLYLINE
  5
739
330
30
100
AcDbEntity
  8
PAFTA_ANTET
100
AcDbPolyline
 90
13
 70
1
 10
576.946
 20
68.781
 10
577.041
 20
68.394
 10
577.192
 20
68.261
 10
577.341
 20
68.227
 10
577.516
 20
68.274
 10
577.636
 20
68.386
 10
577.727
 20
68.76
 10
577.634
 20
69.168
 10
577.512
 20
69.286
 10
577.363
 20
69.335
 10
577.179
 20
69.303
 10
577.056
 20
69.202
 10
576.947
 20
68.837
  0
LWPOLYLINE
  5
73A
330
30
100
AcDbEntity
  8
PAFTA_ANTET
100
AcDbPolyline
 90
4
 70
1
 10
503.176
 20
66.654
 10
503.176
 20
66.936
 10
503.421
 20
66.936
 10
503.421
 20
66.654
  0
LWPOLYLINE
  5
73B
330
30
100
AcDbEntity
  8
PAFTA_ANTET
100
AcDbPolyline
 90
4
 70
1
 10
503.176
 20
64.936
 10
503.176
 20
66.385
 10
503.421
 20
66.385
 10
503.421
 20
64.936
  0
LWPOLYLINE
  5
73C
330
30
100
AcDbEntity
  8
PAFTA_ANTET
100
AcDbPolyline
 90
16
 70
1
 10
503.795
 20
64.936
 10
503.795
 20
66.385
 10
504.016
 20
66.385
 10
504.016
 20
66.179
 10
504.211
 20
66.358
 10
504.477
 20
66.418
 10
504.797
 20
66.329
 10
504.943
 20
66.126
 10
504.972
 20
64.936
 10
504.727
 20
64.936
 10
504.713
 20
65.991
 10
504.624
 20
66.142
 10
504.445
 20
66.205
 10
504.202
 20
66.141
 10
504.069
 20
65.961
 10
504.04
 20
64.936
  0
LWPOLYLINE
  5
73D
330
30
100
AcDbEntity
  8
PAFTA_ANTET
100
AcDbPolyline
 90
18
 70
1
 10
505.407
 20
64.936
 10
505.407
 20
66.194
 10
505.191
 20
66.194
 10
505.191
 20
66.385
 10
505.407
 20
66.385
 10
505.414
 20
66.667
 10
505.47
 20
66.827
 10
505.597
 20
66.933
 10
505.809
 20
66.971
 10
506.038
 20
66.946
 10
506.001
 20
66.732
 10
505.746
 20
66.728
 10
505.659
 20
66.61
 10
505.652
 20
66.385
 10
505.934
 20
66.385
 10
505.934
 20
66.194
 10
505.652
 20
66.194
 10
505.652
 20
64.936
  0
LWPOLYLINE
  5
73E
330
30
100
AcDbEntity
  8
PAFTA_ANTET
100
AcDbPolyline
 90
17
 70
1
 10
506.034
 20
65.661
 10
506.069
 20
65.949
 10
506.215
 20
66.216
 10
506.42
 20
66.36
 10
506.713
 20
66.418
 10
506.985
 20
66.369
 10
507.201
 20
66.222
 10
507.344
 20
65.989
 10
507.391
 20
65.681
 10
507.361
 20
65.389
 10
507.25
 20
65.152
 10
507.031
 20
64.975
 10
506.788
 20
64.907
 10
506.488
 20
64.935
 10
506.26
 20
65.062
 10
506.101
 20
65.282
 10
506.036
 20
65.589
  0
LWPOLYLINE
  5
73F
330
30
100
AcDbEntity
  8
PAFTA_ANTET
100
AcDbPolyline
 90
16
 70
1
 10
506.286
 20
65.661
 10
506.316
 20
65.417
 10
506.384
 20
65.273
 10
506.515
 20
65.155
 10
506.713
 20
65.106
 10
506.881
 20
65.14
 10
507.04
 20
65.274
 10
507.108
 20
65.42
 10
507.139
 20
65.669
 10
507.04
 20
66.047
 10
506.88
 20
66.18
 10
506.713
 20
66.215
 10
506.545
 20
66.18
 10
506.407
 20
66.077
 10
506.316
 20
65.904
 10
506.287
 20
65.715
  0
LWPOLYLINE
  5
740
330
30
100
AcDbEntity
  8
PAFTA_ANTET
100
AcDbPolyline
 90
12
 70
1
 10
507.676
 20
64.936
 10
507.676
 20
66.385
 10
507.897
 20
66.385
 10
507.897
 20
66.166
 10
508.039
 20
66.358
 10
508.194
 20
66.418
 10
508.463
 20
66.339
 10
508.379
 20
66.111
 10
508.152
 20
66.16
 10
507.975
 20
66.014
 10
507.923
 20
65.756
 10
507.922
 20
64.936
  0
LWPOLYLINE
  5
741
330
30
100
AcDbEntity
  8
PAFTA_ANTET
100
AcDbPolyline
 90
29
 70
1
 10
508.609
 20
64.936
 10
508.609
 20
66.385
 10
508.829
 20
66.385
 10
508.829
 20
66.182
 10
509.033
 20
66.366
 10
509.268
 20
66.418
 10
509.532
 20
66.351
 10
509.678
 20
66.164
 10
509.832
 20
66.327
 10
510.019
 20
66.408
 10
510.282
 20
66.399
 10
510.457
 20
66.299
 10
510.568
 20
66.025
 10
510.573
 20
64.936
 10
510.328
 20
64.936
 10
510.317
 20
66.015
 10
510.252
 20
66.14
 10
510.087
 20
66.205
 10
509.859
 20
66.14
 10
509.741
 20
65.971
 10
509.716
 20
64.936
 10
509.47
 20
64.936
 10
509.47
 20
65.91
 10
509.422
 20
66.106
 10
509.331
 20
66.185
 10
509.193
 20
66.205
 10
508.959
 20
66.099
 10
508.861
 20
65.832
 10
508.855
 20
64.936
  0
LWPOLYLINE
  5
742
330
30
100
AcDbEntity
  8
PAFTA_ANTET
100
AcDbPolyline
 90
4
 70
1
 10
510.938
 20
66.654
 10
510.938
 20
66.936
 10
511.184
 20
66.936
 10
511.184
 20
66.654
  0
LWPOLYLINE
  5
743
330
30
100
AcDbEntity
  8
PAFTA_ANTET
100
AcDbPolyline
 90
4
 70
1
 10
510.938
 20
64.936
 10
510.938
 20
66.385
 10
511.184
 20
66.385
 10
511.184
 20
64.936
  0
LWPOLYLINE
  5
744
330
30
100
AcDbEntity
  8
PAFTA_ANTET
100
AcDbPolyline
 90
16
 70
1
 10
511.558
 20
64.936
 10
511.558
 20
66.385
 10
511.779
 20
66.385
 10
511.779
 20
66.179
 10
511.974
 20
66.358
 10
512.24
 20
66.418
 10
512.541
 20
66.34
 10
512.699
 20
66.145
 10
512.735
 20
64.936
 10
512.489
 20
64.936
 10
512.475
 20
65.991
 10
512.399
 20
66.132
 10
512.207
 20
66.205
 10
511.964
 20
66.141
 10
511.832
 20
65.961
 10
511.803
 20
64.936
  0
LWPOLYLINE
  5
745
330
30
100
AcDbEntity
  8
PAFTA_ANTET
100
AcDbPolyline
 90
29
 70
1
 10
513.066
 20
64.816
 10
513.305
 20
64.781
 10
513.375
 20
64.631
 10
513.549
 20
64.558
 10
513.815
 20
64.576
 10
513.966
 20
64.683
 10
514.034
 20
64.848
 10
514.045
 20
65.126
 10
513.864
 20
64.984
 10
513.691
 20
64.938
 10
513.476
 20
64.956
 10
513.291
 20
65.042
 10
513.15
 20
65.196
 10
513.058
 20
65.389
 10
513.036
 20
65.868
 10
513.163
 20
66.179
 10
513.4
 20
66.371
 10
513.607
 20
66.417
 10
513.791
 20
66.399
 10
514.068
 20
66.211
 10
514.068
 20
66.385
 10
514.294
 20
66.385
 10
514.288
 20
64.948
 10
514.177
 20
64.574
 10
513.877
 20
64.378
 10
513.493
 20
64.359
 10
513.288
 20
64.423
 10
513.163
 20
64.516
 10
513.067
 20
64.771
  0
LWPOLYLINE
  5
746
330
30
100
AcDbEntity
  8
PAFTA_ANTET
100
AcDbPolyline
 90
15
 70
1
 10
513.27
 20
65.687
 10
513.361
 20
65.298
 10
513.483
 20
65.187
 10
513.633
 20
65.141
 10
513.822
 20
65.172
 10
513.95
 20
65.27
 10
514.024
 20
65.398
 10
514.064
 20
65.624
 10
513.99
 20
66.02
 10
513.872
 20
66.149
 10
513.727
 20
66.209
 10
513.569
 20
66.203
 10
513.408
 20
66.107
 10
513.311
 20
65.955
 10
513.271
 20
65.738
  0
LWPOLYLINE
  5
747
330
30
100
AcDbEntity
  8
PAFTA_ANTET
100
AcDbPolyline
 90
18
 70
1
 10
515.978
 20
65.156
 10
516.013
 20
64.939
 10
515.709
 20
64.928
 10
515.53
 20
65.044
 10
515.489
 20
65.242
 10
515.487
 20
66.194
 10
515.307
 20
66.194
 10
515.307
 20
66.385
 10
515.487
 20
66.385
 10
515.487
 20
66.744
 10
515.731
 20
66.891
 10
515.731
 20
66.385
 10
515.978
 20
66.385
 10
515.978
 20
66.194
 10
515.731
 20
66.194
 10
515.735
 20
65.248
 10
515.806
 20
65.155
 10
515.965
 20
65.154
  0
LWPOLYLINE
  5
748
330
30
100
AcDbEntity
  8
PAFTA_ANTET
100
AcDbPolyline
 90
17
 70
1
 10
516.126
 20
65.661
 10
516.182
 20
66.011
 10
516.308
 20
66.216
 10
516.513
 20
66.36
 10
516.806
 20
66.418
 10
517.077
 20
66.369
 10
517.294
 20
66.222
 10
517.436
 20
65.989
 10
517.484
 20
65.681
 10
517.454
 20
65.389
 10
517.343
 20
65.152
 10
517.156
 20
64.992
 10
516.88
 20
64.907
 10
516.581
 20
64.935
 10
516.353
 20
65.062
 10
516.194
 20
65.282
 10
516.128
 20
65.589
  0
LWPOLYLINE
  5
749
330
30
100
AcDbEntity
  8
PAFTA_ANTET
100
AcDbPolyline
 90
16
 70
1
 10
516.379
 20
65.661
 10
516.409
 20
65.417
 10
516.477
 20
65.273
 10
516.607
 20
65.155
 10
516.77
 20
65.107
 10
516.973
 20
65.14
 10
517.11
 20
65.245
 10
517.188
 20
65.379
 10
517.23
 20
65.613
 10
517.153
 20
66.016
 10
517.031
 20
66.147
 10
516.876
 20
66.209
 10
516.669
 20
66.193
 10
516.525
 20
66.103
 10
516.422
 20
65.944
 10
516.38
 20
65.715
  0
LWPOLYLINE
  5
74A
330
30
100
AcDbEntity
  8
PAFTA_ANTET
100
AcDbPolyline
 90
18
 70
1
 10
519.084
 20
65.156
 10
519.12
 20
64.939
 10
518.815
 20
64.928
 10
518.637
 20
65.044
 10
518.594
 20
65.278
 10
518.593
 20
66.194
 10
518.413
 20
66.194
 10
518.413
 20
66.385
 10
518.593
 20
66.385
 10
518.593
 20
66.744
 10
518.837
 20
66.891
 10
518.837
 20
66.385
 10
519.084
 20
66.385
 10
519.084
 20
66.194
 10
518.837
 20
66.194
 10
518.84
 20
65.261
 10
518.892
 20
65.164
 10
519.071
 20
65.154
  0
LWPOLYLINE
  5
74B
330
30
100
AcDbEntity
  8
PAFTA_ANTET
100
AcDbPolyline
 90
16
 70
1
 10
519.324
 20
64.936
 10
519.324
 20
66.936
 10
519.57
 20
66.936
 10
519.57
 20
66.219
 10
519.808
 20
66.386
 10
520.126
 20
66.408
 10
520.385
 20
66.279
 10
520.492
 20
66.042
 10
520.504
 20
64.936
 10
520.259
 20
64.936
 10
520.246
 20
65.986
 10
520.144
 20
66.153
 10
519.953
 20
66.207
 10
519.729
 20
66.138
 10
519.596
 20
65.955
 10
519.57
 20
64.936
  0
LWPOLYLINE
  5
74C
330
30
100
AcDbEntity
  8
PAFTA_ANTET
100
AcDbPolyline
 90
4
 70
1
 10
520.879
 20
66.654
 10
520.879
 20
66.936
 10
521.125
 20
66.936
 10
521.125
 20
66.654
  0
LWPOLYLINE
  5
74D
330
30
100
AcDbEntity
  8
PAFTA_ANTET
100
AcDbPolyline
 90
4
 70
1
 10
520.879
 20
64.936
 10
520.879
 20
66.385
 10
521.125
 20
66.385
 10
521.125
 20
64.936
  0
LWPOLYLINE
  5
74E
330
30
100
AcDbEntity
  8
PAFTA_ANTET
100
AcDbPolyline
 90
12
 70
1
 10
521.496
 20
64.936
 10
521.496
 20
66.385
 10
521.717
 20
66.385
 10
521.717
 20
66.166
 10
521.859
 20
66.358
 10
522.014
 20
66.418
 10
522.283
 20
66.339
 10
522.199
 20
66.111
 10
521.942
 20
66.152
 10
521.788
 20
65.998
 10
521.743
 20
65.756
 10
521.742
 20
64.936
  0
LWPOLYLINE
  5
74F
330
30
100
AcDbEntity
  8
PAFTA_ANTET
100
AcDbPolyline
 90
17
 70
1
 10
523.369
 20
64.936
 10
523.369
 20
65.119
 10
523.238
 20
64.981
 10
523.066
 20
64.912
 10
522.863
 20
64.912
 10
522.646
 20
64.999
 10
522.42
 20
65.266
 10
522.341
 20
65.616
 10
522.428
 20
66.088
 10
522.659
 20
66.342
 10
522.849
 20
66.41
 10
523.053
 20
66.409
 10
523.226
 20
66.339
 10
523.353
 20
66.219
 10
523.353
 20
66.936
 10
523.597
 20
66.936
 10
523.597
 20
64.936
  0
LWPOLYLINE
  5
750
330
30
100
AcDbEntity
  8
PAFTA_ANTET
100
AcDbPolyline
 90
14
 70
1
 10
522.593
 20
65.659
 10
522.688
 20
65.272
 10
522.838
 20
65.14
 10
522.987
 20
65.106
 10
523.136
 20
65.138
 10
523.282
 20
65.265
 10
523.373
 20
65.639
 10
523.281
 20
66.046
 10
523.159
 20
66.165
 10
523.009
 20
66.213
 10
522.826
 20
66.181
 10
522.703
 20
66.081
 10
522.62
 20
65.909
 10
522.594
 20
65.715
  0
LWPOLYLINE
  5
751
330
30
100
AcDbEntity
  8
PAFTA_ANTET
100
AcDbPolyline
 90
15
 70
1
 10
524.759
 20
64.381
 10
524.759
 20
66.385
 10
524.983
 20
66.385
 10
524.983
 20
66.197
 10
525.162
 20
66.363
 10
525.403
 20
66.418
 10
525.702
 20
66.341
 10
525.895
 20
66.15
 10
526.006
 20
65.832
 10
525.997
 20
65.46
 10
525.862
 20
65.142
 10
525.613
 20
64.95
 10
525.291
 20
64.912
 10
525.005
 20
65.086
 10
525.005
 20
64.381
  0
LWPOLYLINE
  5
752
330
30
100
AcDbEntity
  8
PAFTA_ANTET
100
AcDbPolyline
 90
15
 70
1
 10
524.982
 20
65.653
 10
525.074
 20
65.267
 10
525.193
 20
65.154
 10
525.338
 20
65.107
 10
525.521
 20
65.14
 10
525.65
 20
65.244
 10
525.737
 20
65.421
 10
525.765
 20
65.617
 10
525.693
 20
66.027
 10
525.58
 20
66.158
 10
525.411
 20
66.224
 10
525.232
 20
66.189
 10
525.103
 20
66.079
 10
525.025
 20
65.94
 10
524.983
 20
65.707
  0
LWPOLYLINE
  5
753
330
30
100
AcDbEntity
  8
PAFTA_ANTET
100
AcDbPolyline
 90
22
 70
1
 10
527.259
 20
65.115
 10
526.945
 20
64.934
 10
526.592
 20
64.914
 10
526.334
 20
65.044
 10
526.231
 20
65.283
 10
526.279
 20
65.513
 10
526.454
 20
65.684
 10
527.238
 20
65.856
 10
527.195
 20
66.103
 10
526.961
 20
66.211
 10
526.652
 20
66.166
 10
526.513
 20
65.939
 10
526.272
 20
65.972
 10
526.38
 20
66.221
 10
526.686
 20
66.393
 10
527.152
 20
66.397
 10
527.386
 20
66.278
 10
527.481
 20
66.051
 10
527.494
 20
65.187
 10
527.564
 20
64.936
 10
527.308
 20
64.936
 10
527.261
 20
65.095
  0
LWPOLYLINE
  5
754
330
30
100
AcDbEntity
  8
PAFTA_ANTET
100
AcDbPolyline
 90
9
 70
1
 10
527.238
 20
65.664
 10
526.623
 20
65.522
 10
526.533
 20
65.452
 10
526.492
 20
65.338
 10
526.519
 20
65.219
 10
526.617
 20
65.128
 10
526.943
 20
65.118
 10
527.176
 20
65.287
 10
527.238
 20
65.574
  0
LWPOLYLINE
  5
755
330
30
100
AcDbEntity
  8
PAFTA_ANTET
100
AcDbPolyline
 90
12
 70
1
 10
527.865
 20
64.936
 10
527.865
 20
66.385
 10
528.086
 20
66.385
 10
528.086
 20
66.166
 10
528.227
 20
66.358
 10
528.382
 20
66.418
 10
528.652
 20
66.339
 10
528.567
 20
66.111
 10
528.34
 20
66.16
 10
528.163
 20
66.014
 10
528.11
 20
65.726
 10
528.11
 20
64.936
  0
LWPOLYLINE
  5
756
330
30
100
AcDbEntity
  8
PAFTA_ANTET
100
AcDbPolyline
 90
18
 70
1
 10
529.334
 20
65.156
 10
529.369
 20
64.939
 10
529.065
 20
64.928
 10
528.886
 20
65.044
 10
528.845
 20
65.242
 10
528.843
 20
66.194
 10
528.663
 20
66.194
 10
528.663
 20
66.385
 10
528.843
 20
66.385
 10
528.843
 20
66.744
 10
529.087
 20
66.891
 10
529.087
 20
66.385
 10
529.334
 20
66.385
 10
529.334
 20
66.194
 10
529.087
 20
66.194
 10
529.091
 20
65.248
 10
529.162
 20
65.155
 10
529.321
 20
65.154
  0
LWPOLYLINE
  5
757
330
30
100
AcDbEntity
  8
PAFTA_ANTET
100
AcDbPolyline
 90
4
 70
1
 10
529.575
 20
66.654
 10
529.575
 20
66.936
 10
529.821
 20
66.936
 10
529.821
 20
66.654
  0
LWPOLYLINE
  5
758
330
30
100
AcDbEntity
  8
PAFTA_ANTET
100
AcDbPolyline
 90
4
 70
1
 10
529.575
 20
64.936
 10
529.575
 20
66.385
 10
529.821
 20
66.385
 10
529.821
 20
64.936
  0
LWPOLYLINE
  5
759
330
30
100
AcDbEntity
  8
PAFTA_ANTET
100
AcDbPolyline
 90
21
 70
1
 10
531.186
 20
65.403
 10
531.44
 20
65.372
 10
531.331
 20
65.141
 10
531.149
 20
64.982
 10
530.803
 20
64.904
 10
530.469
 20
64.974
 10
530.299
 20
65.099
 10
530.159
 20
65.335
 10
530.113
 20
65.649
 10
530.16
 20
65.973
 10
530.301
 20
66.216
 10
530.567
 20
66.386
 10
530.901
 20
66.41
 10
531.144
 20
66.321
 10
531.382
 20
66.036
 10
531.447
 20
65.598
 10
530.367
 20
65.598
 10
530.457
 20
65.288
 10
530.701
 20
65.117
 10
530.995
 20
65.151
 10
531.175
 20
65.373
  0
LWPOLYLINE
  5
75A
330
30
100
AcDbEntity
  8
PAFTA_ANTET
100
AcDbPolyline
 90
9
 70
1
 10
530.38
 20
65.8
 10
531.189
 20
65.8
 10
531.096
 20
66.074
 10
530.962
 20
66.181
 10
530.829
 20
66.215
 10
530.665
 20
66.198
 10
530.531
 20
66.124
 10
530.432
 20
66.0
 10
530.384
 20
65.837
  0
LWPOLYLINE
  5
75B
330
30
100
AcDbEntity
  8
PAFTA_ANTET
100
AcDbPolyline
 90
34
 70
1
 10
531.65
 20
65.369
 10
531.893
 20
65.407
 10
532.007
 20
65.183
 10
532.235
 20
65.106
 10
532.462
 20
65.139
 10
532.594
 20
65.283
 10
532.595
 20
65.383
 10
532.529
 20
65.467
 10
531.926
 20
65.658
 10
531.756
 20
65.789
 10
531.696
 20
65.938
 10
531.702
 20
66.094
 10
531.765
 20
66.227
 10
531.894
 20
66.341
 10
532.18
 20
66.417
 10
532.498
 20
66.378
 10
532.701
 20
66.252
 10
532.794
 20
66.039
 10
532.559
 20
65.979
 10
532.448
 20
66.165
 10
532.242
 20
66.216
 10
532.016
 20
66.171
 10
531.929
 20
66.044
 10
532.028
 20
65.889
 10
532.633
 20
65.701
 10
532.795
 20
65.572
 10
532.848
 20
65.434
 10
532.842
 20
65.266
 10
532.767
 20
65.11
 10
532.651
 20
65.003
 10
532.336
 20
64.906
 10
531.979
 20
64.946
 10
531.784
 20
65.072
 10
531.66
 20
65.324
  0
LWPOLYLINE
  5
75C
330
30
100
AcDbEntity
  8
PAFTA_ANTET
100
AcDbPolyline
 90
4
 70
1
 10
533.923
 20
66.654
 10
533.923
 20
66.936
 10
534.169
 20
66.936
 10
534.169
 20
66.654
  0
LWPOLYLINE
  5
75D
330
30
100
AcDbEntity
  8
PAFTA_ANTET
100
AcDbPolyline
 90
4
 70
1
 10
533.923
 20
64.936
 10
533.923
 20
66.385
 10
534.169
 20
66.385
 10
534.169
 20
64.936
  0
LWPOLYLINE
  5
75E
330
30
100
AcDbEntity
  8
PAFTA_ANTET
100
AcDbPolyline
 90
34
 70
1
 10
534.444
 20
65.369
 10
534.687
 20
65.407
 10
534.801
 20
65.183
 10
535.029
 20
65.106
 10
535.256
 20
65.139
 10
535.388
 20
65.283
 10
535.389
 20
65.383
 10
535.323
 20
65.467
 10
534.72
 20
65.658
 10
534.55
 20
65.789
 10
534.49
 20
65.938
 10
534.496
 20
66.094
 10
534.559
 20
66.227
 10
534.688
 20
66.341
 10
534.974
 20
66.417
 10
535.292
 20
66.378
 10
535.495
 20
66.252
 10
535.588
 20
66.039
 10
535.353
 20
65.979
 10
535.242
 20
66.165
 10
535.036
 20
66.216
 10
534.81
 20
66.171
 10
534.723
 20
66.044
 10
534.822
 20
65.889
 10
535.427
 20
65.701
 10
535.589
 20
65.572
 10
535.642
 20
65.434
 10
535.636
 20
65.266
 10
535.561
 20
65.11
 10
535.445
 20
65.003
 10
535.13
 20
64.906
 10
534.773
 20
64.946
 10
534.578
 20
65.072
 10
534.454
 20
65.324
  0
LWPOLYLINE
  5
75F
330
30
100
AcDbEntity
  8
PAFTA_ANTET
100
AcDbPolyline
 90
4
 70
1
 10
536.717
 20
66.654
 10
536.717
 20
66.936
 10
536.963
 20
66.936
 10
536.963
 20
66.654
  0
LWPOLYLINE
  5
760
330
30
100
AcDbEntity
  8
PAFTA_ANTET
100
AcDbPolyline
 90
4
 70
1
 10
536.717
 20
64.936
 10
536.717
 20
66.385
 10
536.963
 20
66.385
 10
536.963
 20
64.936
  0
LWPOLYLINE
  5
761
330
30
100
AcDbEntity
  8
PAFTA_ANTET
100
AcDbPolyline
 90
4
 70
1
 10
537.331
 20
64.936
 10
537.331
 20
66.936
 10
537.577
 20
66.936
 10
537.577
 20
64.936
  0
LWPOLYLINE
  5
762
330
30
100
AcDbEntity
  8
PAFTA_ANTET
100
AcDbPolyline
 90
4
 70
1
 10
537.952
 20
64.936
 10
537.952
 20
66.936
 10
538.197
 20
66.936
 10
538.197
 20
64.936
  0
LWPOLYLINE
  5
763
330
30
100
AcDbEntity
  8
PAFTA_ANTET
100
AcDbPolyline
 90
21
 70
1
 10
539.57
 20
65.403
 10
539.824
 20
65.372
 10
539.715
 20
65.141
 10
539.533
 20
64.982
 10
539.186
 20
64.904
 10
538.806
 20
65.0
 10
538.615
 20
65.184
 10
538.526
 20
65.391
 10
538.498
 20
65.72
 10
538.564
 20
66.028
 10
538.723
 20
66.254
 10
538.951
 20
66.386
 10
539.285
 20
66.41
 10
539.527
 20
66.321
 10
539.765
 20
66.036
 10
539.83
 20
65.598
 10
538.75
 20
65.598
 10
538.841
 20
65.288
 10
539.084
 20
65.117
 10
539.379
 20
65.151
 10
539.558
 20
65.373
  0
LWPOLYLINE
  5
764
330
30
100
AcDbEntity
  8
PAFTA_ANTET
100
AcDbPolyline
 90
9
 70
1
 10
538.764
 20
65.8
 10
539.573
 20
65.8
 10
539.48
 20
66.074
 10
539.345
 20
66.181
 10
539.212
 20
66.215
 10
539.049
 20
66.198
 10
538.915
 20
66.124
 10
538.815
 20
66.0
 10
538.767
 20
65.837
  0
LWPOLYLINE
  5
765
330
30
100
AcDbEntity
  8
PAFTA_ANTET
100
AcDbPolyline
 90
30
 70
1
 10
540.087
 20
64.816
 10
540.326
 20
64.781
 10
540.396
 20
64.631
 10
540.57
 20
64.558
 10
540.835
 20
64.576
 10
540.986
 20
64.683
 10
541.051
 20
64.828
 10
541.065
 20
65.126
 10
540.924
 20
65.005
 10
540.711
 20
64.938
 10
540.497
 20
64.956
 10
540.312
 20
65.042
 10
540.17
 20
65.196
 10
540.079
 20
65.389
 10
540.057
 20
65.868
 10
540.184
 20
66.179
 10
540.42
 20
66.371
 10
540.627
 20
66.417
 10
540.811
 20
66.399
 10
541.088
 20
66.211
 10
541.088
 20
66.385
 10
541.315
 20
66.385
 10
541.312
 20
65.005
 10
541.271
 20
64.718
 10
541.197
 20
64.574
 10
540.932
 20
64.389
 10
540.513
 20
64.359
 10
540.309
 20
64.423
 10
540.184
 20
64.516
 10
540.087
 20
64.771
  0
LWPOLYLINE
  5
766
330
30
100
AcDbEntity
  8
PAFTA_ANTET
100
AcDbPolyline
 90
14
 70
1
 10
540.29
 20
65.687
 10
540.382
 20
65.298
 10
540.531
 20
65.172
 10
540.687
 20
65.14
 10
540.843
 20
65.172
 10
540.993
 20
65.298
 10
541.086
 20
65.679
 10
540.99
 20
66.051
 10
540.865
 20
66.166
 10
540.716
 20
66.213
 10
540.56
 20
66.193
 10
540.405
 20
66.082
 10
540.331
 20
65.955
 10
540.291
 20
65.738
  0
LWPOLYLINE
  5
767
330
30
100
AcDbEntity
  8
PAFTA_ANTET
100
AcDbPolyline
 90
24
 70
1
 10
542.631
 20
65.115
 10
542.343
 20
64.942
 10
542.007
 20
64.908
 10
541.731
 20
65.02
 10
541.608
 20
65.248
 10
541.642
 20
65.495
 10
541.81
 20
65.674
 10
542.611
 20
65.856
 10
542.578
 20
66.087
 10
542.453
 20
66.185
 10
542.263
 20
66.215
 10
542.044
 20
66.176
 10
541.948
 20
66.09
 10
541.885
 20
65.939
 10
541.645
 20
65.972
 10
541.738
 20
66.201
 10
541.998
 20
66.377
 10
542.466
 20
66.407
 10
542.732
 20
66.302
 10
542.849
 20
66.084
 10
542.869
 20
65.157
 10
542.937
 20
64.936
 10
542.68
 20
64.936
 10
542.634
 20
65.095
  0
LWPOLYLINE
  5
768
330
30
100
AcDbEntity
  8
PAFTA_ANTET
100
AcDbPolyline
 90
9
 70
1
 10
542.611
 20
65.664
 10
541.995
 20
65.522
 10
541.913
 20
65.462
 10
541.865
 20
65.338
 10
541.891
 20
65.219
 10
541.99
 20
65.128
 10
542.315
 20
65.118
 10
542.548
 20
65.287
 10
542.611
 20
65.574
  0
LWPOLYLINE
  5
769
330
30
100
AcDbEntity
  8
PAFTA_ANTET
100
AcDbPolyline
 90
4
 70
1
 10
543.234
 20
64.936
 10
543.234
 20
66.936
 10
543.48
 20
66.936
 10
543.48
 20
64.936
  0
LWPOLYLINE
  5
76A
330
30
100
AcDbEntity
  8
PAFTA_ANTET
100
AcDbPolyline
 90
4
 70
1
 10
543.93
 20
64.936
 10
543.93
 20
65.216
 10
544.21
 20
65.216
 10
544.21
 20
64.936
  0
LWPOLYLINE
  5
76B
330
30
100
AcDbEntity
  8
PAFTA_ANTET
100
AcDbPolyline
 90
49
 70
1
 10
568.186
 20
6.811
 10
568.259
 20
6.292
 10
568.472
 20
5.929
 10
568.808
 20
5.697
 10
569.253
 20
5.611
 10
569.725
 20
5.697
 10
570.079
 20
5.919
 10
570.306
 20
6.272
 10
570.388
 20
6.726
 10
570.352
 20
7.023
 10
570.252
 20
7.265
 10
570.088
 20
7.452
 10
569.87
 20
7.588
 10
570.165
 20
7.86
 10
570.27
 20
8.294
 10
570.202
 20
8.688
 10
570.007
 20
8.985
 10
569.689
 20
9.172
 10
569.253
 20
9.237
 10
568.845
 20
9.157
 10
568.531
 20
8.935
 10
568.327
 20
8.582
 10
568.259
 20
8.077
 10
568.663
 20
8.077
 10
568.699
 20
8.4
 10
568.817
 20
8.632
 10
569.008
 20
8.773
 10
569.276
 20
8.824
 10
569.512
 20
8.783
 10
569.684
 20
8.677
 10
569.789
 20
8.506
 10
569.83
 20
8.274
 10
569.789
 20
8.027
 10
569.68
 20
7.86
 10
569.489
 20
7.76
 10
569.053
 20
7.734
 10
569.053
 20
7.336
 10
569.562
 20
7.301
 10
569.775
 20
7.18
 10
569.902
 20
6.983
 10
569.948
 20
6.726
 10
569.898
 20
6.433
 10
569.766
 20
6.216
 10
569.557
 20
6.08
 10
569.28
 20
6.035
 10
568.994
 20
6.085
 10
568.786
 20
6.237
 10
568.654
 20
6.479
 10
568.604
 20
6.811
  0
ENDBLK
  5
32
330
30
100
AcDbEntity
  8
0
100
AcDbBlockEnd
  0
ENDSEC
  0
SECTION
  2
ENTITIES
  0
ENDSEC
  0
SECTION
  2
OBJECTS
  0
DICTIONARY
  5
A
330
0
100
AcDbDictionary
281
1
  3
ACAD_COLOR
350
B
  3
ACAD_GROUP
350
C
  3
ACAD_LAYOUT
350
D
  3
ACAD_MATERIAL
350
E
  3
ACAD_MLEADERSTYLE
350
F
  3
ACAD_MLINESTYLE
350
10
  3
ACAD_PLOTSETTINGS
350
11
  3
ACAD_PLOTSTYLENAME
350
12
  3
ACAD_SCALELIST
350
14
  3
ACAD_TABLESTYLE
350
15
  3
ACAD_VISUALSTYLE
350
16
  3
EZDXF_META
350
2D
  0
DICTIONARY
  5
B
330
A
100
AcDbDictionary
281
1
  0
DICTIONARY
  5
C
330
A
100
AcDbDictionary
281
1
  0
DICTIONARY
  5
D
330
A
100
AcDbDictionary
281
1
  3
Model
350
1A
  3
Layout1
350
1E
  0
DICTIONARY
  5
E
330
A
100
AcDbDictionary
281
1
  3
ByBlock
350
1F
  3
ByLayer
350
20
  3
Global
350
21
  0
DICTIONARY
  5
F
330
A
100
AcDbDictionary
281
1
  3
Standard
350
2C
  0
DICTIONARY
  5
10
330
A
100
AcDbDictionary
281
1
  3
Standard
350
22
  0
DICTIONARY
  5
11
330
A
100
AcDbDictionary
281
1
  0
ACDBDICTIONARYWDFLT
  5
12
330
A
100
AcDbDictionary
281
1
  3
Normal
350
13
100
AcDbDictionaryWithDefault
340
13
  0
ACDBPLACEHOLDER
  5
13
330
12
  0
DICTIONARY
  5
14
330
A
100
AcDbDictionary
281
1
  0
DICTIONARY
  5
15
330
A
100
AcDbDictionary
281
1
  0
DICTIONARY
  5
16
330
A
100
AcDbDictionary
281
1
  0
LAYOUT
  5
1A
330
D
100
AcDbPlotSettings
  1

  4
A3
  6

 40
7.5
 41
20.0
 42
7.5
 43
20.0
 44
420.0
 45
297.0
 46
0.0
 47
0.0
 48
0.0
 49
0.0
140
0.0
141
0.0
142
1.0
143
1.0
 70
1024
 72
1
 73
0
 74
5
  7

 75
16
 76
0
 77
2
 78
300
147
1.0
148
0.0
149
0.0
100
AcDbLayout
  1
Model
 70
1
 71
0
 10
0.0
 20
0.0
 11
420.0
 21
297.0
 12
0.0
 22
0.0
 32
0.0
 14
1e+20
 24
1e+20
 34
1e+20
 15
-1e+20
 25
-1e+20
 35
-1e+20
146
0.0
 13
0.0
 23
0.0
 33
0.0
 16
1.0
 26
0.0
 36
0.0
 17
0.0
 27
1.0
 37
0.0
 76
1
330
17
  0
LAYOUT
  5
1E
330
D
100
AcDbPlotSettings
  1

  4
A3
  6

 40
7.5
 41
20.0
 42
7.5
 43
20.0
 44
420.0
 45
297.0
 46
0.0
 47
0.0
 48
0.0
 49
0.0
140
0.0
141
0.0
142
1.0
143
1.0
 70
0
 72
1
 73
0
 74
5
  7

 75
16
 76
0
 77
2
 78
300
147
1.0
148
0.0
149
0.0
100
AcDbLayout
  1
Layout1
 70
1
 71
1
 10
0.0
 20
0.0
 11
420.0
 21
297.0
 12
0.0
 22
0.0
 32
0.0
 14
1e+20
 24
1e+20
 34
1e+20
 15
-1e+20
 25
-1e+20
 35
-1e+20
146
0.0
 13
0.0
 23
0.0
 33
0.0
 16
1.0
 26
0.0
 36
0.0
 17
0.0
 27
1.0
 37
0.0
 76
1
330
1B
  0
MATERIAL
  5
1F
102
{ACAD_REACTORS
330
E
102
}
330
E
100
AcDbMaterial
  1
ByBlock
  2

 70
0
 40
1.0
 71
1
 41
1.0
 91
-1023410177
 42
1.0
 72
1
  3

 73
1
 74
1
 75
1
 44
0.5
 73
0
 45
1.0
 46
1.0
 77
1
  4

 78
1
 79
1
170
1
 48
1.0
171
1
  6

172
1
173
1
174
1
140
1.0
141
1.0
175
1
  7

176
1
177
1
178
1
143
1.0
179
1
  8

270
1
271
1
272
1
145
1.0
146
1.0
273
1
  9

274
1
275
1
276
1
 42
1.0
 72
1
  3

 73
1
 74
1
 75
1
 94
63
  0
MATERIAL
  5
20
102
{ACAD_REACTORS
330
E
102
}
330
E
100
AcDbMaterial
  1
ByLayer
  2

 70
0
 40
1.0
 71
1
 41
1.0
 91
-1023410177
 42
1.0
 72
1
  3

 73
1
 74
1
 75
1
 44
0.5
 73
0
 45
1.0
 46
1.0
 77
1
  4

 78
1
 79
1
170
1
 48
1.0
171
1
  6

172
1
173
1
174
1
140
1.0
141
1.0
175
1
  7

176
1
177
1
178
1
143
1.0
179
1
  8

270
1
271
1
272
1
145
1.0
146
1.0
273
1
  9

274
1
275
1
276
1
 42
1.0
 72
1
  3

 73
1
 74
1
 75
1
 94
63
  0
MATERIAL
  5
21
102
{ACAD_REACTORS
330
E
102
}
330
E
100
AcDbMaterial
  1
Global
  2

 70
0
 40
1.0
 71
1
 41
1.0
 91
-1023410177
 42
1.0
 72
1
  3

 73
1
 74
1
 75
1
 44
0.5
 73
0
 45
1.0
 46
1.0
 77
1
  4

 78
1
 79
1
170
1
 48
1.0
171
1
  6

172
1
173
1
174
1
140
1.0
141
1.0
175
1
  7

176
1
177
1
178
1
143
1.0
179
1
  8

270
1
271
1
272
1
145
1.0
146
1.0
273
1
  9

274
1
275
1
276
1
 42
1.0
 72
1
  3

 73
1
 74
1
 75
1
 94
63
  0
MLINESTYLE
  5
22
102
{ACAD_REACTORS
330
10
102
}
330
10
100
AcDbMlineStyle
  2
Standard
 70
0
  3

 62
256
 51
90.0
 52
90.0
 71
2
 49
0.5
 62
256
  6
BYLAYER
 49
-0.5
 62
256
  6
BYLAYER
  0
MLEADERSTYLE
  5
2C
102
{ACAD_REACTORS
330
F
102
}
330
F
100
AcDbMLeaderStyle
179
2
170
2
171
1
172
0
 90
2
 40
0.0
 41
0.0
173
1
 91
-1056964608
 92
-2
290
1
 42
2.0
291
1
 43
8.0
  3
Standard
 44
4.0
300

342
29
174
1
175
1
176
0
178
1
 93
-1056964608
 45
4.0
292
0
297
0
 46
4.0
 94
-1056964608
 47
1.0
 49
1.0
140
1.0
294
1
141
0.0
177
0
142
1.0
295
0
296
0
143
3.75
271
0
272
9
273
9
  0
DICTIONARY
  5
2D
330
A
100
AcDbDictionary
280
1
281
1
  3
CREATED_BY_EZDXF
350
2E
  3
WRITTEN_BY_EZDXF
350
76E
  0
DICTIONARYVAR
  5
2E
330
2D
100
DictionaryVariables
280
0
  1
1.4.4 @ 2026-09-24T11:55:19.582270+00:00
  0
DICTIONARYVAR
  5
76E
330
2D
100
DictionaryVariables
280
0
  1
1.4.4 @ 2026-09-24T11:55:19.830882+00:00
  0
ENDSEC
  0
EOF
